POOFFICE,ZONE,SENTTOT,AGE,AGECAT,CASETYPE,CIRCDIST,CITIZEN,CRIMHIST,CRIMPTS,DISPOSIT,DISTRICT,HISPORIG,MONSEX,NEWCNVTN,NEWEDUC,NEWRACE,NOCOUNTS,NUMDEPEN,OFFGUIDE,PRISDUM,PROBDUM,SENTIMP,SUPRDUM,TOTCHPTS,WEAPON,XCRHISSR,DRUGMIN,GLMIN,GLMAX,SMIN1,SMAX1,FISCAL_YEAR
8,D,66.0,41.0,6.0,1.0,60,1.0,1.0,1.0,1,67,1,0.0,0,5.0,1.0,1,0.0,7,1,0,1,1,1.0,0,1.0,0,151.0,188.0,60.0,240.0,2020
4,D,60.0,26.0,3.0,1.0,35,1.0,0.0,0.0,1,41,2,0.0,0,5.0,3.0,2,0.0,7,1,0,1,1,0.0,0,1.0,0,151.0,188.0,60.0,240.0,2020
4,D,102.0,39.0,5.0,1.0,67,1.0,1.0,1.0,1,71,2,0.0,0,3.0,3.0,1,3.0,7,1,0,1,1,1.0,0,1.0,0,97.0,121.0,60.0,240.0,2020
1,D,60.0,19.0,1.0,1.0,24,1.0,1.0,0.0,1,22,1,0.0,0,5.0,2.0,2,0.0,7,1,0,1,1,0.0,0,1.0,0,292.0,365.0,0.0,360.0,2020
3,D,48.0,56.0,7.0,1.0,89,1.0,1.0,0.0,1,30,1,0.0,0,5.0,1.0,1,0.0,7,1,0,1,1,0.0,0,1.0,0,97.0,121.0,0.0,240.0,2020
1,D,129.0,50.0,6.0,1.0,9,1.0,1.0,5.0,1,6,1,0.0,0,5.0,1.0,1,1.0,7,1,0,1,1,7.0,0,4.0,0,120.0,137.0,120.0,240.0,2020
5,D,188.0,57.0,7.0,1.0,55,1.0,1.0,1.0,1,62,1,0.0,0,5.0,1.0,2,0.0,7,1,0,1,1,1.0,0,1.0,0,151.0,188.0,60.0,240.0,2020
4,D,87.0,53.0,7.0,1.0,82,1.0,1.0,0.0,1,85,1,0.0,0,3.0,1.0,1,0.0,7,1,0,1,1,0.0,0,1.0,0,60.0,60.0,60.0,240.0,2020
6,D,210.0,53.0,7.0,1.0,33,1.0,1.0,3.0,1,40,1,0.0,0,5.0,1.0,1,0.0,7,1,0,1,1,3.0,0,2.0,0,180.0,210.0,180.0,480.0,2020
7,D,180.0,20.0,1.0,1.0,25,1.0,0.0,0.0,1,23,1,0.0,0,3.0,1.0,1,0.0,7,1,0,1,1,0.0,0,1.0,0,180.0,180.0,180.0,360.0,2020
1,D,72.0,35.0,4.0,1.0,35,3.0,1.0,0.0,1,41,2,0.0,0,6.0,3.0,1,2.0,7,1,0,1,1,0.0,0,1.0,0,97.0,121.0,0.0,240.0,2020
2,D,60.0,46.0,6.0,1.0,85,1.0,0.0,0.0,1,89,1,0.0,0,5.0,1.0,1,0.0,7,1,0,1,1,0.0,0,1.0,0,121.0,151.0,60.0,240.0,2020
6,D,109.0,45.0,6.0,1.0,37,1.0,1.0,0.0,1,43,1,0.0,0,3.0,1.0,1,1.0,7,1,0,1,1,0.0,0,1.0,0,97.0,121.0,60.0,240.0,2020
5,D,120.0,36.0,5.0,1.0,38,1.0,1.0,1.0,1,44,1,0.0,0,5.0,1.0,2,0.0,7,1,0,1,1,3.0,0,2.0,0,168.0,210.0,60.0,240.0,2020
0,D,60.0,66.0,8.0,1.0,91,1.0,0.0,0.0,1,31,1,0.0,0,5.0,1.0,1,0.0,7,1,0,1,1,0.0,0,1.0,0,121.0,151.0,60.0,240.0,2020
6,D,120.0,32.0,4.0,1.0,30,1.0,1.0,13.0,1,36,1,0.0,0,3.0,1.0,1,0.0,7,1,0,1,1,13.0,0,6.0,0,140.0,175.0,120.0,240.0,2020
2,D,78.0,30.0,3.0,1.0,14,1.0,0.0,0.0,1,12,1,0.0,0,6.0,1.0,1,0.0,7,1,0,1,1,0.0,0,1.0,0,78.0,97.0,60.0,240.0,2020
4,D,108.0,26.0,3.0,1.0,24,1.0,0.0,0.0,1,22,1,0.0,0,5.0,1.0,1,0.0,7,1,0,1,1,0.0,0,1.0,0,97.0,121.0,60.0,240.0,2020
2,D,61.0,24.0,2.0,1.0,24,1.0,0.0,0.0,1,22,1,0.0,0,5.0,1.0,1,0.0,7,1,0,1,1,0.0,0,1.0,0,121.0,151.0,60.0,240.0,2020
1,D,230.0,53.0,7.0,1.0,19,1.0,1.0,6.0,1,16,2,0.0,0,5.0,3.0,1,0.0,7,1,0,1,1,8.0,0,4.0,0,292.0,365.0,180.0,480.0,2020
1,D,63.0,30.0,3.0,1.0,91,1.0,0.0,0.0,1,31,1,0.0,0,5.0,2.0,1,0.0,7,1,0,1,1,0.0,0,1.0,0,97.0,121.0,60.0,240.0,2020
2,D,63.0,36.0,5.0,1.0,71,1.0,1.0,0.0,1,76,1,0.0,0,1.0,1.0,1,0.0,7,1,0,1,1,0.0,0,1.0,0,78.0,97.0,0.0,120.0,2020
2,D,60.0,25.0,2.0,1.0,7,1.0,0.0,0.0,1,5,1,0.0,0,3.0,1.0,1,0.0,7,1,0,1,1,0.0,0,1.0,0,188.0,235.0,60.0,240.0,2020
3,D,36.0,76.0,8.0,1.0,75,1.0,0.0,0.0,1,79,1,0.0,0,5.0,1.0,1,0.0,7,1,0,1,1,0.0,0,1.0,0,70.0,87.0,0.0,120.0,2020
6,D,240.0,50.0,6.0,1.0,89,1.0,1.0,0.0,4,30,1,0.0,1,3.0,1.0,2,1.0,7,1,0,1,1,0.0,0,1.0,0,121.0,151.0,60.0,240.0,2020
5,D,240.0,36.0,5.0,1.0,62,1.0,1.0,14.0,1,69,1,0.0,0,5.0,1.0,2,1.0,7,1,0,1,1,14.0,0,6.0,0,262.0,327.0,120.0,9996.0,2020
5,D,60.0,49.0,6.0,1.0,62,1.0,1.0,0.0,1,69,1,0.0,0,1.0,1.0,1,1.0,7,1,0,1,1,0.0,0,1.0,0,60.0,60.0,60.0,240.0,2020
2,D,63.0,52.0,7.0,1.0,64,1.0,0.0,0.0,1,70,1,0.0,0,6.0,1.0,1,1.0,7,1,0,1,1,0.0,0,1.0,0,63.0,78.0,60.0,240.0,2020
2,D,44.0,40.0,5.0,1.0,65,1.0,1.0,0.0,1,73,1,0.0,0,5.0,1.0,1,0.0,7,1,0,1,1,0.0,0,1.0,0,135.0,168.0,0.0,240.0,2020
5,D,,67.0,8.0,1.0,22,1.0,1.0,0.0,1,19,1,0.0,0,5.0,1.0,1,1.0,7,0,1,3,0,0.0,0,1.0,0,97.0,121.0,0.0,240.0,2020
2,,0.03,76.0,8.0,1.0,84,1.0,,,1,88,1,0.0,0,,1.0,1,,7,1,0,1,1,,0,,0,,,0.0,240.0,2020
2,D,240.0,56.0,7.0,1.0,73,1.0,1.0,9.0,3,78,1,0.0,1,5.0,1.0,1,1.0,7,1,0,1,1,9.0,0,4.0,0,240.0,240.0,120.0,240.0,2020
4,D,48.0,37.0,5.0,1.0,34,1.0,1.0,0.0,1,39,1,0.0,0,3.0,1.0,1,0.0,7,1,0,1,1,0.0,0,1.0,0,57.0,71.0,0.0,120.0,2020
3,C,24.0,21.0,2.0,1.0,44,1.0,1.0,0.0,1,50,1,1.0,0,3.0,1.0,1,1.0,8,1,0,1,1,0.0,0,1.0,0,10.0,16.0,0.0,60.0,2020
4,D,115.0,66.0,8.0,1.0,59,1.0,1.0,0.0,1,66,0,0.0,0,5.0,1.0,1,0.0,7,1,0,1,1,0.0,0,1.0,0,151.0,188.0,60.0,240.0,2020
2,D,120.0,64.0,8.0,1.0,39,1.0,1.0,3.0,1,45,1,0.0,0,3.0,1.0,1,0.0,7,1,0,1,1,3.0,0,2.0,0,120.0,120.0,120.0,240.0,2020
7,D,70.0,30.0,3.0,1.0,36,1.0,1.0,0.0,1,42,2,0.0,0,3.0,3.0,1,1.0,7,1,0,1,1,0.0,0,1.0,0,70.0,87.0,0.0,240.0,2020
4,D,84.0,25.0,2.0,1.0,20,1.0,0.0,0.0,1,17,1,0.0,0,3.0,1.0,1,0.0,7,1,0,1,1,0.0,0,1.0,0,210.0,240.0,60.0,240.0,2020
1,D,60.0,31.0,4.0,1.0,3,1.0,1.0,0.0,1,1,2,0.0,0,6.0,3.0,2,0.0,7,1,0,1,1,0.0,0,1.0,0,97.0,121.0,60.0,240.0,2020
1,D,72.0,46.0,6.0,1.0,22,1.0,1.0,0.0,1,19,1,0.0,0,6.0,1.0,1,0.0,7,1,0,1,1,0.0,0,1.0,0,121.0,151.0,60.0,240.0,2020
1,D,60.0,60.0,7.0,1.0,91,1.0,1.0,0.0,1,31,2,0.0,0,5.0,3.0,1,0.0,7,1,0,1,1,0.0,0,1.0,0,87.0,108.0,60.0,240.0,2020
1,D,200.0,27.0,3.0,1.0,43,1.0,1.0,1.0,1,49,1,0.0,0,3.0,1.0,1,0.0,7,1,0,1,1,3.0,0,2.0,0,235.0,240.0,60.0,240.0,2020
4,D,35.0,46.0,6.0,1.0,56,1.0,1.0,2.0,1,63,1,0.0,0,3.0,1.0,1,0.0,7,1,0,1,1,2.0,0,2.0,0,33.0,41.0,0.0,240.0,2020
5,D,41.0,27.0,3.0,1.0,92,1.0,0.0,0.0,1,33,1,0.0,0,3.0,1.0,1,0.0,7,1,0,1,1,0.0,0,1.0,0,41.0,51.0,0.0,240.0,2020
1,D,60.0,38.0,5.0,1.0,1,1.0,1.0,0.0,1,90,1,0.0,0,6.0,1.0,1,0.0,7,1,0,1,1,0.0,0,1.0,0,70.0,87.0,60.0,240.0,2020
1,D,78.0,56.0,7.0,1.0,50,1.0,1.0,0.0,1,56,1,0.0,0,3.0,1.0,1,0.0,7,1,0,1,1,0.0,0,1.0,0,97.0,121.0,60.0,240.0,2020
4,D,60.0,81.0,8.0,1.0,72,1.0,0.0,0.0,1,77,1,0.0,0,6.0,1.0,1,0.0,7,1,0,1,1,0.0,0,1.0,0,97.0,121.0,60.0,240.0,2020
6,D,144.0,51.0,7.0,1.0,72,1.0,1.0,0.0,1,77,1,0.0,0,5.0,1.0,12,0.0,7,1,0,1,1,0.0,0,1.0,0,151.0,188.0,60.0,240.0,2020
9,D,41.0,59.0,7.0,1.0,72,1.0,0.0,0.0,1,77,1,0.0,0,3.0,1.0,1,0.0,7,1,0,1,1,0.0,0,1.0,0,41.0,51.0,0.0,240.0,2020
1,D,45.0,27.0,3.0,1.0,3,1.0,0.0,0.0,1,1,1,0.0,0,6.0,1.0,2,0.0,7,1,0,1,1,0.0,0,1.0,0,151.0,188.0,60.0,240.0,2020
4,D,60.0,22.0,2.0,1.0,72,1.0,1.0,0.0,1,77,1,0.0,0,5.0,6.0,13,0.0,7,1,0,1,1,0.0,0,1.0,0,151.0,188.0,60.0,240.0,2020
5,D,121.0,23.0,2.0,1.0,20,2.0,0.0,0.0,1,17,2,0.0,0,3.0,3.0,1,0.0,7,1,0,1,1,0.0,0,1.0,0,210.0,240.0,60.0,240.0,2020
8,D,60.0,49.0,6.0,1.0,89,1.0,0.0,0.0,1,30,2,0.0,0,3.0,3.0,1,0.0,7,1,0,1,1,0.0,0,1.0,0,78.0,97.0,60.0,240.0,2020
3,D,39.0,36.0,5.0,1.0,50,1.0,1.0,0.0,1,56,1,0.0,0,5.0,2.0,1,0.0,7,1,0,1,1,0.0,0,1.0,0,41.0,51.0,0.0,240.0,2020
1,D,100.0,36.0,5.0,1.0,11,1.0,1.0,0.0,1,9,1,0.0,0,1.0,1.0,1,0.0,7,1,0,1,1,0.0,0,1.0,0,135.0,168.0,0.0,240.0,2020
1,D,180.0,59.0,7.0,1.0,47,1.0,1.0,0.0,1,52,1,0.0,0,6.0,1.0,1,0.0,7,1,0,1,1,0.0,0,1.0,0,180.0,188.0,180.0,480.0,2020
6,D,121.0,47.0,6.0,1.0,11,1.0,1.0,0.0,1,9,1,0.0,0,5.0,1.0,1,4.0,7,1,0,1,1,0.0,0,1.0,0,121.0,151.0,60.0,240.0,2020
1,D,84.0,68.0,8.0,1.0,49,1.0,1.0,0.0,1,55,1,0.0,0,5.0,1.0,1,1.0,7,1,0,1,1,0.0,0,1.0,0,121.0,151.0,60.0,240.0,2020
2,D,48.0,48.0,6.0,1.0,76,1.0,1.0,0.0,1,80,1,0.0,0,5.0,1.0,1,0.0,7,1,0,1,1,0.0,0,1.0,0,97.0,121.0,0.0,240.0,2020
1,D,96.0,29.0,3.0,1.0,17,1.0,1.0,7.0,1,15,1,0.0,0,3.0,1.0,4,0.0,7,1,0,1,1,7.0,0,4.0,0,121.0,151.0,60.0,240.0,2020
1,D,22.0,33.0,4.0,1.0,1,1.0,1.0,2.0,1,90,1,0.0,0,5.0,2.0,1,0.0,8,1,0,1,1,2.0,0,2.0,0,18.0,24.0,0.0,120.0,2020
1,D,12.03,67.0,8.0,1.0,26,1.0,1.0,0.0,1,24,1,0.0,0,6.0,1.0,1,0.0,7,1,0,1,1,0.0,0,1.0,0,24.0,30.0,0.0,120.0,2020
1,D,60.0,25.0,2.0,1.0,3,1.0,0.0,0.0,1,1,1,0.0,0,6.0,6.0,2,0.0,7,1,0,1,1,0.0,0,1.0,0,97.0,121.0,60.0,240.0,2020
1,D,70.0,54.0,7.0,1.0,4,1.0,0.0,0.0,1,2,1,0.0,0,3.0,1.0,1,0.0,7,1,0,1,1,0.0,0,1.0,0,97.0,120.0,0.0,120.0,2020
3,D,78.0,64.0,8.0,1.0,68,1.0,1.0,0.0,1,74,2,0.0,0,5.0,3.0,1,0.0,7,1,0,1,1,0.0,0,1.0,0,121.0,151.0,60.0,240.0,2020
2,D,120.0,47.0,6.0,1.0,64,1.0,1.0,0.0,3,70,2,0.0,1,3.0,3.0,2,0.0,7,1,0,1,1,0.0,0,1.0,0,210.0,262.0,60.0,240.0,2020
5,D,36.0,38.0,5.0,1.0,54,1.0,0.0,0.0,1,61,1,0.0,0,5.0,1.0,1,0.0,7,1,0,1,1,0.0,0,1.0,0,97.0,120.0,0.0,120.0,2020
3,D,120.0,33.0,4.0,1.0,90,1.0,1.0,3.0,1,29,1,0.0,0,6.0,1.0,1,1.0,7,1,0,1,1,3.0,0,2.0,0,120.0,120.0,120.0,240.0,2020
2,D,48.0,34.0,4.0,1.0,89,1.0,0.0,0.0,1,30,1,0.0,0,5.0,1.0,1,0.0,7,1,0,1,1,0.0,0,1.0,0,97.0,121.0,0.0,240.0,2020
3,D,72.0,36.0,5.0,1.0,27,1.0,1.0,2.0,1,25,1,0.0,0,3.0,1.0,2,0.0,7,1,0,1,1,2.0,0,2.0,0,135.0,168.0,60.0,240.0,2020
1,D,48.0,26.0,3.0,1.0,91,1.0,1.0,0.0,1,31,2,0.0,0,1.0,3.0,1,0.0,7,1,0,1,1,0.0,0,1.0,0,78.0,97.0,0.0,240.0,2020
5,D,151.0,63.0,8.0,1.0,37,1.0,1.0,0.0,1,43,1,0.0,0,3.0,1.0,1,0.0,7,1,0,1,1,0.0,0,1.0,0,151.0,188.0,60.0,240.0,2020
5,C,,44.0,6.0,1.0,20,1.0,1.0,0.0,1,17,1,0.0,0,3.0,6.0,1,3.0,8,0,1,4,0,0.0,0,1.0,0,12.0,18.0,0.0,60.0,2020
3,D,96.0,28.0,3.0,1.0,57,1.0,1.0,0.0,1,64,1,0.0,0,5.0,1.0,1,0.0,7,1,0,1,1,0.0,0,1.0,0,151.0,188.0,60.0,240.0,2020
3,D,473.0,44.0,6.0,1.0,34,1.0,1.0,9.0,1,39,1,0.0,0,3.0,1.0,1,0.0,7,1,0,1,1,9.0,0,4.0,0,360.0,480.0,180.0,480.0,2020
6,D,100.0,38.0,5.0,1.0,33,1.0,1.0,2.0,1,40,1,0.0,0,5.0,1.0,1,0.0,7,1,0,1,1,2.0,0,2.0,0,108.0,135.0,0.0,240.0,2020
5,D,48.0,35.0,4.0,1.0,62,1.0,1.0,0.0,1,69,1,0.0,0,5.0,6.0,1,3.0,7,1,0,1,1,0.0,0,1.0,0,70.0,87.0,0.0,240.0,2020
E,D,72.0,37.0,5.0,1.0,24,1.0,0.0,0.0,1,22,1,0.0,0,6.0,1.0,1,1.0,7,1,0,1,1,0.0,0,1.0,0,70.0,87.0,60.0,240.0,2020
1,D,108.0,49.0,6.0,1.0,3,3.0,1.0,0.0,1,1,1,0.0,0,3.0,1.0,3,0.0,7,1,0,1,1,0.0,0,1.0,0,210.0,262.0,60.0,240.0,2020
6,D,44.0,33.0,4.0,1.0,11,1.0,1.0,0.0,1,9,1,0.0,0,3.0,1.0,1,0.0,7,1,0,1,1,0.0,0,1.0,0,97.0,121.0,0.0,240.0,2020
6,D,60.0,32.0,4.0,1.0,89,1.0,0.0,0.0,1,30,0,0.0,0,3.0,1.0,1,0.0,7,1,0,1,1,0.0,0,1.0,0,121.0,151.0,60.0,240.0,2020
1,D,78.0,42.0,6.0,1.0,50,1.0,1.0,2.0,1,56,1,0.0,0,5.0,1.0,1,1.0,7,1,0,1,1,2.0,0,2.0,0,108.0,135.0,60.0,240.0,2020
2,D,48.0,26.0,3.0,1.0,17,1.0,1.0,0.0,1,15,1,0.0,0,5.0,1.0,1,0.0,7,1,0,1,1,0.0,0,1.0,0,78.0,97.0,0.0,240.0,2020
4,D,72.0,39.0,5.0,1.0,61,1.0,0.0,0.0,1,68,1,0.0,0,3.0,1.0,1,1.0,7,1,0,1,1,0.0,0,1.0,0,135.0,168.0,0.0,240.0,2020
1,D,120.0,69.0,8.0,1.0,35,1.0,1.0,0.0,1,41,2,0.0,0,5.0,3.0,4,1.0,7,1,0,1,1,0.0,0,1.0,0,188.0,235.0,60.0,240.0,2020
2,D,100.0,33.0,4.0,1.0,79,1.0,0.0,0.0,1,83,1,0.0,0,3.0,1.0,1,0.0,7,1,0,1,1,0.0,0,1.0,0,151.0,188.0,60.0,240.0,2020
A,D,84.0,23.0,2.0,1.0,61,1.0,0.0,0.0,1,68,1,0.0,0,3.0,2.0,1,0.0,7,1,0,1,1,0.0,0,1.0,0,235.0,240.0,60.0,240.0,2020
2,D,80.0,20.0,1.0,1.0,65,1.0,0.0,0.0,1,73,1,0.0,0,3.0,1.0,1,0.0,7,1,0,1,1,0.0,0,1.0,0,210.0,240.0,60.0,240.0,2020
6,D,120.0,25.0,2.0,1.0,59,1.0,1.0,0.0,1,66,0,0.0,0,5.0,1.0,1,0.0,7,1,0,1,1,0.0,0,1.0,0,151.0,188.0,60.0,240.0,2020
3,D,60.0,29.0,3.0,1.0,91,1.0,1.0,0.0,1,31,2,0.0,0,1.0,3.0,1,0.0,7,1,0,1,1,0.0,0,1.0,0,87.0,108.0,0.0,240.0,2020
3,D,110.0,38.0,5.0,1.0,89,1.0,0.0,0.0,1,30,1,0.0,0,6.0,1.0,1,0.0,7,1,0,1,1,0.0,0,1.0,0,210.0,240.0,60.0,240.0,2020
5,D,190.0,31.0,4.0,1.0,36,2.0,0.0,0.0,1,42,2,0.0,0,3.0,3.0,1,0.0,7,1,0,1,1,0.0,0,1.0,0,210.0,240.0,60.0,240.0,2020
2,D,24.0,42.0,6.0,1.0,94,3.0,1.0,3.0,1,34,2,0.0,0,5.0,3.0,1,0.0,7,1,0,1,1,5.0,0,3.0,0,37.0,46.0,0.0,240.0,2020
2,D,96.0,53.0,7.0,1.0,65,1.0,1.0,0.0,1,73,1,0.0,0,3.0,1.0,1,0.0,7,1,0,1,1,0.0,0,1.0,0,151.0,188.0,60.0,240.0,2020
4,D,12.03,31.0,4.0,1.0,67,1.0,1.0,1.0,1,71,2,0.0,0,5.0,3.0,1,0.0,7,1,0,1,1,1.0,0,1.0,0,78.0,97.0,0.0,240.0,2020
2,D,210.0,47.0,6.0,1.0,76,1.0,1.0,0.0,3,80,1,0.0,1,5.0,1.0,2,0.0,7,1,0,1,1,0.0,0,1.0,0,168.0,210.0,60.0,240.0,2020
6,D,70.0,66.0,8.0,1.0,30,1.0,1.0,0.0,1,36,1,0.0,0,3.0,1.0,1,0.0,7,1,0,1,1,0.0,0,1.0,0,70.0,87.0,0.0,240.0,2020
5,D,,68.0,8.0,1.0,83,1.0,0.0,0.0,1,87,1,0.0,0,3.0,6.0,1,1.0,8,0,1,4,0,0.0,0,1.0,0,24.0,30.0,0.0,60.0,2020
3,D,78.0,24.0,2.0,1.0,24,1.0,0.0,0.0,1,22,1,0.0,0,5.0,2.0,1,0.0,7,1,0,1,1,0.0,0,1.0,0,97.0,121.0,60.0,240.0,2020
5,C,18.0,67.0,8.0,1.0,34,1.0,1.0,1.0,1,39,1,1.0,0,3.0,1.0,1,0.0,8,1,0,1,1,1.0,0,1.0,0,12.0,18.0,0.0,60.0,2020
2,D,72.0,33.0,4.0,1.0,59,1.0,1.0,0.0,1,66,0,0.0,0,6.0,1.0,1,0.0,7,1,0,1,1,0.0,0,1.0,0,97.0,121.0,60.0,240.0,2020
5,D,480.0,34.0,4.0,1.0,36,1.0,0.0,0.0,1,42,1,0.0,0,5.0,6.0,2,0.0,7,1,0,1,1,0.0,0,1.0,0,360.0,480.0,60.0,240.0,2020
8,D,121.0,50.0,6.0,1.0,65,1.0,1.0,3.0,1,73,1,0.0,0,3.0,1.0,1,0.0,7,1,0,1,1,5.0,0,3.0,0,168.0,210.0,120.0,240.0,2020
8,D,63.0,23.0,2.0,1.0,35,2.0,1.0,0.0,1,41,2,0.0,0,3.0,3.0,1,0.0,7,1,0,1,1,0.0,0,1.0,0,78.0,97.0,0.0,120.0,2020
2,D,120.0,33.0,4.0,1.0,76,1.0,1.0,3.0,1,80,1,0.0,0,3.0,1.0,1,0.0,7,1,0,1,1,5.0,0,3.0,0,120.0,120.0,120.0,240.0,2020
4,D,84.0,40.0,5.0,1.0,82,1.0,1.0,1.0,1,85,1,0.0,0,3.0,1.0,2,0.0,7,1,0,1,1,1.0,0,1.0,0,63.0,78.0,60.0,240.0,2020
2,D,360.0,53.0,7.0,1.0,15,1.0,1.0,3.0,1,13,1,0.0,0,3.0,1.0,4,0.0,7,1,0,1,1,5.0,0,3.0,0,360.0,1680.0,180.0,480.0,2020
2,D,120.0,40.0,5.0,1.0,77,1.0,1.0,6.0,1,81,1,0.0,0,5.0,1.0,1,0.0,7,1,0,1,1,8.0,0,4.0,0,110.0,137.0,0.0,240.0,2020
4,D,37.0,28.0,3.0,1.0,58,3.0,1.0,0.0,1,65,2,0.0,0,3.0,3.0,1,0.0,7,1,0,1,1,0.0,0,1.0,0,78.0,97.0,0.0,120.0,2020
1,D,120.0,49.0,6.0,1.0,93,1.0,1.0,3.0,1,32,1,0.0,0,5.0,1.0,1,0.0,7,1,0,1,1,3.0,0,2.0,0,120.0,120.0,120.0,240.0,2020
2,D,120.0,63.0,8.0,1.0,85,1.0,1.0,1.0,1,89,1,0.0,0,3.0,1.0,1,0.0,7,1,0,1,1,3.0,0,2.0,0,120.0,120.0,120.0,240.0,2020
5,D,6.0,58.0,7.0,1.0,20,1.0,1.0,2.0,1,17,1,0.0,0,3.0,6.0,1,0.0,8,1,0,1,1,2.0,0,2.0,0,15.0,21.0,0.0,60.0,2020
5,C,18.0,68.0,8.0,1.0,34,1.0,0.0,0.0,1,39,1,1.0,0,1.0,1.0,1,0.0,8,1,0,1,1,0.0,0,1.0,0,12.0,18.0,0.0,60.0,2020
4,D,24.0,62.0,8.0,1.0,72,1.0,1.0,0.0,1,77,1,0.0,0,6.0,1.0,1,0.0,8,1,0,1,1,0.0,0,1.0,0,24.0,30.0,0.0,120.0,2020
C,D,188.0,21.0,2.0,1.0,46,1.0,1.0,1.0,1,53,1,0.0,0,3.0,1.0,2,0.0,7,1,0,1,1,3.0,0,2.0,0,210.0,262.0,60.0,240.0,2020
1,D,78.0,25.0,2.0,1.0,94,1.0,1.0,0.0,1,34,1,0.0,0,5.0,1.0,1,0.0,7,1,0,1,1,0.0,0,1.0,0,78.0,97.0,0.0,240.0,2020
1,D,230.0,35.0,4.0,1.0,14,1.0,1.0,3.0,1,12,1,0.0,0,3.0,1.0,2,0.0,7,1,0,1,1,5.0,0,3.0,0,262.0,327.0,180.0,480.0,2020
2,D,111.0,44.0,6.0,1.0,66,1.0,0.0,0.0,1,72,1,0.0,0,5.0,1.0,1,1.0,7,1,0,1,1,0.0,0,1.0,0,135.0,168.0,60.0,240.0,2020
2,D,135.0,27.0,3.0,1.0,73,3.0,1.0,0.0,1,78,2,0.0,0,5.0,3.0,2,3.0,7,1,0,1,1,0.0,0,1.0,0,121.0,151.0,60.0,240.0,2020
2,D,240.0,49.0,6.0,1.0,34,1.0,0.0,0.0,1,39,2,0.0,0,3.0,3.0,1,3.0,7,1,0,1,1,0.0,0,1.0,0,210.0,240.0,60.0,240.0,2020
2,D,96.0,31.0,4.0,1.0,42,1.0,1.0,0.0,1,48,1,0.0,0,5.0,1.0,1,0.0,7,1,0,1,1,0.0,0,1.0,0,151.0,188.0,60.0,240.0,2020
1,D,78.0,70.0,8.0,1.0,9,1.0,0.0,0.0,1,6,1,0.0,0,6.0,1.0,4,0.0,7,1,0,1,1,0.0,0,1.0,0,151.0,188.0,60.0,240.0,2020
3,D,87.0,36.0,5.0,1.0,75,1.0,1.0,3.0,1,79,1,0.0,0,5.0,1.0,2,0.0,7,1,0,1,1,3.0,0,2.0,0,168.0,210.0,60.0,240.0,2020
1,D,151.0,47.0,6.0,1.0,9,1.0,1.0,0.0,1,6,1,0.0,0,3.0,1.0,1,1.0,7,1,0,1,1,0.0,0,1.0,0,151.0,188.0,60.0,240.0,2020
1,D,60.0,45.0,6.0,1.0,94,1.0,1.0,0.0,1,34,1,0.0,0,3.0,1.0,1,1.0,7,1,0,1,1,0.0,0,1.0,0,78.0,97.0,60.0,240.0,2020
3,D,120.0,60.0,7.0,1.0,16,1.0,1.0,1.0,1,14,1,0.0,0,5.0,1.0,1,0.0,7,1,0,1,1,1.0,0,1.0,0,120.0,120.0,120.0,240.0,2020
1,D,120.0,58.0,7.0,1.0,50,1.0,1.0,3.0,1,56,1,0.0,0,3.0,1.0,1,0.0,7,1,0,1,1,5.0,0,3.0,0,120.0,120.0,120.0,240.0,2020
4,D,90.0,28.0,3.0,1.0,56,1.0,1.0,0.0,1,63,1,0.0,0,5.0,1.0,1,0.0,7,1,0,1,1,0.0,0,1.0,0,97.0,121.0,60.0,240.0,2020
3,D,63.0,43.0,6.0,1.0,68,1.0,1.0,0.0,1,74,1,0.0,0,5.0,1.0,1,3.0,7,1,0,1,1,0.0,0,1.0,0,78.0,97.0,0.0,240.0,2020
1,D,78.0,48.0,6.0,1.0,49,1.0,1.0,0.0,1,55,1,0.0,0,5.0,1.0,1,2.0,7,1,0,1,1,0.0,0,1.0,0,135.0,168.0,60.0,240.0,2020
2,D,200.0,37.0,5.0,1.0,34,1.0,0.0,0.0,1,39,1,0.0,0,5.0,1.0,1,3.0,7,1,0,1,1,0.0,0,1.0,0,151.0,188.0,60.0,240.0,2020
6,B,,56.0,7.0,1.0,33,1.0,0.0,0.0,1,40,1,0.0,0,6.0,1.0,1,2.0,8,0,1,4,0,0.0,0,1.0,0,6.0,12.0,0.0,60.0,2020
6,D,120.0,27.0,3.0,1.0,59,1.0,1.0,1.0,1,66,0,0.0,0,1.0,1.0,1,2.0,7,1,0,1,1,3.0,0,2.0,0,168.0,210.0,60.0,240.0,2020
4,D,120.0,36.0,5.0,1.0,58,1.0,1.0,5.0,1,65,1,0.0,0,3.0,1.0,1,1.0,7,1,0,1,1,5.0,0,3.0,0,120.0,121.0,120.0,240.0,2020
6,D,75.0,69.0,8.0,1.0,75,1.0,0.0,0.0,1,79,1,0.0,0,5.0,1.0,1,0.0,7,1,0,1,1,0.0,0,1.0,0,151.0,188.0,60.0,240.0,2020
1,D,88.0,31.0,4.0,1.0,9,1.0,0.0,0.0,1,6,1,0.0,0,3.0,1.0,1,0.0,7,1,0,1,1,0.0,0,1.0,0,97.0,121.0,60.0,240.0,2020
1,D,108.0,49.0,6.0,1.0,42,1.0,0.0,0.0,1,48,1,0.0,0,5.0,1.0,2,1.0,7,1,0,1,1,0.0,0,1.0,0,135.0,168.0,0.0,120.0,2020
5,D,0.03,49.0,6.0,1.0,62,1.0,1.0,0.0,1,69,1,1.0,0,5.0,1.0,1,0.0,7,1,0,1,1,0.0,0,1.0,0,37.0,46.0,0.0,240.0,2020
1,D,156.0,63.0,8.0,1.0,47,1.0,1.0,0.0,1,52,1,0.0,0,5.0,1.0,1,0.0,7,1,0,1,1,0.0,0,1.0,0,151.0,188.0,60.0,240.0,2020
1,D,150.0,21.0,2.0,1.0,24,1.0,1.0,0.0,1,22,1,0.0,0,5.0,6.0,2,0.0,7,1,0,1,1,0.0,0,1.0,0,9996.0,9996.0,120.0,9996.0,2020
3,D,470.0,56.0,7.0,1.0,90,1.0,1.0,3.0,1,29,1,0.0,0,3.0,1.0,4,0.0,7,1,0,1,1,3.0,0,2.0,0,480.0,9996.0,120.0,9996.0,2020
6,D,24.0,20.0,1.0,1.0,11,1.0,0.0,0.0,1,9,1,0.0,0,5.0,1.0,1,0.0,7,1,0,1,1,0.0,0,1.0,0,97.0,121.0,0.0,240.0,2020
0,D,108.0,33.0,4.0,1.0,91,1.0,1.0,0.0,1,31,1,0.0,0,6.0,1.0,1,0.0,7,1,0,1,1,0.0,0,1.0,0,97.0,121.0,60.0,240.0,2020
4,D,,36.0,5.0,1.0,67,1.0,0.0,0.0,1,71,1,0.0,0,5.0,1.0,1,0.0,7,0,1,4,0,0.0,0,1.0,0,63.0,78.0,0.0,240.0,2020
4,D,36.0,46.0,6.0,1.0,48,1.0,1.0,0.0,1,54,1,0.0,0,1.0,1.0,1,0.0,7,1,0,1,1,0.0,0,1.0,0,78.0,97.0,0.0,120.0,2020
4,D,135.0,45.0,6.0,1.0,67,1.0,1.0,24.0,1,71,1,0.0,0,3.0,1.0,1,1.0,7,1,0,1,1,26.0,0,6.0,0,120.0,150.0,120.0,240.0,2020
3,D,60.0,32.0,4.0,1.0,48,1.0,1.0,1.0,1,54,1,0.0,0,5.0,1.0,1,0.0,7,1,0,1,1,1.0,0,1.0,0,78.0,97.0,60.0,240.0,2020
2,D,34.0,46.0,6.0,1.0,77,1.0,1.0,0.0,1,81,1,0.0,0,5.0,1.0,1,2.0,7,1,0,1,1,0.0,0,1.0,0,70.0,87.0,0.0,240.0,2020
3,D,72.0,32.0,4.0,1.0,24,1.0,1.0,1.0,1,22,1,0.0,0,5.0,1.0,1,1.0,7,1,0,1,1,1.0,0,1.0,0,97.0,121.0,60.0,240.0,2020
2,D,120.0,28.0,3.0,1.0,84,1.0,1.0,3.0,1,88,1,0.0,0,5.0,1.0,1,0.0,7,1,0,1,1,5.0,0,3.0,0,121.0,151.0,120.0,240.0,2020
5,D,78.0,40.0,5.0,1.0,35,3.0,1.0,0.0,1,41,2,0.0,0,6.0,3.0,1,1.0,7,1,0,1,1,0.0,0,1.0,0,97.0,121.0,0.0,240.0,2020
7,D,120.0,46.0,6.0,1.0,92,1.0,1.0,16.0,1,33,1,0.0,0,3.0,1.0,2,2.0,8,1,0,1,1,16.0,0,6.0,0,120.0,150.0,0.0,120.0,2020
3,D,151.0,44.0,6.0,1.0,61,1.0,1.0,0.0,1,68,1,0.0,0,3.0,1.0,2,1.0,7,1,0,1,1,0.0,0,1.0,0,151.0,188.0,60.0,240.0,2020
3,D,720.0,35.0,4.0,1.0,61,1.0,1.0,2.0,1,68,1,0.0,0,5.0,1.0,18,0.0,7,1,0,1,1,2.0,0,2.0,0,4344.0,4344.0,180.0,360.0,2020
5,D,84.0,30.0,3.0,1.0,35,1.0,0.0,0.0,1,41,2,0.0,0,5.0,3.0,1,0.0,7,1,0,1,1,0.0,0,1.0,0,151.0,188.0,60.0,240.0,2020
2,D,120.0,39.0,5.0,1.0,84,1.0,1.0,2.0,1,88,1,0.0,0,5.0,1.0,1,0.0,7,1,0,1,1,2.0,0,2.0,0,120.0,135.0,120.0,240.0,2020
1,D,60.0,37.0,5.0,1.0,70,1.0,1.0,0.0,1,75,1,0.0,0,3.0,1.0,1,2.0,7,1,0,1,1,0.0,0,1.0,0,60.0,60.0,60.0,240.0,2020
6,D,0.03,56.0,7.0,1.0,23,1.0,1.0,0.0,1,20,1,0.0,0,5.0,1.0,1,0.0,7,1,0,1,1,0.0,0,1.0,0,78.0,97.0,0.0,240.0,2020
5,D,84.0,40.0,5.0,1.0,35,1.0,0.0,0.0,1,41,2,0.0,0,3.0,3.0,1,3.0,7,1,0,1,1,0.0,0,1.0,0,121.0,151.0,0.0,240.0,2020
4,D,120.0,53.0,7.0,1.0,53,1.0,1.0,6.0,1,60,1,0.0,0,3.0,1.0,1,0.0,7,1,0,1,1,8.0,0,4.0,0,120.0,120.0,120.0,240.0,2020
1,D,36.0,45.0,6.0,1.0,42,1.0,1.0,0.0,1,48,1,0.0,0,3.0,1.0,1,0.0,7,1,0,1,1,0.0,0,1.0,0,120.0,120.0,0.0,120.0,2020
4,D,36.0,73.0,8.0,1.0,67,1.0,0.0,0.0,1,71,1,0.0,0,6.0,1.0,1,0.0,7,1,0,1,1,0.0,0,1.0,0,78.0,97.0,0.0,240.0,2020
3,D,132.0,68.0,8.0,1.0,56,1.0,0.0,0.0,1,63,1,0.0,0,5.0,1.0,1,0.0,7,1,0,1,1,0.0,0,1.0,0,151.0,188.0,60.0,240.0,2020
4,D,84.0,28.0,3.0,1.0,56,1.0,0.0,0.0,1,63,1,0.0,0,3.0,1.0,1,0.0,7,1,0,1,1,0.0,0,1.0,0,97.0,121.0,60.0,240.0,2020
6,D,470.0,31.0,4.0,1.0,89,1.0,1.0,3.0,1,30,1,0.0,0,5.0,1.0,2,0.0,7,1,0,1,1,3.0,0,2.0,0,9996.0,9996.0,60.0,240.0,2020
6,D,120.0,55.0,7.0,1.0,59,1.0,1.0,0.0,1,66,0,0.0,0,3.0,1.0,1,0.0,7,1,0,1,1,0.0,0,1.0,0,97.0,121.0,60.0,240.0,2020
1,D,41.0,31.0,4.0,1.0,91,4.0,0.0,0.0,1,31,1,0.0,0,3.0,1.0,1,0.0,7,1,0,1,1,0.0,0,1.0,0,41.0,51.0,0.0,240.0,2020
3,D,63.0,50.0,6.0,1.0,50,1.0,1.0,0.0,1,56,1,0.0,0,5.0,1.0,24,0.0,7,1,0,1,1,0.0,0,1.0,0,63.0,78.0,0.0,240.0,2020
3,D,95.0,36.0,5.0,1.0,68,1.0,1.0,6.0,1,74,2,0.0,0,1.0,3.0,1,3.0,7,1,0,1,1,8.0,0,4.0,0,84.0,105.0,0.0,120.0,2020
2,D,48.0,58.0,7.0,1.0,65,1.0,0.0,0.0,1,73,1,0.0,0,6.0,1.0,1,1.0,7,1,0,1,1,0.0,0,1.0,0,78.0,97.0,0.0,240.0,2020
3,D,84.0,47.0,6.0,1.0,34,1.0,1.0,0.0,1,39,2,0.0,0,3.0,3.0,1,0.0,7,1,0,1,1,0.0,0,1.0,0,151.0,188.0,60.0,240.0,2020
4,D,92.0,40.0,5.0,1.0,58,1.0,1.0,10.0,1,65,1,0.0,0,1.0,1.0,1,0.0,7,1,0,1,1,10.0,0,5.0,0,151.0,188.0,60.0,240.0,2020
1,D,84.0,41.0,6.0,1.0,24,1.0,1.0,0.0,1,22,1,0.0,0,6.0,1.0,1,1.0,7,1,0,1,1,0.0,0,1.0,0,121.0,151.0,60.0,240.0,2020
3,D,70.0,47.0,6.0,1.0,68,1.0,0.0,0.0,1,74,1,0.0,0,6.0,1.0,1,3.0,7,1,0,1,1,0.0,0,1.0,0,97.0,121.0,60.0,240.0,2020
3,D,72.0,32.0,4.0,1.0,5,1.0,1.0,1.0,1,4,2,0.0,0,5.0,3.0,1,0.0,7,1,0,1,1,1.0,0,1.0,0,70.0,87.0,60.0,240.0,2020
2,D,133.0,33.0,4.0,1.0,66,1.0,0.0,0.0,1,72,2,0.0,0,3.0,3.0,3,0.0,7,1,0,1,1,0.0,0,1.0,0,151.0,188.0,60.0,240.0,2020
6,D,120.0,52.0,7.0,1.0,33,1.0,1.0,3.0,1,40,1,0.0,0,6.0,1.0,1,0.0,7,1,0,1,1,5.0,0,3.0,0,120.0,120.0,120.0,240.0,2020
6,D,65.0,27.0,3.0,1.0,59,1.0,1.0,0.0,1,66,0,0.0,0,3.0,1.0,1,0.0,7,1,0,1,1,0.0,0,1.0,0,70.0,87.0,60.0,240.0,2020
2,D,300.0,34.0,4.0,1.0,76,1.0,1.0,1.0,1,80,1,0.0,0,5.0,1.0,3,0.0,7,1,0,1,1,1.0,0,1.0,0,960.0,960.0,180.0,360.0,2020
1,D,24.0,35.0,4.0,1.0,11,1.0,0.0,0.0,1,9,1,0.0,0,1.0,2.0,1,3.0,7,1,0,1,1,0.0,0,1.0,0,63.0,78.0,0.0,240.0,2020
6,D,120.0,46.0,6.0,1.0,11,1.0,1.0,3.0,1,9,1,0.0,0,3.0,1.0,1,2.0,7,1,0,1,1,5.0,0,3.0,0,120.0,120.0,120.0,240.0,2020
2,D,55.0,50.0,6.0,1.0,84,1.0,1.0,0.0,1,88,1,0.0,0,6.0,1.0,1,1.0,7,1,0,1,1,0.0,0,1.0,0,108.0,135.0,0.0,240.0,2020
4,D,87.0,35.0,4.0,1.0,82,1.0,1.0,0.0,1,85,1,0.0,0,6.0,1.0,1,2.0,7,1,0,1,1,0.0,0,1.0,0,60.0,60.0,60.0,240.0,2020
2,D,168.0,36.0,5.0,1.0,14,1.0,1.0,0.0,3,12,1,0.0,1,5.0,1.0,2,0.0,7,1,0,1,1,0.0,0,1.0,0,135.0,168.0,60.0,240.0,2020
4,D,87.0,49.0,6.0,1.0,82,1.0,1.0,1.0,1,85,2,0.0,0,3.0,3.0,1,0.0,7,1,0,2,1,1.0,0,1.0,0,60.0,60.0,60.0,240.0,2020
2,D,46.0,29.0,3.0,1.0,65,1.0,0.0,0.0,1,73,1,0.0,0,6.0,6.0,1,0.0,7,1,0,1,1,0.0,0,1.0,0,51.0,63.0,0.0,240.0,2020
6,D,34.0,56.0,7.0,1.0,11,1.0,0.0,0.0,1,9,1,0.0,0,6.0,1.0,1,0.0,7,1,0,1,1,0.0,0,1.0,0,78.0,97.0,0.0,240.0,2020
3,D,18.0,48.0,6.0,1.0,75,1.0,0.0,0.0,1,79,1,0.0,0,5.0,1.0,1,1.0,7,1,0,1,1,0.0,0,1.0,0,78.0,97.0,0.0,240.0,2020
4,D,84.0,60.0,7.0,1.0,60,1.0,0.0,0.0,1,67,1,0.0,0,3.0,1.0,1,0.0,7,1,0,1,1,0.0,0,1.0,0,240.0,240.0,60.0,240.0,2020
4,D,97.0,38.0,5.0,1.0,67,1.0,0.0,0.0,2,71,1,0.0,0,3.0,1.0,3,0.0,7,1,0,1,1,0.0,0,1.0,0,78.0,97.0,60.0,240.0,2020
2,D,109.0,23.0,2.0,1.0,64,1.0,0.0,0.0,1,70,1,0.0,0,5.0,1.0,1,0.0,7,1,0,1,1,0.0,0,1.0,0,151.0,188.0,60.0,240.0,2020
5,D,188.0,39.0,5.0,1.0,41,1.0,0.0,0.0,1,47,2,0.0,0,3.0,3.0,3,2.0,7,1,0,1,1,0.0,0,1.0,0,151.0,188.0,120.0,9996.0,2020
1,D,78.0,53.0,7.0,1.0,3,1.0,0.0,0.0,3,1,1,0.0,1,6.0,1.0,1,0.0,7,1,0,1,1,0.0,0,1.0,0,108.0,135.0,0.0,240.0,2020
2,D,144.0,47.0,6.0,1.0,76,1.0,1.0,9.0,1,80,1,0.0,0,3.0,6.0,1,3.0,7,1,0,1,1,11.0,0,5.0,0,140.0,175.0,120.0,240.0,2020
4,D,240.0,36.0,5.0,1.0,56,1.0,1.0,3.0,1,63,1,0.0,0,5.0,1.0,2,1.0,7,1,0,1,1,5.0,0,3.0,0,180.0,180.0,180.0,480.0,2020
1,D,24.0,53.0,7.0,1.0,47,1.0,1.0,0.0,1,52,1,0.0,0,6.0,1.0,1,0.0,7,1,0,1,1,0.0,0,1.0,0,78.0,97.0,0.0,240.0,2020
6,D,40.0,23.0,2.0,1.0,30,1.0,1.0,0.0,1,36,1,0.0,0,5.0,1.0,1,0.0,7,1,0,1,1,0.0,0,1.0,0,63.0,78.0,0.0,240.0,2020
4,D,46.0,61.0,8.0,1.0,58,1.0,0.0,0.0,1,65,1,0.0,0,3.0,1.0,1,0.0,7,1,0,1,1,0.0,0,1.0,0,78.0,97.0,0.0,240.0,2020
1,D,21.0,33.0,4.0,1.0,47,2.0,0.0,0.0,1,52,1,1.0,0,3.0,1.0,1,0.0,8,1,0,1,1,0.0,0,1.0,0,41.0,51.0,0.0,60.0,2020
4,D,48.0,64.0,8.0,1.0,67,2.0,0.0,0.0,1,71,1,0.0,0,3.0,1.0,1,0.0,7,1,0,1,1,0.0,0,1.0,0,78.0,97.0,0.0,240.0,2020
3,D,70.0,58.0,7.0,1.0,90,1.0,0.0,0.0,1,29,1,0.0,0,3.0,1.0,2,1.0,7,1,0,1,1,0.0,0,1.0,0,70.0,87.0,60.0,240.0,2020
4,D,60.0,44.0,6.0,1.0,58,1.0,0.0,0.0,1,65,1,0.0,0,3.0,1.0,2,0.0,7,1,0,1,1,0.0,0,1.0,0,97.0,121.0,60.0,240.0,2020
5,D,109.0,23.0,2.0,1.0,9,1.0,1.0,0.0,1,6,1,0.0,0,3.0,1.0,2,0.0,7,1,0,1,1,0.0,0,1.0,0,151.0,188.0,60.0,240.0,2020
4,D,144.0,32.0,4.0,1.0,56,1.0,0.0,0.0,1,63,1,0.0,0,5.0,1.0,2,0.0,7,1,0,1,1,0.0,0,1.0,0,235.0,293.0,60.0,240.0,2020
C,D,36.0,28.0,3.0,1.0,46,1.0,1.0,3.0,1,53,1,1.0,0,3.0,1.0,12,3.0,8,1,0,1,1,3.0,0,2.0,0,41.0,51.0,0.0,60.0,2020
1,D,42.0,33.0,4.0,1.0,6,1.0,0.0,0.0,1,3,1,0.0,0,6.0,1.0,1,0.0,7,1,0,1,1,0.0,0,1.0,0,78.0,97.0,0.0,240.0,2020
1,D,72.0,36.0,5.0,1.0,17,1.0,0.0,0.0,1,15,1,0.0,0,3.0,1.0,1,2.0,7,1,0,1,1,0.0,0,1.0,0,78.0,97.0,60.0,240.0,2020
2,D,40.0,48.0,6.0,1.0,17,1.0,0.0,0.0,1,15,1,0.0,0,3.0,1.0,1,0.0,7,1,0,1,1,0.0,0,1.0,0,78.0,97.0,0.0,240.0,2020
1,D,36.0,56.0,7.0,1.0,9,1.0,0.0,0.0,1,6,1,0.0,0,5.0,1.0,1,3.0,7,1,0,1,1,0.0,0,1.0,0,97.0,121.0,0.0,240.0,2020
2,D,78.0,52.0,7.0,1.0,15,1.0,0.0,0.0,1,13,1,0.0,0,6.0,1.0,1,0.0,7,1,0,1,1,0.0,0,1.0,0,70.0,87.0,60.0,240.0,2020
6,A,,41.0,6.0,2.0,79,1.0,1.0,0.0,1,83,1,0.0,0,5.0,1.0,1,4.0,8,0,1,4,0,0.0,0,1.0,0,0.0,6.0,0.0,12.0,2020
5,D,120.0,40.0,5.0,1.0,83,1.0,1.0,10.0,1,87,1,0.0,0,3.0,1.0,1,0.0,7,1,0,1,1,12.0,0,5.0,0,120.0,120.0,120.0,240.0,2020
4,D,108.0,49.0,6.0,1.0,63,1.0,1.0,0.0,1,95,1,0.0,0,3.0,1.0,1,0.0,7,1,0,1,1,0.0,0,1.0,0,121.0,151.0,0.0,240.0,2020
4,D,180.0,47.0,6.0,1.0,90,1.0,1.0,3.0,1,29,1,0.0,0,3.0,1.0,1,0.0,7,1,0,1,1,5.0,0,3.0,0,180.0,180.0,180.0,480.0,2020
3,D,132.0,22.0,2.0,1.0,41,1.0,1.0,1.0,1,47,1,0.0,0,5.0,1.0,2,0.0,7,1,0,1,1,1.0,0,1.0,0,121.0,151.0,0.0,360.0,2020
3,D,120.0,75.0,8.0,1.0,68,1.0,1.0,3.0,1,74,1,0.0,0,5.0,1.0,1,,7,1,0,1,1,3.0,0,2.0,0,46.0,57.0,0.0,120.0,2020
1,D,33.0,41.0,6.0,1.0,93,1.0,1.0,0.0,1,32,1,0.0,0,6.0,1.0,1,3.0,7,1,0,1,1,0.0,0,1.0,0,78.0,97.0,0.0,240.0,2020
3,D,74.0,45.0,6.0,1.0,24,1.0,1.0,0.0,1,22,1,0.0,0,6.0,1.0,1,1.0,7,1,0,1,1,0.0,0,1.0,0,151.0,188.0,60.0,240.0,2020
5,D,188.0,39.0,5.0,1.0,20,1.0,1.0,2.0,1,17,1,0.0,0,3.0,1.0,1,0.0,7,1,0,1,1,4.0,0,3.0,0,188.0,235.0,60.0,240.0,2020
6,D,63.0,25.0,2.0,1.0,30,1.0,1.0,1.0,1,36,1,0.0,0,1.0,1.0,1,0.0,7,1,0,1,1,3.0,0,2.0,0,63.0,78.0,0.0,120.0,2020
6,D,60.0,33.0,4.0,1.0,79,1.0,1.0,0.0,1,83,1,0.0,0,5.0,1.0,1,2.0,7,1,0,1,1,0.0,0,1.0,0,60.0,60.0,60.0,240.0,2020
8,D,27.0,67.0,8.0,1.0,65,1.0,1.0,0.0,1,73,1,0.0,0,6.0,1.0,1,1.0,7,1,0,1,1,0.0,0,1.0,0,97.0,121.0,0.0,240.0,2020
2,D,96.0,33.0,4.0,1.0,94,1.0,0.0,0.0,1,34,1,0.0,0,3.0,2.0,1,0.0,7,1,0,1,1,0.0,0,1.0,0,151.0,188.0,60.0,240.0,2020
3,D,78.0,52.0,7.0,1.0,68,1.0,1.0,0.0,1,74,1,0.0,0,6.0,1.0,1,,7,1,0,1,1,0.0,0,1.0,0,78.0,97.0,0.0,240.0,2020
2,D,0.03,38.0,5.0,1.0,76,1.0,1.0,5.0,1,80,1,0.0,0,5.0,1.0,1,0.0,7,1,0,1,1,7.0,0,4.0,0,135.0,168.0,60.0,240.0,2020
2,D,51.0,33.0,4.0,1.0,2,1.0,1.0,14.0,1,0,1,0.0,0,3.0,1.0,1,0.0,7,1,0,1,1,14.0,0,6.0,0,84.0,105.0,0.0,120.0,2020
4,D,260.0,43.0,6.0,1.0,56,1.0,1.0,7.0,1,63,1,0.0,0,5.0,1.0,1,0.0,7,1,0,1,1,7.0,0,4.0,0,235.0,293.0,180.0,480.0,2020
3,D,180.0,45.0,6.0,1.0,22,1.0,1.0,7.0,1,19,1,0.0,0,3.0,1.0,1,0.0,7,1,0,2,1,9.0,0,4.0,0,210.0,262.0,180.0,480.0,2020
8,D,140.0,36.0,5.0,1.0,89,1.0,0.0,0.0,1,30,1,0.0,0,6.0,1.0,2,0.0,7,1,0,1,1,0.0,0,1.0,0,168.0,210.0,60.0,240.0,2020
6,D,87.0,41.0,6.0,1.0,59,1.0,0.0,0.0,1,66,0,0.0,0,3.0,1.0,1,0.0,7,1,0,1,1,0.0,0,1.0,0,151.0,188.0,60.0,240.0,2020
1,D,78.0,59.0,7.0,1.0,94,1.0,0.0,0.0,1,34,1,0.0,0,6.0,1.0,1,0.0,7,1,0,1,1,0.0,0,1.0,0,78.0,97.0,0.0,240.0,2020
6,D,60.0,77.0,8.0,1.0,21,1.0,1.0,0.0,1,18,1,0.0,0,6.0,1.0,1,0.0,7,1,0,1,1,0.0,0,1.0,0,97.0,121.0,60.0,240.0,2020
4,D,76.0,47.0,6.0,1.0,67,1.0,0.0,0.0,1,71,1,0.0,0,5.0,1.0,1,0.0,7,1,0,1,1,0.0,0,1.0,0,121.0,151.0,60.0,240.0,2020
4,D,120.0,53.0,7.0,1.0,35,3.0,1.0,0.0,1,41,2,0.0,0,3.0,3.0,2,1.0,7,1,0,1,1,0.0,0,1.0,0,151.0,188.0,60.0,240.0,2020
4,D,24.0,39.0,5.0,1.0,82,1.0,0.0,0.0,1,85,1,0.0,0,5.0,1.0,1,0.0,7,1,0,1,1,0.0,0,1.0,0,63.0,78.0,0.0,240.0,2020
5,D,120.0,68.0,8.0,1.0,41,1.0,0.0,0.0,1,47,1,0.0,0,5.0,1.0,2,0.0,7,1,0,1,1,0.0,0,1.0,0,151.0,188.0,60.0,240.0,2020
5,D,97.0,58.0,7.0,1.0,41,1.0,1.0,1.0,1,47,1,0.0,0,3.0,1.0,3,0.0,7,1,0,1,1,1.0,0,1.0,0,135.0,168.0,60.0,240.0,2020
1,D,60.0,32.0,4.0,1.0,1,1.0,1.0,0.0,1,90,2,0.0,0,5.0,3.0,1,0.0,7,1,0,1,1,0.0,0,1.0,0,60.0,71.0,60.0,240.0,2020
2,D,60.0,29.0,3.0,1.0,14,1.0,1.0,0.0,1,12,2,0.0,0,3.0,3.0,2,0.0,7,1,0,1,1,0.0,0,1.0,0,63.0,78.0,60.0,240.0,2020
4,D,120.0,37.0,5.0,1.0,59,1.0,1.0,0.0,1,66,1,0.0,0,5.0,1.0,1,2.0,7,1,0,1,1,0.0,0,1.0,0,151.0,188.0,60.0,240.0,2020
8,D,110.0,53.0,7.0,1.0,89,1.0,1.0,0.0,1,30,1,0.0,0,5.0,1.0,3,0.0,7,1,0,1,1,0.0,0,1.0,0,151.0,188.0,60.0,240.0,2020
2,D,0.03,64.0,8.0,1.0,87,1.0,,,1,26,1,0.0,0,,1.0,1,,7,1,0,1,1,,0,1.0,0,30.0,37.0,0.0,240.0,2020
3,D,151.0,66.0,8.0,1.0,34,1.0,0.0,0.0,1,39,1,0.0,0,3.0,1.0,1,0.0,7,1,0,1,1,0.0,0,1.0,0,151.0,188.0,0.0,240.0,2020
0,D,36.0,27.0,3.0,1.0,65,1.0,1.0,0.0,1,73,2,0.0,0,5.0,3.0,1,0.0,7,1,0,1,1,0.0,0,1.0,0,97.0,121.0,0.0,240.0,2020
1,D,120.0,29.0,3.0,1.0,66,1.0,0.0,0.0,1,72,1,0.0,0,6.0,1.0,1,0.0,7,1,0,1,1,0.0,0,1.0,0,151.0,188.0,60.0,240.0,2020
6,D,235.0,30.0,3.0,1.0,72,1.0,1.0,3.0,1,77,1,0.0,0,1.0,1.0,2,0.0,7,1,0,1,1,3.0,0,2.0,0,235.0,293.0,60.0,240.0,2020
9,D,60.0,23.0,2.0,1.0,72,1.0,0.0,0.0,1,77,1,0.0,0,3.0,1.0,2,0.0,7,1,0,1,1,0.0,0,1.0,0,210.0,262.0,60.0,240.0,2020
3,D,57.0,62.0,8.0,1.0,68,1.0,1.0,10.0,1,74,1,0.0,0,5.0,1.0,1,0.0,7,1,0,1,1,12.0,0,5.0,0,46.0,57.0,0.0,120.0,2020
3,D,48.0,45.0,6.0,1.0,23,1.0,0.0,0.0,1,20,1,0.0,0,5.0,2.0,1,0.0,7,1,0,1,1,0.0,0,1.0,0,30.0,37.0,0.0,240.0,2020
2,D,45.0,36.0,5.0,1.0,66,1.0,1.0,0.0,1,72,1,0.0,0,3.0,1.0,3,0.0,8,1,0,1,1,0.0,0,1.0,0,27.0,33.0,0.0,60.0,2020
2,D,97.0,33.0,4.0,1.0,28,1.0,1.0,0.0,1,35,1,0.0,0,5.0,2.0,1,0.0,7,1,0,1,1,0.0,0,1.0,0,97.0,121.0,60.0,240.0,2020
4,D,300.0,33.0,4.0,1.0,57,1.0,1.0,4.0,1,64,1,0.0,0,5.0,1.0,2,2.0,7,1,0,1,1,7.0,0,6.0,0,600.0,600.0,180.0,360.0,2020
3,D,48.0,55.0,7.0,1.0,63,1.0,0.0,0.0,1,95,1,0.0,0,6.0,1.0,1,0.0,7,1,0,1,1,0.0,0,1.0,0,57.0,71.0,0.0,240.0,2020
5,D,72.0,28.0,3.0,1.0,37,3.0,1.0,0.0,1,43,2,0.0,0,1.0,3.0,1,0.0,7,1,0,1,1,0.0,0,1.0,0,97.0,121.0,60.0,480.0,2020
6,D,108.0,38.0,5.0,1.0,89,1.0,1.0,1.0,3,30,1,0.0,1,5.0,1.0,1,0.0,7,1,0,1,1,1.0,0,1.0,0,135.0,168.0,0.0,240.0,2020
6,D,60.0,65.0,8.0,1.0,59,1.0,1.0,0.0,1,66,0,0.0,0,5.0,1.0,1,0.0,7,1,0,1,1,0.0,0,1.0,0,151.0,188.0,60.0,240.0,2020
3,D,60.0,30.0,3.0,1.0,29,1.0,1.0,1.0,1,96,1,0.0,0,1.0,1.0,1,0.0,7,1,0,1,1,1.0,0,1.0,0,78.0,97.0,0.0,240.0,2020
2,D,96.0,50.0,6.0,1.0,12,1.0,1.0,3.0,1,10,0,0.0,0,3.0,1.0,1,0.0,7,1,0,1,1,3.0,0,2.0,0,168.0,180.0,0.0,180.0,2020
6,D,42.0,34.0,4.0,1.0,11,1.0,1.0,0.0,1,9,1,0.0,0,5.0,1.0,1,3.0,7,1,0,1,1,0.0,0,1.0,0,78.0,97.0,0.0,240.0,2020
1,D,30.0,42.0,6.0,1.0,3,1.0,1.0,0.0,1,1,1,0.0,0,6.0,1.0,1,3.0,7,1,0,1,1,0.0,0,1.0,0,78.0,97.0,0.0,240.0,2020
3,D,292.0,28.0,3.0,1.0,23,1.0,1.0,7.0,1,20,1,0.0,0,5.0,1.0,1,0.0,7,1,0,1,1,9.0,0,4.0,0,292.0,365.0,180.0,480.0,2020
8,D,24.0,23.0,2.0,1.0,89,1.0,0.0,0.0,1,30,1,0.0,0,6.0,1.0,1,0.0,7,1,0,1,1,0.0,0,1.0,0,57.0,71.0,0.0,240.0,2020
2,D,120.0,57.0,7.0,1.0,79,1.0,1.0,3.0,1,83,1,0.0,0,5.0,1.0,1,0.0,7,1,0,1,1,5.0,0,3.0,0,120.0,121.0,120.0,240.0,2020
1,D,48.0,33.0,4.0,1.0,91,1.0,0.0,0.0,1,31,2,0.0,0,6.0,3.0,1,0.0,7,1,0,1,1,0.0,0,1.0,0,41.0,51.0,0.0,240.0,2020
1,D,240.0,61.0,8.0,1.0,39,1.0,1.0,10.0,3,45,1,0.0,1,5.0,1.0,1,3.0,7,1,0,1,1,10.0,0,5.0,0,240.0,240.0,0.0,240.0,2020
3,D,78.0,49.0,6.0,1.0,5,1.0,1.0,0.0,1,4,2,0.0,0,6.0,3.0,1,0.0,7,1,0,1,1,0.0,0,1.0,0,78.0,97.0,0.0,240.0,2020
1,D,12.03,22.0,2.0,1.0,10,1.0,1.0,0.0,1,8,1,0.0,0,3.0,2.0,3,0.0,8,1,0,1,1,0.0,0,1.0,0,15.0,21.0,0.0,120.0,2020
2,D,210.0,47.0,6.0,1.0,80,1.0,0.0,0.0,1,84,1,0.0,0,6.0,1.0,2,3.0,7,1,0,1,1,0.0,0,1.0,0,210.0,262.0,60.0,240.0,2020
1,D,120.0,36.0,5.0,1.0,66,1.0,0.0,0.0,1,72,2,0.0,0,5.0,3.0,1,0.0,7,1,0,1,1,0.0,0,1.0,0,151.0,188.0,60.0,240.0,2020
1,D,110.0,33.0,4.0,1.0,41,1.0,0.0,0.0,1,47,2,0.0,0,3.0,3.0,2,0.0,7,1,0,1,1,0.0,0,1.0,0,210.0,262.0,60.0,240.0,2020
6,D,136.0,49.0,6.0,1.0,89,1.0,1.0,0.0,1,30,1,0.0,0,5.0,1.0,1,1.0,7,1,0,1,1,0.0,0,1.0,0,151.0,188.0,60.0,240.0,2020
1,D,163.0,25.0,2.0,1.0,41,1.0,0.0,0.0,1,47,0,0.0,0,6.0,2.0,2,0.0,7,1,0,1,1,0.0,0,1.0,0,151.0,188.0,60.0,240.0,2020
5,D,72.0,55.0,7.0,1.0,22,1.0,0.0,0.0,1,19,1,0.0,0,6.0,1.0,1,1.0,7,1,0,1,1,0.0,0,1.0,0,78.0,97.0,0.0,240.0,2020
3,D,130.0,34.0,4.0,1.0,56,1.0,1.0,0.0,1,63,1,0.0,0,5.0,1.0,1,0.0,7,1,0,1,1,0.0,0,1.0,0,135.0,168.0,60.0,240.0,2020
1,D,72.0,23.0,2.0,1.0,19,1.0,1.0,0.0,1,16,1,0.0,0,5.0,1.0,1,0.0,7,1,0,1,1,0.0,0,1.0,0,151.0,188.0,60.0,240.0,2020
5,D,108.0,35.0,4.0,1.0,79,1.0,1.0,0.0,1,83,1,0.0,0,5.0,1.0,3,0.0,7,1,0,1,1,0.0,0,1.0,0,151.0,188.0,0.0,60.0,2020
3,C,,63.0,8.0,1.0,32,1.0,1.0,2.0,1,38,1,1.0,0,5.0,6.0,1,0.0,8,0,1,4,0,2.0,0,2.0,0,12.0,18.0,0.0,60.0,2020
1,D,204.0,49.0,6.0,1.0,91,1.0,1.0,9.0,1,31,1,0.0,0,3.0,2.0,1,0.0,7,1,0,1,1,11.0,0,5.0,0,120.0,150.0,120.0,240.0,2020
5,D,40.0,23.0,2.0,1.0,36,1.0,1.0,0.0,1,42,1,0.0,0,5.0,2.0,6,0.0,7,1,0,1,1,0.0,0,1.0,0,78.0,97.0,0.0,60.0,2020
4,D,300.0,62.0,8.0,1.0,53,1.0,1.0,1.0,3,60,1,0.0,1,5.0,1.0,5,0.0,7,1,0,1,1,1.0,0,1.0,0,292.0,365.0,60.0,240.0,2020
4,D,84.0,69.0,8.0,1.0,53,1.0,1.0,0.0,1,60,1,0.0,0,1.0,1.0,1,0.0,7,1,0,1,1,0.0,0,1.0,0,108.0,120.0,0.0,120.0,2020
2,D,120.0,51.0,7.0,1.0,84,1.0,1.0,3.0,1,88,1,0.0,0,3.0,1.0,1,0.0,7,1,0,1,1,3.0,0,2.0,0,120.0,120.0,120.0,240.0,2020
8,D,360.0,50.0,6.0,1.0,89,1.0,1.0,0.0,1,30,1,0.0,0,5.0,1.0,1,2.0,7,1,0,1,1,0.0,0,1.0,0,360.0,360.0,180.0,360.0,2020
4,D,90.0,60.0,7.0,1.0,53,1.0,1.0,0.0,1,60,1,0.0,0,6.0,1.0,1,1.0,7,1,0,1,1,0.0,0,1.0,0,97.0,121.0,60.0,240.0,2020
3,D,144.0,32.0,4.0,1.0,52,1.0,1.0,0.0,1,58,1,0.0,0,3.0,1.0,1,0.0,7,1,0,1,1,0.0,0,1.0,0,121.0,151.0,60.0,240.0,2020
2,D,300.0,44.0,6.0,1.0,80,1.0,1.0,3.0,1,84,1,0.0,0,3.0,1.0,4,0.0,7,1,0,1,1,3.0,0,2.0,0,360.0,1080.0,180.0,360.0,2020
5,D,55.0,33.0,4.0,1.0,92,1.0,1.0,0.0,1,33,1,0.0,0,6.0,2.0,1,0.0,7,1,0,1,1,0.0,0,1.0,0,97.0,121.0,0.0,240.0,2020
1,D,88.0,40.0,5.0,1.0,41,1.0,1.0,0.0,1,47,1,0.0,0,3.0,1.0,2,0.0,7,1,0,1,1,0.0,0,1.0,0,151.0,188.0,60.0,240.0,2020
1,D,96.0,53.0,7.0,1.0,91,1.0,1.0,2.0,1,31,1,0.0,0,1.0,2.0,1,2.0,7,1,0,1,1,2.0,0,2.0,0,108.0,135.0,0.0,240.0,2020
1,D,120.0,55.0,7.0,1.0,19,1.0,1.0,6.0,1,16,1,0.0,0,3.0,1.0,1,0.0,7,1,0,1,1,8.0,0,4.0,0,120.0,120.0,120.0,240.0,2020
4,D,24.0,31.0,4.0,1.0,35,1.0,1.0,0.0,1,41,1,0.0,0,1.0,1.0,1,1.0,7,1,0,1,1,0.0,0,1.0,0,57.0,71.0,0.0,120.0,2020
E,D,72.0,48.0,6.0,1.0,24,1.0,0.0,0.0,1,22,1,0.0,0,5.0,1.0,1,4.0,7,1,0,1,1,0.0,0,1.0,0,121.0,151.0,60.0,240.0,2020
2,D,97.0,26.0,3.0,1.0,34,1.0,0.0,0.0,1,39,2,0.0,0,3.0,3.0,1,0.0,7,1,0,1,1,0.0,0,1.0,0,78.0,97.0,0.0,240.0,2020
4,D,61.0,51.0,7.0,1.0,24,1.0,1.0,0.0,1,22,1,0.0,0,6.0,1.0,1,0.0,7,1,0,1,1,0.0,0,1.0,0,97.0,121.0,60.0,240.0,2020
1,D,54.0,61.0,8.0,1.0,11,1.0,0.0,0.0,1,9,1,0.0,0,6.0,1.0,1,0.0,7,1,0,1,1,0.0,0,1.0,0,78.0,97.0,0.0,240.0,2020
6,D,216.0,28.0,3.0,1.0,59,1.0,1.0,0.0,1,66,0,0.0,0,3.0,1.0,2,0.0,7,1,0,1,1,0.0,0,1.0,0,324.0,405.0,180.0,360.0,2020
2,D,52.0,43.0,6.0,1.0,73,1.0,1.0,3.0,1,78,1,0.0,0,3.0,1.0,1,0.0,7,1,0,1,1,5.0,0,3.0,0,70.0,87.0,0.0,240.0,2020
3,D,60.0,31.0,4.0,1.0,41,1.0,0.0,0.0,1,47,1,0.0,0,3.0,1.0,1,1.0,7,1,0,1,1,0.0,0,1.0,0,151.0,188.0,60.0,240.0,2020
0,D,97.0,23.0,2.0,1.0,33,1.0,1.0,0.0,1,40,2,0.0,0,5.0,3.0,1,0.0,7,1,0,1,1,0.0,0,1.0,0,97.0,121.0,0.0,240.0,2020
2,D,30.0,40.0,5.0,1.0,28,1.0,1.0,0.0,1,35,1,0.0,0,5.0,1.0,1,0.0,7,1,0,1,1,0.0,0,1.0,0,78.0,97.0,0.0,240.0,2020
3,D,63.0,64.0,8.0,1.0,41,1.0,0.0,0.0,1,47,1,0.0,0,3.0,1.0,1,0.0,7,1,0,1,1,0.0,0,1.0,0,60.0,63.0,60.0,240.0,2020
4,D,65.0,35.0,4.0,1.0,35,1.0,0.0,0.0,1,41,1,0.0,0,6.0,1.0,1,0.0,7,1,0,1,1,0.0,0,1.0,0,63.0,78.0,0.0,120.0,2020
1,D,72.0,23.0,2.0,1.0,10,1.0,0.0,0.0,1,8,2,0.0,0,6.0,3.0,1,0.0,7,1,0,1,1,0.0,0,1.0,0,151.0,188.0,60.0,240.0,2020
4,D,144.0,57.0,7.0,1.0,35,1.0,0.0,0.0,3,41,1,0.0,1,5.0,1.0,2,1.0,7,1,0,1,1,0.0,0,1.0,0,210.0,262.0,60.0,240.0,2020
5,D,78.0,63.0,8.0,1.0,34,1.0,1.0,0.0,1,39,1,0.0,0,5.0,1.0,1,0.0,7,1,0,1,1,0.0,0,1.0,0,63.0,78.0,0.0,120.0,2020
6,D,210.0,37.0,5.0,1.0,32,1.0,1.0,0.0,1,38,1,0.0,0,5.0,1.0,1,0.0,7,1,0,1,1,0.0,0,1.0,0,210.0,240.0,60.0,240.0,2020
4,D,72.0,43.0,6.0,1.0,59,1.0,1.0,0.0,1,66,0,0.0,0,5.0,1.0,1,0.0,7,1,0,1,1,0.0,0,1.0,0,210.0,240.0,60.0,240.0,2020
1,D,125.0,41.0,6.0,1.0,40,1.0,1.0,7.0,1,46,1,0.0,0,5.0,1.0,1,0.0,7,1,0,1,1,7.0,0,4.0,0,100.0,125.0,0.0,240.0,2020
4,D,30.0,33.0,4.0,1.0,24,1.0,0.0,0.0,1,22,1,0.0,0,5.0,1.0,1,0.0,7,1,0,1,1,0.0,0,1.0,0,63.0,78.0,0.0,120.0,2020
1,D,96.0,29.0,3.0,1.0,17,1.0,1.0,0.0,1,15,1,0.0,0,5.0,1.0,2,0.0,7,1,0,1,1,0.0,0,1.0,0,108.0,135.0,60.0,240.0,2020
1,D,72.0,40.0,5.0,1.0,22,1.0,1.0,2.0,1,19,1,0.0,0,3.0,1.0,1,0.0,7,1,0,1,1,2.0,0,2.0,0,108.0,135.0,0.0,240.0,2020
3,D,180.0,29.0,3.0,1.0,22,1.0,1.0,0.0,1,19,1,0.0,0,3.0,1.0,1,0.0,7,1,0,1,1,0.0,0,1.0,0,151.0,188.0,60.0,240.0,2020
4,D,42.0,32.0,4.0,1.0,64,1.0,1.0,0.0,1,70,1,0.0,0,5.0,1.0,1,0.0,7,1,0,1,1,0.0,0,1.0,0,78.0,97.0,0.0,240.0,2020
3,D,120.0,30.0,3.0,1.0,38,1.0,1.0,1.0,1,44,1,0.0,0,3.0,1.0,1,0.0,7,1,0,1,1,1.0,0,1.0,0,120.0,121.0,120.0,240.0,2020
5,D,78.0,44.0,6.0,1.0,36,1.0,0.0,0.0,1,42,1,0.0,0,3.0,1.0,1,0.0,7,1,0,1,1,0.0,0,1.0,0,63.0,78.0,0.0,240.0,2020
5,D,48.0,52.0,7.0,1.0,62,1.0,1.0,0.0,1,69,1,0.0,0,5.0,1.0,1,0.0,7,1,0,1,1,0.0,0,1.0,0,24.0,30.0,0.0,120.0,2020
5,D,460.0,46.0,6.0,1.0,36,1.0,1.0,3.0,1,42,2,0.0,0,5.0,3.0,11,0.0,7,1,0,1,1,5.0,0,3.0,0,63.0,78.0,0.0,60.0,2020
2,D,24.0,31.0,4.0,1.0,85,1.0,1.0,14.0,1,89,1,0.0,0,3.0,2.0,1,0.0,8,1,0,1,1,14.0,0,6.0,0,33.0,41.0,0.0,120.0,2020
2,D,12.03,30.0,3.0,1.0,12,1.0,1.0,0.0,1,10,1,0.0,0,5.0,1.0,1,2.0,7,1,0,1,1,0.0,0,1.0,0,41.0,51.0,0.0,120.0,2020
6,D,60.0,36.0,5.0,1.0,59,1.0,1.0,1.0,1,66,1,0.0,0,5.0,1.0,1,1.0,7,1,0,1,1,1.0,0,1.0,0,135.0,168.0,60.0,240.0,2020
1,D,288.0,41.0,6.0,1.0,50,1.0,1.0,0.0,1,56,1,0.0,0,5.0,1.0,3,2.0,7,1,0,1,1,0.0,0,1.0,0,960.0,960.0,180.0,360.0,2020
3,D,121.0,43.0,6.0,1.0,22,1.0,1.0,0.0,1,19,2,0.0,0,5.0,3.0,1,3.0,7,1,0,1,1,0.0,0,1.0,0,151.0,188.0,60.0,240.0,2020
4,D,90.0,26.0,3.0,1.0,24,1.0,1.0,0.0,1,22,1,0.0,0,3.0,1.0,1,1.0,7,1,0,1,1,0.0,0,1.0,0,97.0,121.0,60.0,240.0,2020
4,D,48.0,43.0,6.0,1.0,58,1.0,1.0,0.0,1,65,1,0.0,0,5.0,1.0,2,1.0,7,1,0,1,1,0.0,0,1.0,0,78.0,97.0,0.0,240.0,2020
4,D,72.0,36.0,5.0,1.0,35,1.0,1.0,0.0,1,41,1,0.0,0,1.0,1.0,2,1.0,7,1,0,1,1,0.0,0,1.0,0,151.0,188.0,60.0,240.0,2020
8,D,24.0,36.0,5.0,1.0,89,1.0,0.0,0.0,1,30,1,0.0,0,6.0,1.0,1,0.0,7,1,0,1,1,0.0,0,1.0,0,37.0,46.0,0.0,240.0,2020
3,D,41.0,28.0,3.0,1.0,68,1.0,0.0,0.0,1,74,1,0.0,0,5.0,1.0,1,0.0,7,1,0,1,1,0.0,0,1.0,0,78.0,97.0,0.0,240.0,2020
8,D,97.0,48.0,6.0,1.0,89,1.0,1.0,4.0,1,30,1,0.0,0,3.0,1.0,1,2.0,7,1,0,1,1,4.0,0,3.0,0,151.0,188.0,60.0,240.0,2020
2,D,210.0,56.0,7.0,1.0,50,1.0,1.0,0.0,1,56,1,0.0,0,3.0,1.0,1,0.0,7,1,0,1,1,0.0,0,1.0,0,151.0,188.0,60.0,240.0,2020
3,D,85.0,40.0,5.0,1.0,46,1.0,0.0,0.0,1,53,1,0.0,0,6.0,1.0,3,3.0,7,1,0,1,1,0.0,0,1.0,0,121.0,151.0,60.0,240.0,2020
2,D,84.0,29.0,3.0,1.0,15,1.0,0.0,0.0,1,13,1,0.0,0,5.0,1.0,3,0.0,7,1,0,1,1,0.0,0,1.0,0,210.0,262.0,0.0,360.0,2020
3,D,70.0,71.0,8.0,1.0,24,1.0,0.0,0.0,1,22,1,0.0,0,6.0,1.0,1,0.0,7,1,0,1,1,0.0,0,1.0,0,97.0,120.0,0.0,120.0,2020
2,D,0.03,27.0,3.0,1.0,85,1.0,1.0,3.0,1,89,1,0.0,0,3.0,1.0,1,0.0,7,1,0,1,1,5.0,0,3.0,0,168.0,210.0,0.0,240.0,2020
1,D,0.03,27.0,3.0,1.0,10,1.0,0.0,0.0,1,8,2,0.0,0,5.0,3.0,1,0.0,7,1,0,1,1,0.0,0,1.0,0,97.0,121.0,0.0,240.0,2020
5,D,108.0,31.0,4.0,1.0,55,1.0,1.0,0.0,1,62,1,0.0,0,1.0,1.0,1,0.0,7,1,0,1,1,0.0,0,1.0,0,121.0,151.0,60.0,240.0,2020
5,D,72.0,38.0,5.0,1.0,54,1.0,0.0,0.0,1,61,1,0.0,0,3.0,1.0,1,3.0,7,1,0,1,1,0.0,0,1.0,0,78.0,97.0,0.0,240.0,2020
4,D,60.0,28.0,3.0,1.0,62,1.0,0.0,0.0,1,69,1,0.0,0,6.0,1.0,1,0.0,7,1,0,1,1,0.0,0,1.0,0,60.0,60.0,60.0,240.0,2020
2,D,108.0,29.0,3.0,1.0,64,1.0,1.0,0.0,1,70,1,0.0,0,5.0,1.0,1,0.0,7,1,0,1,1,0.0,0,1.0,0,151.0,188.0,60.0,240.0,2020
1,D,300.0,52.0,7.0,1.0,50,1.0,1.0,3.0,1,56,1,0.0,0,6.0,1.0,12,0.0,7,1,0,1,1,5.0,0,3.0,0,360.0,5520.0,180.0,480.0,2020
4,D,168.0,40.0,5.0,1.0,46,1.0,1.0,0.0,1,53,1,0.0,0,5.0,1.0,1,0.0,7,1,0,1,1,0.0,0,1.0,0,210.0,240.0,60.0,240.0,2020
5,D,96.0,63.0,8.0,1.0,62,1.0,1.0,6.0,1,69,1,0.0,0,3.0,1.0,1,0.0,7,1,0,1,1,8.0,0,4.0,0,60.0,60.0,60.0,240.0,2020
6,D,66.0,27.0,3.0,1.0,36,1.0,0.0,0.0,1,42,1,0.0,0,3.0,1.0,1,0.0,7,1,0,1,1,0.0,0,1.0,0,97.0,120.0,0.0,120.0,2020
1,D,12.03,26.0,3.0,1.0,3,1.0,1.0,0.0,1,1,1,0.0,0,5.0,1.0,1,0.0,7,1,0,1,1,0.0,0,1.0,0,57.0,71.0,0.0,240.0,2020
4,D,360.0,35.0,4.0,1.0,62,1.0,1.0,6.0,3,69,1,0.0,1,3.0,1.0,3,0.0,7,1,0,1,1,6.0,0,3.0,0,360.0,1320.0,180.0,480.0,2020
2,D,48.0,30.0,3.0,1.0,76,3.0,1.0,0.0,1,80,2,0.0,0,1.0,3.0,2,4.0,7,1,0,1,1,0.0,0,1.0,0,46.0,57.0,0.0,240.0,2020
1,D,126.0,63.0,8.0,1.0,3,1.0,1.0,3.0,1,1,1,0.0,0,1.0,1.0,2,0.0,7,1,0,1,1,3.0,0,2.0,0,121.0,151.0,120.0,240.0,2020
3,D,54.0,40.0,5.0,1.0,67,1.0,0.0,0.0,1,71,1,0.0,0,3.0,1.0,1,2.0,7,1,0,1,1,0.0,0,1.0,0,78.0,97.0,0.0,120.0,2020
5,D,135.0,43.0,6.0,1.0,54,1.0,1.0,1.0,1,61,1,0.0,0,3.0,1.0,1,0.0,7,1,0,1,1,1.0,0,1.0,0,151.0,188.0,60.0,240.0,2020
2,D,144.0,36.0,5.0,1.0,39,1.0,1.0,0.0,1,45,1,0.0,0,3.0,1.0,1,0.0,7,1,0,1,1,0.0,0,1.0,0,210.0,240.0,60.0,240.0,2020
8,D,78.0,53.0,7.0,1.0,60,1.0,1.0,0.0,1,67,1,0.0,0,5.0,1.0,1,3.0,7,1,0,1,1,0.0,0,1.0,0,188.0,235.0,60.0,240.0,2020
1,D,150.0,25.0,2.0,1.0,46,1.0,1.0,1.0,1,53,1,0.0,0,5.0,1.0,2,0.0,7,1,0,1,1,3.0,0,2.0,0,121.0,151.0,120.0,240.0,2020
4,D,70.0,55.0,7.0,1.0,58,1.0,1.0,0.0,1,65,1,0.0,0,5.0,1.0,4,0.0,7,1,0,1,1,0.0,0,1.0,0,97.0,121.0,0.0,240.0,2020
1,D,57.0,47.0,6.0,1.0,11,1.0,1.0,0.0,1,9,1,0.0,0,5.0,1.0,1,1.0,7,1,0,1,1,0.0,0,1.0,0,97.0,121.0,0.0,240.0,2020
8,D,48.0,39.0,5.0,1.0,78,1.0,1.0,0.0,1,82,1,0.0,0,5.0,1.0,1,2.0,7,1,0,1,1,0.0,0,1.0,0,63.0,78.0,0.0,120.0,2020
1,D,120.0,62.0,8.0,1.0,3,1.0,1.0,3.0,1,1,1,0.0,0,5.0,1.0,1,0.0,7,1,0,1,1,5.0,0,3.0,0,120.0,120.0,120.0,240.0,2020
1,D,120.0,52.0,7.0,1.0,47,1.0,1.0,2.0,1,52,1,0.0,0,3.0,2.0,2,0.0,8,1,0,1,1,2.0,0,2.0,0,33.0,41.0,0.0,120.0,2020
3,D,60.0,47.0,6.0,1.0,50,1.0,0.0,0.0,1,56,1,0.0,0,6.0,1.0,1,3.0,7,1,0,1,1,0.0,0,1.0,0,63.0,78.0,0.0,240.0,2020
1,D,360.0,40.0,5.0,1.0,41,1.0,1.0,0.0,1,47,2,0.0,0,6.0,3.0,3,0.0,7,1,0,1,1,0.0,0,1.0,0,960.0,960.0,180.0,360.0,2020
1,D,120.0,52.0,7.0,1.0,43,1.0,1.0,0.0,1,49,1,0.0,0,3.0,6.0,1,0.0,7,1,0,1,1,0.0,0,1.0,0,97.0,120.0,0.0,120.0,2020
4,D,60.0,41.0,6.0,1.0,58,1.0,0.0,0.0,1,65,1,0.0,0,5.0,1.0,4,1.0,7,1,0,1,1,0.0,0,1.0,0,151.0,188.0,60.0,240.0,2020
2,D,150.0,29.0,3.0,1.0,45,1.0,1.0,4.0,1,51,1,0.0,0,3.0,1.0,1,1.0,7,1,0,1,1,4.0,0,3.0,0,188.0,235.0,60.0,240.0,2020
2,D,27.0,35.0,4.0,1.0,64,1.0,1.0,1.0,1,70,1,0.0,0,3.0,2.0,1,1.0,8,1,0,1,1,1.0,0,1.0,0,33.0,41.0,0.0,9996.0,2020
3,D,121.0,36.0,5.0,1.0,26,1.0,1.0,0.0,1,24,1,0.0,0,5.0,1.0,1,0.0,7,1,0,1,1,0.0,0,1.0,0,97.0,121.0,60.0,240.0,2020
3,D,40.0,42.0,6.0,1.0,68,1.0,1.0,0.0,1,74,1,0.0,0,5.0,1.0,1,,7,1,0,1,1,0.0,0,1.0,0,78.0,97.0,0.0,240.0,2020
1,D,36.0,37.0,5.0,1.0,47,1.0,1.0,4.0,1,52,1,0.0,0,5.0,2.0,1,6.0,8,1,0,1,1,4.0,0,3.0,0,37.0,46.0,0.0,240.0,2020
1,D,180.0,42.0,6.0,1.0,50,1.0,1.0,0.0,1,56,1,0.0,0,5.0,1.0,9,0.0,7,1,0,1,1,0.0,0,1.0,0,180.0,188.0,180.0,360.0,2020
2,D,144.0,38.0,5.0,1.0,15,1.0,1.0,0.0,1,13,1,0.0,0,3.0,1.0,4,0.0,7,1,0,1,1,0.0,0,1.0,0,151.0,188.0,60.0,240.0,2020
2,D,60.0,44.0,6.0,1.0,76,1.0,0.0,0.0,1,80,1,0.0,0,5.0,1.0,1,1.0,7,1,0,1,1,0.0,0,1.0,0,97.0,121.0,60.0,240.0,2020
3,D,120.0,29.0,3.0,1.0,31,1.0,1.0,1.0,1,37,1,0.0,0,5.0,1.0,1,2.0,7,1,0,1,1,1.0,0,1.0,0,120.0,120.0,0.0,120.0,2020
8,D,96.0,29.0,3.0,1.0,31,1.0,1.0,1.0,1,37,1,0.0,0,3.0,1.0,1,0.0,7,1,0,1,1,1.0,0,1.0,0,151.0,188.0,60.0,240.0,2020
6,D,0.03,82.0,8.0,1.0,11,1.0,0.0,0.0,1,9,1,0.0,0,5.0,1.0,1,0.0,7,1,0,1,1,0.0,0,1.0,0,78.0,97.0,0.0,240.0,2020
5,D,48.0,22.0,2.0,1.0,55,1.0,0.0,0.0,1,62,1,0.0,0,1.0,1.0,1,1.0,7,1,0,1,1,0.0,0,1.0,0,87.0,108.0,0.0,240.0,2020
8,C,6.0,52.0,7.0,1.0,89,1.0,1.0,1.0,1,30,1,0.0,0,5.0,2.0,1,0.0,8,1,0,1,1,1.0,0,1.0,0,12.0,18.0,0.0,60.0,2020
C,D,96.0,39.0,5.0,1.0,46,1.0,1.0,4.0,1,53,1,0.0,0,3.0,1.0,1,0.0,7,1,0,1,1,4.0,0,3.0,0,121.0,151.0,0.0,240.0,2020
1,D,151.0,35.0,4.0,1.0,41,1.0,1.0,0.0,1,47,1,0.0,0,1.0,1.0,1,0.0,7,1,0,1,1,0.0,0,1.0,0,121.0,151.0,60.0,240.0,2020
1,D,180.0,29.0,3.0,1.0,1,1.0,1.0,0.0,1,90,1,0.0,0,5.0,1.0,1,0.0,7,1,0,1,1,0.0,0,1.0,0,262.0,327.0,180.0,360.0,2020
1,D,51.0,46.0,6.0,1.0,2,1.0,1.0,0.0,3,0,1,0.0,1,3.0,1.0,1,0.0,7,1,0,1,1,0.0,0,1.0,0,63.0,78.0,0.0,120.0,2020
C,D,96.0,21.0,2.0,1.0,46,1.0,0.0,0.0,1,53,1,0.0,0,3.0,1.0,2,1.0,7,1,0,1,1,0.0,0,1.0,0,135.0,168.0,0.0,240.0,2020
3,D,60.0,31.0,4.0,1.0,36,1.0,1.0,0.0,1,42,2,0.0,0,5.0,3.0,1,0.0,7,1,0,1,1,0.0,0,1.0,0,121.0,151.0,60.0,240.0,2020
4,D,150.0,50.0,6.0,1.0,67,1.0,1.0,6.0,1,71,1,0.0,0,5.0,1.0,1,0.0,7,1,0,1,1,8.0,0,4.0,0,135.0,168.0,0.0,240.0,2020
2,D,10.0,25.0,2.0,1.0,17,1.0,0.0,0.0,1,15,1,0.0,0,5.0,1.0,1,0.0,7,1,0,1,1,0.0,0,1.0,0,51.0,63.0,0.0,240.0,2020
4,D,28.0,63.0,8.0,1.0,67,1.0,0.0,0.0,1,71,1,0.0,0,6.0,1.0,1,0.0,7,1,0,1,1,0.0,0,1.0,0,78.0,97.0,0.0,240.0,2020
4,D,33.0,65.0,8.0,1.0,67,1.0,0.0,0.0,1,71,1,0.0,0,6.0,1.0,1,2.0,7,1,0,1,1,0.0,0,1.0,0,78.0,97.0,0.0,240.0,2020
4,D,48.0,51.0,7.0,1.0,67,2.0,0.0,0.0,1,71,1,0.0,0,5.0,1.0,1,0.0,7,1,0,1,1,0.0,0,1.0,0,78.0,97.0,0.0,240.0,2020
3,D,108.0,28.0,3.0,1.0,61,1.0,1.0,0.0,1,68,1,0.0,0,5.0,1.0,2,0.0,7,1,0,1,1,0.0,0,1.0,0,151.0,188.0,60.0,240.0,2020
3,D,135.0,52.0,7.0,1.0,61,1.0,1.0,3.0,1,68,1,0.0,0,5.0,1.0,2,0.0,7,1,0,1,1,3.0,0,2.0,0,135.0,168.0,60.0,240.0,2020
1,D,96.0,44.0,6.0,1.0,47,1.0,0.0,0.0,1,52,1,0.0,0,5.0,1.0,1,0.0,7,1,0,1,1,0.0,0,1.0,0,151.0,188.0,60.0,240.0,2020
1,D,180.0,36.0,5.0,1.0,66,1.0,1.0,3.0,1,72,1,0.0,0,5.0,1.0,2,0.0,7,1,0,1,1,3.0,0,2.0,0,235.0,293.0,60.0,240.0,2020
2,D,24.0,67.0,8.0,1.0,12,1.0,0.0,0.0,1,10,1,0.0,0,6.0,1.0,1,2.0,7,1,0,1,1,0.0,0,1.0,0,46.0,57.0,0.0,120.0,2020
3,D,63.0,45.0,6.0,1.0,5,1.0,0.0,0.0,1,4,0,0.0,0,5.0,1.0,2,0.0,7,1,0,1,1,0.0,0,1.0,0,151.0,188.0,60.0,240.0,2020
5,D,84.0,31.0,4.0,1.0,55,1.0,1.0,4.0,1,62,1,0.0,0,1.0,1.0,1,0.0,7,1,0,1,1,6.0,0,3.0,0,121.0,151.0,0.0,240.0,2020
4,D,70.0,55.0,7.0,1.0,35,1.0,1.0,0.0,1,41,1,0.0,0,3.0,1.0,2,6.0,7,1,0,1,1,0.0,0,1.0,0,151.0,188.0,60.0,240.0,2020
1,D,200.0,40.0,5.0,1.0,66,1.0,1.0,25.0,1,72,2,0.0,0,5.0,3.0,1,0.0,7,1,0,1,1,27.0,0,6.0,0,168.0,210.0,60.0,240.0,2020
5,D,80.0,55.0,7.0,1.0,9,1.0,1.0,0.0,1,6,1,0.0,0,5.0,1.0,3,4.0,7,1,0,1,1,0.0,0,1.0,0,210.0,262.0,60.0,240.0,2020
1,D,78.0,29.0,3.0,1.0,22,1.0,0.0,0.0,1,19,1,0.0,0,5.0,1.0,1,0.0,7,1,0,1,1,0.0,0,1.0,0,210.0,240.0,60.0,240.0,2020
2,D,97.0,32.0,4.0,1.0,64,1.0,0.0,0.0,1,70,1,0.0,0,5.0,1.0,1,0.0,7,1,0,1,1,0.0,0,1.0,0,97.0,121.0,60.0,240.0,2020
8,D,27.0,39.0,5.0,1.0,89,1.0,1.0,2.0,1,30,1,0.0,0,5.0,2.0,1,5.0,8,1,0,1,1,2.0,0,2.0,0,21.0,27.0,0.0,120.0,2020
3,D,60.0,56.0,7.0,1.0,75,1.0,0.0,0.0,1,79,1,0.0,0,5.0,1.0,1,0.0,7,1,0,1,1,0.0,0,1.0,0,97.0,121.0,60.0,240.0,2020
1,D,60.0,41.0,6.0,1.0,1,1.0,1.0,0.0,1,90,1,0.0,0,1.0,1.0,1,0.0,7,1,0,1,1,0.0,0,1.0,0,60.0,71.0,60.0,240.0,2020
2,D,156.0,56.0,7.0,1.0,64,1.0,0.0,0.0,1,70,1,0.0,0,5.0,1.0,1,0.0,7,1,0,1,1,0.0,0,1.0,0,240.0,240.0,60.0,240.0,2020
2,D,84.0,38.0,5.0,1.0,15,1.0,1.0,0.0,1,13,1,0.0,0,3.0,1.0,2,0.0,7,1,0,1,1,0.0,0,1.0,0,121.0,151.0,60.0,240.0,2020
4,D,97.0,49.0,6.0,1.0,53,1.0,1.0,0.0,1,60,1,0.0,0,5.0,1.0,1,1.0,7,1,0,1,1,0.0,0,1.0,0,97.0,121.0,60.0,240.0,2020
1,D,40.0,54.0,7.0,1.0,36,1.0,0.0,0.0,1,42,1,0.0,0,5.0,1.0,1,0.0,7,1,0,1,1,0.0,0,1.0,0,78.0,97.0,0.0,240.0,2020
8,D,48.0,49.0,6.0,1.0,19,1.0,1.0,0.0,1,16,2,0.0,0,6.0,3.0,1,0.0,7,1,0,1,1,0.0,0,1.0,0,78.0,97.0,0.0,240.0,2020
1,D,30.0,40.0,5.0,1.0,93,1.0,0.0,0.0,1,32,1,0.0,0,6.0,1.0,1,0.0,7,1,0,1,1,0.0,0,1.0,0,78.0,97.0,0.0,240.0,2020
2,D,48.0,30.0,3.0,1.0,35,1.0,0.0,0.0,1,41,1,0.0,0,5.0,1.0,1,0.0,7,1,0,1,1,0.0,0,1.0,0,97.0,121.0,0.0,240.0,2020
3,D,72.0,38.0,5.0,1.0,89,1.0,1.0,4.0,3,30,1,0.0,1,1.0,1.0,1,3.0,7,1,0,1,1,6.0,0,3.0,0,87.0,108.0,0.0,240.0,2020
1,C,0.03,67.0,8.0,1.0,10,1.0,1.0,0.0,1,8,1,1.0,0,3.0,6.0,1,0.0,8,1,0,2,1,0.0,0,1.0,0,10.0,16.0,0.0,60.0,2020
4,D,120.0,76.0,8.0,1.0,58,1.0,1.0,0.0,1,65,1,0.0,0,5.0,1.0,1,0.0,7,1,0,1,1,0.0,0,1.0,0,240.0,240.0,60.0,240.0,2020
2,D,120.0,74.0,8.0,1.0,86,1.0,1.0,3.0,1,27,1,0.0,0,3.0,1.0,1,0.0,7,1,0,1,1,3.0,0,2.0,0,151.0,188.0,120.0,240.0,2020
2,D,84.0,35.0,4.0,1.0,65,1.0,0.0,0.0,1,73,2,0.0,0,3.0,3.0,5,1.0,7,1,0,1,1,0.0,0,1.0,0,151.0,188.0,60.0,240.0,2020
5,D,24.0,38.0,5.0,1.0,26,1.0,0.0,0.0,1,24,1,0.0,0,5.0,1.0,1,0.0,7,1,0,1,1,0.0,0,1.0,0,78.0,97.0,0.0,240.0,2020
2,D,120.0,20.0,1.0,1.0,42,1.0,1.0,2.0,1,48,1,0.0,0,3.0,1.0,1,0.0,7,1,0,1,1,2.0,0,2.0,0,240.0,240.0,60.0,240.0,2020
2,D,120.0,48.0,6.0,1.0,12,1.0,1.0,3.0,1,10,1,0.0,0,3.0,1.0,1,0.0,7,1,0,1,1,5.0,0,3.0,0,120.0,135.0,120.0,240.0,2020
2,D,141.0,63.0,8.0,1.0,43,1.0,1.0,1.0,1,49,1,0.0,0,5.0,1.0,1,0.0,7,1,0,1,1,1.0,0,1.0,0,188.0,235.0,60.0,240.0,2020
1,D,96.0,51.0,7.0,1.0,42,1.0,1.0,0.0,1,48,1,0.0,0,3.0,1.0,1,1.0,7,1,0,1,1,0.0,0,1.0,0,120.0,120.0,0.0,120.0,2020
3,D,60.0,30.0,3.0,1.0,5,1.0,0.0,0.0,1,4,2,0.0,0,5.0,3.0,2,0.0,7,1,0,1,1,0.0,0,1.0,0,151.0,188.0,60.0,240.0,2020
5,D,180.0,37.0,5.0,1.0,41,1.0,1.0,1.0,1,47,0,0.0,0,3.0,1.0,1,1.0,7,1,0,1,1,1.0,0,1.0,0,180.0,180.0,180.0,480.0,2020
4,D,120.0,68.0,8.0,1.0,35,1.0,0.0,0.0,1,41,1,0.0,0,6.0,1.0,2,0.0,7,1,0,1,1,0.0,0,1.0,0,151.0,188.0,60.0,240.0,2020
2,D,0.03,32.0,4.0,1.0,65,1.0,1.0,8.0,1,73,2,0.0,0,5.0,3.0,1,0.0,7,1,0,1,1,10.0,0,5.0,0,130.0,162.0,0.0,240.0,2020
1,D,0.03,36.0,5.0,1.0,91,1.0,1.0,0.0,1,31,1,0.0,0,6.0,2.0,1,0.0,7,1,0,1,1,0.0,0,1.0,0,78.0,97.0,0.0,240.0,2020
3,D,168.0,55.0,7.0,1.0,34,1.0,1.0,0.0,1,39,1,0.0,0,6.0,1.0,1,0.0,7,1,0,1,1,0.0,0,1.0,0,210.0,240.0,60.0,240.0,2020
3,D,60.0,36.0,5.0,1.0,42,1.0,1.0,0.0,1,48,1,0.0,0,3.0,1.0,1,2.0,7,1,0,1,1,0.0,0,1.0,0,121.0,151.0,0.0,240.0,2020
3,D,18.0,30.0,3.0,1.0,68,1.0,1.0,3.0,1,74,1,0.0,0,5.0,6.0,1,0.0,7,1,0,1,1,3.0,0,2.0,0,70.0,87.0,0.0,240.0,2020
1,D,60.0,33.0,4.0,1.0,1,1.0,1.0,1.0,1,90,1,0.0,0,5.0,1.0,1,0.0,7,1,0,1,1,1.0,0,1.0,0,78.0,97.0,60.0,240.0,2020
3,D,180.0,44.0,6.0,1.0,90,1.0,1.0,3.0,1,29,1,0.0,0,3.0,1.0,2,0.0,7,1,0,1,1,5.0,0,3.0,0,180.0,180.0,180.0,480.0,2020
2,D,60.0,23.0,2.0,1.0,30,1.0,0.0,0.0,1,36,1,0.0,0,5.0,2.0,1,0.0,7,1,0,1,1,0.0,0,1.0,0,63.0,78.0,60.0,240.0,2020
3,D,80.0,28.0,3.0,1.0,38,1.0,0.0,0.0,1,44,1,0.0,0,3.0,1.0,2,0.0,7,1,0,1,1,0.0,0,1.0,0,97.0,121.0,0.0,120.0,2020
1,D,78.0,33.0,4.0,1.0,11,1.0,1.0,1.0,1,9,1,0.0,0,5.0,1.0,1,1.0,7,1,0,1,1,1.0,0,1.0,0,78.0,97.0,0.0,240.0,2020
G,D,120.0,57.0,7.0,1.0,20,1.0,1.0,0.0,1,17,1,0.0,0,3.0,1.0,1,0.0,7,1,0,1,1,0.0,0,1.0,0,120.0,120.0,120.0,240.0,2020
1,D,72.0,29.0,3.0,1.0,3,1.0,0.0,0.0,1,1,1,0.0,0,6.0,1.0,2,0.0,7,1,0,1,1,0.0,0,1.0,0,151.0,188.0,60.0,240.0,2020
1,D,78.0,26.0,3.0,1.0,35,1.0,0.0,0.0,1,41,2,0.0,0,3.0,3.0,3,0.0,7,1,0,1,1,0.0,0,1.0,0,78.0,97.0,60.0,240.0,2020
4,D,97.0,56.0,7.0,1.0,33,1.0,1.0,0.0,1,40,1,0.0,0,5.0,1.0,1,0.0,7,1,0,1,1,0.0,0,1.0,0,78.0,97.0,0.0,240.0,2020
4,D,120.0,63.0,8.0,1.0,90,1.0,1.0,5.0,1,29,1,0.0,0,3.0,1.0,1,0.0,7,1,0,1,1,5.0,0,3.0,0,168.0,210.0,120.0,240.0,2020
3,D,180.0,52.0,7.0,1.0,47,1.0,1.0,0.0,1,52,1,0.0,0,5.0,1.0,2,0.0,7,1,0,1,1,0.0,0,1.0,0,210.0,262.0,60.0,240.0,2020
5,D,72.0,33.0,4.0,1.0,54,1.0,0.0,0.0,1,61,1,0.0,0,6.0,1.0,1,0.0,7,1,0,1,1,0.0,0,1.0,0,151.0,188.0,60.0,240.0,2020
1,D,60.0,48.0,6.0,1.0,24,1.0,0.0,0.0,1,22,1,0.0,0,6.0,1.0,1,2.0,7,1,0,1,1,0.0,0,1.0,0,97.0,121.0,60.0,240.0,2020
8,D,400.0,54.0,7.0,1.0,60,1.0,1.0,3.0,3,67,1,0.0,1,5.0,1.0,4,0.0,7,1,0,1,1,3.0,0,2.0,0,324.0,405.0,120.0,240.0,2020
6,D,,32.0,4.0,1.0,11,1.0,1.0,1.0,1,9,1,0.0,0,5.0,1.0,1,0.0,7,0,1,3,0,1.0,0,1.0,0,63.0,78.0,0.0,120.0,2020
6,D,120.0,31.0,4.0,1.0,11,1.0,1.0,5.0,1,9,1,0.0,0,3.0,1.0,1,0.0,7,1,0,1,1,7.0,0,4.0,0,120.0,120.0,120.0,240.0,2020
3,D,58.0,35.0,4.0,1.0,31,1.0,1.0,0.0,1,37,1,0.0,0,1.0,1.0,1,0.0,7,1,0,1,1,0.0,0,1.0,0,70.0,87.0,0.0,240.0,2020
3,D,60.0,39.0,5.0,1.0,36,1.0,0.0,0.0,1,42,0,0.0,0,5.0,1.0,1,3.0,7,1,0,1,1,0.0,0,1.0,0,78.0,97.0,0.0,240.0,2020
4,D,60.0,52.0,7.0,1.0,35,1.0,1.0,0.0,1,41,1,0.0,0,6.0,1.0,2,3.0,7,1,0,1,1,0.0,0,1.0,0,121.0,151.0,60.0,240.0,2020
1,D,24.0,29.0,3.0,1.0,55,1.0,0.0,0.0,1,62,1,0.0,0,3.0,1.0,1,0.0,7,1,0,1,1,0.0,0,1.0,0,97.0,121.0,0.0,240.0,2020
2,D,63.0,37.0,5.0,1.0,17,1.0,1.0,0.0,1,15,1,0.0,0,5.0,1.0,1,0.0,7,1,0,1,1,0.0,0,1.0,0,63.0,78.0,0.0,240.0,2020
2,D,84.0,29.0,3.0,1.0,40,1.0,1.0,2.0,1,46,1,0.0,0,3.0,1.0,1,0.0,7,1,0,1,1,4.0,0,3.0,0,188.0,235.0,60.0,240.0,2020
4,D,104.0,57.0,7.0,1.0,56,1.0,0.0,0.0,1,63,1,0.0,0,5.0,1.0,1,0.0,7,1,0,1,1,0.0,0,1.0,0,151.0,188.0,60.0,240.0,2020
3,D,,22.0,2.0,1.0,26,1.0,1.0,0.0,1,24,1,0.0,0,5.0,1.0,1,0.0,7,0,1,4,0,0.0,0,1.0,0,51.0,63.0,0.0,240.0,2020
2,D,188.0,21.0,2.0,1.0,36,1.0,0.0,0.0,1,42,2,0.0,0,3.0,3.0,1,0.0,7,1,0,1,1,0.0,0,1.0,0,151.0,188.0,60.0,240.0,2020
3,D,60.0,32.0,4.0,1.0,50,1.0,1.0,4.0,1,56,1,0.0,0,3.0,1.0,2,0.0,7,1,0,1,1,4.0,0,3.0,0,78.0,97.0,0.0,240.0,2020
4,D,144.0,55.0,7.0,1.0,56,1.0,1.0,1.0,1,63,1,0.0,0,3.0,1.0,1,0.0,7,1,0,1,1,1.0,0,1.0,0,120.0,120.0,120.0,240.0,2020
4,D,84.0,56.0,7.0,1.0,56,1.0,0.0,0.0,1,63,1,0.0,0,5.0,1.0,1,0.0,7,1,0,1,1,0.0,0,1.0,0,97.0,121.0,0.0,240.0,2020
1,D,198.0,47.0,6.0,1.0,47,1.0,1.0,0.0,1,52,1,0.0,0,1.0,2.0,1,0.0,7,1,0,1,1,0.0,0,1.0,0,360.0,480.0,180.0,480.0,2020
1,D,102.72,37.0,5.0,1.0,51,1.0,1.0,5.0,1,57,1,0.0,0,3.0,1.0,1,0.0,7,1,0,1,1,7.0,0,4.0,0,120.0,120.0,120.0,240.0,2020
1,D,121.0,27.0,3.0,1.0,11,1.0,1.0,4.0,1,9,1,0.0,0,5.0,1.0,1,0.0,7,1,0,1,1,6.0,0,3.0,0,121.0,151.0,120.0,240.0,2020
2,D,225.0,26.0,3.0,1.0,51,1.0,1.0,4.0,1,57,1,0.0,0,3.0,1.0,2,2.0,7,1,0,1,1,6.0,0,3.0,0,292.0,365.0,120.0,9996.0,2020
1,D,60.0,63.0,8.0,1.0,85,1.0,1.0,0.0,1,89,1,0.0,0,5.0,1.0,1,1.0,7,1,0,1,1,0.0,0,1.0,0,97.0,121.0,60.0,240.0,2020
3,D,96.0,24.0,2.0,1.0,46,1.0,0.0,0.0,1,53,1,0.0,0,3.0,1.0,3,0.0,7,1,0,1,1,0.0,0,1.0,0,121.0,151.0,60.0,240.0,2020
2,D,120.0,41.0,6.0,1.0,39,1.0,1.0,3.0,1,45,1,0.0,0,5.0,1.0,1,1.0,7,1,0,1,1,5.0,0,3.0,0,168.0,210.0,120.0,240.0,2020
1,D,84.0,38.0,5.0,1.0,14,1.0,1.0,0.0,1,12,1,0.0,0,3.0,1.0,1,1.0,7,1,0,1,1,0.0,0,1.0,0,97.0,121.0,60.0,240.0,2020
3,D,60.0,33.0,4.0,1.0,7,1.0,0.0,0.0,1,5,1,0.0,0,3.0,1.0,1,0.0,7,1,0,1,1,0.0,0,1.0,0,60.0,60.0,60.0,240.0,2020
2,D,80.0,64.0,8.0,1.0,2,1.0,0.0,0.0,1,0,1,0.0,0,5.0,1.0,1,0.0,7,1,0,1,1,0.0,0,1.0,0,135.0,168.0,0.0,240.0,2020
3,D,264.0,46.0,6.0,1.0,24,1.0,1.0,6.0,1,22,1,0.0,0,3.0,1.0,2,1.0,7,1,0,1,1,8.0,0,4.0,0,180.0,210.0,180.0,480.0,2020
2,D,48.0,37.0,5.0,1.0,76,1.0,0.0,0.0,1,80,1,0.0,0,5.0,1.0,1,0.0,7,1,0,1,1,0.0,0,1.0,0,97.0,121.0,0.0,240.0,2020
3,D,60.0,38.0,5.0,1.0,24,1.0,0.0,0.0,1,22,1,0.0,0,5.0,1.0,1,0.0,7,1,0,1,1,0.0,0,1.0,0,151.0,188.0,60.0,240.0,2020
4,D,60.0,67.0,8.0,1.0,90,1.0,0.0,0.0,1,29,1,0.0,0,6.0,1.0,1,2.0,7,1,0,1,1,0.0,0,1.0,0,121.0,151.0,60.0,240.0,2020
4,C,0.03,46.0,6.0,1.0,90,1.0,1.0,0.0,1,29,1,0.0,0,3.0,2.0,1,2.0,8,1,0,2,1,0.0,0,1.0,0,10.0,16.0,0.0,60.0,2020
4,D,420.0,41.0,6.0,1.0,33,1.0,1.0,0.0,1,40,1,0.0,0,5.0,1.0,3,0.0,7,1,0,1,1,0.0,0,1.0,0,210.0,262.0,60.0,240.0,2020
4,D,97.0,49.0,6.0,1.0,56,1.0,1.0,0.0,1,63,1,0.0,0,3.0,1.0,1,0.0,7,1,0,1,1,0.0,0,1.0,0,97.0,121.0,60.0,240.0,2020
1,D,96.0,56.0,7.0,1.0,11,1.0,1.0,0.0,1,9,1,0.0,0,6.0,1.0,1,0.0,7,1,0,1,1,0.0,0,1.0,0,151.0,188.0,0.0,240.0,2020
3,D,145.0,33.0,4.0,1.0,57,1.0,1.0,4.0,1,64,1,0.0,0,6.0,6.0,1,0.0,7,1,0,1,1,4.0,0,3.0,0,168.0,210.0,60.0,240.0,2020
4,D,151.0,27.0,3.0,1.0,92,1.0,1.0,3.0,1,33,1,0.0,0,3.0,2.0,1,0.0,7,1,0,1,1,5.0,0,3.0,0,188.0,235.0,0.0,240.0,2020
2,D,168.0,30.0,3.0,1.0,64,1.0,0.0,0.0,3,70,1,0.0,1,3.0,1.0,6,0.0,7,1,0,1,1,0.0,0,1.0,0,210.0,262.0,60.0,240.0,2020
1,D,132.0,30.0,3.0,1.0,9,1.0,1.0,2.0,1,6,1,0.0,0,3.0,1.0,2,0.0,7,1,0,1,1,2.0,0,2.0,0,235.0,293.0,60.0,240.0,2020
2,D,54.0,45.0,6.0,1.0,84,1.0,1.0,0.0,1,88,1,0.0,0,6.0,1.0,1,0.0,7,1,0,1,1,0.0,0,1.0,0,97.0,121.0,0.0,240.0,2020
4,D,120.0,46.0,6.0,1.0,57,1.0,1.0,5.0,1,64,1,0.0,0,3.0,1.0,2,0.0,7,1,0,1,1,5.0,0,3.0,0,120.0,120.0,120.0,240.0,2020
1,D,120.0,30.0,3.0,1.0,78,1.0,1.0,0.0,1,82,1,0.0,0,5.0,1.0,1,0.0,7,1,0,1,1,0.0,0,1.0,0,108.0,120.0,0.0,120.0,2020
4,D,121.0,49.0,6.0,1.0,34,1.0,1.0,3.0,1,39,1,0.0,0,6.0,1.0,1,4.0,7,1,0,1,1,5.0,0,3.0,0,120.0,121.0,120.0,240.0,2020
9,D,97.0,65.0,8.0,1.0,91,1.0,1.0,0.0,1,31,1,0.0,0,6.0,1.0,1,0.0,7,1,0,1,1,0.0,0,1.0,0,97.0,121.0,0.0,240.0,2020
6,D,108.0,39.0,5.0,1.0,59,1.0,1.0,2.0,1,66,1,0.0,0,5.0,1.0,1,0.0,7,1,0,1,1,4.0,0,3.0,0,135.0,168.0,60.0,240.0,2020
2,D,78.0,36.0,5.0,1.0,15,1.0,0.0,0.0,1,13,1,0.0,0,6.0,1.0,3,0.0,7,1,0,1,1,0.0,0,1.0,0,121.0,151.0,60.0,240.0,2020
4,C,1.97,22.0,2.0,1.0,20,1.0,1.0,0.0,1,17,1,0.0,0,3.0,6.0,1,1.0,8,1,0,1,1,0.0,0,1.0,0,12.0,18.0,0.0,60.0,2020
2,D,60.0,63.0,8.0,1.0,76,1.0,0.0,0.0,1,80,1,0.0,0,5.0,1.0,1,0.0,7,1,0,1,1,0.0,0,1.0,0,108.0,135.0,60.0,240.0,2020
8,D,46.0,33.0,4.0,1.0,89,1.0,1.0,1.0,1,30,1,0.0,0,3.0,1.0,2,1.0,7,1,0,1,1,1.0,0,1.0,0,78.0,97.0,0.0,240.0,2020
4,D,15.0,26.0,3.0,1.0,56,1.0,1.0,1.0,1,63,1,1.0,0,3.0,1.0,1,2.0,8,1,0,1,1,3.0,0,2.0,0,15.0,21.0,0.0,60.0,2020
5,D,121.0,36.0,5.0,1.0,22,1.0,1.0,0.0,1,19,1,0.0,0,5.0,1.0,1,,7,1,0,1,1,0.0,0,1.0,0,151.0,188.0,60.0,240.0,2020
3,D,48.0,42.0,6.0,1.0,67,1.0,0.0,0.0,1,71,1,0.0,0,5.0,1.0,1,2.0,7,1,0,1,1,0.0,0,1.0,0,135.0,168.0,0.0,240.0,2020
3,D,75.0,29.0,3.0,1.0,34,1.0,0.0,0.0,1,39,2,0.0,0,1.0,3.0,1,2.0,7,1,0,1,1,0.0,0,1.0,0,78.0,97.0,0.0,240.0,2020
1,D,42.0,44.0,6.0,1.0,36,1.0,0.0,0.0,1,42,2,0.0,0,6.0,3.0,1,0.0,7,1,0,1,1,0.0,0,1.0,0,121.0,151.0,0.0,240.0,2020
1,D,120.0,37.0,5.0,1.0,17,1.0,1.0,,1,15,1,0.0,0,3.0,2.0,1,1.0,7,1,0,1,1,,0,5.0,0,188.0,235.0,60.0,240.0,2020
2,D,60.0,48.0,6.0,1.0,84,1.0,1.0,1.0,1,88,2,0.0,0,3.0,3.0,1,0.0,7,1,0,1,1,1.0,0,1.0,0,97.0,121.0,60.0,240.0,2020
1,D,240.0,33.0,4.0,1.0,41,1.0,0.0,0.0,1,47,1,0.0,0,5.0,1.0,2,1.0,7,1,0,1,1,0.0,0,1.0,0,324.0,405.0,60.0,240.0,2020
1,D,24.0,56.0,7.0,1.0,8,1.0,1.0,0.0,1,7,1,0.0,0,1.0,1.0,1,0.0,7,1,0,2,1,0.0,0,1.0,0,97.0,121.0,0.0,240.0,2020
6,D,60.0,44.0,6.0,1.0,8,1.0,0.0,0.0,1,7,2,0.0,0,6.0,3.0,2,1.0,7,1,0,1,1,0.0,0,1.0,0,97.0,121.0,60.0,240.0,2020
3,D,132.0,26.0,3.0,1.0,57,1.0,1.0,7.0,1,64,1,0.0,0,5.0,2.0,2,1.0,7,1,0,1,1,9.0,0,4.0,0,121.0,151.0,60.0,240.0,2020
1,D,60.0,57.0,7.0,1.0,9,1.0,1.0,3.0,1,6,1,0.0,0,3.0,1.0,2,0.0,7,1,0,1,1,3.0,0,2.0,0,108.0,135.0,60.0,240.0,2020
3,D,97.0,26.0,3.0,1.0,43,1.0,0.0,0.0,1,49,1,0.0,0,1.0,1.0,2,0.0,7,1,0,1,1,0.0,0,1.0,0,97.0,121.0,60.0,240.0,2020
6,D,600.0,36.0,5.0,1.0,79,1.0,1.0,7.0,1,83,1,0.0,0,3.0,1.0,6,1.0,7,1,0,1,1,7.0,0,5.0,0,2160.0,2160.0,300.0,600.0,2020
6,D,292.0,60.0,7.0,1.0,79,1.0,1.0,3.0,3,83,1,0.0,1,6.0,1.0,5,1.0,7,1,0,1,1,3.0,0,2.0,0,324.0,405.0,180.0,480.0,2020
4,D,160.0,40.0,5.0,1.0,57,1.0,1.0,0.0,1,64,1,0.0,0,5.0,1.0,2,0.0,7,1,0,1,1,0.0,0,1.0,0,151.0,188.0,60.0,240.0,2020
2,D,60.0,25.0,2.0,1.0,17,1.0,0.0,0.0,1,15,1,0.0,0,5.0,1.0,1,0.0,7,1,0,1,1,0.0,0,1.0,0,97.0,121.0,0.0,240.0,2020
4,D,180.0,49.0,6.0,1.0,94,1.0,1.0,3.0,1,34,1,0.0,0,5.0,1.0,1,0.0,7,1,0,1,1,5.0,0,3.0,0,180.0,180.0,180.0,480.0,2020
1,D,60.0,33.0,4.0,1.0,85,1.0,1.0,2.0,1,89,1,0.0,0,3.0,1.0,1,1.0,7,1,0,1,1,2.0,0,2.0,0,108.0,135.0,60.0,240.0,2020
2,D,0.03,38.0,5.0,1.0,15,1.0,0.0,0.0,1,13,1,0.0,0,6.0,1.0,1,0.0,7,1,0,1,1,0.0,0,1.0,0,78.0,97.0,0.0,240.0,2020
3,D,16.0,30.0,3.0,1.0,5,1.0,0.0,0.0,1,4,2,0.0,0,5.0,3.0,1,0.0,7,1,0,1,1,0.0,0,1.0,0,51.0,63.0,0.0,240.0,2020
4,D,60.0,50.0,6.0,1.0,67,1.0,1.0,0.0,1,71,1,0.0,0,3.0,1.0,2,0.0,7,1,0,1,1,0.0,0,1.0,0,121.0,151.0,60.0,240.0,2020
2,D,36.0,69.0,8.0,1.0,64,1.0,0.0,0.0,1,70,1,0.0,0,5.0,1.0,1,0.0,7,1,0,1,1,0.0,0,1.0,0,63.0,78.0,0.0,240.0,2020
2,D,90.0,44.0,6.0,1.0,87,1.0,1.0,0.0,1,26,1,0.0,0,5.0,1.0,1,0.0,7,1,0,1,1,0.0,0,1.0,0,78.0,97.0,0.0,240.0,2020
E,D,60.0,63.0,8.0,1.0,24,1.0,0.0,0.0,1,22,1,0.0,0,6.0,1.0,1,2.0,7,1,0,1,1,0.0,0,1.0,0,188.0,235.0,60.0,240.0,2020
2,D,36.0,31.0,4.0,1.0,73,1.0,0.0,0.0,1,78,1,0.0,0,3.0,1.0,1,0.0,7,1,0,1,1,0.0,0,1.0,0,78.0,97.0,0.0,240.0,2020
3,D,60.0,28.0,3.0,1.0,36,1.0,1.0,0.0,1,42,1,0.0,0,5.0,1.0,1,0.0,7,1,0,1,1,0.0,0,1.0,0,97.0,121.0,60.0,240.0,2020
5,D,240.0,38.0,5.0,1.0,20,1.0,1.0,0.0,1,17,1,0.0,0,6.0,1.0,1,1.0,7,1,0,1,1,0.0,0,1.0,0,240.0,240.0,60.0,240.0,2020
3,D,108.0,35.0,4.0,1.0,36,1.0,1.0,3.0,1,42,2,0.0,0,5.0,3.0,1,0.0,7,1,0,1,1,3.0,0,2.0,0,168.0,210.0,60.0,240.0,2020
3,D,84.0,42.0,6.0,1.0,90,1.0,1.0,0.0,1,29,1,0.0,0,5.0,1.0,1,0.0,7,1,0,1,1,0.0,0,1.0,0,121.0,151.0,60.0,240.0,2020
3,D,77.79,49.0,6.0,1.0,34,3.0,1.0,0.0,1,39,2,0.0,0,3.0,3.0,2,0.0,7,1,0,1,1,0.0,0,1.0,0,78.0,97.0,0.0,240.0,2020
4,D,144.0,34.0,4.0,1.0,94,1.0,1.0,4.0,1,34,1,1.0,0,3.0,1.0,1,1.0,7,1,0,1,1,6.0,0,3.0,0,151.0,188.0,60.0,240.0,2020
1,D,70.0,52.0,7.0,1.0,71,1.0,0.0,0.0,1,76,1,0.0,0,6.0,1.0,1,0.0,7,1,0,1,1,0.0,0,1.0,0,135.0,168.0,0.0,240.0,2020
2,D,97.0,56.0,7.0,1.0,30,1.0,1.0,0.0,1,36,1,0.0,0,6.0,1.0,1,2.0,7,1,0,1,1,0.0,0,1.0,0,78.0,97.0,0.0,240.0,2020
6,D,90.0,40.0,5.0,1.0,79,1.0,1.0,1.0,1,83,1,0.0,0,6.0,1.0,1,1.0,7,1,0,1,1,1.0,0,1.0,0,121.0,151.0,60.0,240.0,2020
3,D,0.03,48.0,6.0,1.0,5,1.0,0.0,0.0,1,4,2,0.0,0,3.0,3.0,1,0.0,7,1,0,1,1,0.0,0,1.0,0,78.0,97.0,0.0,240.0,2020
2,D,120.0,78.0,8.0,1.0,84,1.0,1.0,0.0,1,88,1,0.0,0,5.0,1.0,1,0.0,7,1,0,1,1,0.0,0,1.0,0,120.0,121.0,120.0,240.0,2020
3,D,12.03,28.0,3.0,1.0,24,1.0,1.0,0.0,1,22,1,0.0,0,1.0,1.0,1,1.0,7,1,0,1,1,0.0,0,1.0,0,37.0,46.0,0.0,120.0,2020
8,D,95.0,23.0,2.0,1.0,89,1.0,0.0,0.0,1,30,1,0.0,0,3.0,1.0,2,0.0,7,1,0,1,1,0.0,0,1.0,0,151.0,188.0,60.0,240.0,2020
4,D,72.0,46.0,6.0,1.0,56,1.0,0.0,0.0,1,63,1,0.0,0,5.0,1.0,1,1.0,7,1,0,1,1,0.0,0,1.0,0,70.0,87.0,0.0,240.0,2020
1,D,274.0,45.0,6.0,1.0,41,1.0,1.0,1.0,1,47,1,0.0,0,3.0,1.0,2,0.0,7,1,0,1,1,1.0,0,1.0,0,262.0,327.0,60.0,240.0,2020
3,D,200.0,59.0,7.0,1.0,89,1.0,1.0,3.0,1,30,1,0.0,0,5.0,1.0,1,0.0,7,1,0,1,1,4.0,0,3.0,0,120.0,121.0,120.0,240.0,2020
8,D,76.0,34.0,4.0,1.0,60,1.0,1.0,1.0,1,67,1,0.0,0,5.0,1.0,2,0.0,7,1,0,1,1,1.0,0,1.0,120,210.0,262.0,60.0,240.0,2020
4,D,96.0,41.0,6.0,1.0,59,1.0,1.0,0.0,1,66,0,0.0,0,5.0,2.0,1,2.0,7,1,0,1,1,0.0,0,1.0,0,121.0,151.0,60.0,240.0,2020
4,D,68.0,34.0,4.0,1.0,64,1.0,0.0,0.0,1,70,1,0.0,0,3.0,1.0,1,0.0,7,1,0,1,1,0.0,0,1.0,0,151.0,188.0,60.0,240.0,2020
3,D,180.0,31.0,4.0,1.0,7,1.0,1.0,3.0,1,5,0,0.0,0,5.0,1.0,1,0.0,7,1,0,1,1,5.0,0,3.0,0,180.0,210.0,180.0,480.0,2020
1,D,78.0,34.0,4.0,1.0,70,1.0,0.0,0.0,3,75,1,0.0,1,5.0,6.0,1,0.0,7,1,0,1,1,0.0,0,1.0,0,108.0,135.0,0.0,240.0,2020
8,D,60.0,57.0,7.0,1.0,60,1.0,1.0,0.0,1,67,1,0.0,0,6.0,1.0,1,0.0,7,1,0,1,1,0.0,0,1.0,0,78.0,97.0,0.0,240.0,2020
8,D,276.0,25.0,2.0,1.0,60,1.0,1.0,2.0,1,67,1,0.0,0,3.0,1.0,1,0.0,7,1,0,1,1,4.0,0,3.0,0,360.0,480.0,180.0,480.0,2020
1,D,121.0,43.0,6.0,1.0,35,1.0,1.0,0.0,1,41,2,0.0,0,5.0,3.0,1,1.0,7,1,0,1,1,0.0,0,1.0,0,121.0,151.0,0.0,240.0,2020
8,D,84.0,43.0,6.0,1.0,35,1.0,0.0,0.0,1,41,2,0.0,0,3.0,3.0,1,2.0,7,1,0,1,1,0.0,0,1.0,0,151.0,188.0,60.0,240.0,2020
1,D,78.0,24.0,2.0,1.0,35,3.0,1.0,1.0,1,41,2,0.0,0,5.0,3.0,1,0.0,7,1,0,1,1,1.0,0,1.0,0,78.0,97.0,0.0,240.0,2020
1,D,121.0,37.0,5.0,1.0,41,1.0,0.0,0.0,1,47,1,0.0,0,6.0,1.0,2,2.0,7,1,0,1,1,0.0,0,1.0,0,151.0,188.0,60.0,240.0,2020
3,D,210.0,45.0,6.0,1.0,32,1.0,0.0,0.0,1,38,2,0.0,0,1.0,3.0,2,0.0,7,1,0,1,1,0.0,0,1.0,0,210.0,262.0,60.0,240.0,2020
1,D,36.0,48.0,6.0,1.0,8,1.0,1.0,0.0,1,7,1,0.0,0,5.0,1.0,1,0.0,7,1,0,1,1,0.0,0,1.0,0,87.0,108.0,0.0,240.0,2020
4,D,144.0,67.0,8.0,1.0,24,1.0,1.0,1.0,1,22,1,0.0,0,5.0,1.0,11,0.0,7,1,0,1,1,1.0,0,1.0,0,121.0,151.0,60.0,240.0,2020
2,D,121.0,59.0,7.0,1.0,64,1.0,1.0,2.0,1,70,2,0.0,0,3.0,3.0,1,0.0,7,1,0,1,1,2.0,0,2.0,0,168.0,210.0,60.0,240.0,2020
1,D,64.0,64.0,8.0,1.0,47,1.0,1.0,0.0,1,52,1,0.0,0,6.0,1.0,1,0.0,7,1,0,1,1,0.0,0,1.0,0,97.0,121.0,60.0,240.0,2020
4,D,121.0,29.0,3.0,1.0,62,1.0,1.0,2.0,1,69,1,0.0,0,1.0,1.0,1,1.0,7,1,0,1,1,2.0,0,2.0,0,168.0,210.0,60.0,240.0,2020
5,D,84.0,42.0,6.0,1.0,15,1.0,0.0,0.0,1,13,1,0.0,0,5.0,1.0,4,1.0,7,1,0,1,1,0.0,0,1.0,0,121.0,151.0,60.0,240.0,2020
6,D,151.0,38.0,5.0,1.0,59,1.0,1.0,9.0,1,66,0,0.0,0,3.0,1.0,1,3.0,7,1,0,1,1,11.0,0,5.0,0,151.0,188.0,60.0,240.0,2020
2,D,156.0,32.0,4.0,1.0,64,1.0,1.0,0.0,1,70,1,0.0,0,5.0,1.0,1,0.0,7,1,0,1,1,0.0,0,1.0,0,151.0,188.0,60.0,240.0,2020
5,D,84.0,45.0,6.0,1.0,7,1.0,1.0,3.0,1,5,1,0.0,0,5.0,1.0,1,0.0,7,1,0,1,1,5.0,0,3.0,0,120.0,121.0,120.0,240.0,2020
3,B,,58.0,7.0,1.0,68,1.0,1.0,1.0,1,74,1,0.0,0,6.0,1.0,1,,8,0,1,4,0,1.0,0,1.0,0,6.0,12.0,0.0,60.0,2020
4,B,,54.0,7.0,1.0,33,1.0,0.0,0.0,1,40,1,0.0,0,3.0,1.0,1,0.0,8,0,1,4,0,0.0,0,1.0,0,6.0,12.0,0.0,60.0,2020
1,D,120.0,63.0,8.0,1.0,85,1.0,1.0,3.0,1,89,1,0.0,0,5.0,1.0,1,0.0,7,1,0,1,1,3.0,0,2.0,0,120.0,120.0,120.0,240.0,2020
6,D,108.0,46.0,6.0,1.0,33,1.0,1.0,1.0,1,40,1,0.0,0,5.0,1.0,1,3.0,7,1,0,1,1,3.0,0,2.0,0,87.0,108.0,0.0,240.0,2020
4,D,78.0,55.0,7.0,1.0,71,1.0,1.0,3.0,1,76,1,0.0,0,3.0,1.0,2,0.0,7,1,0,1,1,3.0,0,2.0,0,97.0,121.0,0.0,360.0,2020
7,D,0.03,27.0,3.0,1.0,17,1.0,0.0,0.0,1,15,1,0.0,0,3.0,1.0,1,0.0,7,1,0,2,1,0.0,0,1.0,0,97.0,121.0,0.0,240.0,2020
2,D,60.0,33.0,4.0,1.0,17,1.0,1.0,3.0,1,15,1,0.0,0,1.0,2.0,1,0.0,7,1,0,1,1,5.0,0,3.0,0,87.0,108.0,60.0,240.0,2020
2,D,96.0,54.0,7.0,1.0,51,1.0,0.0,0.0,1,57,1,0.0,0,6.0,1.0,1,0.0,7,1,0,1,1,0.0,0,1.0,0,210.0,240.0,60.0,240.0,2020
3,D,86.0,36.0,5.0,1.0,63,1.0,1.0,0.0,1,95,1,0.0,0,3.0,1.0,1,3.0,7,1,0,1,1,0.0,0,1.0,0,97.0,121.0,0.0,240.0,2020
1,D,120.0,39.0,5.0,1.0,16,1.0,1.0,3.0,3,14,1,0.0,1,5.0,1.0,4,5.0,8,1,0,1,1,5.0,0,3.0,0,57.0,71.0,0.0,120.0,2020
3,D,96.0,37.0,5.0,1.0,24,1.0,1.0,0.0,1,22,1,0.0,0,5.0,1.0,1,0.0,7,1,0,1,1,0.0,0,1.0,0,151.0,188.0,60.0,240.0,2020
1,D,151.0,50.0,6.0,1.0,47,1.0,1.0,0.0,1,52,1,0.0,0,5.0,1.0,1,0.0,7,1,0,1,1,0.0,0,1.0,0,151.0,188.0,60.0,240.0,2020
4,D,72.0,32.0,4.0,1.0,59,1.0,1.0,0.0,1,66,0,0.0,0,1.0,1.0,1,2.0,7,1,0,1,1,0.0,0,1.0,0,97.0,121.0,60.0,240.0,2020
6,D,180.0,44.0,6.0,1.0,59,1.0,1.0,0.0,1,66,1,0.0,0,5.0,1.0,1,2.0,7,1,0,1,1,0.0,0,1.0,0,210.0,240.0,60.0,240.0,2020
3,D,70.0,40.0,5.0,1.0,75,1.0,0.0,0.0,1,79,1,0.0,0,5.0,1.0,1,0.0,7,1,0,1,1,0.0,0,1.0,0,121.0,151.0,60.0,240.0,2020
1,D,78.0,37.0,5.0,1.0,35,1.0,0.0,0.0,1,41,2,0.0,0,5.0,3.0,1,6.0,7,1,0,1,1,0.0,0,1.0,0,78.0,97.0,0.0,240.0,2020
4,D,156.0,37.0,5.0,1.0,59,1.0,1.0,0.0,1,66,1,0.0,0,3.0,1.0,1,2.0,7,1,0,1,1,0.0,0,1.0,0,97.0,121.0,60.0,240.0,2020
1,D,180.0,71.0,8.0,1.0,13,1.0,1.0,1.0,3,11,1,0.0,1,5.0,1.0,2,0.0,7,1,0,1,1,1.0,0,1.0,0,180.0,180.0,180.0,480.0,2020
5,D,70.0,49.0,6.0,1.0,37,3.0,1.0,2.0,1,43,1,0.0,0,1.0,6.0,1,2.0,7,1,0,1,1,2.0,0,2.0,0,97.0,121.0,60.0,240.0,2020
1,D,60.0,33.0,4.0,1.0,46,1.0,0.0,0.0,1,53,1,0.0,0,3.0,1.0,1,0.0,7,1,0,1,1,0.0,0,1.0,0,151.0,188.0,60.0,240.0,2020
2,D,60.0,29.0,3.0,1.0,76,1.0,1.0,0.0,1,80,1,0.0,0,5.0,1.0,1,1.0,7,1,0,1,1,0.0,0,1.0,0,151.0,188.0,60.0,240.0,2020
6,D,30.0,33.0,4.0,1.0,89,1.0,0.0,0.0,1,30,1,0.0,0,3.0,1.0,1,0.0,7,1,0,1,1,0.0,0,1.0,0,63.0,78.0,0.0,120.0,2020
7,D,70.0,38.0,5.0,1.0,20,1.0,1.0,0.0,1,17,1,0.0,0,5.0,1.0,1,0.0,7,1,0,1,1,0.0,0,1.0,0,121.0,151.0,60.0,240.0,2020
3,D,100.0,23.0,2.0,1.0,89,1.0,1.0,0.0,1,30,1,0.0,0,5.0,1.0,1,0.0,7,1,0,1,1,0.0,0,1.0,0,210.0,240.0,60.0,240.0,2020
2,D,120.0,39.0,5.0,1.0,21,1.0,1.0,2.0,1,18,1,0.0,0,6.0,1.0,1,0.0,7,1,0,1,1,2.0,0,2.0,0,120.0,120.0,120.0,240.0,2020
2,D,36.0,26.0,3.0,1.0,17,1.0,0.0,0.0,1,15,1,0.0,0,1.0,2.0,1,0.0,7,1,0,1,1,0.0,0,1.0,0,70.0,87.0,0.0,240.0,2020
2,D,34.0,38.0,5.0,1.0,65,1.0,1.0,1.0,1,73,1,0.0,0,6.0,1.0,1,0.0,7,1,0,1,1,1.0,0,1.0,0,78.0,97.0,0.0,240.0,2020
1,B,,46.0,6.0,1.0,8,1.0,1.0,0.0,1,7,1,0.0,0,6.0,6.0,1,0.0,8,0,1,3,0,0.0,0,1.0,0,6.0,12.0,0.0,60.0,2020
1,D,97.0,46.0,6.0,1.0,56,1.0,1.0,0.0,1,63,1,0.0,0,6.0,1.0,1,0.0,7,1,0,1,1,0.0,0,1.0,0,97.0,121.0,0.0,240.0,2020
4,D,120.0,55.0,7.0,1.0,34,1.0,1.0,6.0,1,39,1,0.0,0,5.0,1.0,1,0.0,7,1,0,1,1,6.0,0,3.0,0,120.0,120.0,120.0,240.0,2020
8,D,121.0,34.0,4.0,1.0,89,1.0,0.0,0.0,1,30,1,0.0,0,3.0,1.0,1,0.0,7,1,0,1,1,0.0,0,1.0,0,121.0,151.0,60.0,240.0,2020
4,D,72.0,55.0,7.0,1.0,67,1.0,1.0,0.0,1,71,2,0.0,0,1.0,3.0,1,0.0,7,1,0,1,1,0.0,0,1.0,0,97.0,121.0,0.0,240.0,2020
4,D,108.0,33.0,4.0,1.0,24,1.0,1.0,2.0,1,22,1,0.0,0,5.0,1.0,1,0.0,7,1,0,1,1,2.0,0,2.0,0,168.0,210.0,60.0,240.0,2020
6,D,120.0,30.0,3.0,1.0,11,1.0,1.0,4.0,1,9,1,0.0,0,5.0,1.0,1,0.0,7,1,0,1,1,6.0,0,3.0,0,120.0,120.0,120.0,240.0,2020
3,D,54.0,50.0,6.0,1.0,68,1.0,1.0,0.0,1,74,1,0.0,0,5.0,1.0,1,,7,1,0,1,1,0.0,0,1.0,0,78.0,97.0,0.0,240.0,2020
3,D,46.0,59.0,7.0,1.0,34,1.0,1.0,2.0,1,39,1,1.0,0,3.0,6.0,1,4.0,8,1,0,1,1,2.0,0,2.0,0,37.0,46.0,0.0,60.0,2020
4,D,192.0,30.0,3.0,1.0,40,1.0,1.0,4.0,1,46,2,0.0,0,3.0,3.0,1,0.0,7,1,0,1,1,6.0,0,3.0,0,188.0,235.0,180.0,480.0,2020
2,D,300.0,35.0,4.0,1.0,73,1.0,1.0,0.0,1,78,1,0.0,0,3.0,1.0,6,1.0,7,1,0,1,1,0.0,0,1.0,0,9996.0,9996.0,0.0,240.0,2020
8,D,51.0,40.0,5.0,1.0,65,2.0,0.0,0.0,1,73,2,0.0,0,3.0,3.0,1,0.0,7,1,0,1,1,0.0,0,1.0,0,97.0,121.0,0.0,240.0,2020
7,D,72.0,23.0,2.0,1.0,20,1.0,0.0,0.0,1,17,1,0.0,0,5.0,1.0,1,0.0,7,1,0,1,1,0.0,0,1.0,0,151.0,188.0,60.0,240.0,2020
4,D,72.0,51.0,7.0,1.0,57,1.0,1.0,1.0,1,64,1,0.0,0,6.0,1.0,1,0.0,7,1,0,1,1,1.0,0,1.0,0,121.0,151.0,60.0,240.0,2020
1,D,168.0,62.0,8.0,1.0,27,1.0,1.0,3.0,1,25,1,0.0,0,3.0,1.0,1,0.0,7,1,0,1,1,3.0,0,2.0,0,168.0,210.0,120.0,240.0,2020
1,D,30.0,39.0,5.0,1.0,10,1.0,1.0,26.0,1,8,1,0.0,0,5.0,2.0,1,0.0,8,1,0,1,1,26.0,0,6.0,0,33.0,41.0,0.0,60.0,2020
2,D,60.0,24.0,2.0,1.0,64,1.0,1.0,0.0,1,70,1,0.0,0,1.0,1.0,3,0.0,7,1,0,1,1,0.0,0,1.0,0,210.0,262.0,60.0,240.0,2020
4,D,60.0,45.0,6.0,1.0,58,1.0,1.0,5.0,1,65,1,0.0,0,1.0,1.0,2,1.0,7,1,0,1,1,5.0,0,3.0,0,60.0,60.0,60.0,240.0,2020
6,D,120.0,32.0,4.0,1.0,11,1.0,1.0,3.0,1,9,1,0.0,0,5.0,1.0,1,0.0,7,1,0,1,1,5.0,0,3.0,0,120.0,121.0,120.0,240.0,2020
5,D,108.0,35.0,4.0,1.0,37,1.0,1.0,0.0,1,43,1,0.0,0,3.0,1.0,1,0.0,7,1,0,1,1,0.0,0,1.0,0,151.0,188.0,60.0,240.0,2020
3,D,120.0,43.0,6.0,1.0,61,1.0,1.0,3.0,1,68,1,0.0,0,5.0,6.0,1,4.0,7,1,0,1,1,5.0,0,3.0,0,168.0,210.0,0.0,240.0,2020
3,D,216.0,43.0,6.0,1.0,52,1.0,1.0,2.0,1,58,1,0.0,0,3.0,1.0,1,1.0,7,1,0,1,1,4.0,0,3.0,0,188.0,235.0,180.0,480.0,2020
4,D,72.0,33.0,4.0,1.0,48,1.0,1.0,2.0,1,54,1,0.0,0,5.0,1.0,1,0.0,7,1,0,1,1,2.0,0,2.0,0,135.0,168.0,60.0,240.0,2020
4,D,121.0,34.0,4.0,1.0,56,1.0,1.0,6.0,1,63,1,0.0,0,5.0,1.0,1,0.0,7,1,0,1,1,6.0,0,3.0,0,121.0,151.0,0.0,240.0,2020
1,D,60.0,38.0,5.0,1.0,50,1.0,1.0,1.0,1,56,1,0.0,0,3.0,1.0,1,0.0,7,1,0,1,1,1.0,0,1.0,0,151.0,188.0,60.0,240.0,2020
5,D,27.0,36.0,5.0,1.0,36,1.0,1.0,8.0,1,42,1,0.0,0,3.0,2.0,1,2.0,8,1,0,1,1,8.0,0,4.0,0,21.0,27.0,0.0,120.0,2020
3,D,90.0,33.0,4.0,1.0,30,1.0,1.0,0.0,1,36,1,0.0,0,5.0,1.0,1,0.0,7,1,0,1,1,0.0,0,1.0,0,78.0,97.0,0.0,240.0,2020
1,D,30.0,24.0,2.0,1.0,41,1.0,0.0,0.0,1,47,1,0.0,0,1.0,1.0,1,0.0,7,1,0,1,1,0.0,0,1.0,0,78.0,97.0,0.0,240.0,2020
3,D,12.03,29.0,3.0,1.0,7,1.0,0.0,0.0,1,5,1,0.0,0,3.0,1.0,1,0.0,7,1,0,2,1,0.0,0,1.0,0,78.0,97.0,0.0,240.0,2020
5,D,84.0,45.0,6.0,1.0,54,1.0,1.0,0.0,1,61,1,0.0,0,6.0,1.0,1,0.0,7,1,0,1,1,0.0,0,1.0,0,151.0,188.0,60.0,240.0,2020
4,D,63.0,38.0,5.0,1.0,58,1.0,0.0,0.0,1,65,1,0.0,0,5.0,1.0,1,1.0,7,1,0,1,1,0.0,0,1.0,0,151.0,188.0,60.0,240.0,2020
2,D,60.0,68.0,8.0,1.0,35,1.0,1.0,0.0,1,41,1,0.0,0,1.0,1.0,1,0.0,7,1,0,1,1,0.0,0,1.0,0,151.0,188.0,60.0,240.0,2020
4,D,60.0,31.0,4.0,1.0,48,1.0,1.0,1.0,1,54,1,0.0,0,3.0,1.0,1,1.0,7,1,0,1,1,1.0,0,1.0,0,151.0,188.0,60.0,240.0,2020
3,D,48.0,44.0,6.0,1.0,68,1.0,1.0,0.0,1,74,1,0.0,0,6.0,1.0,1,,7,1,0,1,1,0.0,0,1.0,0,78.0,97.0,0.0,240.0,2020
3,D,120.0,50.0,6.0,1.0,84,1.0,1.0,5.0,1,88,1,0.0,0,5.0,1.0,2,0.0,7,1,0,1,1,5.0,0,5.0,0,235.0,293.0,120.0,9996.0,2020
3,D,36.0,59.0,7.0,1.0,75,1.0,0.0,0.0,1,79,1,0.0,0,3.0,1.0,1,0.0,7,1,0,1,1,0.0,0,1.0,0,121.0,151.0,60.0,240.0,2020
3,D,84.0,51.0,7.0,1.0,3,2.0,1.0,1.0,1,1,1,0.0,0,5.0,1.0,4,1.0,7,1,0,1,1,1.0,0,1.0,0,121.0,151.0,60.0,240.0,2020
4,D,216.0,25.0,2.0,1.0,56,3.0,1.0,3.0,1,63,2,0.0,0,3.0,3.0,1,0.0,7,1,0,1,1,5.0,0,3.0,0,240.0,240.0,60.0,240.0,2020
1,D,96.0,50.0,6.0,1.0,38,1.0,1.0,0.0,1,44,1,0.0,0,3.0,1.0,2,1.0,7,1,0,1,1,0.0,0,1.0,0,24.0,30.0,0.0,120.0,2020
3,D,52.0,38.0,5.0,1.0,68,1.0,1.0,0.0,1,74,2,0.0,0,5.0,3.0,1,,7,1,0,1,1,0.0,0,1.0,0,78.0,97.0,0.0,240.0,2020
2,D,0.03,48.0,6.0,1.0,17,1.0,0.0,0.0,1,15,1,0.0,0,6.0,1.0,1,2.0,7,1,0,2,1,0.0,0,1.0,0,30.0,37.0,0.0,240.0,2020
1,D,60.0,35.0,4.0,1.0,93,1.0,1.0,0.0,1,32,1,0.0,0,3.0,2.0,1,3.0,7,1,0,1,1,0.0,0,1.0,0,210.0,240.0,60.0,240.0,2020
3,D,84.0,20.0,1.0,1.0,36,2.0,0.0,0.0,1,42,2,0.0,0,3.0,3.0,1,1.0,7,1,0,1,1,0.0,0,1.0,0,151.0,188.0,60.0,240.0,2020
8,D,88.0,34.0,4.0,1.0,89,1.0,0.0,0.0,1,30,1,0.0,0,5.0,1.0,1,2.0,7,1,0,1,1,0.0,0,1.0,0,151.0,188.0,60.0,240.0,2020
4,D,84.0,31.0,4.0,1.0,35,1.0,0.0,0.0,1,41,1,0.0,0,5.0,2.0,2,0.0,7,1,0,1,1,0.0,0,1.0,0,151.0,188.0,60.0,240.0,2020
3,D,63.0,34.0,4.0,1.0,49,1.0,0.0,0.0,1,55,1,0.0,0,3.0,1.0,1,0.0,7,1,0,1,1,0.0,0,1.0,0,78.0,97.0,0.0,240.0,2020
5,C,6.0,64.0,8.0,1.0,20,1.0,1.0,0.0,1,17,1,0.0,0,6.0,6.0,1,1.0,8,1,0,1,1,0.0,0,1.0,0,12.0,18.0,0.0,60.0,2020
1,D,146.0,50.0,6.0,1.0,41,1.0,1.0,3.0,1,47,1,0.0,0,3.0,1.0,2,0.0,7,1,0,1,1,3.0,0,2.0,0,292.0,365.0,60.0,240.0,2020
7,D,72.0,58.0,7.0,1.0,20,1.0,1.0,0.0,1,17,1,0.0,0,6.0,1.0,1,0.0,7,1,0,1,1,0.0,0,1.0,0,97.0,121.0,60.0,240.0,2020
6,D,365.0,42.0,6.0,1.0,89,1.0,1.0,7.0,1,30,1,0.0,0,5.0,1.0,2,0.0,7,1,0,1,1,7.0,0,4.0,0,292.0,365.0,180.0,480.0,2020
1,D,80.0,29.0,3.0,1.0,35,1.0,0.0,0.0,1,41,2,0.0,0,3.0,3.0,1,0.0,7,1,0,1,1,0.0,0,1.0,0,97.0,121.0,0.0,240.0,2020
4,D,66.0,53.0,7.0,1.0,35,1.0,0.0,0.0,1,41,1,0.0,0,5.0,1.0,2,1.0,7,1,0,1,1,0.0,0,1.0,0,151.0,188.0,60.0,240.0,2020
2,D,48.0,36.0,5.0,1.0,84,1.0,1.0,4.0,1,88,1,0.0,0,1.0,1.0,1,0.0,7,1,0,1,1,4.0,0,3.0,0,46.0,57.0,0.0,240.0,2020
5,D,160.0,31.0,4.0,1.0,9,1.0,1.0,0.0,1,6,1,0.0,0,3.0,1.0,3,0.0,7,1,0,1,1,0.0,0,1.0,0,210.0,262.0,60.0,240.0,2020
1,D,68.0,50.0,6.0,1.0,50,1.0,0.0,0.0,1,56,1,0.0,0,5.0,1.0,1,0.0,7,1,0,1,1,0.0,0,1.0,0,78.0,97.0,60.0,240.0,2020
1,D,12.03,53.0,7.0,1.0,47,1.0,0.0,0.0,1,52,1,0.0,0,5.0,1.0,1,3.0,7,1,0,1,1,0.0,0,1.0,0,78.0,97.0,0.0,240.0,2020
6,D,48.0,60.0,7.0,1.0,59,1.0,1.0,0.0,1,66,1,0.0,0,5.0,1.0,1,0.0,7,1,0,1,1,0.0,0,1.0,0,97.0,121.0,0.0,240.0,2020
3,D,8.0,18.0,1.0,1.0,77,1.0,1.0,2.0,1,81,0,0.0,0,1.0,1.0,1,0.0,7,1,0,1,1,4.0,0,3.0,0,87.0,108.0,0.0,240.0,2020
4,D,60.0,54.0,7.0,1.0,35,1.0,1.0,0.0,1,41,1,0.0,0,5.0,1.0,3,0.0,7,1,0,1,1,0.0,0,1.0,0,97.0,121.0,60.0,240.0,2020
4,D,87.0,40.0,5.0,1.0,82,1.0,1.0,0.0,1,85,1,0.0,0,3.0,1.0,1,0.0,7,1,0,1,1,0.0,0,1.0,0,60.0,60.0,60.0,240.0,2020
2,D,120.0,66.0,8.0,1.0,40,1.0,1.0,3.0,1,46,1,0.0,0,5.0,1.0,1,0.0,7,1,0,1,1,5.0,0,3.0,0,120.0,121.0,120.0,240.0,2020
1,D,42.0,67.0,8.0,1.0,91,1.0,1.0,0.0,1,31,1,0.0,0,5.0,1.0,2,0.0,7,1,0,1,1,0.0,0,1.0,0,70.0,87.0,0.0,240.0,2020
4,D,78.0,62.0,8.0,1.0,58,1.0,0.0,0.0,1,65,1,0.0,0,5.0,1.0,2,0.0,7,1,0,1,1,0.0,0,1.0,0,121.0,151.0,60.0,240.0,2020
9,D,97.0,33.0,4.0,1.0,91,1.0,1.0,3.0,1,31,1,0.0,0,3.0,1.0,4,0.0,7,1,0,1,1,3.0,0,2.0,0,121.0,151.0,60.0,240.0,2020
8,D,97.0,36.0,5.0,1.0,60,1.0,1.0,0.0,1,67,1,0.0,0,5.0,1.0,1,1.0,7,1,0,1,1,0.0,0,1.0,0,121.0,151.0,0.0,240.0,2020
1,D,96.0,51.0,7.0,1.0,9,1.0,1.0,1.0,1,6,1,0.0,0,5.0,1.0,4,0.0,7,1,0,1,1,1.0,0,1.0,0,151.0,188.0,60.0,240.0,2020
8,D,144.0,38.0,5.0,1.0,60,1.0,0.0,0.0,1,67,1,0.0,0,5.0,1.0,2,0.0,7,1,0,1,1,0.0,0,1.0,0,168.0,210.0,60.0,240.0,2020
1,D,144.0,46.0,6.0,1.0,50,1.0,1.0,3.0,1,56,1,0.0,0,3.0,1.0,1,0.0,7,1,0,1,1,5.0,0,3.0,0,120.0,120.0,120.0,240.0,2020
3,D,60.0,43.0,6.0,1.0,68,1.0,1.0,0.0,1,74,2,0.0,0,5.0,3.0,1,,7,1,0,1,1,0.0,0,1.0,0,78.0,97.0,0.0,240.0,2020
1,D,180.0,49.0,6.0,1.0,3,1.0,1.0,1.0,1,1,1,0.0,0,3.0,1.0,5,0.0,7,1,0,1,1,1.0,0,1.0,0,180.0,188.0,60.0,240.0,2020
2,D,120.0,48.0,6.0,1.0,84,1.0,1.0,6.0,1,88,1,0.0,0,6.0,1.0,1,0.0,7,1,0,1,1,6.0,0,3.0,0,121.0,151.0,120.0,240.0,2020
5,D,108.0,45.0,6.0,1.0,36,1.0,1.0,0.0,3,42,1,0.0,1,5.0,1.0,1,0.0,7,1,0,1,1,0.0,0,1.0,0,108.0,135.0,0.0,240.0,2020
5,D,120.0,32.0,4.0,1.0,20,1.0,0.0,0.0,1,17,1,0.0,0,3.0,1.0,1,0.0,7,1,0,1,1,0.0,0,1.0,0,151.0,188.0,60.0,240.0,2020
3,D,68.0,32.0,4.0,1.0,42,1.0,1.0,0.0,1,48,1,0.0,0,6.0,1.0,1,0.0,7,1,0,1,1,0.0,0,1.0,0,63.0,78.0,0.0,120.0,2020
2,D,132.0,27.0,3.0,1.0,42,1.0,1.0,0.0,1,48,1,0.0,0,1.0,2.0,1,2.0,7,1,0,1,1,0.0,0,1.0,0,262.0,327.0,60.0,9996.0,2020
7,D,97.0,59.0,7.0,1.0,36,1.0,0.0,0.0,1,42,1,0.0,0,6.0,1.0,1,0.0,7,1,0,1,1,0.0,0,1.0,0,60.0,60.0,60.0,240.0,2020
3,D,84.0,42.0,6.0,1.0,75,1.0,1.0,0.0,1,79,1,0.0,0,5.0,1.0,2,1.0,7,1,0,1,1,0.0,0,1.0,0,97.0,121.0,60.0,240.0,2020
4,C,12.03,35.0,4.0,1.0,58,1.0,1.0,1.0,1,65,1,0.0,0,5.0,2.0,1,2.0,8,1,0,2,1,1.0,0,1.0,0,10.0,16.0,0.0,120.0,2020
6,D,72.0,54.0,7.0,1.0,36,1.0,1.0,0.0,1,42,1,0.0,0,3.0,1.0,1,0.0,7,1,0,1,1,0.0,0,1.0,0,97.0,120.0,0.0,120.0,2020
5,D,60.0,70.0,8.0,1.0,54,1.0,0.0,0.0,1,61,1,0.0,0,3.0,1.0,1,0.0,7,1,0,1,1,0.0,0,1.0,0,63.0,78.0,60.0,240.0,2020
5,D,36.0,28.0,3.0,1.0,62,1.0,1.0,4.0,1,69,1,0.0,0,3.0,1.0,1,1.0,7,1,0,1,1,4.0,0,3.0,0,24.0,30.0,0.0,120.0,2020
5,D,41.0,47.0,6.0,1.0,34,1.0,1.0,1.0,1,39,1,0.0,0,5.0,1.0,1,3.0,7,1,0,1,1,3.0,0,2.0,0,33.0,41.0,0.0,120.0,2020
3,C,10.2,31.0,4.0,1.0,44,1.0,1.0,0.0,1,50,0,1.0,0,3.0,,1,0.0,8,1,0,1,1,0.0,0,1.0,0,10.0,16.0,0.0,120.0,2020
3,D,120.0,55.0,7.0,1.0,42,1.0,1.0,6.0,1,48,1,0.0,0,3.0,1.0,1,0.0,7,1,0,2,1,8.0,0,4.0,0,120.0,120.0,120.0,240.0,2020
3,D,84.0,55.0,7.0,1.0,22,1.0,1.0,2.0,1,19,1,0.0,0,3.0,1.0,1,2.0,7,1,0,1,1,4.0,0,3.0,0,121.0,151.0,60.0,240.0,2020
1,D,120.0,22.0,2.0,1.0,94,1.0,1.0,3.0,1,34,1,0.0,0,1.0,1.0,1,0.0,7,1,0,1,1,5.0,0,3.0,0,120.0,120.0,120.0,240.0,2020
5,D,210.0,39.0,5.0,1.0,22,1.0,1.0,0.0,1,19,1,0.0,0,5.0,1.0,1,2.0,7,1,0,1,1,0.0,0,1.0,0,210.0,240.0,60.0,240.0,2020
4,D,210.0,29.0,3.0,1.0,62,1.0,1.0,2.0,1,69,1,0.0,0,3.0,1.0,1,1.0,7,1,0,1,1,2.0,0,2.0,0,240.0,240.0,60.0,240.0,2020
1,D,120.0,32.0,4.0,1.0,42,1.0,1.0,0.0,1,48,1,0.0,0,5.0,1.0,1,0.0,7,1,0,1,1,0.0,0,1.0,0,210.0,240.0,60.0,240.0,2020
4,D,120.0,30.0,3.0,1.0,57,1.0,1.0,3.0,1,64,1,0.0,0,5.0,1.0,1,0.0,7,1,0,1,1,5.0,0,3.0,0,120.0,120.0,120.0,240.0,2020
3,D,90.0,48.0,6.0,1.0,22,1.0,1.0,1.0,1,19,1,0.0,0,5.0,1.0,1,1.0,7,1,0,1,1,1.0,0,1.0,0,97.0,121.0,60.0,240.0,2020
5,D,180.0,35.0,4.0,1.0,54,1.0,1.0,7.0,3,61,1,0.0,1,3.0,1.0,3,0.0,7,1,0,1,1,7.0,0,4.0,0,292.0,365.0,60.0,240.0,2020
5,D,36.0,31.0,4.0,1.0,83,1.0,1.0,0.0,1,87,1,0.0,0,5.0,1.0,1,1.0,7,1,0,1,1,0.0,0,1.0,0,78.0,97.0,0.0,120.0,2020
6,D,33.0,34.0,4.0,1.0,8,1.0,0.0,0.0,1,7,1,0.0,0,6.0,1.0,1,0.0,7,1,0,1,1,0.0,0,1.0,0,120.0,120.0,0.0,120.0,2020
3,D,121.0,69.0,8.0,1.0,26,1.0,1.0,0.0,1,24,1,0.0,0,5.0,1.0,1,0.0,7,1,0,1,1,0.0,0,1.0,0,97.0,121.0,0.0,240.0,2020
1,D,70.0,25.0,2.0,1.0,55,1.0,1.0,1.0,1,62,1,0.0,0,3.0,1.0,1,0.0,7,1,0,1,1,1.0,0,1.0,0,97.0,121.0,60.0,240.0,2020
2,D,120.0,66.0,8.0,1.0,37,1.0,1.0,3.0,1,43,1,0.0,0,6.0,1.0,1,0.0,7,1,0,1,1,3.0,0,2.0,0,120.0,120.0,120.0,240.0,2020
6,D,235.0,55.0,7.0,1.0,34,1.0,1.0,6.0,1,39,2,0.0,0,5.0,3.0,1,0.0,7,1,0,1,1,6.0,0,3.0,0,188.0,235.0,180.0,480.0,2020
4,D,120.0,37.0,5.0,1.0,57,1.0,1.0,3.0,1,64,1,0.0,0,3.0,1.0,1,0.0,7,1,0,1,1,5.0,0,3.0,0,120.0,120.0,120.0,240.0,2020
1,D,60.0,24.0,2.0,1.0,55,1.0,1.0,0.0,1,62,1,0.0,0,5.0,6.0,1,0.0,7,1,0,1,1,0.0,0,1.0,0,78.0,97.0,0.0,240.0,2020
5,D,70.0,20.0,1.0,1.0,54,1.0,0.0,0.0,1,61,2,0.0,0,3.0,3.0,1,0.0,7,1,0,1,1,0.0,0,1.0,0,151.0,188.0,60.0,240.0,2020
4,D,120.0,42.0,6.0,1.0,64,1.0,1.0,0.0,3,70,2,0.0,1,3.0,3.0,2,6.0,7,1,0,1,1,0.0,0,1.0,0,210.0,262.0,60.0,240.0,2020
0,D,97.0,75.0,8.0,1.0,91,1.0,0.0,0.0,1,31,1,0.0,0,6.0,1.0,1,0.0,7,1,0,1,1,0.0,0,1.0,0,97.0,121.0,0.0,240.0,2020
5,D,360.0,50.0,6.0,1.0,36,1.0,0.0,0.0,1,42,1,0.0,0,5.0,1.0,2,2.0,7,1,0,1,1,0.0,0,1.0,0,360.0,480.0,60.0,240.0,2020
2,D,120.0,32.0,4.0,1.0,43,1.0,1.0,5.0,1,49,1,0.0,0,5.0,1.0,1,0.0,7,1,0,1,1,5.0,0,3.0,0,120.0,120.0,0.0,120.0,2020
1,D,120.0,29.0,3.0,1.0,11,1.0,1.0,4.0,1,9,1,0.0,0,3.0,1.0,1,1.0,7,1,0,1,1,6.0,0,3.0,0,120.0,120.0,120.0,240.0,2020
1,D,18.0,59.0,7.0,1.0,10,1.0,1.0,0.0,1,8,1,0.0,0,6.0,1.0,1,3.0,7,1,0,1,1,0.0,0,1.0,0,78.0,97.0,0.0,240.0,2020
8,D,180.0,44.0,6.0,1.0,60,1.0,1.0,6.0,1,67,1,0.0,0,5.0,1.0,1,0.0,7,1,0,1,1,8.0,0,4.0,0,292.0,365.0,180.0,480.0,2020
6,D,151.0,35.0,4.0,1.0,89,1.0,0.0,0.0,1,30,1,0.0,0,5.0,6.0,1,0.0,7,1,0,1,1,0.0,0,1.0,0,151.0,188.0,60.0,240.0,2020
3,D,60.0,35.0,4.0,1.0,5,1.0,1.0,0.0,1,4,2,0.0,0,3.0,3.0,1,3.0,7,1,0,1,1,0.0,0,1.0,0,70.0,87.0,60.0,240.0,2020
1,D,0.03,39.0,5.0,1.0,10,1.0,0.0,0.0,1,8,1,1.0,0,5.0,6.0,2,1.0,8,1,0,1,1,0.0,0,1.0,0,21.0,27.0,0.0,60.0,2020
5,D,36.0,34.0,4.0,1.0,83,1.0,1.0,0.0,1,87,1,0.0,0,3.0,1.0,1,0.0,7,1,0,1,1,0.0,0,1.0,0,78.0,97.0,0.0,120.0,2020
4,D,97.0,52.0,7.0,1.0,71,1.0,1.0,3.0,1,76,1,0.0,0,3.0,1.0,1,0.0,7,1,0,1,1,5.0,0,3.0,0,78.0,97.0,0.0,240.0,2020
3,D,120.0,37.0,5.0,1.0,46,1.0,0.0,0.0,1,53,1,0.0,0,6.0,1.0,2,1.0,7,1,0,1,1,0.0,0,1.0,0,151.0,188.0,60.0,240.0,2020
1,D,36.0,30.0,3.0,1.0,10,1.0,1.0,6.0,1,8,2,0.0,0,5.0,3.0,1,1.0,7,1,0,1,1,6.0,0,3.0,0,168.0,210.0,0.0,240.0,2020
2,D,64.0,46.0,6.0,1.0,34,1.0,1.0,0.0,1,39,1,0.0,0,3.0,1.0,1,0.0,7,1,0,1,1,0.0,0,1.0,0,57.0,71.0,0.0,120.0,2020
8,D,168.0,24.0,2.0,1.0,89,1.0,0.0,0.0,1,30,1,0.0,0,3.0,1.0,5,0.0,7,1,0,1,1,0.0,0,1.0,0,168.0,210.0,120.0,9996.0,2020
5,D,87.0,46.0,6.0,1.0,55,3.0,1.0,0.0,1,62,2,0.0,0,,3.0,1,6.0,7,1,0,1,1,0.0,0,1.0,0,151.0,188.0,60.0,240.0,2020
5,D,285.0,43.0,6.0,1.0,36,1.0,1.0,6.0,3,42,2,0.0,1,3.0,3.0,4,2.0,7,1,0,1,1,6.0,0,3.0,0,262.0,327.0,60.0,240.0,2020
5,D,136.0,33.0,4.0,1.0,92,1.0,1.0,7.0,1,33,1,0.0,0,3.0,1.0,1,0.0,7,1,0,1,1,9.0,0,4.0,0,121.0,151.0,0.0,240.0,2020
2,D,96.0,23.0,2.0,1.0,84,1.0,1.0,3.0,1,88,1,0.0,0,3.0,1.0,1,0.0,7,1,0,1,1,5.0,0,3.0,0,121.0,151.0,120.0,240.0,2020
5,D,168.0,44.0,6.0,1.0,90,1.0,1.0,0.0,3,29,1,0.0,1,3.0,1.0,2,0.0,7,1,0,1,1,0.0,0,1.0,0,168.0,210.0,0.0,240.0,2020
5,D,240.0,53.0,7.0,1.0,36,1.0,0.0,0.0,3,42,1,0.0,1,3.0,2.0,5,0.0,7,1,0,1,1,0.0,0,1.0,0,210.0,262.0,60.0,240.0,2020
1,D,78.0,37.0,5.0,1.0,34,1.0,1.0,0.0,1,39,1,0.0,0,1.0,1.0,1,0.0,7,1,0,1,1,0.0,0,1.0,0,78.0,97.0,0.0,240.0,2020
1,D,51.0,63.0,8.0,1.0,34,1.0,1.0,0.0,1,39,1,0.0,0,3.0,1.0,1,0.0,7,1,0,1,1,0.0,0,1.0,0,51.0,63.0,0.0,240.0,2020
5,D,360.0,48.0,6.0,1.0,37,1.0,1.0,0.0,3,43,1,0.0,1,3.0,1.0,9,2.0,7,1,0,1,1,0.0,0,1.0,0,360.0,2040.0,60.0,240.0,2020
2,D,66.0,38.0,5.0,1.0,21,1.0,0.0,0.0,1,18,1,0.0,0,6.0,1.0,1,3.0,7,1,0,1,1,0.0,0,1.0,0,151.0,188.0,60.0,240.0,2020
1,D,102.0,64.0,8.0,1.0,21,1.0,1.0,0.0,1,18,1,0.0,0,5.0,1.0,1,0.0,7,1,0,1,1,0.0,0,1.0,0,151.0,188.0,60.0,240.0,2020
4,D,84.0,52.0,7.0,1.0,35,1.0,0.0,0.0,1,41,1,0.0,0,1.0,1.0,3,0.0,7,1,0,1,1,0.0,0,1.0,0,151.0,188.0,60.0,480.0,2020
2,D,75.0,39.0,5.0,1.0,76,1.0,1.0,2.0,1,80,1,0.0,0,3.0,1.0,1,0.0,7,1,0,1,1,2.0,0,2.0,0,97.0,121.0,60.0,240.0,2020
0,D,30.0,46.0,6.0,1.0,91,1.0,0.0,0.0,1,31,2,0.0,0,6.0,3.0,1,0.0,7,1,0,1,1,0.0,0,1.0,0,51.0,63.0,0.0,240.0,2020
6,D,96.0,51.0,7.0,1.0,59,1.0,1.0,0.0,1,66,0,0.0,0,3.0,1.0,1,1.0,7,1,0,1,1,0.0,0,1.0,0,151.0,188.0,60.0,240.0,2020
5,D,78.0,26.0,3.0,1.0,33,2.0,0.0,0.0,1,40,2,0.0,0,5.0,3.0,1,0.0,7,1,0,1,1,0.0,0,1.0,0,78.0,97.0,0.0,240.0,2020
1,D,78.0,39.0,5.0,1.0,33,1.0,1.0,0.0,1,40,1,0.0,0,1.0,1.0,1,0.0,7,1,0,1,1,0.0,0,1.0,0,78.0,97.0,0.0,240.0,2020
6,D,78.0,56.0,7.0,1.0,59,1.0,1.0,0.0,1,66,0,0.0,0,1.0,1.0,1,0.0,7,1,0,1,1,0.0,0,1.0,0,151.0,188.0,60.0,240.0,2020
4,D,48.0,25.0,2.0,1.0,63,1.0,1.0,0.0,1,95,2,0.0,0,3.0,3.0,1,0.0,7,1,0,1,1,0.0,0,1.0,0,78.0,97.0,0.0,240.0,2020
4,C,6.0,29.0,3.0,1.0,33,1.0,0.0,0.0,1,40,1,1.0,0,5.0,1.0,1,1.0,8,1,0,2,1,0.0,0,1.0,0,12.0,18.0,0.0,60.0,2020
4,D,180.0,41.0,6.0,1.0,82,1.0,1.0,6.0,1,85,1,0.0,0,3.0,1.0,1,2.0,7,1,0,1,1,6.0,0,3.0,0,180.0,180.0,180.0,480.0,2020
5,D,60.0,23.0,2.0,1.0,83,1.0,0.0,0.0,1,87,1,0.0,0,3.0,6.0,1,0.0,7,1,0,1,1,0.0,0,1.0,0,108.0,120.0,0.0,120.0,2020
4,D,70.0,31.0,4.0,1.0,82,1.0,0.0,0.0,1,85,1,0.0,0,6.0,1.0,1,2.0,7,1,0,1,1,0.0,0,1.0,0,60.0,60.0,60.0,240.0,2020
5,D,139.0,37.0,5.0,1.0,55,1.0,0.0,0.0,1,62,1,0.0,0,3.0,1.0,2,0.0,7,1,0,1,1,0.0,0,1.0,0,151.0,188.0,60.0,240.0,2020
4,D,12.03,19.0,1.0,1.0,82,1.0,0.0,0.0,1,85,1,0.0,0,3.0,6.0,1,0.0,7,1,0,1,1,0.0,0,1.0,0,63.0,78.0,0.0,120.0,2020
4,D,70.0,38.0,5.0,1.0,62,1.0,1.0,1.0,1,69,1,0.0,0,1.0,1.0,1,0.0,7,1,0,2,1,3.0,0,2.0,0,87.0,108.0,0.0,240.0,2020
2,D,120.0,28.0,3.0,1.0,65,1.0,1.0,4.0,1,73,1,0.0,0,5.0,2.0,2,0.0,7,1,0,1,1,6.0,0,3.0,0,120.0,121.0,120.0,240.0,2020
4,D,90.0,46.0,6.0,1.0,58,1.0,0.0,0.0,1,65,1,0.0,0,5.0,1.0,1,0.0,7,1,0,1,1,0.0,0,1.0,0,121.0,151.0,60.0,240.0,2020
1,D,120.0,26.0,3.0,1.0,90,1.0,1.0,1.0,1,29,1,0.0,0,3.0,1.0,1,0.0,7,1,0,1,1,3.0,0,2.0,0,135.0,168.0,60.0,240.0,2020
6,D,120.0,43.0,6.0,1.0,59,1.0,1.0,3.0,1,66,0,0.0,0,5.0,1.0,1,0.0,7,1,0,1,1,5.0,0,3.0,0,120.0,121.0,120.0,240.0,2020
5,D,60.0,32.0,4.0,1.0,33,1.0,0.0,0.0,1,40,1,0.0,0,5.0,1.0,1,0.0,7,1,0,1,1,0.0,0,1.0,0,78.0,97.0,0.0,240.0,2020
2,D,70.0,48.0,6.0,1.0,71,1.0,1.0,2.0,1,76,1,0.0,0,5.0,1.0,1,0.0,7,1,0,1,1,2.0,0,2.0,0,87.0,108.0,0.0,120.0,2020
2,D,108.0,20.0,1.0,1.0,37,1.0,1.0,0.0,1,43,1,0.0,0,3.0,1.0,4,1.0,7,1,0,1,1,0.0,0,1.0,0,210.0,262.0,60.0,240.0,2020
1,D,135.0,34.0,4.0,1.0,50,1.0,1.0,0.0,1,56,1,0.0,0,3.0,1.0,1,2.0,7,1,0,1,1,0.0,0,1.0,0,121.0,151.0,60.0,240.0,2020
1,D,60.0,58.0,7.0,1.0,88,1.0,1.0,0.0,1,28,1,0.0,0,5.0,1.0,1,4.0,7,1,0,1,1,0.0,0,1.0,0,97.0,121.0,60.0,240.0,2020
6,D,80.0,24.0,2.0,1.0,30,1.0,0.0,0.0,1,36,1,0.0,0,3.0,1.0,1,0.0,7,1,0,1,1,0.0,0,1.0,0,121.0,151.0,60.0,240.0,2020
6,D,200.0,43.0,6.0,1.0,36,1.0,1.0,6.0,1,42,1,0.0,0,5.0,1.0,1,0.0,7,1,0,1,1,6.0,0,3.0,0,121.0,151.0,0.0,240.0,2020
6,D,60.0,28.0,3.0,1.0,36,1.0,1.0,0.0,1,42,1,0.0,0,3.0,1.0,1,0.0,7,1,0,1,1,0.0,0,1.0,0,78.0,97.0,0.0,240.0,2020
4,D,60.0,40.0,5.0,1.0,24,1.0,0.0,0.0,1,22,1,0.0,0,5.0,1.0,1,0.0,7,1,0,1,1,0.0,0,1.0,0,70.0,87.0,60.0,240.0,2020
1,D,60.0,53.0,7.0,1.0,91,1.0,0.0,0.0,1,31,2,0.0,0,5.0,3.0,1,0.0,7,1,0,1,1,0.0,0,1.0,0,121.0,151.0,60.0,240.0,2020
4,D,90.0,41.0,6.0,1.0,60,1.0,1.0,4.0,1,67,1,0.0,0,3.0,1.0,1,3.0,7,1,0,1,1,4.0,0,3.0,0,78.0,97.0,60.0,240.0,2020
6,D,84.0,28.0,3.0,1.0,59,1.0,1.0,0.0,1,66,1,0.0,0,3.0,1.0,1,1.0,7,1,0,1,1,0.0,0,1.0,0,151.0,188.0,60.0,240.0,2020
4,D,46.0,48.0,6.0,1.0,34,1.0,1.0,0.0,1,39,0,0.0,0,5.0,1.0,1,0.0,7,1,0,1,1,0.0,0,1.0,0,46.0,57.0,0.0,240.0,2020
1,D,108.0,28.0,3.0,1.0,55,1.0,1.0,10.0,1,62,1,0.0,0,3.0,1.0,1,0.0,7,1,0,1,1,12.0,0,5.0,0,130.0,162.0,60.0,240.0,2020
8,D,96.0,26.0,3.0,1.0,60,1.0,1.0,5.0,1,67,1,0.0,0,3.0,2.0,2,0.0,7,1,0,1,1,5.0,0,3.0,0,210.0,262.0,60.0,240.0,2020
5,D,,22.0,2.0,1.0,83,1.0,0.0,0.0,1,87,1,0.0,0,6.0,1.0,1,0.0,7,0,1,3,0,0.0,0,1.0,0,87.0,108.0,0.0,120.0,2020
1,D,30.0,21.0,2.0,1.0,71,1.0,1.0,1.0,1,76,2,0.0,0,3.0,3.0,1,0.0,7,1,0,1,1,1.0,0,1.0,0,63.0,78.0,0.0,240.0,2020
6,D,60.0,61.0,8.0,1.0,89,1.0,1.0,0.0,1,30,1,0.0,0,5.0,1.0,1,0.0,7,1,0,1,1,0.0,0,1.0,0,97.0,121.0,60.0,240.0,2020
C,D,46.0,29.0,3.0,1.0,46,1.0,1.0,7.0,1,53,1,0.0,0,1.0,2.0,12,7.0,8,1,0,1,1,7.0,0,4.0,0,46.0,57.0,0.0,60.0,2020
2,D,144.0,43.0,6.0,1.0,37,1.0,1.0,2.0,1,43,1,0.0,0,5.0,1.0,1,0.0,7,1,0,1,1,2.0,0,2.0,0,168.0,210.0,60.0,240.0,2020
4,D,108.0,34.0,4.0,1.0,58,1.0,1.0,2.0,1,65,1,0.0,0,5.0,1.0,4,2.0,7,1,0,1,1,2.0,0,2.0,0,168.0,210.0,60.0,240.0,2020
5,D,120.0,47.0,6.0,1.0,54,1.0,1.0,0.0,1,61,1,0.0,0,5.0,1.0,1,0.0,7,1,0,1,1,0.0,0,1.0,0,151.0,188.0,60.0,240.0,2020
3,D,60.0,54.0,7.0,1.0,38,1.0,0.0,0.0,1,44,1,0.0,0,3.0,1.0,2,2.0,7,1,0,1,1,0.0,0,1.0,0,60.0,71.0,60.0,240.0,2020
1,D,78.0,58.0,7.0,1.0,46,1.0,0.0,0.0,1,53,1,0.0,0,5.0,1.0,5,0.0,7,1,0,1,1,0.0,0,1.0,0,78.0,97.0,60.0,240.0,2020
1,D,270.0,47.0,6.0,1.0,46,1.0,1.0,8.0,1,53,1,0.0,0,5.0,2.0,6,0.0,7,1,0,1,1,10.0,0,5.0,0,300.0,300.0,300.0,600.0,2020
5,D,60.0,23.0,2.0,1.0,62,1.0,0.0,0.0,1,69,1,0.0,0,5.0,1.0,1,0.0,7,1,0,1,1,0.0,0,1.0,0,60.0,60.0,60.0,240.0,2020
3,D,36.0,57.0,7.0,1.0,75,1.0,0.0,0.0,1,79,1,0.0,0,6.0,1.0,1,0.0,7,1,0,1,1,0.0,0,1.0,0,78.0,97.0,0.0,120.0,2020
6,D,120.0,29.0,3.0,1.0,59,1.0,1.0,4.0,1,66,0,0.0,0,5.0,1.0,1,0.0,7,1,0,1,1,6.0,0,3.0,0,120.0,120.0,120.0,240.0,2020
2,D,180.0,59.0,7.0,1.0,37,1.0,1.0,6.0,1,43,1,0.0,0,3.0,1.0,1,1.0,7,1,0,1,1,8.0,0,4.0,0,180.0,180.0,180.0,480.0,2020
1,D,120.0,32.0,4.0,1.0,50,1.0,1.0,13.0,1,56,1,0.0,0,3.0,1.0,2,0.0,7,1,0,1,1,13.0,0,6.0,0,120.0,125.0,120.0,240.0,2020
4,D,100.0,44.0,6.0,1.0,82,1.0,1.0,0.0,1,85,1,0.0,0,6.0,2.0,1,3.0,7,1,0,1,1,0.0,0,1.0,0,60.0,60.0,60.0,240.0,2020
1,D,78.0,57.0,7.0,1.0,1,1.0,1.0,0.0,1,90,1,0.0,0,6.0,1.0,1,0.0,7,1,0,1,1,0.0,0,1.0,0,188.0,235.0,60.0,240.0,2020
6,D,90.0,61.0,8.0,1.0,33,1.0,0.0,0.0,1,40,1,0.0,0,3.0,1.0,1,0.0,7,1,0,1,1,0.0,0,1.0,0,78.0,97.0,0.0,120.0,2020
1,D,42.0,29.0,3.0,1.0,9,1.0,1.0,1.0,1,6,1,0.0,0,3.0,1.0,3,1.0,7,1,0,1,1,1.0,0,1.0,0,70.0,87.0,0.0,120.0,2020
4,D,240.0,59.0,7.0,1.0,59,1.0,1.0,0.0,1,66,0,0.0,0,3.0,1.0,1,1.0,7,1,0,1,1,0.0,0,1.0,0,210.0,262.0,180.0,480.0,2020
3,D,120.0,35.0,4.0,1.0,61,1.0,1.0,0.0,1,68,1,0.0,0,5.0,1.0,1,0.0,7,1,0,1,1,0.0,0,1.0,0,97.0,121.0,60.0,240.0,2020
5,D,72.0,38.0,5.0,1.0,54,1.0,1.0,0.0,1,61,1,0.0,0,6.0,1.0,1,4.0,7,1,0,1,1,0.0,0,1.0,0,151.0,188.0,60.0,240.0,2020
8,D,84.0,57.0,7.0,1.0,60,1.0,1.0,0.0,1,67,1,0.0,0,3.0,1.0,1,0.0,7,1,0,1,1,0.0,0,1.0,0,151.0,188.0,60.0,240.0,2020
4,D,192.0,28.0,3.0,1.0,34,1.0,1.0,3.0,1,39,1,0.0,0,3.0,1.0,1,0.0,7,1,0,1,1,5.0,0,3.0,0,188.0,235.0,180.0,480.0,2020
2,D,60.0,32.0,4.0,1.0,27,1.0,1.0,6.0,1,25,1,0.0,0,3.0,1.0,1,1.0,7,1,0,1,1,6.0,0,3.0,0,87.0,108.0,0.0,240.0,2020
1,D,120.0,31.0,4.0,1.0,71,1.0,1.0,3.0,1,76,1,0.0,0,3.0,1.0,1,0.0,7,1,0,1,1,5.0,0,3.0,0,120.0,120.0,120.0,240.0,2020
2,D,87.0,37.0,5.0,1.0,30,1.0,1.0,6.0,1,36,1,0.0,0,3.0,1.0,1,0.0,7,1,0,1,1,6.0,0,3.0,0,70.0,87.0,0.0,240.0,2020
6,D,108.0,49.0,6.0,1.0,89,1.0,0.0,0.0,1,30,2,0.0,0,3.0,3.0,1,2.0,7,1,0,1,1,0.0,0,1.0,0,210.0,240.0,60.0,240.0,2020
3,D,150.0,34.0,4.0,1.0,52,1.0,1.0,0.0,1,58,1,0.0,0,3.0,1.0,1,0.0,7,1,0,1,1,0.0,0,1.0,0,240.0,240.0,60.0,240.0,2020
1,D,52.0,65.0,8.0,1.0,94,1.0,1.0,0.0,1,34,2,0.0,0,6.0,3.0,1,0.0,7,1,0,1,1,0.0,0,1.0,0,78.0,97.0,0.0,240.0,2020
2,D,78.0,53.0,7.0,1.0,66,1.0,1.0,0.0,1,72,1,0.0,0,6.0,1.0,1,0.0,7,1,0,1,1,0.0,0,1.0,0,97.0,121.0,60.0,240.0,2020
2,D,60.0,27.0,3.0,1.0,85,1.0,0.0,0.0,1,89,1,0.0,0,3.0,1.0,1,0.0,7,1,0,1,1,0.0,0,1.0,0,97.0,121.0,60.0,240.0,2020
5,D,192.0,50.0,6.0,1.0,37,1.0,1.0,0.0,3,43,1,0.0,1,3.0,1.0,5,0.0,7,1,0,1,1,0.0,0,1.0,0,262.0,327.0,60.0,240.0,2020
6,D,60.0,42.0,6.0,1.0,72,1.0,1.0,3.0,1,77,1,0.0,0,6.0,1.0,5,2.0,7,1,0,1,1,3.0,0,2.0,0,60.0,60.0,60.0,240.0,2020
2,D,36.0,48.0,6.0,1.0,24,1.0,1.0,0.0,1,22,1,0.0,0,1.0,2.0,1,0.0,7,1,0,1,1,0.0,0,1.0,0,30.0,37.0,0.0,240.0,2020
4,D,72.0,22.0,2.0,1.0,59,1.0,0.0,0.0,1,66,0,0.0,0,5.0,2.0,2,0.0,7,1,0,1,1,0.0,0,1.0,0,121.0,151.0,60.0,240.0,2020
1,D,78.0,41.0,6.0,1.0,71,1.0,0.0,0.0,1,76,1,0.0,0,6.0,1.0,1,0.0,7,1,0,1,1,0.0,0,1.0,0,97.0,121.0,0.0,240.0,2020
8,D,54.0,31.0,4.0,1.0,60,1.0,0.0,0.0,1,67,1,0.0,0,6.0,1.0,1,0.0,7,1,0,1,1,0.0,0,1.0,0,97.0,121.0,0.0,240.0,2020
2,D,84.0,44.0,6.0,1.0,12,1.0,1.0,0.0,1,10,1,0.0,0,3.0,1.0,1,3.0,7,1,0,1,1,0.0,0,1.0,0,120.0,120.0,0.0,120.0,2020
1,D,120.0,61.0,8.0,1.0,24,1.0,1.0,0.0,1,22,1,0.0,0,5.0,1.0,2,0.0,7,1,0,1,1,0.0,0,1.0,0,360.0,600.0,120.0,240.0,2020
2,D,32.0,59.0,7.0,1.0,51,1.0,1.0,4.0,1,57,2,0.0,0,5.0,3.0,2,2.0,7,1,0,1,1,4.0,0,3.0,0,70.0,87.0,0.0,240.0,2020
1,D,120.0,42.0,6.0,1.0,46,1.0,1.0,0.0,1,53,1,0.0,0,5.0,1.0,5,1.0,7,1,0,1,1,0.0,0,1.0,0,135.0,168.0,60.0,240.0,2020
2,D,87.0,31.0,4.0,1.0,73,1.0,0.0,0.0,1,78,1,0.0,0,3.0,1.0,1,0.0,7,1,0,1,1,0.0,0,1.0,0,121.0,151.0,60.0,240.0,2020
8,D,60.0,62.0,8.0,1.0,60,1.0,1.0,0.0,1,67,1,0.0,0,3.0,1.0,1,0.0,7,1,0,1,1,0.0,0,1.0,0,97.0,121.0,60.0,240.0,2020
1,D,180.0,56.0,7.0,1.0,38,1.0,1.0,3.0,3,44,1,0.0,1,3.0,1.0,2,0.0,7,1,0,1,1,5.0,0,3.0,0,180.0,180.0,180.0,480.0,2020
3,B,0.03,63.0,8.0,1.0,68,1.0,,,1,74,1,0.0,0,,1.0,1,,8,1,0,1,0,,0,1.0,0,6.0,12.0,0.0,60.0,2020
2,D,0.03,35.0,4.0,1.0,12,1.0,1.0,0.0,3,10,1,0.0,1,5.0,6.0,1,0.0,7,1,0,1,1,0.0,0,1.0,0,41.0,51.0,0.0,120.0,2020
3,D,12.03,34.0,4.0,1.0,68,1.0,0.0,0.0,1,74,1,0.0,0,5.0,1.0,1,0.0,7,1,0,1,1,0.0,0,1.0,0,51.0,63.0,0.0,240.0,2020
1,D,96.0,53.0,7.0,1.0,50,1.0,1.0,0.0,1,56,1,0.0,0,6.0,1.0,1,0.0,7,1,0,1,1,0.0,0,1.0,0,121.0,151.0,0.0,240.0,2020
3,D,120.0,56.0,7.0,1.0,41,1.0,1.0,0.0,1,47,1,0.0,0,3.0,1.0,1,0.0,7,1,0,1,1,0.0,0,1.0,0,97.0,121.0,60.0,240.0,2020
2,D,262.0,54.0,7.0,1.0,50,1.0,1.0,0.0,1,56,1,0.0,0,3.0,1.0,7,0.0,7,1,0,1,1,0.0,0,1.0,0,262.0,327.0,180.0,480.0,2020
2,D,36.0,36.0,5.0,1.0,84,1.0,1.0,0.0,1,88,0,0.0,0,3.0,1.0,1,1.0,7,1,0,1,1,0.0,0,1.0,0,78.0,97.0,0.0,240.0,2020
2,D,120.0,41.0,6.0,1.0,35,1.0,1.0,0.0,1,41,2,0.0,0,3.0,3.0,1,3.0,7,1,0,1,1,0.0,0,1.0,0,120.0,120.0,120.0,240.0,2020
2,D,60.0,68.0,8.0,1.0,21,1.0,1.0,0.0,1,18,1,0.0,0,5.0,1.0,1,0.0,7,1,0,1,1,0.0,0,1.0,0,108.0,135.0,60.0,240.0,2020
4,C,5.0,21.0,2.0,1.0,33,1.0,0.0,0.0,1,40,1,1.0,0,3.0,1.0,1,0.0,8,1,0,2,1,0.0,0,1.0,0,10.0,16.0,0.0,60.0,2020
2,D,96.0,39.0,5.0,1.0,21,1.0,1.0,0.0,1,18,1,0.0,0,5.0,1.0,1,0.0,7,1,0,1,1,0.0,0,1.0,0,240.0,240.0,60.0,240.0,2020
1,B,,53.0,7.0,1.0,41,1.0,1.0,0.0,1,47,1,0.0,0,6.0,1.0,1,1.0,8,0,1,4,0,0.0,0,1.0,0,6.0,12.0,0.0,60.0,2020
4,D,96.0,51.0,7.0,1.0,58,1.0,1.0,7.0,1,65,1,0.0,0,3.0,1.0,3,0.0,7,1,0,1,1,9.0,0,4.0,0,135.0,168.0,60.0,240.0,2020
2,D,135.0,41.0,6.0,1.0,40,1.0,1.0,6.0,1,46,1,0.0,0,5.0,1.0,1,1.0,7,1,0,1,1,8.0,0,4.0,0,135.0,168.0,60.0,240.0,2020
1,D,60.0,43.0,6.0,1.0,85,1.0,1.0,1.0,1,89,1,0.0,0,1.0,1.0,1,0.0,7,1,0,1,1,3.0,0,2.0,0,168.0,210.0,60.0,240.0,2020
5,D,12.03,43.0,6.0,1.0,83,1.0,0.0,0.0,1,87,0,0.0,0,6.0,1.0,1,3.0,7,1,0,1,1,0.0,0,1.0,0,57.0,71.0,0.0,120.0,2020
8,D,90.0,35.0,4.0,1.0,60,1.0,0.0,0.0,1,67,1,0.0,0,5.0,1.0,1,0.0,7,1,0,1,1,0.0,0,1.0,0,135.0,168.0,60.0,240.0,2020
2,D,90.0,73.0,8.0,1.0,65,1.0,1.0,0.0,1,73,1,0.0,0,3.0,1.0,1,0.0,7,1,0,1,1,0.0,0,1.0,0,151.0,188.0,60.0,240.0,2020
8,D,27.0,30.0,3.0,1.0,65,1.0,0.0,0.0,1,73,1,0.0,0,6.0,1.0,1,0.0,7,1,0,1,1,0.0,0,1.0,0,51.0,63.0,0.0,240.0,2020
1,D,120.0,55.0,7.0,1.0,11,1.0,1.0,1.0,1,9,1,0.0,0,5.0,1.0,1,0.0,7,1,0,1,1,1.0,0,1.0,0,120.0,120.0,120.0,240.0,2020
6,D,188.0,34.0,4.0,1.0,89,1.0,1.0,6.0,1,30,1,0.0,0,6.0,1.0,1,1.0,7,1,0,1,1,6.0,0,3.0,0,151.0,188.0,60.0,240.0,2020
2,D,60.0,49.0,6.0,1.0,84,1.0,1.0,0.0,1,88,2,0.0,0,6.0,3.0,1,0.0,7,1,0,1,1,0.0,0,1.0,0,151.0,188.0,60.0,240.0,2020
2,D,87.0,57.0,7.0,1.0,17,1.0,0.0,0.0,1,15,1,0.0,0,3.0,1.0,1,0.0,7,1,0,1,1,0.0,0,1.0,0,87.0,108.0,0.0,240.0,2020
1,D,120.0,30.0,3.0,1.0,46,1.0,1.0,3.0,1,53,1,0.0,0,5.0,1.0,1,0.0,7,1,0,1,1,3.0,0,2.0,0,120.0,120.0,120.0,240.0,2020
4,D,108.0,31.0,4.0,1.0,56,1.0,1.0,3.0,1,63,1,0.0,0,3.0,1.0,1,3.0,7,1,0,1,1,5.0,0,3.0,0,121.0,151.0,0.0,240.0,2020
1,D,96.0,51.0,7.0,1.0,43,1.0,1.0,6.0,1,49,1,0.0,0,3.0,1.0,1,0.0,7,1,0,1,1,6.0,0,3.0,0,121.0,151.0,120.0,240.0,2020
6,D,96.0,24.0,2.0,1.0,89,1.0,0.0,0.0,1,30,1,0.0,0,1.0,1.0,1,0.0,7,1,0,1,1,0.0,0,1.0,0,151.0,188.0,60.0,240.0,2020
4,D,188.0,55.0,7.0,1.0,56,1.0,1.0,4.0,1,63,1,0.0,0,3.0,1.0,1,0.0,7,1,0,1,1,4.0,0,3.0,0,188.0,235.0,60.0,240.0,2020
4,D,0.03,64.0,8.0,1.0,67,1.0,1.0,0.0,1,71,1,0.0,0,6.0,6.0,1,0.0,7,1,0,2,1,0.0,0,1.0,0,24.0,30.0,0.0,120.0,2020
3,D,95.0,27.0,3.0,1.0,57,1.0,0.0,0.0,1,64,1,0.0,0,3.0,1.0,1,0.0,7,1,0,1,1,0.0,0,1.0,0,210.0,240.0,60.0,240.0,2020
2,D,60.0,52.0,7.0,1.0,24,1.0,1.0,0.0,1,22,1,0.0,0,5.0,1.0,1,0.0,7,1,0,1,1,0.0,0,1.0,0,63.0,78.0,60.0,240.0,2020
2,D,84.0,33.0,4.0,1.0,86,1.0,0.0,0.0,1,27,1,0.0,0,5.0,1.0,3,3.0,7,1,0,1,1,0.0,0,1.0,0,151.0,188.0,60.0,240.0,2020
1,D,60.0,57.0,7.0,1.0,50,1.0,1.0,0.0,1,56,1,0.0,0,3.0,1.0,1,0.0,7,1,0,1,1,0.0,0,1.0,0,168.0,210.0,60.0,240.0,2020
4,D,108.0,35.0,4.0,1.0,57,1.0,1.0,2.0,1,64,1,0.0,0,3.0,1.0,1,1.0,7,1,0,1,1,4.0,0,3.0,0,151.0,188.0,60.0,240.0,2020
1,D,120.0,42.0,6.0,1.0,38,1.0,1.0,3.0,1,44,1,0.0,0,5.0,1.0,1,1.0,7,1,0,1,1,5.0,0,3.0,0,120.0,120.0,120.0,240.0,2020
5,D,120.0,44.0,6.0,1.0,20,1.0,1.0,8.0,1,17,1,0.0,0,5.0,1.0,1,0.0,7,1,0,1,1,8.0,0,4.0,0,120.0,120.0,120.0,240.0,2020
1,D,84.0,19.0,1.0,1.0,56,1.0,1.0,0.0,1,63,1,0.0,0,3.0,1.0,1,0.0,7,1,0,1,1,0.0,0,1.0,0,97.0,121.0,0.0,240.0,2020
4,D,78.0,48.0,6.0,1.0,53,1.0,1.0,0.0,1,60,1,0.0,0,3.0,1.0,1,0.0,7,1,0,1,1,0.0,0,1.0,0,78.0,97.0,0.0,120.0,2020
2,D,37.0,47.0,6.0,1.0,79,1.0,0.0,0.0,1,83,1,0.0,0,6.0,1.0,1,0.0,7,1,0,1,1,0.0,0,1.0,0,37.0,46.0,0.0,120.0,2020
4,D,96.0,33.0,4.0,1.0,48,1.0,1.0,0.0,1,54,1,0.0,0,5.0,1.0,1,0.0,7,1,0,1,1,0.0,0,1.0,0,121.0,151.0,60.0,240.0,2020
5,D,180.0,57.0,7.0,1.0,9,1.0,1.0,5.0,1,6,1,0.0,0,3.0,1.0,2,0.0,7,1,0,1,1,7.0,0,4.0,0,180.0,210.0,180.0,480.0,2020
5,D,200.0,40.0,5.0,1.0,9,1.0,1.0,3.0,3,6,1,0.0,1,6.0,1.0,3,0.0,7,1,0,1,1,5.0,0,3.0,0,360.0,1200.0,180.0,480.0,2020
1,D,,39.0,5.0,1.0,11,1.0,0.0,0.0,1,9,1,0.0,0,6.0,1.0,1,0.0,7,0,1,4,0,0.0,0,1.0,0,78.0,97.0,0.0,120.0,2020
3,D,240.0,76.0,8.0,1.0,22,1.0,1.0,0.0,3,19,1,0.0,1,5.0,1.0,3,0.0,7,1,0,1,1,0.0,0,1.0,0,210.0,262.0,60.0,240.0,2020
E,D,60.0,34.0,4.0,1.0,24,1.0,0.0,0.0,1,22,2,0.0,0,6.0,3.0,1,0.0,7,1,0,1,1,0.0,0,1.0,0,97.0,121.0,60.0,240.0,2020
1,D,72.0,32.0,4.0,1.0,1,1.0,1.0,0.0,1,90,1,0.0,0,3.0,2.0,1,0.0,7,1,0,1,1,0.0,0,1.0,0,97.0,121.0,60.0,240.0,2020
1,D,96.0,30.0,3.0,1.0,11,1.0,1.0,1.0,1,9,1,0.0,0,5.0,1.0,1,2.0,7,1,0,1,1,1.0,0,1.0,0,151.0,188.0,60.0,240.0,2020
4,D,63.0,38.0,5.0,1.0,34,1.0,0.0,0.0,1,39,1,0.0,0,5.0,1.0,1,1.0,7,1,0,1,1,0.0,0,1.0,0,63.0,78.0,0.0,240.0,2020
3,D,144.0,26.0,3.0,1.0,42,1.0,1.0,0.0,1,48,1,0.0,0,5.0,1.0,1,0.0,7,1,0,1,1,0.0,0,1.0,0,168.0,210.0,60.0,240.0,2020
4,D,97.0,42.0,6.0,1.0,33,1.0,0.0,0.0,1,40,2,0.0,0,5.0,3.0,1,0.0,7,1,0,1,1,0.0,0,1.0,0,97.0,121.0,0.0,240.0,2020
2,D,36.0,71.0,8.0,1.0,59,1.0,0.0,0.0,1,66,1,0.0,0,6.0,1.0,1,0.0,7,1,0,1,1,0.0,0,1.0,0,46.0,57.0,0.0,120.0,2020
2,D,84.0,39.0,5.0,1.0,24,1.0,0.0,0.0,1,22,1,0.0,0,5.0,1.0,1,1.0,7,1,0,1,1,0.0,0,1.0,0,97.0,121.0,60.0,240.0,2020
2,D,188.0,62.0,8.0,1.0,59,1.0,0.0,0.0,1,66,0,0.0,0,5.0,1.0,1,2.0,7,1,0,1,1,0.0,0,1.0,0,151.0,188.0,60.0,240.0,2020
4,D,168.0,35.0,4.0,1.0,48,1.0,1.0,9.0,1,54,1,0.0,0,3.0,1.0,2,1.0,7,1,0,1,1,9.0,0,4.0,0,168.0,210.0,0.0,120.0,2020
5,D,96.0,35.0,4.0,1.0,79,1.0,1.0,4.0,1,83,1,0.0,0,5.0,1.0,1,0.0,7,1,0,1,1,6.0,0,3.0,0,120.0,120.0,0.0,120.0,2020
1,D,54.0,54.0,7.0,1.0,11,1.0,1.0,0.0,1,9,1,0.0,0,5.0,1.0,1,2.0,7,1,0,1,1,0.0,0,1.0,0,78.0,97.0,0.0,240.0,2020
6,D,120.0,55.0,7.0,1.0,79,1.0,1.0,0.0,1,83,1,0.0,0,6.0,1.0,1,0.0,7,1,0,1,1,0.0,0,1.0,0,151.0,188.0,60.0,240.0,2020
1,D,78.0,58.0,7.0,1.0,50,1.0,0.0,0.0,1,56,1,0.0,0,3.0,1.0,1,0.0,7,1,0,1,1,0.0,0,1.0,0,78.0,97.0,60.0,240.0,2020
1,D,60.0,68.0,8.0,1.0,11,1.0,0.0,0.0,1,9,1,0.0,0,3.0,1.0,1,0.0,7,1,0,1,1,0.0,0,1.0,0,240.0,240.0,0.0,240.0,2020
6,D,120.0,49.0,6.0,1.0,81,1.0,0.0,0.0,3,86,1,0.0,1,1.0,1.0,1,0.0,7,1,0,1,1,0.0,0,1.0,0,120.0,120.0,0.0,120.0,2020
1,D,97.0,31.0,4.0,1.0,46,1.0,1.0,1.0,1,53,1,0.0,0,3.0,1.0,1,0.0,7,1,0,1,1,1.0,0,1.0,0,121.0,151.0,60.0,240.0,2020
4,D,36.0,25.0,2.0,1.0,59,1.0,0.0,0.0,1,66,0,0.0,0,5.0,1.0,1,0.0,7,1,0,1,1,0.0,0,1.0,0,70.0,87.0,0.0,240.0,2020
1,D,60.0,32.0,4.0,1.0,1,1.0,1.0,0.0,1,90,1,0.0,0,3.0,1.0,1,0.0,7,1,0,1,1,0.0,0,1.0,0,70.0,87.0,60.0,240.0,2020
1,D,72.0,36.0,5.0,1.0,43,1.0,1.0,3.0,1,49,1,0.0,0,5.0,1.0,1,1.0,7,1,0,1,1,3.0,0,2.0,0,108.0,120.0,0.0,120.0,2020
6,D,120.0,46.0,6.0,1.0,11,1.0,1.0,2.0,1,9,1,0.0,0,3.0,1.0,1,2.0,7,1,0,1,1,4.0,0,3.0,0,121.0,151.0,60.0,240.0,2020
4,D,121.0,52.0,7.0,1.0,57,1.0,1.0,3.0,1,64,1,0.0,0,5.0,1.0,1,0.0,7,1,0,1,1,5.0,0,3.0,0,121.0,151.0,120.0,240.0,2020
4,D,120.0,49.0,6.0,1.0,57,1.0,0.0,0.0,1,64,1,0.0,0,3.0,1.0,2,0.0,7,1,0,1,1,0.0,0,1.0,0,151.0,188.0,60.0,240.0,2020
1,D,120.0,29.0,3.0,1.0,46,1.0,1.0,6.0,1,53,1,0.0,0,3.0,1.0,5,1.0,7,1,0,1,1,8.0,0,4.0,0,135.0,168.0,60.0,240.0,2020
3,D,78.0,46.0,6.0,1.0,68,1.0,0.0,0.0,1,74,2,0.0,0,3.0,3.0,1,,7,1,0,1,1,0.0,0,1.0,0,78.0,97.0,0.0,240.0,2020
1,D,70.0,39.0,5.0,1.0,50,1.0,1.0,3.0,1,56,1,0.0,0,5.0,1.0,1,0.0,7,1,0,1,1,3.0,0,2.0,0,70.0,87.0,0.0,240.0,2020
6,D,72.0,57.0,7.0,1.0,59,1.0,1.0,2.0,1,66,1,0.0,0,5.0,1.0,1,0.0,7,1,0,1,1,2.0,0,2.0,0,108.0,135.0,60.0,240.0,2020
4,D,72.0,25.0,2.0,1.0,24,1.0,0.0,0.0,1,22,1,0.0,0,3.0,1.0,1,0.0,7,1,0,1,1,0.0,0,1.0,0,70.0,87.0,60.0,240.0,2020
1,D,180.0,49.0,6.0,1.0,1,1.0,1.0,3.0,1,90,1,0.0,0,5.0,2.0,1,0.0,7,1,0,1,1,3.0,0,5.0,0,180.0,210.0,180.0,480.0,2020
1,D,78.0,27.0,3.0,1.0,9,1.0,0.0,0.0,1,6,1,0.0,0,6.0,1.0,3,0.0,7,1,0,1,1,0.0,0,1.0,0,210.0,262.0,60.0,240.0,2020
4,D,48.0,38.0,5.0,1.0,90,1.0,1.0,9.0,1,29,1,0.0,0,1.0,2.0,9,0.0,8,1,0,1,1,9.0,0,4.0,0,33.0,41.0,0.0,60.0,2020
5,D,40.0,45.0,6.0,1.0,55,1.0,1.0,0.0,1,62,1,0.0,0,5.0,1.0,1,1.0,7,1,0,1,1,0.0,0,1.0,0,57.0,71.0,0.0,240.0,2020
1,D,120.0,55.0,7.0,1.0,78,1.0,1.0,0.0,1,82,1,0.0,0,6.0,1.0,1,0.0,7,1,0,1,1,0.0,0,1.0,0,120.0,120.0,0.0,120.0,2020
1,D,60.0,20.0,1.0,1.0,70,1.0,0.0,0.0,1,75,1,0.0,0,5.0,6.0,1,0.0,7,1,0,1,1,0.0,0,1.0,0,120.0,120.0,0.0,120.0,2020
2,D,97.0,64.0,8.0,1.0,34,1.0,1.0,0.0,1,39,1,0.0,0,3.0,1.0,1,0.0,7,1,0,1,1,0.0,0,1.0,0,78.0,97.0,0.0,240.0,2020
1,D,57.0,62.0,8.0,1.0,26,1.0,1.0,0.0,1,24,1,0.0,0,5.0,1.0,1,0.0,7,1,0,1,1,0.0,0,1.0,0,57.0,71.0,0.0,240.0,2020
1,D,36.0,51.0,7.0,1.0,3,1.0,1.0,0.0,1,1,1,0.0,0,3.0,1.0,1,2.0,7,1,0,1,1,0.0,0,1.0,0,78.0,97.0,0.0,240.0,2020
3,D,30.0,71.0,8.0,1.0,22,1.0,1.0,0.0,1,19,1,0.0,0,3.0,2.0,1,1.0,7,1,0,1,1,0.0,0,1.0,0,78.0,97.0,0.0,240.0,2020
3,D,108.0,61.0,8.0,1.0,34,1.0,1.0,0.0,1,39,1,0.0,0,3.0,1.0,1,0.0,7,1,0,1,1,0.0,0,1.0,0,151.0,188.0,60.0,240.0,2020
1,D,84.0,21.0,2.0,1.0,11,1.0,0.0,0.0,1,9,1,0.0,0,3.0,1.0,1,0.0,7,1,0,1,1,0.0,0,1.0,0,97.0,121.0,0.0,240.0,2020
4,D,42.0,35.0,4.0,1.0,67,1.0,0.0,0.0,1,71,1,0.0,0,5.0,1.0,1,0.0,7,1,0,1,1,0.0,0,1.0,0,78.0,97.0,0.0,240.0,2020
7,D,6.0,41.0,6.0,1.0,25,1.0,0.0,0.0,1,23,1,0.0,0,3.0,1.0,1,2.0,7,1,0,1,1,0.0,0,1.0,0,30.0,37.0,0.0,120.0,2020
5,D,135.0,56.0,7.0,1.0,62,1.0,1.0,3.0,1,69,1,0.0,0,3.0,6.0,1,0.0,7,1,0,2,1,3.0,0,2.0,0,120.0,120.0,120.0,240.0,2020
2,D,51.0,73.0,8.0,1.0,71,1.0,0.0,0.0,1,76,1,0.0,0,3.0,1.0,1,0.0,7,1,0,1,1,0.0,0,1.0,0,78.0,97.0,0.0,240.0,2020
6,D,144.0,50.0,6.0,1.0,11,1.0,1.0,3.0,1,9,1,0.0,0,3.0,1.0,1,3.0,7,1,0,1,1,5.0,0,3.0,0,120.0,121.0,120.0,240.0,2020
1,C,0.03,38.0,5.0,1.0,78,1.0,1.0,1.0,1,82,1,0.0,0,3.0,2.0,1,3.0,8,1,0,1,1,1.0,0,1.0,0,10.0,16.0,0.0,240.0,2020
5,D,60.0,22.0,2.0,1.0,62,1.0,1.0,2.0,1,69,2,0.0,0,3.0,3.0,1,0.0,7,1,0,1,1,2.0,0,2.0,0,60.0,60.0,60.0,240.0,2020
1,D,87.0,37.0,5.0,1.0,50,1.0,1.0,0.0,1,56,1,0.0,0,5.0,1.0,5,1.0,7,1,0,1,1,0.0,0,1.0,0,87.0,108.0,60.0,240.0,2020
4,D,151.0,41.0,6.0,1.0,59,1.0,1.0,0.0,1,66,0,0.0,0,5.0,1.0,1,2.0,7,1,0,1,1,0.0,0,1.0,0,151.0,188.0,60.0,240.0,2020
4,D,235.0,42.0,6.0,1.0,71,1.0,1.0,6.0,1,76,0,0.0,0,5.0,6.0,1,0.0,7,1,0,1,1,8.0,0,4.0,0,235.0,240.0,60.0,240.0,2020
3,D,68.0,59.0,7.0,1.0,29,1.0,1.0,0.0,1,96,1,0.0,0,3.0,1.0,2,0.0,7,1,0,1,1,0.0,0,1.0,0,97.0,121.0,60.0,240.0,2020
3,D,48.0,22.0,2.0,1.0,57,1.0,1.0,0.0,1,64,1,0.0,0,3.0,1.0,1,0.0,7,1,0,1,1,0.0,0,1.0,0,97.0,121.0,0.0,240.0,2020
6,D,108.0,43.0,6.0,1.0,59,1.0,0.0,0.0,1,66,1,0.0,0,5.0,1.0,1,2.0,7,1,0,1,1,0.0,0,1.0,0,151.0,188.0,60.0,240.0,2020
1,D,48.0,47.0,6.0,1.0,91,3.0,0.0,0.0,1,31,2,0.0,0,6.0,3.0,1,0.0,7,1,0,1,1,0.0,0,1.0,0,51.0,63.0,0.0,240.0,2020
1,D,120.0,39.0,5.0,1.0,50,1.0,1.0,3.0,1,56,1,0.0,0,3.0,1.0,1,0.0,7,1,0,1,1,3.0,0,2.0,0,120.0,135.0,120.0,240.0,2020
1,D,151.0,46.0,6.0,1.0,50,1.0,0.0,0.0,1,56,1,0.0,0,5.0,1.0,1,0.0,7,1,0,1,1,0.0,0,1.0,0,151.0,188.0,60.0,240.0,2020
1,D,96.0,31.0,4.0,1.0,41,1.0,1.0,1.0,1,47,1,0.0,0,5.0,1.0,1,0.0,7,1,0,1,1,1.0,0,1.0,0,87.0,108.0,60.0,240.0,2020
6,D,170.0,41.0,6.0,1.0,32,2.0,1.0,1.0,3,38,1,0.0,1,6.0,6.0,3,0.0,7,1,0,1,1,3.0,0,2.0,0,151.0,188.0,0.0,240.0,2020
6,D,78.0,29.0,3.0,1.0,81,1.0,0.0,0.0,1,86,1,0.0,0,3.0,1.0,1,0.0,7,1,0,1,1,0.0,0,1.0,0,78.0,97.0,0.0,240.0,2020
3,D,72.0,27.0,3.0,1.0,22,1.0,1.0,0.0,1,19,1,0.0,0,6.0,1.0,1,0.0,7,1,0,1,1,0.0,0,1.0,0,97.0,121.0,60.0,240.0,2020
3,D,120.0,54.0,7.0,1.0,42,1.0,1.0,3.0,1,48,1,0.0,0,5.0,1.0,1,0.0,7,1,0,1,1,5.0,0,3.0,0,121.0,151.0,120.0,240.0,2020
3,D,120.0,69.0,8.0,1.0,57,1.0,1.0,6.0,1,64,1,0.0,0,6.0,1.0,1,0.0,7,1,0,1,1,8.0,0,4.0,0,151.0,188.0,120.0,240.0,2020
3,D,60.0,56.0,7.0,1.0,48,1.0,1.0,0.0,1,54,1,0.0,0,3.0,1.0,2,0.0,7,1,0,1,1,0.0,0,1.0,0,151.0,188.0,60.0,240.0,2020
6,D,60.0,52.0,7.0,1.0,11,1.0,1.0,0.0,1,9,1,0.0,0,5.0,1.0,1,0.0,7,1,0,1,1,0.0,0,1.0,0,97.0,121.0,0.0,240.0,2020
6,D,180.0,42.0,6.0,1.0,11,1.0,1.0,3.0,1,9,1,0.0,0,5.0,1.0,1,0.0,7,1,0,1,1,5.0,0,3.0,0,180.0,180.0,180.0,480.0,2020
2,D,84.0,30.0,3.0,1.0,87,1.0,1.0,0.0,1,26,1,0.0,0,5.0,1.0,1,0.0,7,1,0,1,1,0.0,0,1.0,0,78.0,97.0,0.0,240.0,2020
4,D,60.0,39.0,5.0,1.0,58,1.0,0.0,0.0,1,65,1,0.0,0,6.0,1.0,1,3.0,7,1,0,1,1,0.0,0,1.0,0,97.0,121.0,60.0,240.0,2020
3,D,41.0,34.0,4.0,1.0,75,1.0,1.0,0.0,1,79,1,0.0,0,3.0,6.0,1,0.0,7,1,0,1,1,0.0,0,1.0,0,78.0,97.0,0.0,120.0,2020
3,C,15.0,68.0,8.0,1.0,90,1.0,1.0,0.0,1,29,1,0.0,0,3.0,1.0,3,2.0,8,1,0,1,1,0.0,0,1.0,0,12.0,18.0,0.0,60.0,2020
6,D,0.03,26.0,3.0,1.0,11,1.0,0.0,0.0,1,9,1,0.0,0,5.0,1.0,1,0.0,7,1,0,1,1,0.0,0,1.0,0,46.0,57.0,0.0,240.0,2020
1,D,0.03,48.0,6.0,1.0,19,1.0,1.0,1.0,1,16,1,1.0,0,3.0,6.0,1,1.0,8,1,0,2,1,1.0,0,1.0,0,21.0,27.0,0.0,60.0,2020
0,D,36.0,28.0,3.0,1.0,91,1.0,0.0,0.0,1,31,2,0.0,0,5.0,3.0,1,1.0,7,1,0,1,1,0.0,0,1.0,0,78.0,97.0,0.0,240.0,2020
1,D,30.0,60.0,7.0,1.0,93,1.0,1.0,0.0,1,32,1,0.0,0,6.0,2.0,1,5.0,7,1,0,1,1,0.0,0,1.0,0,63.0,78.0,0.0,240.0,2020
6,D,71.0,46.0,6.0,1.0,23,1.0,1.0,0.0,1,20,1,0.0,0,5.0,1.0,1,2.0,7,1,0,1,1,0.0,0,1.0,0,57.0,71.0,0.0,240.0,2020
1,D,60.0,33.0,4.0,1.0,11,1.0,1.0,0.0,1,9,1,0.0,0,5.0,1.0,1,0.0,7,1,0,1,1,0.0,0,1.0,0,78.0,97.0,0.0,240.0,2020
8,D,180.0,58.0,7.0,1.0,60,1.0,1.0,3.0,1,67,1,0.0,0,5.0,1.0,1,0.0,7,1,0,1,1,3.0,0,2.0,0,235.0,293.0,180.0,480.0,2020
1,D,144.0,31.0,4.0,1.0,41,1.0,0.0,0.0,1,47,1,0.0,0,5.0,1.0,2,0.0,7,1,0,1,1,0.0,0,1.0,0,121.0,151.0,120.0,9996.0,2020
2,D,235.0,33.0,4.0,1.0,15,1.0,1.0,0.0,1,13,1,0.0,0,6.0,1.0,2,0.0,7,1,0,1,1,0.0,0,1.0,0,188.0,235.0,60.0,240.0,2020
3,D,63.0,64.0,8.0,1.0,50,1.0,1.0,2.0,1,56,1,0.0,0,3.0,1.0,1,0.0,7,1,0,1,1,2.0,0,2.0,0,70.0,87.0,0.0,240.0,2020
3,B,8.0,25.0,2.0,1.0,90,1.0,1.0,0.0,1,29,1,1.0,0,3.0,1.0,3,0.0,8,1,0,1,1,0.0,0,1.0,0,8.0,14.0,0.0,60.0,2020
4,D,42.0,37.0,5.0,1.0,67,1.0,1.0,4.0,1,71,1,1.0,0,3.0,2.0,1,0.0,7,1,0,1,1,4.0,0,3.0,0,135.0,168.0,0.0,240.0,2020
4,D,80.0,36.0,5.0,1.0,59,1.0,1.0,0.0,1,66,1,0.0,0,3.0,1.0,2,2.0,7,1,0,1,1,0.0,0,1.0,0,151.0,188.0,60.0,240.0,2020
4,D,121.0,42.0,6.0,1.0,41,1.0,0.0,0.0,1,47,1,0.0,0,3.0,1.0,2,2.0,7,1,0,1,1,0.0,0,1.0,0,151.0,188.0,60.0,240.0,2020
6,D,151.0,38.0,5.0,1.0,33,1.0,0.0,0.0,1,40,1,0.0,0,3.0,2.0,1,0.0,7,1,0,1,1,0.0,0,1.0,0,151.0,188.0,60.0,240.0,2020
1,D,98.0,26.0,3.0,1.0,33,1.0,0.0,0.0,1,40,2,0.0,0,3.0,3.0,1,0.0,7,1,0,1,1,0.0,0,1.0,0,87.0,108.0,0.0,240.0,2020
4,D,66.0,63.0,8.0,1.0,24,1.0,1.0,12.0,1,22,1,0.0,0,3.0,1.0,12,0.0,7,1,0,1,1,14.0,0,6.0,0,92.0,115.0,60.0,240.0,2020
3,D,18.0,36.0,5.0,1.0,90,1.0,1.0,1.0,3,29,1,0.0,1,1.0,1.0,1,7.0,8,1,0,1,1,1.0,0,1.0,0,27.0,33.0,0.0,60.0,2020
5,D,60.0,52.0,7.0,1.0,62,1.0,1.0,0.0,1,69,1,0.0,0,5.0,1.0,1,0.0,7,1,0,1,1,0.0,0,1.0,0,60.0,60.0,60.0,240.0,2020
2,D,168.0,27.0,3.0,1.0,43,1.0,0.0,0.0,1,49,1,0.0,0,5.0,1.0,1,0.0,7,1,0,1,1,0.0,0,1.0,0,240.0,240.0,60.0,240.0,2020
2,D,97.0,48.0,6.0,1.0,64,1.0,0.0,0.0,1,70,1,0.0,0,6.0,6.0,1,0.0,7,1,0,1,1,0.0,0,1.0,0,151.0,188.0,60.0,240.0,2020
1,D,40.0,60.0,7.0,1.0,36,1.0,0.0,0.0,1,42,1,0.0,0,6.0,1.0,1,2.0,7,1,0,1,1,0.0,0,1.0,0,70.0,87.0,0.0,240.0,2020
2,D,0.03,28.0,3.0,1.0,77,4.0,1.0,0.0,1,81,2,0.0,0,1.0,3.0,1,1.0,7,1,0,1,1,0.0,0,1.0,0,70.0,87.0,0.0,240.0,2020
2,D,42.0,37.0,5.0,1.0,65,1.0,1.0,3.0,1,73,1,0.0,0,5.0,1.0,1,0.0,7,1,0,1,1,3.0,0,2.0,0,87.0,108.0,0.0,240.0,2020
0,D,188.0,34.0,4.0,1.0,36,1.0,1.0,3.0,1,42,1,0.0,0,6.0,1.0,1,0.0,7,1,0,1,1,5.0,0,3.0,0,188.0,235.0,60.0,240.0,2020
1,D,151.0,31.0,4.0,1.0,50,1.0,1.0,0.0,1,56,1,0.0,0,5.0,2.0,1,0.0,7,1,0,1,1,0.0,0,1.0,0,151.0,188.0,60.0,240.0,2020
3,D,144.0,25.0,2.0,1.0,47,1.0,1.0,0.0,1,52,1,0.0,0,5.0,1.0,2,0.0,7,1,0,1,1,0.0,0,1.0,0,210.0,262.0,60.0,240.0,2020
4,D,108.0,35.0,4.0,1.0,67,1.0,0.0,0.0,1,71,2,0.0,0,3.0,3.0,2,0.0,7,1,0,1,1,0.0,0,1.0,0,151.0,188.0,0.0,120.0,2020
4,D,30.0,40.0,5.0,1.0,38,1.0,1.0,0.0,1,44,1,0.0,0,1.0,1.0,1,0.0,7,1,0,1,1,0.0,0,1.0,0,87.0,108.0,0.0,240.0,2020
3,D,96.0,55.0,7.0,1.0,34,1.0,1.0,0.0,1,39,1,0.0,0,3.0,1.0,1,0.0,7,1,0,1,1,0.0,0,1.0,0,121.0,151.0,60.0,240.0,2020
7,D,135.0,51.0,7.0,1.0,17,1.0,1.0,3.0,1,15,1,0.0,0,6.0,1.0,2,0.0,7,1,0,1,1,3.0,0,2.0,0,135.0,168.0,120.0,240.0,2020
6,D,120.0,42.0,6.0,1.0,59,1.0,1.0,6.0,1,66,0,0.0,0,3.0,1.0,1,0.0,7,1,0,1,1,8.0,0,4.0,0,120.0,120.0,120.0,240.0,2020
3,D,160.0,41.0,6.0,1.0,22,1.0,1.0,1.0,1,19,1,0.0,0,1.0,1.0,3,,7,1,0,1,1,3.0,0,2.0,0,168.0,210.0,60.0,240.0,2020
1,D,151.0,39.0,5.0,1.0,41,1.0,1.0,1.0,1,47,1,0.0,0,5.0,1.0,2,0.0,7,1,0,1,1,1.0,0,1.0,0,151.0,188.0,60.0,240.0,2020
2,D,197.0,48.0,6.0,1.0,79,1.0,1.0,3.0,1,83,1,0.0,0,3.0,1.0,1,0.0,7,1,0,1,1,5.0,0,3.0,0,188.0,235.0,180.0,480.0,2020
4,D,144.0,48.0,6.0,1.0,56,1.0,1.0,9.0,1,63,1,0.0,0,1.0,1.0,1,3.0,7,1,0,1,1,11.0,0,5.0,0,130.0,162.0,60.0,240.0,2020
2,D,132.0,28.0,3.0,1.0,37,1.0,1.0,0.0,1,43,1,0.0,0,3.0,1.0,1,0.0,7,1,0,1,1,0.0,0,1.0,0,188.0,235.0,60.0,240.0,2020
7,D,25.0,41.0,6.0,1.0,20,1.0,1.0,2.0,1,17,1,1.0,0,,2.0,1,0.0,8,1,0,1,1,2.0,0,2.0,0,21.0,27.0,0.0,120.0,2020
2,D,,25.0,2.0,1.0,84,1.0,0.0,0.0,1,88,1,0.0,0,1.0,1.0,1,1.0,7,0,1,4,0,0.0,0,1.0,0,97.0,121.0,0.0,240.0,2020
3,D,60.0,26.0,3.0,1.0,75,1.0,1.0,1.0,1,79,1,0.0,0,3.0,1.0,1,1.0,7,1,0,1,1,1.0,0,1.0,0,97.0,121.0,60.0,240.0,2020
2,D,120.0,61.0,8.0,1.0,76,1.0,1.0,6.0,1,80,1,0.0,0,5.0,1.0,1,1.0,7,1,0,1,1,8.0,0,4.0,0,151.0,188.0,60.0,240.0,2020
3,D,60.0,40.0,5.0,1.0,42,1.0,0.0,0.0,1,48,1,0.0,0,3.0,1.0,1,0.0,7,1,0,1,1,0.0,0,1.0,0,121.0,151.0,0.0,240.0,2020
1,D,33.0,49.0,6.0,1.0,55,1.0,1.0,0.0,1,62,1,0.0,0,5.0,1.0,1,0.0,7,1,0,1,1,0.0,0,1.0,0,41.0,51.0,0.0,240.0,2020
6,D,68.0,27.0,3.0,1.0,21,1.0,0.0,0.0,1,18,1,0.0,0,1.0,1.0,1,0.0,7,1,0,1,1,0.0,0,1.0,0,151.0,188.0,60.0,240.0,2020
2,D,120.0,49.0,6.0,1.0,15,1.0,1.0,3.0,1,13,1,0.0,0,3.0,1.0,1,0.0,7,1,0,1,1,5.0,0,3.0,0,120.0,120.0,120.0,240.0,2020
4,D,82.0,51.0,7.0,1.0,58,1.0,0.0,0.0,1,65,1,0.0,0,6.0,1.0,1,1.0,7,1,0,1,1,0.0,0,1.0,0,121.0,151.0,60.0,240.0,2020
4,D,84.0,53.0,7.0,1.0,34,1.0,1.0,0.0,1,39,1,0.0,0,5.0,1.0,1,0.0,7,1,0,1,1,0.0,0,1.0,0,151.0,188.0,60.0,240.0,2020
3,D,60.0,53.0,7.0,1.0,5,1.0,1.0,0.0,1,4,0,0.0,0,3.0,1.0,1,0.0,7,1,0,1,1,0.0,0,1.0,0,60.0,60.0,60.0,240.0,2020
2,D,48.0,39.0,5.0,1.0,84,1.0,1.0,0.0,1,88,1,0.0,0,5.0,1.0,1,1.0,7,1,0,1,1,0.0,0,1.0,0,78.0,97.0,0.0,240.0,2020
4,D,72.0,32.0,4.0,1.0,90,1.0,1.0,0.0,1,29,1,0.0,0,5.0,1.0,2,1.0,7,1,0,1,1,0.0,0,1.0,0,97.0,121.0,60.0,240.0,2020
6,D,110.0,28.0,3.0,1.0,36,1.0,1.0,0.0,1,42,1,0.0,0,1.0,1.0,1,0.0,7,1,0,1,1,0.0,0,1.0,0,97.0,120.0,0.0,120.0,2020
3,C,12.03,37.0,5.0,1.0,90,1.0,1.0,2.0,1,29,1,0.0,0,3.0,1.0,1,5.0,8,1,0,1,1,2.0,0,2.0,0,10.0,16.0,0.0,60.0,2020
5,D,96.0,32.0,4.0,1.0,7,1.0,0.0,0.0,1,5,2,0.0,0,3.0,3.0,1,0.0,7,1,0,1,1,0.0,0,1.0,0,151.0,188.0,60.0,240.0,2020
2,D,97.0,68.0,8.0,1.0,15,1.0,1.0,0.0,1,13,1,0.0,0,1.0,1.0,2,0.0,7,1,0,1,1,0.0,0,1.0,0,97.0,121.0,60.0,240.0,2020
6,D,240.0,35.0,4.0,1.0,36,1.0,1.0,0.0,1,42,1,0.0,0,5.0,1.0,1,0.0,7,1,0,1,1,0.0,0,1.0,0,97.0,121.0,0.0,240.0,2020
2,D,121.0,38.0,5.0,1.0,86,1.0,1.0,0.0,1,27,1,0.0,0,5.0,1.0,1,0.0,7,1,0,1,1,0.0,0,1.0,0,97.0,121.0,0.0,240.0,2020
4,D,65.0,37.0,5.0,1.0,67,1.0,1.0,9.0,1,71,2,0.0,0,3.0,3.0,1,0.0,7,1,0,1,1,11.0,0,5.0,0,130.0,162.0,0.0,240.0,2020
3,D,60.0,40.0,5.0,1.0,16,1.0,1.0,1.0,1,14,1,0.0,0,3.0,1.0,1,0.0,7,1,0,1,1,1.0,0,1.0,0,97.0,121.0,60.0,240.0,2020
1,D,72.0,37.0,5.0,1.0,1,1.0,1.0,0.0,1,90,1,0.0,0,5.0,1.0,1,0.0,7,1,0,1,1,0.0,0,1.0,0,108.0,135.0,60.0,240.0,2020
3,D,84.0,41.0,6.0,1.0,24,1.0,1.0,3.0,1,22,1,0.0,0,6.0,1.0,1,0.0,7,1,0,1,1,5.0,0,3.0,0,188.0,235.0,60.0,240.0,2020
1,D,121.0,62.0,8.0,1.0,43,1.0,1.0,0.0,1,49,1,0.0,0,5.0,1.0,2,0.0,7,1,0,1,1,0.0,0,1.0,0,180.0,180.0,180.0,480.0,2020
4,D,68.0,29.0,3.0,1.0,58,1.0,0.0,0.0,1,65,1,0.0,0,3.0,2.0,2,0.0,7,1,0,1,1,0.0,0,1.0,0,151.0,188.0,60.0,240.0,2020
8,D,87.0,56.0,7.0,1.0,65,2.0,1.0,0.0,1,73,2,0.0,0,1.0,3.0,2,0.0,7,1,0,1,1,0.0,0,1.0,0,135.0,168.0,60.0,240.0,2020
5,D,60.0,26.0,3.0,1.0,62,1.0,1.0,2.0,1,69,1,0.0,0,5.0,1.0,1,0.0,7,1,0,1,1,2.0,0,2.0,0,60.0,60.0,60.0,240.0,2020
3,D,135.0,41.0,6.0,1.0,68,1.0,1.0,2.0,1,74,1,0.0,0,6.0,1.0,1,,7,1,0,1,1,2.0,0,2.0,0,135.0,168.0,60.0,240.0,2020
4,D,78.0,48.0,6.0,1.0,82,1.0,1.0,1.0,1,85,1,0.0,0,3.0,1.0,2,0.0,7,1,0,1,1,1.0,0,1.0,0,151.0,188.0,60.0,240.0,2020
3,D,120.0,29.0,3.0,1.0,57,1.0,1.0,13.0,1,64,1,0.0,0,3.0,1.0,1,0.0,7,1,0,1,1,15.0,0,6.0,0,130.0,162.0,120.0,240.0,2020
3,D,60.0,26.0,3.0,1.0,68,1.0,1.0,0.0,1,74,2,0.0,0,3.0,3.0,1,,7,1,0,1,1,0.0,0,1.0,0,60.0,63.0,60.0,240.0,2020
3,D,120.0,32.0,4.0,1.0,67,1.0,1.0,3.0,1,71,1,0.0,0,3.0,1.0,1,0.0,7,1,0,1,1,5.0,0,3.0,0,120.0,121.0,120.0,240.0,2020
3,D,120.0,38.0,5.0,1.0,5,3.0,1.0,0.0,1,4,2,0.0,0,1.0,3.0,2,6.0,7,1,0,1,1,0.0,0,1.0,0,78.0,97.0,60.0,240.0,2020
2,D,65.0,34.0,4.0,1.0,21,1.0,1.0,0.0,1,18,1,0.0,0,5.0,1.0,1,3.0,7,1,0,1,1,0.0,0,1.0,0,210.0,240.0,60.0,240.0,2020
5,D,120.0,31.0,4.0,1.0,92,1.0,1.0,0.0,1,33,1,0.0,0,5.0,1.0,1,0.0,7,1,0,1,1,0.0,0,1.0,0,120.0,120.0,120.0,240.0,2020
1,D,63.0,23.0,2.0,1.0,71,1.0,0.0,0.0,1,76,2,0.0,0,5.0,3.0,1,0.0,7,1,0,1,1,0.0,0,1.0,0,78.0,97.0,0.0,240.0,2020
3,D,,56.0,7.0,1.0,68,1.0,0.0,0.0,4,74,1,0.0,1,6.0,1.0,1,0.0,7,0,1,4,0,0.0,0,1.0,0,63.0,78.0,0.0,240.0,2020
3,D,18.0,24.0,2.0,1.0,68,1.0,0.0,0.0,1,74,2,0.0,0,5.0,3.0,1,0.0,7,1,0,1,1,0.0,0,1.0,0,78.0,97.0,0.0,240.0,2020
3,D,235.0,41.0,6.0,1.0,34,1.0,1.0,2.0,1,39,1,0.0,0,1.0,1.0,1,2.0,7,1,0,1,1,2.0,0,2.0,0,188.0,235.0,0.0,240.0,2020
6,D,60.0,26.0,3.0,1.0,59,1.0,0.0,0.0,1,66,0,0.0,0,3.0,1.0,1,0.0,7,1,0,1,1,0.0,0,1.0,0,151.0,188.0,60.0,240.0,2020
6,D,210.0,28.0,3.0,1.0,59,1.0,0.0,0.0,3,66,2,0.0,1,5.0,3.0,1,0.0,7,1,0,1,1,0.0,0,1.0,0,210.0,240.0,60.0,240.0,2020
3,D,87.0,45.0,6.0,1.0,16,3.0,1.0,0.0,1,14,1,0.0,0,5.0,1.0,1,0.0,7,1,0,1,1,0.0,0,1.0,0,151.0,188.0,60.0,240.0,2020
4,D,200.0,47.0,6.0,1.0,56,1.0,1.0,3.0,1,63,1,0.0,0,3.0,1.0,1,0.0,7,1,0,1,1,3.0,0,2.0,0,240.0,240.0,60.0,240.0,2020
1,D,186.0,30.0,3.0,1.0,78,1.0,1.0,7.0,1,82,1,0.0,0,3.0,1.0,2,0.0,7,1,0,1,1,7.0,0,4.0,0,135.0,168.0,0.0,120.0,2020
1,D,60.0,33.0,4.0,1.0,46,1.0,1.0,0.0,1,53,1,0.0,0,5.0,1.0,1,3.0,7,1,0,1,1,0.0,0,1.0,0,60.0,60.0,60.0,240.0,2020
3,D,57.0,60.0,7.0,1.0,73,1.0,1.0,12.0,1,78,1,0.0,0,3.0,1.0,1,0.0,7,1,0,1,1,12.0,0,5.0,0,110.0,137.0,0.0,240.0,2020
2,D,36.0,59.0,7.0,1.0,73,1.0,1.0,0.0,1,78,2,0.0,0,3.0,3.0,1,1.0,7,1,0,1,1,0.0,0,1.0,0,78.0,97.0,0.0,240.0,2020
4,D,40.0,31.0,4.0,1.0,64,1.0,0.0,0.0,1,70,2,0.0,0,6.0,3.0,1,0.0,7,1,0,1,1,0.0,0,1.0,0,97.0,121.0,0.0,240.0,2020
4,D,720.0,41.0,6.0,1.0,35,1.0,1.0,4.0,1,41,1,0.0,0,1.0,1.0,3,0.0,7,1,0,1,1,4.0,0,3.0,0,720.0,720.0,180.0,360.0,2020
6,D,180.0,36.0,5.0,1.0,59,1.0,1.0,2.0,1,66,0,0.0,0,1.0,1.0,1,0.0,7,1,0,1,1,2.0,0,2.0,0,180.0,180.0,180.0,480.0,2020
6,D,72.0,51.0,7.0,1.0,59,1.0,0.0,0.0,1,66,0,0.0,0,6.0,1.0,1,1.0,7,1,0,1,1,0.0,0,1.0,0,78.0,97.0,60.0,240.0,2020
2,D,63.0,51.0,7.0,1.0,73,1.0,1.0,0.0,1,78,1,0.0,0,6.0,1.0,1,0.0,7,1,0,1,1,0.0,0,1.0,0,78.0,97.0,0.0,240.0,2020
3,D,97.0,21.0,2.0,1.0,34,1.0,0.0,0.0,1,39,1,0.0,0,3.0,1.0,1,0.0,7,1,0,1,1,0.0,0,1.0,0,97.0,121.0,0.0,240.0,2020
3,D,120.0,49.0,6.0,1.0,52,1.0,1.0,0.0,1,58,1,0.0,0,3.0,1.0,1,1.0,7,1,0,1,1,0.0,0,1.0,0,120.0,120.0,120.0,240.0,2020
3,D,96.0,44.0,6.0,1.0,42,1.0,1.0,1.0,1,48,1,0.0,0,5.0,1.0,1,1.0,7,1,0,1,1,1.0,0,1.0,0,151.0,188.0,60.0,240.0,2020
2,D,12.03,32.0,4.0,1.0,45,1.0,1.0,1.0,1,51,1,0.0,0,5.0,1.0,1,1.0,7,1,0,1,1,1.0,0,1.0,0,51.0,63.0,0.0,120.0,2020
4,D,100.0,45.0,6.0,1.0,20,1.0,0.0,0.0,1,17,1,0.0,0,5.0,1.0,1,0.0,7,1,0,1,1,0.0,0,1.0,0,121.0,151.0,60.0,240.0,2020
0,D,48.0,49.0,6.0,1.0,65,1.0,1.0,0.0,1,73,2,0.0,0,3.0,3.0,1,0.0,7,1,0,1,1,0.0,0,1.0,0,97.0,121.0,0.0,240.0,2020
6,D,150.0,30.0,3.0,1.0,33,3.0,1.0,0.0,1,40,2,0.0,0,3.0,3.0,1,0.0,7,1,0,1,1,0.0,0,1.0,0,135.0,168.0,0.0,240.0,2020
3,D,160.0,24.0,2.0,1.0,56,1.0,1.0,1.0,1,63,1,0.0,0,3.0,1.0,1,0.0,7,1,0,1,1,1.0,0,1.0,0,210.0,240.0,60.0,240.0,2020
3,D,60.0,36.0,5.0,1.0,68,1.0,0.0,0.0,1,74,1,0.0,0,5.0,1.0,1,,7,1,0,1,1,0.0,0,1.0,0,97.0,121.0,60.0,240.0,2020
1,D,144.0,33.0,4.0,1.0,25,1.0,0.0,0.0,1,23,1,0.0,0,3.0,1.0,3,3.0,7,1,0,1,1,0.0,0,1.0,0,151.0,188.0,60.0,240.0,2020
4,D,120.0,23.0,2.0,1.0,56,1.0,0.0,0.0,1,63,2,0.0,0,5.0,3.0,1,0.0,7,1,0,1,1,0.0,0,1.0,0,210.0,240.0,60.0,240.0,2020
1,D,97.0,29.0,3.0,1.0,50,1.0,1.0,0.0,1,56,1,0.0,0,6.0,1.0,1,0.0,7,1,0,1,1,0.0,0,1.0,0,97.0,121.0,60.0,240.0,2020
1,D,33.0,56.0,7.0,1.0,71,1.0,1.0,2.0,1,76,1,0.0,0,3.0,1.0,1,0.0,7,1,0,1,1,2.0,0,2.0,0,41.0,51.0,0.0,240.0,2020
1,D,96.0,45.0,6.0,1.0,9,1.0,0.0,0.0,1,6,1,0.0,0,6.0,1.0,4,0.0,7,1,0,1,1,0.0,0,1.0,0,151.0,188.0,60.0,240.0,2020
3,D,10.46,31.0,4.0,1.0,73,1.0,0.0,0.0,1,78,1,0.0,0,1.0,1.0,1,0.0,7,1,0,2,1,0.0,0,1.0,0,70.0,87.0,0.0,240.0,2020
1,D,51.0,57.0,7.0,1.0,93,1.0,1.0,0.0,1,32,1,0.0,0,3.0,1.0,1,0.0,7,1,0,1,1,0.0,0,1.0,0,78.0,97.0,0.0,240.0,2020
8,D,18.0,23.0,2.0,1.0,65,1.0,0.0,0.0,1,73,1,0.0,0,5.0,1.0,1,0.0,7,1,0,1,1,0.0,0,1.0,0,78.0,97.0,0.0,240.0,2020
3,D,18.0,55.0,7.0,1.0,68,1.0,1.0,1.0,1,74,1,0.0,0,6.0,1.0,1,2.0,7,1,0,1,1,1.0,0,1.0,0,51.0,63.0,0.0,240.0,2020
2,D,36.0,49.0,6.0,1.0,77,1.0,1.0,1.0,1,81,2,0.0,0,6.0,3.0,1,0.0,7,1,0,1,1,1.0,0,1.0,0,78.0,97.0,0.0,240.0,2020
4,D,78.0,35.0,4.0,1.0,67,1.0,0.0,0.0,1,71,2,0.0,0,3.0,3.0,2,2.0,7,1,0,1,1,0.0,0,1.0,0,78.0,97.0,60.0,240.0,2020
2,D,60.0,36.0,5.0,1.0,79,1.0,1.0,1.0,1,83,1,0.0,0,5.0,1.0,1,0.0,7,1,0,1,1,1.0,0,1.0,0,78.0,97.0,0.0,240.0,2020
1,D,100.0,25.0,2.0,1.0,9,1.0,1.0,0.0,1,6,1,0.0,0,5.0,1.0,3,0.0,7,1,0,1,1,0.0,0,1.0,0,210.0,262.0,60.0,240.0,2020
6,D,72.0,28.0,3.0,1.0,36,1.0,1.0,4.0,1,42,1,0.0,0,3.0,1.0,1,0.0,7,1,0,1,1,4.0,0,3.0,0,121.0,151.0,0.0,240.0,2020
5,D,84.0,55.0,7.0,1.0,36,1.0,1.0,2.0,1,42,1,0.0,0,6.0,1.0,1,0.0,7,1,0,1,1,2.0,0,2.0,0,235.0,240.0,60.0,240.0,2020
6,D,60.0,40.0,5.0,1.0,36,1.0,1.0,3.0,1,42,1,0.0,0,3.0,1.0,1,0.0,7,1,0,1,1,3.0,0,2.0,0,108.0,135.0,0.0,240.0,2020
1,D,108.0,26.0,3.0,1.0,11,1.0,1.0,1.0,1,9,1,0.0,0,3.0,1.0,1,0.0,7,1,0,1,1,1.0,0,1.0,0,240.0,240.0,60.0,240.0,2020
9,D,480.0,23.0,2.0,1.0,33,1.0,0.0,0.0,1,40,1,0.0,0,5.0,1.0,2,0.0,7,1,0,1,1,0.0,0,1.0,0,210.0,262.0,0.0,240.0,2020
4,D,97.0,38.0,5.0,1.0,56,1.0,0.0,0.0,1,63,1,0.0,0,3.0,1.0,1,0.0,7,1,0,1,1,0.0,0,1.0,0,97.0,121.0,60.0,240.0,2020
1,D,120.0,35.0,4.0,1.0,9,1.0,1.0,1.0,1,6,1,0.0,0,6.0,1.0,5,0.0,7,1,0,1,1,1.0,0,1.0,0,151.0,188.0,60.0,240.0,2020
4,D,48.0,65.0,8.0,1.0,60,1.0,1.0,0.0,1,67,1,0.0,0,3.0,1.0,1,4.0,7,1,0,1,1,0.0,0,1.0,0,41.0,51.0,0.0,240.0,2020
3,D,190.0,54.0,7.0,1.0,38,1.0,1.0,1.0,1,44,1,0.0,0,3.0,1.0,2,0.0,7,1,0,1,1,3.0,0,2.0,0,235.0,293.0,60.0,240.0,2020
1,D,78.0,46.0,6.0,1.0,3,1.0,1.0,0.0,1,1,1,0.0,0,5.0,1.0,1,0.0,7,1,0,2,1,0.0,0,1.0,0,78.0,97.0,0.0,240.0,2020
1,D,120.0,76.0,8.0,1.0,16,1.0,1.0,3.0,1,14,1,0.0,0,5.0,1.0,1,0.0,7,1,0,1,1,5.0,0,3.0,0,120.0,120.0,120.0,240.0,2020
1,D,57.0,30.0,3.0,1.0,46,1.0,0.0,0.0,1,53,1,0.0,0,3.0,1.0,1,0.0,7,1,0,1,1,0.0,0,1.0,0,78.0,97.0,0.0,240.0,2020
3,D,216.0,31.0,4.0,1.0,34,1.0,1.0,3.0,1,39,2,0.0,0,3.0,3.0,1,1.0,7,1,0,1,1,3.0,0,2.0,0,240.0,240.0,60.0,240.0,2020
6,D,120.0,29.0,3.0,1.0,89,1.0,1.0,3.0,1,30,1,0.0,0,3.0,1.0,1,0.0,7,1,0,1,1,5.0,0,3.0,0,120.0,120.0,120.0,240.0,2020
1,D,60.0,62.0,8.0,1.0,4,1.0,1.0,0.0,1,2,1,0.0,0,5.0,1.0,1,0.0,7,1,0,1,1,0.0,0,1.0,0,151.0,188.0,60.0,240.0,2020
8,D,120.0,24.0,2.0,1.0,60,1.0,0.0,0.0,1,67,1,0.0,0,3.0,1.0,1,0.0,7,1,0,1,1,0.0,0,1.0,0,121.0,151.0,60.0,240.0,2020
1,D,120.0,63.0,8.0,1.0,50,1.0,1.0,3.0,1,56,1,0.0,0,1.0,1.0,1,0.0,7,1,0,1,1,3.0,0,2.0,0,120.0,120.0,120.0,240.0,2020
6,D,188.0,39.0,5.0,1.0,59,1.0,1.0,3.0,1,66,0,0.0,0,3.0,1.0,1,0.0,7,1,0,1,1,3.0,0,2.0,0,188.0,235.0,180.0,480.0,2020
1,D,151.0,38.0,5.0,1.0,3,1.0,1.0,1.0,1,1,1,0.0,0,3.0,1.0,2,0.0,7,1,0,1,1,1.0,0,1.0,0,151.0,188.0,60.0,240.0,2020
2,D,90.0,32.0,4.0,1.0,73,1.0,1.0,1.0,1,78,1,0.0,0,3.0,1.0,1,0.0,7,1,0,1,1,1.0,0,1.0,0,151.0,188.0,60.0,240.0,2020
6,D,66.0,33.0,4.0,1.0,59,1.0,1.0,1.0,1,66,0,0.0,0,5.0,1.0,1,1.0,7,1,0,1,1,1.0,0,1.0,0,151.0,188.0,60.0,240.0,2020
6,D,240.0,35.0,4.0,1.0,59,1.0,1.0,3.0,1,66,1,0.0,0,3.0,1.0,1,1.0,7,1,0,1,1,3.0,0,5.0,0,262.0,327.0,180.0,480.0,2020
2,D,108.0,41.0,6.0,1.0,50,1.0,1.0,0.0,1,56,1,0.0,0,3.0,1.0,1,1.0,7,1,0,1,1,0.0,0,1.0,0,151.0,188.0,60.0,240.0,2020
6,D,24.0,28.0,3.0,1.0,11,1.0,1.0,0.0,1,9,1,0.0,0,6.0,1.0,1,0.0,7,1,0,1,1,0.0,0,1.0,0,97.0,121.0,0.0,240.0,2020
1,D,24.0,28.0,3.0,1.0,11,1.0,0.0,0.0,1,9,1,0.0,0,6.0,1.0,1,0.0,7,1,0,1,1,0.0,0,1.0,0,135.0,168.0,0.0,240.0,2020
2,D,,32.0,4.0,1.0,15,1.0,0.0,0.0,1,13,1,1.0,0,6.0,2.0,1,0.0,8,0,1,4,0,0.0,0,1.0,0,24.0,30.0,0.0,60.0,2020
2,D,42.0,30.0,3.0,1.0,65,1.0,1.0,3.0,1,73,2,0.0,0,3.0,3.0,1,0.0,7,1,0,1,1,5.0,0,3.0,0,78.0,97.0,0.0,240.0,2020
4,D,108.0,45.0,6.0,1.0,59,1.0,1.0,0.0,1,66,0,0.0,0,1.0,1.0,1,1.0,7,1,0,1,1,0.0,0,1.0,0,210.0,240.0,60.0,240.0,2020
2,D,151.0,46.0,6.0,1.0,61,1.0,1.0,6.0,1,68,1,0.0,0,3.0,1.0,2,0.0,7,1,0,1,1,6.0,0,3.0,0,121.0,151.0,120.0,240.0,2020
5,D,96.0,26.0,3.0,1.0,9,3.0,1.0,0.0,1,6,2,0.0,0,3.0,3.0,1,0.0,7,1,0,1,1,0.0,0,1.0,0,151.0,188.0,60.0,240.0,2020
1,C,0.03,74.0,8.0,1.0,10,2.0,0.0,0.0,1,8,1,0.0,0,6.0,1.0,1,1.0,8,1,0,1,0,0.0,0,1.0,0,12.0,18.0,0.0,60.0,2020
4,D,57.0,63.0,8.0,1.0,53,1.0,0.0,0.0,1,60,1,0.0,0,6.0,1.0,1,1.0,7,1,0,1,1,0.0,0,1.0,0,57.0,71.0,0.0,120.0,2020
6,D,120.0,61.0,8.0,1.0,89,1.0,0.0,0.0,1,30,1,0.0,0,5.0,1.0,3,0.0,7,1,0,1,1,0.0,0,1.0,0,151.0,188.0,60.0,240.0,2020
2,D,78.0,62.0,8.0,1.0,14,1.0,1.0,0.0,1,12,1,0.0,0,3.0,1.0,1,0.0,7,1,0,1,1,0.0,0,1.0,0,97.0,121.0,60.0,240.0,2020
1,D,75.0,36.0,5.0,1.0,11,1.0,1.0,3.0,1,9,1,0.0,0,3.0,1.0,1,0.0,7,1,0,1,1,5.0,0,3.0,0,87.0,108.0,0.0,240.0,2020
4,D,240.0,69.0,8.0,1.0,40,1.0,1.0,1.0,1,46,1,0.0,0,5.0,1.0,2,0.0,7,1,0,1,1,1.0,0,1.0,0,262.0,327.0,0.0,240.0,2020
1,D,200.0,45.0,6.0,1.0,71,1.0,1.0,3.0,1,76,1,0.0,0,1.0,1.0,1,2.0,7,1,0,1,1,3.0,0,2.0,0,235.0,293.0,180.0,360.0,2020
1,D,78.0,37.0,5.0,1.0,55,1.0,1.0,0.0,1,62,1,0.0,0,3.0,1.0,1,3.0,7,1,0,1,1,0.0,0,1.0,0,97.0,121.0,60.0,240.0,2020
2,D,97.0,55.0,7.0,1.0,35,1.0,1.0,0.0,1,41,2,0.0,0,5.0,3.0,1,0.0,7,1,0,1,1,0.0,0,1.0,0,78.0,97.0,0.0,240.0,2020
4,D,60.0,54.0,7.0,1.0,35,1.0,0.0,0.0,1,41,1,0.0,0,6.0,1.0,2,2.0,7,1,0,1,1,0.0,0,1.0,0,97.0,121.0,60.0,240.0,2020
3,D,18.0,52.0,7.0,1.0,42,1.0,1.0,0.0,1,48,1,0.0,0,5.0,1.0,1,1.0,7,1,0,1,1,0.0,0,1.0,0,70.0,87.0,0.0,240.0,2020
2,D,110.0,38.0,5.0,1.0,17,1.0,1.0,3.0,1,15,1,0.0,0,5.0,1.0,1,3.0,7,1,0,1,1,3.0,0,2.0,0,168.0,210.0,60.0,240.0,2020
3,D,120.0,38.0,5.0,1.0,44,1.0,1.0,5.0,1,50,1,0.0,0,5.0,1.0,1,1.0,7,1,0,1,1,7.0,0,4.0,0,121.0,151.0,120.0,240.0,2020
5,D,240.0,35.0,4.0,1.0,9,1.0,1.0,3.0,3,6,1,0.0,1,3.0,1.0,2,0.0,7,1,0,1,1,5.0,0,3.0,0,292.0,365.0,180.0,480.0,2020
3,D,60.0,53.0,7.0,1.0,68,1.0,1.0,1.0,1,74,1,0.0,0,6.0,1.0,1,1.0,7,1,0,1,1,1.0,0,1.0,0,78.0,97.0,0.0,240.0,2020
1,D,120.0,43.0,6.0,1.0,58,1.0,1.0,3.0,1,65,1,0.0,0,1.0,1.0,1,1.0,7,1,0,1,1,5.0,0,3.0,0,120.0,121.0,120.0,240.0,2020
2,D,57.0,35.0,4.0,1.0,54,1.0,1.0,1.0,1,61,1,0.0,0,3.0,6.0,1,1.0,7,1,0,1,1,1.0,0,1.0,0,57.0,71.0,0.0,240.0,2020
1,D,30.0,48.0,6.0,1.0,43,1.0,1.0,0.0,1,49,1,0.0,0,5.0,1.0,2,0.0,7,1,0,1,1,0.0,0,1.0,0,30.0,37.0,0.0,120.0,2020
4,D,60.0,35.0,4.0,1.0,64,1.0,1.0,4.0,1,70,2,0.0,0,5.0,3.0,2,0.0,7,1,0,1,1,4.0,0,3.0,0,210.0,262.0,0.0,240.0,2020
5,D,220.0,64.0,8.0,1.0,9,1.0,1.0,3.0,1,6,1,0.0,0,3.0,1.0,3,0.0,7,1,0,1,1,5.0,0,3.0,0,262.0,327.0,180.0,480.0,2020
4,D,120.0,63.0,8.0,1.0,40,1.0,1.0,5.0,1,46,1,0.0,0,3.0,1.0,1,0.0,7,1,0,1,1,7.0,0,4.0,0,121.0,151.0,120.0,240.0,2020
1,D,180.0,48.0,6.0,1.0,10,1.0,1.0,0.0,1,8,1,0.0,0,3.0,1.0,2,0.0,7,1,0,1,1,0.0,0,1.0,0,180.0,180.0,180.0,480.0,2020
1,D,72.0,41.0,6.0,1.0,3,1.0,0.0,0.0,1,1,1,0.0,0,6.0,1.0,1,0.0,7,1,0,1,1,0.0,0,1.0,0,135.0,168.0,0.0,240.0,2020
5,D,188.0,41.0,6.0,1.0,37,1.0,1.0,4.0,1,43,1,0.0,0,5.0,2.0,2,0.0,7,1,0,1,1,6.0,0,3.0,0,180.0,188.0,180.0,480.0,2020
4,D,72.0,40.0,5.0,1.0,21,1.0,1.0,2.0,1,18,1,0.0,0,3.0,1.0,1,0.0,7,1,0,1,1,2.0,0,2.0,0,168.0,210.0,60.0,240.0,2020
3,D,80.0,39.0,5.0,1.0,7,1.0,1.0,12.0,1,5,1,0.0,0,3.0,1.0,1,0.0,7,1,0,1,1,12.0,0,5.0,0,84.0,105.0,0.0,120.0,2020
2,D,60.0,45.0,6.0,1.0,76,1.0,1.0,0.0,1,80,1,0.0,0,5.0,1.0,1,2.0,7,1,0,1,1,0.0,0,1.0,0,151.0,188.0,60.0,240.0,2020
2,D,96.0,43.0,6.0,1.0,76,1.0,1.0,2.0,1,80,1,0.0,0,5.0,1.0,1,1.0,7,1,0,1,1,2.0,0,2.0,0,168.0,210.0,60.0,240.0,2020
3,D,90.0,40.0,5.0,1.0,42,1.0,1.0,3.0,1,48,1,0.0,0,5.0,1.0,1,0.0,7,1,0,1,1,3.0,0,2.0,0,151.0,188.0,0.0,240.0,2020
3,D,192.0,35.0,4.0,1.0,42,1.0,1.0,0.0,1,48,1,0.0,0,5.0,1.0,1,0.0,7,1,0,1,1,0.0,0,1.0,0,240.0,240.0,60.0,240.0,2020
3,D,120.0,65.0,8.0,1.0,42,1.0,1.0,3.0,1,48,1,0.0,0,5.0,1.0,1,0.0,7,1,0,1,1,5.0,0,3.0,0,120.0,120.0,120.0,240.0,2020
5,D,120.0,41.0,6.0,1.0,41,1.0,0.0,0.0,1,47,1,0.0,0,5.0,1.0,1,0.0,7,1,0,1,1,0.0,0,1.0,0,151.0,188.0,60.0,480.0,2020
2,D,120.0,65.0,8.0,1.0,66,1.0,1.0,0.0,1,72,1,0.0,0,5.0,1.0,1,0.0,7,1,0,1,1,0.0,0,1.0,0,120.0,120.0,120.0,240.0,2020
3,D,60.0,33.0,4.0,1.0,42,1.0,1.0,0.0,1,48,1,0.0,0,5.0,1.0,1,0.0,7,1,0,1,1,0.0,0,1.0,0,97.0,121.0,0.0,240.0,2020
2,D,66.0,35.0,4.0,1.0,42,1.0,1.0,0.0,1,48,1,0.0,0,5.0,1.0,1,1.0,7,1,0,1,1,0.0,0,1.0,0,97.0,121.0,0.0,240.0,2020
3,D,38.0,49.0,6.0,1.0,32,1.0,1.0,0.0,1,38,1,0.0,0,3.0,1.0,1,3.0,7,1,0,1,1,0.0,0,1.0,0,97.0,121.0,0.0,240.0,2020
4,D,63.0,59.0,7.0,1.0,53,1.0,1.0,0.0,1,60,1,0.0,0,6.0,1.0,1,0.0,7,1,0,1,1,0.0,0,1.0,0,63.0,78.0,0.0,120.0,2020
4,D,180.0,34.0,4.0,1.0,53,1.0,0.0,0.0,1,60,1,0.0,0,5.0,1.0,1,5.0,7,1,0,1,1,0.0,0,1.0,0,97.0,121.0,60.0,240.0,2020
1,D,75.0,53.0,7.0,1.0,46,1.0,0.0,0.0,1,53,1,0.0,0,3.0,1.0,1,0.0,7,1,0,1,1,0.0,0,1.0,0,87.0,108.0,60.0,240.0,2020
2,D,240.0,29.0,3.0,1.0,15,1.0,1.0,0.0,1,13,1,0.0,0,1.0,1.0,5,0.0,7,1,0,1,1,0.0,0,1.0,0,210.0,262.0,60.0,240.0,2020
3,D,,42.0,6.0,1.0,32,1.0,1.0,6.0,1,38,1,0.0,0,3.0,2.0,1,0.0,8,0,1,4,0,6.0,0,3.0,0,18.0,24.0,0.0,60.0,2020
1,D,36.0,20.0,1.0,1.0,71,1.0,0.0,0.0,1,76,1,0.0,0,3.0,1.0,1,0.0,7,1,0,1,1,0.0,0,1.0,0,97.0,121.0,0.0,240.0,2021
0,D,135.0,22.0,2.0,1.0,33,1.0,0.0,0.0,1,40,1,0.0,0,3.0,1.0,1,0.0,7,1,0,1,1,0.0,0,1.0,0,135.0,168.0,0.0,240.0,2021
0,D,57.0,45.0,6.0,1.0,33,4.0,1.0,0.0,1,40,1,1.0,0,3.0,6.0,1,0.0,8,1,0,1,1,0.0,0,1.0,0,46.0,57.0,0.0,60.0,2021
4,D,90.0,54.0,7.0,1.0,64,1.0,1.0,0.0,3,70,2,0.0,1,3.0,3.0,1,0.0,7,1,0,1,1,0.0,0,1.0,0,168.0,210.0,0.0,240.0,2021
1,D,180.0,35.0,4.0,1.0,50,1.0,1.0,0.0,1,56,1,0.0,0,5.0,1.0,3,0.0,7,1,0,1,1,0.0,0,1.0,0,210.0,262.0,180.0,360.0,2021
1,D,90.0,46.0,6.0,1.0,78,1.0,1.0,0.0,1,82,1,0.0,0,3.0,1.0,1,0.0,7,1,0,1,1,0.0,0,1.0,0,78.0,97.0,0.0,120.0,2021
1,D,108.0,50.0,6.0,1.0,41,1.0,1.0,0.0,1,47,1,0.0,0,5.0,1.0,2,0.0,7,1,0,1,1,0.0,0,1.0,0,121.0,151.0,60.0,240.0,2021
3,D,166.0,33.0,4.0,1.0,43,1.0,0.0,0.0,1,49,1,0.0,0,3.0,1.0,1,0.0,7,1,0,1,1,0.0,0,1.0,0,210.0,240.0,60.0,240.0,2021
4,D,64.0,33.0,4.0,1.0,67,1.0,0.0,0.0,1,71,1,0.0,0,6.0,6.0,2,0.0,7,1,0,1,1,0.0,0,1.0,0,151.0,188.0,60.0,240.0,2021
4,D,120.0,72.0,8.0,1.0,58,1.0,1.0,0.0,1,65,1,0.0,0,6.0,1.0,1,0.0,7,1,0,1,1,0.0,0,1.0,0,135.0,168.0,120.0,240.0,2021
2,D,0.03,24.0,2.0,1.0,76,1.0,0.0,0.0,1,80,1,0.0,0,3.0,1.0,1,0.0,7,1,0,2,1,0.0,0,1.0,0,78.0,97.0,0.0,240.0,2021
3,D,240.0,37.0,5.0,1.0,34,1.0,1.0,0.0,1,39,1,0.0,0,6.0,1.0,1,4.0,7,1,0,1,1,0.0,0,1.0,0,240.0,240.0,60.0,240.0,2021
1,D,360.0,36.0,5.0,1.0,19,1.0,1.0,1.0,1,16,1,0.0,0,3.0,1.0,1,0.0,7,1,0,1,1,1.0,0,1.0,0,360.0,360.0,180.0,360.0,2021
8,D,48.0,26.0,3.0,1.0,60,3.0,1.0,0.0,1,67,2,0.0,0,1.0,3.0,1,0.0,7,1,0,1,1,0.0,0,1.0,0,70.0,87.0,0.0,240.0,2021
8,D,48.0,35.0,4.0,1.0,60,1.0,0.0,0.0,1,67,2,0.0,0,6.0,3.0,1,1.0,7,1,0,1,1,0.0,0,1.0,0,78.0,97.0,0.0,240.0,2021
5,D,78.0,35.0,4.0,1.0,83,1.0,1.0,0.0,1,87,1,0.0,0,5.0,1.0,1,0.0,7,1,0,1,1,0.0,0,1.0,0,97.0,120.0,0.0,120.0,2021
5,D,195.0,68.0,8.0,1.0,9,1.0,1.0,0.0,1,6,1,0.0,0,3.0,1.0,2,1.0,7,1,0,1,1,0.0,0,1.0,0,210.0,262.0,60.0,240.0,2021
2,D,96.0,25.0,2.0,1.0,73,1.0,1.0,0.0,1,78,1,0.0,0,6.0,1.0,2,0.0,7,1,0,1,1,0.0,0,1.0,0,210.0,262.0,60.0,240.0,2021
6,D,78.0,31.0,4.0,1.0,34,1.0,1.0,1.0,1,39,1,0.0,0,3.0,1.0,1,4.0,7,1,0,1,1,3.0,0,2.0,0,63.0,78.0,0.0,240.0,2021
1,D,168.0,41.0,6.0,1.0,49,1.0,1.0,12.0,1,55,1,0.0,0,3.0,1.0,1,0.0,7,1,0,1,1,14.0,0,6.0,0,168.0,210.0,60.0,240.0,2021
6,D,100.0,57.0,7.0,1.0,33,1.0,1.0,0.0,1,40,1,0.0,0,3.0,1.0,1,0.0,7,1,0,1,1,0.0,0,1.0,0,97.0,121.0,0.0,240.0,2021
8,D,60.0,26.0,3.0,1.0,89,1.0,0.0,0.0,1,30,1,0.0,0,5.0,1.0,2,0.0,7,1,0,1,1,0.0,0,1.0,0,188.0,235.0,60.0,240.0,2021
3,D,180.0,41.0,6.0,1.0,61,1.0,1.0,5.0,1,68,1,0.0,0,3.0,1.0,1,1.0,7,1,0,1,1,5.0,0,3.0,0,180.0,180.0,180.0,480.0,2021
8,D,60.0,46.0,6.0,1.0,89,1.0,0.0,0.0,1,30,1,0.0,0,5.0,1.0,1,1.0,7,1,0,1,1,0.0,0,1.0,0,63.0,78.0,0.0,240.0,2021
4,D,151.0,30.0,3.0,1.0,35,1.0,0.0,0.0,1,41,1,0.0,0,3.0,1.0,3,0.0,7,1,0,1,1,0.0,0,1.0,0,151.0,188.0,60.0,240.0,2021
8,D,36.0,43.0,6.0,1.0,60,1.0,1.0,0.0,1,67,1,0.0,0,5.0,1.0,1,2.0,7,1,0,1,1,0.0,0,1.0,0,37.0,46.0,0.0,240.0,2021
8,D,66.0,38.0,5.0,1.0,60,1.0,1.0,0.0,1,67,1,0.0,0,6.0,1.0,1,1.0,7,1,0,1,1,0.0,0,1.0,0,97.0,121.0,60.0,240.0,2021
4,D,24.0,39.0,5.0,1.0,58,1.0,0.0,0.0,1,65,1,0.0,0,6.0,1.0,1,0.0,7,1,0,1,1,0.0,0,1.0,0,78.0,97.0,0.0,240.0,2021
3,D,108.0,41.0,6.0,1.0,34,1.0,1.0,0.0,1,39,1,0.0,0,3.0,1.0,1,2.0,7,1,0,1,1,0.0,0,1.0,0,87.0,108.0,60.0,240.0,2021
1,D,78.0,36.0,5.0,1.0,19,1.0,0.0,0.0,1,16,1,0.0,0,5.0,1.0,1,0.0,7,1,0,1,1,0.0,0,1.0,0,63.0,78.0,0.0,240.0,2021
1,D,135.0,47.0,6.0,1.0,91,1.0,1.0,0.0,1,31,2,0.0,0,6.0,3.0,1,1.0,7,1,0,1,1,0.0,0,1.0,0,135.0,168.0,120.0,240.0,2021
4,D,6.0,25.0,2.0,1.0,34,1.0,0.0,0.0,1,39,1,0.0,0,5.0,1.0,1,0.0,7,1,0,1,1,0.0,0,1.0,0,63.0,78.0,0.0,240.0,2021
3,D,78.0,55.0,7.0,1.0,34,1.0,1.0,0.0,1,39,1,0.0,0,5.0,1.0,1,0.0,7,1,0,1,1,0.0,0,1.0,0,78.0,97.0,0.0,240.0,2021
4,D,50.0,25.0,2.0,1.0,62,1.0,1.0,0.0,1,69,1,0.0,0,3.0,1.0,1,0.0,7,1,0,1,1,0.0,0,1.0,0,78.0,97.0,0.0,120.0,2021
1,D,150.0,35.0,4.0,1.0,11,1.0,1.0,3.0,1,9,1,0.0,0,3.0,1.0,2,0.0,7,1,0,1,1,5.0,0,3.0,0,168.0,210.0,60.0,240.0,2021
3,D,90.0,32.0,4.0,1.0,27,1.0,0.0,0.0,1,25,1,0.0,0,6.0,2.0,1,3.0,7,1,0,1,1,0.0,0,1.0,0,151.0,188.0,60.0,240.0,2021
1,B,,62.0,8.0,1.0,41,1.0,1.0,1.0,1,47,1,0.0,0,3.0,1.0,1,0.0,8,0,1,4,0,3.0,0,2.0,0,8.0,14.0,0.0,60.0,2021
1,B,,50.0,6.0,1.0,41,1.0,1.0,1.0,1,47,1,0.0,0,3.0,1.0,1,1.0,8,0,1,4,0,1.0,0,1.0,0,6.0,12.0,0.0,60.0,2021
1,D,240.0,53.0,7.0,1.0,11,1.0,1.0,2.0,1,9,1,0.0,0,5.0,1.0,2,0.0,7,1,0,1,1,2.0,0,2.0,0,360.0,480.0,60.0,240.0,2021
6,D,121.0,60.0,7.0,1.0,33,1.0,1.0,0.0,1,40,1,0.0,0,5.0,1.0,1,0.0,7,1,0,1,1,0.0,0,1.0,0,97.0,121.0,0.0,240.0,2021
1,B,3.0,32.0,4.0,1.0,70,1.0,1.0,0.0,1,75,1,0.0,0,3.0,6.0,1,0.0,8,1,0,2,1,0.0,0,1.0,0,6.0,12.0,0.0,60.0,2021
1,B,,58.0,7.0,1.0,41,1.0,1.0,0.0,1,47,1,0.0,0,3.0,1.0,2,2.0,8,0,1,4,0,0.0,0,1.0,0,6.0,12.0,0.0,60.0,2021
8,D,120.0,38.0,5.0,1.0,60,1.0,1.0,4.0,1,67,1,0.0,0,5.0,1.0,1,0.0,7,1,0,1,1,4.0,0,3.0,0,120.0,121.0,120.0,240.0,2021
8,D,42.0,33.0,4.0,1.0,60,1.0,0.0,0.0,1,67,1,0.0,0,6.0,1.0,1,1.0,7,1,0,1,1,0.0,0,1.0,0,57.0,71.0,0.0,240.0,2021
6,D,168.0,30.0,3.0,1.0,34,1.0,1.0,0.0,1,39,1,0.0,0,3.0,1.0,1,0.0,7,1,0,1,1,0.0,0,1.0,0,135.0,168.0,60.0,240.0,2021
2,D,0.03,52.0,7.0,1.0,2,1.0,0.0,0.0,1,0,1,0.0,0,6.0,1.0,1,0.0,7,1,0,1,1,0.0,0,1.0,0,41.0,51.0,0.0,120.0,2021
3,D,114.0,50.0,6.0,1.0,68,1.0,0.0,0.0,1,74,1,0.0,0,5.0,1.0,2,0.0,7,1,0,1,1,0.0,0,1.0,0,151.0,188.0,60.0,240.0,2021
1,B,,85.0,8.0,1.0,47,1.0,1.0,0.0,1,52,1,0.0,0,5.0,1.0,1,1.0,8,0,1,3,0,0.0,0,1.0,0,6.0,12.0,0.0,60.0,2021
7,D,75.0,55.0,7.0,1.0,17,1.0,1.0,3.0,1,15,1,0.0,0,5.0,1.0,1,0.0,7,1,0,1,1,3.0,0,2.0,0,108.0,135.0,0.0,240.0,2021
8,D,60.0,29.0,3.0,1.0,60,1.0,1.0,0.0,1,67,1,0.0,0,3.0,1.0,1,0.0,7,1,0,1,1,0.0,0,1.0,0,87.0,108.0,60.0,240.0,2021
4,D,96.0,38.0,5.0,1.0,59,1.0,1.0,1.0,1,66,1,0.0,0,5.0,1.0,1,0.0,7,1,0,1,1,1.0,0,1.0,0,121.0,151.0,60.0,240.0,2021
2,D,121.0,37.0,5.0,1.0,17,1.0,1.0,3.0,1,15,1,0.0,0,3.0,1.0,1,0.0,7,1,0,1,1,5.0,0,3.0,0,121.0,151.0,120.0,240.0,2021
4,D,72.0,24.0,2.0,1.0,60,1.0,1.0,0.0,1,67,1,0.0,0,5.0,1.0,1,0.0,7,1,0,1,1,0.0,0,1.0,0,240.0,240.0,60.0,240.0,2021
4,D,1020.0,40.0,5.0,1.0,35,1.0,1.0,0.0,5,41,1,0.0,1,3.0,1.0,5,1.0,7,1,0,1,1,0.0,0,1.0,0,1020.0,1020.0,180.0,360.0,2021
3,D,60.0,67.0,8.0,1.0,48,1.0,0.0,0.0,1,54,1,0.0,0,3.0,1.0,1,0.0,7,1,0,1,1,0.0,0,1.0,0,151.0,188.0,60.0,240.0,2021
2,D,360.0,32.0,4.0,1.0,15,1.0,1.0,0.0,1,13,1,0.0,0,3.0,1.0,15,0.0,7,1,0,1,1,0.0,0,1.0,0,4800.0,4800.0,180.0,360.0,2021
1,D,78.0,40.0,5.0,1.0,46,1.0,1.0,1.0,1,53,1,0.0,0,5.0,1.0,1,0.0,7,1,0,1,1,3.0,0,2.0,0,60.0,60.0,60.0,240.0,2021
2,D,51.0,56.0,7.0,1.0,65,1.0,0.0,0.0,1,73,1,0.0,0,6.0,1.0,1,0.0,7,1,0,1,1,0.0,0,1.0,0,51.0,63.0,0.0,240.0,2021
6,D,120.0,44.0,6.0,1.0,30,1.0,0.0,0.0,1,36,1,0.0,0,5.0,1.0,1,2.0,7,1,0,1,1,0.0,0,1.0,0,108.0,135.0,60.0,240.0,2021
1,D,72.0,49.0,6.0,1.0,24,1.0,0.0,0.0,1,22,1,0.0,0,6.0,1.0,1,0.0,7,1,0,1,1,0.0,0,1.0,0,97.0,121.0,60.0,240.0,2021
4,D,44.0,33.0,4.0,1.0,64,1.0,1.0,0.0,1,70,2,0.0,0,5.0,3.0,1,0.0,7,1,0,1,1,0.0,0,1.0,0,97.0,121.0,0.0,240.0,2021
1,D,151.0,51.0,7.0,1.0,88,1.0,0.0,0.0,1,28,1,0.0,0,5.0,1.0,1,0.0,7,1,0,1,1,0.0,0,1.0,0,151.0,188.0,60.0,240.0,2021
1,B,,45.0,6.0,1.0,41,1.0,0.0,0.0,1,47,1,0.0,0,3.0,1.0,1,0.0,8,0,1,4,0,0.0,0,1.0,0,6.0,12.0,0.0,60.0,2021
6,D,84.0,33.0,4.0,1.0,59,1.0,1.0,0.0,1,66,1,0.0,0,5.0,1.0,1,3.0,7,1,0,1,1,0.0,0,1.0,0,135.0,168.0,60.0,240.0,2021
2,D,120.0,43.0,6.0,1.0,65,1.0,1.0,3.0,1,73,1,0.0,0,5.0,1.0,2,0.0,7,1,0,1,1,3.0,0,2.0,0,120.0,120.0,120.0,240.0,2021
1,D,12.03,34.0,4.0,1.0,8,1.0,0.0,0.0,1,7,1,0.0,0,5.0,1.0,1,0.0,7,1,0,1,1,0.0,0,1.0,0,51.0,63.0,0.0,240.0,2021
3,D,120.0,50.0,6.0,1.0,5,1.0,1.0,0.0,1,4,2,0.0,0,1.0,3.0,1,0.0,7,1,0,1,1,0.0,0,1.0,0,120.0,120.0,120.0,240.0,2021
6,D,0.03,50.0,6.0,1.0,23,1.0,1.0,0.0,1,20,1,0.0,0,3.0,1.0,1,0.0,7,1,0,1,1,0.0,0,1.0,0,78.0,97.0,0.0,240.0,2021
2,D,21.26,24.0,2.0,1.0,12,1.0,1.0,0.0,1,10,1,0.0,0,5.0,1.0,1,0.0,7,1,0,1,1,0.0,0,1.0,0,87.0,108.0,0.0,120.0,2021
2,D,72.0,35.0,4.0,1.0,17,1.0,1.0,0.0,1,15,1,0.0,0,5.0,1.0,1,0.0,7,1,0,1,1,0.0,0,1.0,0,97.0,121.0,60.0,240.0,2021
4,D,204.0,41.0,6.0,1.0,57,1.0,1.0,10.0,4,64,1,0.0,1,6.0,1.0,11,1.0,7,1,0,1,1,12.0,0,5.0,0,210.0,262.0,180.0,480.0,2021
1,D,60.0,34.0,4.0,1.0,46,1.0,0.0,0.0,1,53,1,0.0,0,5.0,1.0,1,0.0,7,1,0,1,1,0.0,0,1.0,0,60.0,60.0,60.0,240.0,2021
1,D,97.0,38.0,5.0,1.0,1,1.0,1.0,0.0,1,90,1,0.0,0,1.0,1.0,1,0.0,7,1,0,1,1,0.0,0,1.0,0,168.0,210.0,60.0,240.0,2021
2,D,60.0,41.0,6.0,1.0,66,1.0,1.0,0.0,1,72,1,0.0,0,6.0,1.0,1,1.0,7,1,0,1,1,0.0,0,1.0,0,135.0,168.0,60.0,240.0,2021
4,D,42.0,24.0,2.0,1.0,67,1.0,0.0,0.0,1,71,1,0.0,0,3.0,2.0,1,0.0,7,1,0,1,1,0.0,0,1.0,0,97.0,121.0,0.0,240.0,2021
3,D,132.0,59.0,7.0,1.0,42,1.0,1.0,1.0,1,48,1,0.0,0,5.0,1.0,1,0.0,7,1,0,1,1,1.0,0,1.0,0,168.0,210.0,120.0,240.0,2021
3,D,48.0,26.0,3.0,1.0,68,1.0,0.0,0.0,1,74,2,0.0,0,3.0,3.0,2,2.0,7,1,0,1,1,0.0,0,1.0,0,78.0,97.0,0.0,240.0,2021
5,D,120.0,56.0,7.0,1.0,22,1.0,1.0,0.0,1,19,1,0.0,0,6.0,1.0,2,0.0,7,1,0,1,1,0.0,0,1.0,0,151.0,188.0,60.0,240.0,2021
1,C,12.0,43.0,6.0,1.0,91,1.0,1.0,1.0,1,31,1,0.0,0,3.0,1.0,1,0.0,8,1,0,1,1,1.0,0,1.0,0,12.0,18.0,0.0,60.0,2021
2,D,48.0,31.0,4.0,1.0,84,1.0,1.0,0.0,1,88,1,0.0,0,3.0,1.0,1,1.0,7,1,0,1,1,0.0,0,1.0,0,97.0,121.0,0.0,240.0,2021
4,D,60.0,38.0,5.0,1.0,58,1.0,0.0,0.0,1,65,1,0.0,0,3.0,1.0,1,0.0,7,1,0,1,1,0.0,0,1.0,0,121.0,151.0,60.0,240.0,2021
8,D,97.0,35.0,4.0,1.0,89,1.0,0.0,0.0,1,30,1,0.0,0,5.0,1.0,2,0.0,7,1,0,1,1,0.0,0,1.0,0,151.0,188.0,60.0,240.0,2021
2,D,78.0,26.0,3.0,1.0,86,1.0,0.0,0.0,1,27,1,0.0,0,3.0,1.0,1,0.0,7,1,0,1,1,0.0,0,1.0,0,78.0,97.0,0.0,240.0,2021
2,D,66.0,41.0,6.0,1.0,86,1.0,1.0,0.0,1,27,1,0.0,0,5.0,1.0,2,0.0,7,1,0,1,1,0.0,0,1.0,0,97.0,121.0,60.0,240.0,2021
1,D,12.03,33.0,4.0,1.0,70,1.0,1.0,5.0,1,75,1,0.0,0,3.0,6.0,1,0.0,8,1,0,1,1,7.0,0,4.0,0,15.0,21.0,0.0,60.0,2021
5,D,18.0,23.0,2.0,1.0,20,1.0,0.0,0.0,1,17,1,0.0,0,3.0,1.0,1,0.0,7,1,0,1,1,0.0,0,1.0,0,78.0,97.0,0.0,240.0,2021
1,B,,34.0,4.0,1.0,70,1.0,0.0,0.0,1,75,1,1.0,0,1.0,6.0,1,2.0,8,0,1,4,0,0.0,0,1.0,0,6.0,12.0,0.0,60.0,2021
2,D,84.0,44.0,6.0,1.0,35,1.0,1.0,0.0,1,41,2,0.0,0,1.0,3.0,1,2.0,7,1,0,1,1,0.0,0,1.0,0,78.0,97.0,0.0,240.0,2021
2,D,130.0,21.0,2.0,1.0,24,1.0,1.0,0.0,4,22,2,0.0,1,5.0,3.0,5,0.0,7,1,0,1,1,0.0,0,1.0,0,210.0,262.0,60.0,240.0,2021
4,D,78.0,32.0,4.0,1.0,53,1.0,1.0,1.0,1,60,1,0.0,0,6.0,1.0,1,0.0,7,1,0,1,1,1.0,0,1.0,0,78.0,97.0,0.0,120.0,2021
6,D,36.0,20.0,1.0,1.0,36,1.0,0.0,0.0,1,42,2,0.0,0,3.0,3.0,1,0.0,7,1,0,1,1,0.0,0,1.0,0,63.0,78.0,0.0,240.0,2021
1,D,60.0,52.0,7.0,1.0,51,1.0,1.0,0.0,1,57,1,0.0,0,3.0,1.0,1,0.0,7,1,0,1,1,0.0,0,1.0,0,87.0,108.0,60.0,240.0,2021
5,D,60.0,46.0,6.0,1.0,62,1.0,1.0,0.0,1,69,1,0.0,0,3.0,1.0,1,2.0,7,1,0,1,1,0.0,0,1.0,0,60.0,60.0,60.0,240.0,2021
4,D,84.0,59.0,7.0,1.0,56,1.0,0.0,0.0,1,63,1,0.0,0,5.0,1.0,1,0.0,7,1,0,1,1,0.0,0,1.0,0,97.0,121.0,60.0,240.0,2021
3,D,84.0,52.0,7.0,1.0,68,1.0,1.0,0.0,1,74,1,0.0,0,5.0,1.0,1,1.0,7,1,0,1,1,0.0,0,1.0,0,121.0,151.0,60.0,240.0,2021
2,D,120.0,52.0,7.0,1.0,85,1.0,1.0,4.0,1,89,1,0.0,0,3.0,1.0,1,1.0,7,1,0,1,1,6.0,0,3.0,0,188.0,235.0,120.0,240.0,2021
2,D,90.0,52.0,7.0,1.0,37,1.0,1.0,0.0,1,43,1,0.0,0,6.0,1.0,1,0.0,7,1,0,1,1,0.0,0,1.0,0,151.0,188.0,60.0,240.0,2021
2,D,108.0,55.0,7.0,1.0,15,1.0,0.0,0.0,1,13,1,0.0,0,5.0,1.0,2,0.0,7,1,0,1,1,0.0,0,1.0,0,121.0,151.0,60.0,240.0,2021
1,D,46.0,30.0,3.0,1.0,78,1.0,1.0,0.0,1,82,1,0.0,0,6.0,1.0,1,0.0,7,1,0,1,1,0.0,0,1.0,0,78.0,97.0,0.0,120.0,2021
5,D,60.0,57.0,7.0,1.0,62,1.0,1.0,0.0,1,69,1,0.0,0,3.0,1.0,1,1.0,7,1,0,1,1,0.0,0,1.0,0,60.0,60.0,60.0,240.0,2021
1,B,,31.0,4.0,1.0,70,1.0,1.0,0.0,1,75,1,0.0,0,3.0,6.0,1,2.0,8,0,1,4,0,0.0,0,1.0,0,8.0,14.0,0.0,60.0,2021
1,B,,30.0,3.0,1.0,70,1.0,1.0,0.0,1,75,1,0.0,0,6.0,6.0,1,0.0,8,0,1,4,0,0.0,0,1.0,0,8.0,14.0,0.0,60.0,2021
3,D,240.0,47.0,6.0,1.0,34,1.0,1.0,4.0,1,39,2,0.0,0,3.0,3.0,1,0.0,7,1,0,1,1,4.0,0,3.0,0,188.0,235.0,180.0,480.0,2021
0,D,72.0,31.0,4.0,1.0,65,1.0,0.0,0.0,1,73,1,0.0,0,5.0,1.0,1,0.0,7,1,0,1,1,0.0,0,1.0,0,151.0,188.0,60.0,240.0,2021
3,D,12.03,36.0,5.0,1.0,23,1.0,1.0,0.0,1,20,1,0.0,0,6.0,1.0,1,0.0,7,1,0,1,1,0.0,0,1.0,0,97.0,121.0,0.0,240.0,2021
4,D,41.0,28.0,3.0,1.0,64,3.0,0.0,0.0,1,70,2,0.0,0,3.0,3.0,1,2.0,7,1,0,1,1,0.0,0,1.0,0,78.0,97.0,0.0,240.0,2021
6,D,360.0,44.0,6.0,1.0,30,1.0,1.0,7.0,1,36,1,0.0,0,1.0,1.0,1,0.0,7,1,0,1,1,7.0,0,4.0,0,235.0,293.0,180.0,480.0,2021
2,D,65.0,39.0,5.0,1.0,59,1.0,1.0,1.0,1,66,0,0.0,0,3.0,1.0,1,3.0,7,1,0,1,1,1.0,0,1.0,0,121.0,151.0,60.0,240.0,2021
4,D,46.0,26.0,3.0,1.0,58,1.0,0.0,0.0,1,65,1,0.0,0,3.0,1.0,2,0.0,7,1,0,1,1,0.0,0,1.0,0,37.0,46.0,0.0,120.0,2021
1,D,72.0,26.0,3.0,1.0,11,1.0,0.0,0.0,1,9,1,0.0,0,6.0,1.0,1,0.0,7,1,0,1,1,0.0,0,1.0,0,210.0,240.0,60.0,240.0,2021
4,D,324.0,47.0,6.0,1.0,56,1.0,0.0,0.0,1,63,1,0.0,0,5.0,1.0,2,3.0,7,1,0,1,1,0.0,0,1.0,0,360.0,480.0,60.0,240.0,2021
4,D,360.0,57.0,7.0,1.0,56,1.0,1.0,3.0,1,63,1,0.0,0,5.0,1.0,1,0.0,7,1,0,1,1,3.0,0,2.0,0,360.0,480.0,180.0,480.0,2021
5,D,252.0,31.0,4.0,1.0,55,1.0,0.0,0.0,1,62,1,0.0,0,1.0,1.0,2,0.0,7,1,0,1,1,0.0,0,1.0,0,262.0,327.0,60.0,240.0,2021
3,D,84.0,42.0,6.0,1.0,42,1.0,0.0,0.0,1,48,1,0.0,0,5.0,1.0,1,0.0,7,1,0,1,1,0.0,0,1.0,0,151.0,188.0,60.0,240.0,2021
3,D,200.0,28.0,3.0,1.0,57,1.0,1.0,1.0,1,64,1,1.0,0,5.0,1.0,1,0.0,7,1,0,1,1,3.0,0,2.0,0,78.0,97.0,60.0,240.0,2021
1,D,97.0,22.0,2.0,1.0,71,1.0,0.0,0.0,1,76,1,0.0,0,5.0,1.0,1,0.0,7,1,0,1,1,0.0,0,1.0,0,121.0,151.0,0.0,240.0,2021
1,D,84.0,31.0,4.0,1.0,35,1.0,0.0,0.0,1,41,2,0.0,0,5.0,3.0,1,0.0,7,1,0,1,1,0.0,0,1.0,0,78.0,97.0,0.0,240.0,2021
2,D,21.0,37.0,5.0,1.0,64,1.0,1.0,7.0,1,70,1,0.0,0,1.0,2.0,1,0.0,8,1,0,1,1,9.0,0,4.0,0,21.0,27.0,0.0,120.0,2021
4,D,112.0,34.0,4.0,1.0,59,1.0,0.0,0.0,1,66,0,0.0,0,6.0,1.0,1,2.0,7,1,0,1,1,0.0,0,1.0,0,188.0,235.0,60.0,240.0,2021
2,D,30.0,61.0,8.0,1.0,77,1.0,1.0,0.0,1,81,1,0.0,0,6.0,1.0,1,1.0,7,1,0,1,1,0.0,0,1.0,0,97.0,121.0,0.0,240.0,2021
4,D,48.0,43.0,6.0,1.0,56,1.0,1.0,0.0,1,63,1,0.0,0,5.0,1.0,1,0.0,7,1,0,1,1,0.0,0,1.0,0,87.0,108.0,0.0,240.0,2021
3,D,84.0,48.0,6.0,1.0,14,1.0,0.0,0.0,1,12,1,0.0,0,6.0,1.0,2,0.0,7,1,0,1,1,0.0,0,1.0,0,151.0,188.0,60.0,240.0,2021
6,D,121.0,21.0,2.0,1.0,32,1.0,1.0,0.0,1,38,1,0.0,0,3.0,1.0,1,0.0,7,1,0,1,1,0.0,0,1.0,0,121.0,151.0,60.0,240.0,2021
1,D,121.0,58.0,7.0,1.0,54,1.0,1.0,0.0,1,61,1,0.0,0,3.0,1.0,2,0.0,7,1,0,1,1,0.0,0,1.0,0,151.0,188.0,60.0,240.0,2021
4,D,60.0,38.0,5.0,1.0,35,1.0,1.0,0.0,1,41,1,0.0,0,5.0,1.0,3,2.0,7,1,0,1,1,0.0,0,1.0,0,151.0,188.0,60.0,240.0,2021
3,D,120.0,42.0,6.0,1.0,16,1.0,1.0,5.0,1,14,1,0.0,0,3.0,1.0,1,0.0,7,1,0,1,1,7.0,0,4.0,0,120.0,137.0,120.0,240.0,2021
5,D,151.0,62.0,8.0,1.0,15,1.0,1.0,1.0,1,13,1,0.0,0,5.0,1.0,2,0.0,7,1,0,1,1,1.0,0,1.0,0,151.0,188.0,60.0,240.0,2021
4,D,240.0,33.0,4.0,1.0,56,1.0,1.0,1.0,1,63,1,0.0,0,3.0,1.0,1,0.0,7,1,0,1,1,1.0,0,1.0,0,240.0,240.0,60.0,240.0,2021
3,D,60.0,34.0,4.0,1.0,31,1.0,1.0,3.0,1,37,1,0.0,0,5.0,1.0,1,1.0,7,1,0,1,1,3.0,0,2.0,0,87.0,108.0,0.0,120.0,2021
4,D,60.0,71.0,8.0,1.0,35,1.0,0.0,0.0,1,41,1,0.0,0,5.0,1.0,2,0.0,7,1,0,1,1,0.0,0,1.0,0,97.0,121.0,60.0,240.0,2021
4,D,72.0,37.0,5.0,1.0,46,1.0,0.0,0.0,1,53,1,0.0,0,3.0,1.0,1,0.0,7,1,0,1,1,0.0,0,1.0,0,97.0,121.0,60.0,240.0,2021
3,D,70.0,45.0,6.0,1.0,75,1.0,1.0,1.0,1,79,1,1.0,0,3.0,1.0,2,1.0,7,1,0,1,1,1.0,0,1.0,0,151.0,188.0,60.0,240.0,2021
1,D,60.0,51.0,7.0,1.0,51,1.0,0.0,0.0,1,57,1,0.0,0,3.0,1.0,1,0.0,7,1,0,1,1,0.0,0,1.0,0,97.0,121.0,60.0,240.0,2021
6,D,34.0,26.0,3.0,1.0,30,1.0,1.0,1.0,1,36,1,0.0,0,5.0,1.0,1,0.0,7,1,0,1,1,1.0,0,1.0,0,46.0,57.0,0.0,240.0,2021
4,D,144.0,28.0,3.0,1.0,67,1.0,0.0,0.0,2,71,1,0.0,0,3.0,1.0,2,0.0,7,1,0,1,1,0.0,0,1.0,0,324.0,405.0,60.0,240.0,2021
2,D,,33.0,4.0,1.0,65,1.0,1.0,1.0,1,73,1,0.0,0,1.0,1.0,1,0.0,7,0,1,3,0,1.0,0,1.0,0,78.0,97.0,0.0,240.0,2021
2,D,78.0,27.0,3.0,1.0,14,1.0,1.0,0.0,1,12,2,0.0,0,5.0,3.0,1,0.0,7,1,0,1,1,0.0,0,1.0,0,151.0,188.0,60.0,240.0,2021
1,D,24.0,56.0,7.0,1.0,10,1.0,0.0,0.0,1,8,2,0.0,0,5.0,3.0,1,0.0,7,1,0,1,1,0.0,0,1.0,0,97.0,121.0,0.0,240.0,2021
6,D,210.0,32.0,4.0,1.0,33,1.0,0.0,0.0,1,40,1,0.0,0,6.0,1.0,1,0.0,7,1,0,1,1,0.0,0,1.0,0,210.0,240.0,60.0,240.0,2021
4,D,48.0,31.0,4.0,1.0,58,2.0,0.0,0.0,1,65,1,0.0,0,6.0,1.0,1,0.0,7,1,0,1,1,0.0,0,1.0,0,78.0,97.0,0.0,120.0,2021
1,C,,24.0,2.0,1.0,91,1.0,1.0,0.0,1,31,2,1.0,0,1.0,3.0,2,2.0,8,0,1,3,0,0.0,0,1.0,0,12.0,18.0,0.0,60.0,2021
4,D,60.0,59.0,7.0,1.0,58,1.0,1.0,1.0,1,65,1,0.0,0,5.0,1.0,1,2.0,7,1,0,1,1,1.0,0,1.0,0,60.0,60.0,60.0,240.0,2021
4,D,105.0,36.0,5.0,1.0,59,1.0,1.0,0.0,1,66,1,0.0,0,3.0,1.0,1,0.0,7,1,0,1,1,0.0,0,1.0,0,151.0,188.0,60.0,240.0,2021
1,D,9.0,37.0,5.0,1.0,36,1.0,1.0,0.0,1,42,2,0.0,0,5.0,3.0,1,0.0,7,1,0,2,1,0.0,0,1.0,0,97.0,121.0,0.0,240.0,2021
4,D,48.0,25.0,2.0,1.0,56,1.0,0.0,0.0,1,63,1,0.0,0,3.0,1.0,1,0.0,7,1,0,1,1,0.0,0,1.0,0,97.0,121.0,0.0,240.0,2021
4,D,169.0,30.0,3.0,1.0,35,1.0,0.0,0.0,1,41,1,0.0,0,3.0,1.0,2,1.0,7,1,0,1,1,0.0,0,1.0,0,151.0,188.0,60.0,240.0,2021
1,D,180.0,38.0,5.0,1.0,1,1.0,1.0,0.0,1,90,1,0.0,0,3.0,1.0,1,0.0,7,1,0,1,1,0.0,0,1.0,0,235.0,293.0,180.0,360.0,2021
2,D,60.0,51.0,7.0,1.0,51,1.0,0.0,0.0,1,57,1,0.0,0,6.0,1.0,1,0.0,7,1,0,1,1,0.0,0,1.0,0,108.0,135.0,60.0,240.0,2021
1,D,125.0,34.0,4.0,1.0,9,1.0,1.0,0.0,1,6,1,0.0,0,1.0,1.0,5,0.0,7,1,0,1,1,0.0,0,1.0,0,210.0,262.0,60.0,240.0,2021
3,D,120.0,41.0,6.0,1.0,23,1.0,1.0,3.0,1,20,1,0.0,0,5.0,1.0,1,0.0,7,1,0,1,1,3.0,0,2.0,0,120.0,120.0,120.0,240.0,2021
2,D,84.0,61.0,8.0,1.0,27,1.0,1.0,3.0,1,25,1,0.0,0,5.0,1.0,1,0.0,7,1,0,1,1,3.0,0,2.0,0,168.0,210.0,60.0,240.0,2021
1,D,60.0,49.0,6.0,1.0,46,1.0,1.0,0.0,1,53,1,0.0,0,3.0,1.0,2,0.0,7,1,0,1,1,0.0,0,1.0,0,60.0,71.0,60.0,240.0,2021
3,D,120.0,23.0,2.0,1.0,52,1.0,1.0,5.0,1,58,1,0.0,0,3.0,1.0,1,1.0,7,1,0,1,1,5.0,0,3.0,0,120.0,120.0,120.0,240.0,2021
2,D,160.0,32.0,4.0,1.0,30,1.0,1.0,0.0,1,36,1,0.0,0,3.0,1.0,2,2.0,7,1,0,1,1,0.0,0,1.0,0,151.0,188.0,0.0,240.0,2021
8,D,78.0,73.0,8.0,1.0,89,1.0,1.0,0.0,1,30,1,0.0,0,6.0,1.0,1,0.0,7,1,0,1,1,0.0,0,1.0,0,78.0,97.0,0.0,120.0,2021
2,D,24.0,29.0,3.0,1.0,84,1.0,1.0,1.0,1,88,1,0.0,0,1.0,1.0,1,0.0,7,1,0,1,1,1.0,0,1.0,0,78.0,97.0,0.0,240.0,2021
4,D,43.0,38.0,5.0,1.0,94,1.0,0.0,0.0,1,34,1,0.0,0,6.0,1.0,1,1.0,7,1,0,1,1,0.0,0,1.0,0,51.0,63.0,0.0,240.0,2021
6,D,360.0,34.0,4.0,1.0,21,1.0,1.0,1.0,1,18,1,0.0,0,5.0,1.0,2,3.0,7,1,0,1,1,1.0,0,5.0,0,360.0,360.0,120.0,9996.0,2021
2,D,109.0,37.0,5.0,1.0,24,1.0,0.0,0.0,1,22,2,0.0,0,3.0,3.0,1,0.0,7,1,0,1,1,0.0,0,1.0,0,121.0,151.0,60.0,240.0,2021
2,D,88.0,33.0,4.0,1.0,14,1.0,0.0,0.0,1,12,1,0.0,0,5.0,1.0,2,0.0,7,1,0,1,1,0.0,0,1.0,0,151.0,188.0,60.0,240.0,2021
3,D,60.0,24.0,2.0,1.0,61,1.0,1.0,6.0,1,68,1,1.0,0,3.0,1.0,1,0.0,7,1,0,1,1,8.0,0,4.0,0,151.0,188.0,60.0,240.0,2021
1,D,180.0,40.0,5.0,1.0,47,1.0,1.0,2.0,1,52,2,0.0,0,5.0,3.0,1,0.0,7,1,0,1,1,4.0,0,3.0,0,180.0,180.0,180.0,480.0,2021
4,D,36.0,55.0,7.0,1.0,58,1.0,1.0,17.0,1,65,1,0.0,0,3.0,2.0,1,4.0,8,1,0,1,1,19.0,0,6.0,0,30.0,37.0,0.0,120.0,2021
2,D,46.0,62.0,8.0,1.0,84,1.0,1.0,0.0,1,88,1,0.0,0,3.0,1.0,1,0.0,7,1,0,1,1,0.0,0,1.0,0,46.0,57.0,0.0,240.0,2021
1,D,70.0,22.0,2.0,1.0,91,2.0,0.0,0.0,1,31,2,0.0,0,1.0,3.0,1,0.0,7,1,0,1,1,0.0,0,1.0,0,87.0,108.0,60.0,240.0,2021
4,D,98.0,40.0,5.0,1.0,67,1.0,1.0,4.0,1,71,1,0.0,0,3.0,1.0,1,0.0,7,1,0,1,1,4.0,0,3.0,0,168.0,210.0,0.0,240.0,2021
6,D,120.0,29.0,3.0,1.0,37,1.0,1.0,3.0,1,43,1,0.0,0,3.0,1.0,1,0.0,7,1,0,1,1,3.0,0,2.0,0,120.0,120.0,120.0,240.0,2021
3,D,144.0,42.0,6.0,1.0,42,1.0,1.0,0.0,1,48,1,0.0,0,3.0,1.0,1,0.0,7,1,0,1,1,0.0,0,1.0,0,240.0,240.0,60.0,240.0,2021
4,D,176.0,47.0,6.0,1.0,56,1.0,1.0,4.0,1,63,1,0.0,0,6.0,1.0,1,0.0,7,1,0,1,1,4.0,0,3.0,0,188.0,235.0,180.0,480.0,2021
1,D,54.0,75.0,8.0,1.0,19,1.0,1.0,0.0,1,16,1,0.0,0,6.0,1.0,1,0.0,7,1,0,1,1,0.0,0,1.0,0,78.0,97.0,0.0,240.0,2021
2,D,151.0,32.0,4.0,1.0,87,1.0,0.0,0.0,1,26,1,0.0,0,5.0,1.0,2,2.0,7,1,0,1,1,0.0,0,1.0,0,151.0,188.0,60.0,240.0,2021
1,D,52.0,31.0,4.0,1.0,19,1.0,0.0,0.0,1,16,1,0.0,0,6.0,1.0,1,2.0,7,1,0,1,1,0.0,0,1.0,0,78.0,97.0,0.0,240.0,2021
1,D,72.0,25.0,2.0,1.0,91,1.0,1.0,1.0,1,31,1,0.0,0,5.0,1.0,1,1.0,7,1,0,1,1,3.0,0,2.0,0,235.0,240.0,60.0,240.0,2021
2,D,78.0,56.0,7.0,1.0,17,1.0,1.0,0.0,1,15,1,0.0,0,3.0,1.0,1,0.0,7,1,0,1,1,0.0,0,1.0,0,97.0,121.0,0.0,240.0,2021
2,D,24.0,53.0,7.0,1.0,51,1.0,1.0,3.0,1,57,1,0.0,0,3.0,1.0,1,3.0,8,1,0,1,1,3.0,0,2.0,0,33.0,41.0,0.0,60.0,2021
5,D,30.0,41.0,6.0,1.0,20,1.0,1.0,3.0,1,17,1,0.0,0,1.0,2.0,1,3.0,8,1,0,1,1,5.0,0,3.0,0,24.0,30.0,0.0,120.0,2021
2,D,32.0,46.0,6.0,1.0,2,1.0,0.0,0.0,3,0,1,0.0,1,6.0,1.0,1,2.0,7,1,0,1,1,0.0,0,1.0,0,51.0,63.0,0.0,120.0,2021
6,D,24.0,39.0,5.0,1.0,11,1.0,0.0,0.0,1,9,1,0.0,0,6.0,1.0,1,1.0,7,1,0,1,1,0.0,0,1.0,0,97.0,121.0,0.0,240.0,2021
2,D,95.0,22.0,2.0,1.0,65,1.0,1.0,0.0,1,73,1,0.0,0,1.0,1.0,3,0.0,7,1,0,1,1,0.0,0,1.0,0,78.0,97.0,0.0,60.0,2021
2,D,36.0,21.0,2.0,1.0,77,1.0,0.0,0.0,1,81,2,0.0,0,5.0,3.0,2,0.0,7,1,0,1,1,0.0,0,1.0,0,63.0,78.0,0.0,60.0,2021
4,D,40.0,26.0,3.0,1.0,82,1.0,1.0,1.0,1,85,1,0.0,0,5.0,1.0,1,0.0,7,1,0,1,1,1.0,0,1.0,0,78.0,97.0,0.0,240.0,2021
8,D,48.0,36.0,5.0,1.0,65,1.0,0.0,0.0,1,73,1,0.0,0,6.0,1.0,1,0.0,7,1,0,1,1,0.0,0,1.0,0,78.0,97.0,0.0,240.0,2021
1,D,84.0,37.0,5.0,1.0,1,1.0,0.0,0.0,1,90,1,0.0,0,6.0,1.0,1,0.0,7,1,0,1,1,0.0,0,1.0,0,151.0,188.0,60.0,240.0,2021
1,D,60.0,25.0,2.0,1.0,93,1.0,0.0,0.0,1,32,2,0.0,0,3.0,3.0,1,0.0,7,1,0,1,1,0.0,0,1.0,0,210.0,240.0,60.0,240.0,2021
6,D,188.0,33.0,4.0,1.0,36,1.0,0.0,0.0,1,42,1,1.0,0,6.0,1.0,2,0.0,7,1,0,1,1,0.0,0,1.0,0,151.0,188.0,60.0,240.0,2021
2,D,14.0,41.0,6.0,1.0,51,1.0,1.0,1.0,1,57,1,0.0,0,5.0,1.0,1,0.0,8,1,0,1,1,3.0,0,2.0,0,30.0,37.0,0.0,60.0,2021
1,D,120.0,40.0,5.0,1.0,10,1.0,1.0,1.0,1,8,1,0.0,0,3.0,1.0,1,0.0,7,1,0,1,1,3.0,0,2.0,0,120.0,135.0,120.0,240.0,2021
1,D,120.0,44.0,6.0,1.0,10,1.0,1.0,2.0,1,8,1,0.0,0,,1.0,2,,7,1,0,1,1,4.0,0,3.0,0,235.0,240.0,120.0,240.0,2021
4,D,18.0,76.0,8.0,1.0,57,1.0,1.0,0.0,1,64,1,0.0,0,3.0,1.0,1,0.0,7,1,0,1,1,0.0,0,1.0,0,24.0,30.0,0.0,120.0,2021
1,D,300.0,38.0,5.0,1.0,93,1.0,1.0,3.0,1,32,1,0.0,0,3.0,2.0,1,0.0,7,1,0,1,1,3.0,0,2.0,0,360.0,600.0,300.0,600.0,2021
1,D,92.0,45.0,6.0,1.0,41,1.0,0.0,0.0,1,47,1,0.0,0,5.0,1.0,2,1.0,7,1,0,1,1,0.0,0,1.0,0,108.0,135.0,60.0,240.0,2021
4,D,60.0,35.0,4.0,1.0,56,3.0,1.0,2.0,1,63,1,0.0,0,6.0,2.0,1,2.0,7,1,0,1,1,2.0,0,2.0,0,63.0,78.0,60.0,240.0,2021
1,D,78.0,80.0,8.0,1.0,46,1.0,0.0,0.0,1,53,1,0.0,0,6.0,1.0,2,0.0,7,1,0,1,1,0.0,0,1.0,0,78.0,97.0,60.0,240.0,2021
2,D,97.0,54.0,7.0,1.0,87,1.0,1.0,0.0,1,26,1,0.0,0,3.0,1.0,1,3.0,7,1,0,1,1,0.0,0,1.0,0,97.0,121.0,0.0,240.0,2021
4,D,65.0,36.0,5.0,1.0,34,1.0,0.0,0.0,1,39,1,0.0,0,6.0,1.0,1,0.0,7,1,0,1,1,0.0,0,1.0,0,60.0,71.0,60.0,240.0,2021
5,D,188.0,42.0,6.0,1.0,92,1.0,0.0,0.0,1,33,1,0.0,0,5.0,1.0,1,0.0,7,1,0,1,1,0.0,0,1.0,0,151.0,188.0,60.0,240.0,2021
6,D,144.0,41.0,6.0,1.0,79,1.0,1.0,6.0,1,83,1,0.0,0,5.0,1.0,1,0.0,7,1,0,1,1,6.0,0,3.0,0,210.0,240.0,120.0,240.0,2021
6,D,180.0,66.0,8.0,1.0,23,1.0,1.0,3.0,1,20,1,0.0,0,3.0,2.0,1,0.0,7,1,0,1,1,3.0,0,2.0,0,180.0,180.0,180.0,480.0,2021
3,D,90.0,25.0,2.0,1.0,46,1.0,0.0,0.0,1,53,1,0.0,0,3.0,1.0,2,0.0,7,1,0,1,1,0.0,0,1.0,0,121.0,151.0,60.0,240.0,2021
3,D,87.0,25.0,2.0,1.0,75,1.0,0.0,0.0,1,79,1,0.0,0,3.0,1.0,1,0.0,7,1,0,1,1,0.0,0,1.0,0,151.0,188.0,60.0,240.0,2021
2,D,120.0,21.0,2.0,1.0,34,1.0,0.0,0.0,1,39,1,0.0,0,3.0,1.0,1,0.0,7,1,0,1,1,0.0,0,1.0,0,78.0,97.0,0.0,240.0,2021
4,D,71.0,38.0,5.0,1.0,58,1.0,1.0,0.0,1,65,1,0.0,0,5.0,1.0,2,1.0,7,1,0,1,1,0.0,0,1.0,0,60.0,71.0,60.0,240.0,2021
4,D,84.0,33.0,4.0,1.0,56,1.0,1.0,0.0,1,63,1,0.0,0,6.0,1.0,1,0.0,7,1,0,1,1,0.0,0,1.0,0,97.0,120.0,0.0,120.0,2021
1,D,220.0,56.0,7.0,1.0,2,1.0,1.0,6.0,1,0,1,0.0,0,5.0,1.0,1,0.0,7,1,0,1,1,6.0,0,3.0,0,210.0,240.0,120.0,240.0,2021
8,D,24.0,32.0,4.0,1.0,19,1.0,1.0,2.0,1,16,1,0.0,0,6.0,1.0,3,0.0,8,1,0,1,1,2.0,0,2.0,0,30.0,37.0,0.0,240.0,2021
2,D,132.0,51.0,7.0,1.0,87,1.0,1.0,1.0,1,26,1,0.0,0,5.0,1.0,3,0.0,7,1,0,1,1,1.0,0,1.0,0,151.0,188.0,60.0,240.0,2021
4,D,78.0,27.0,3.0,1.0,18,1.0,0.0,0.0,1,91,1,0.0,0,5.0,2.0,1,0.0,7,1,0,1,1,0.0,0,1.0,0,97.0,121.0,0.0,240.0,2021
4,D,180.0,48.0,6.0,1.0,33,3.0,1.0,3.0,1,40,1,0.0,0,1.0,6.0,1,0.0,8,1,0,1,1,3.0,0,2.0,0,51.0,63.0,0.0,240.0,2021
3,D,40.0,56.0,7.0,1.0,36,1.0,1.0,1.0,1,42,2,0.0,0,6.0,3.0,1,0.0,7,1,0,1,1,3.0,0,2.0,0,57.0,71.0,0.0,240.0,2021
3,D,60.0,20.0,1.0,1.0,48,1.0,1.0,2.0,1,54,1,0.0,0,3.0,1.0,2,1.0,7,1,0,1,1,2.0,0,2.0,0,87.0,108.0,0.0,120.0,2021
3,D,121.0,39.0,5.0,1.0,22,1.0,1.0,3.0,1,19,1,0.0,0,5.0,1.0,1,,7,1,0,1,1,5.0,0,3.0,0,120.0,121.0,120.0,240.0,2021
5,D,60.0,63.0,8.0,1.0,62,1.0,0.0,0.0,1,69,1,0.0,0,5.0,1.0,1,0.0,7,1,0,1,1,0.0,0,1.0,0,97.0,121.0,60.0,240.0,2021
1,D,48.0,28.0,3.0,1.0,93,1.0,0.0,0.0,1,32,1,0.0,0,5.0,1.0,1,0.0,7,1,0,1,1,0.0,0,1.0,0,97.0,121.0,0.0,240.0,2021
3,D,150.0,50.0,6.0,1.0,34,1.0,1.0,0.0,1,39,1,0.0,0,5.0,1.0,1,0.0,7,1,0,1,1,0.0,0,1.0,0,188.0,235.0,60.0,240.0,2021
8,D,65.0,29.0,3.0,1.0,60,1.0,1.0,0.0,1,67,1,0.0,0,3.0,1.0,1,0.0,7,1,0,1,1,0.0,0,1.0,0,78.0,97.0,0.0,240.0,2021
1,D,120.0,25.0,2.0,1.0,80,1.0,1.0,3.0,1,84,1,0.0,0,5.0,1.0,1,0.0,7,1,0,1,1,5.0,0,3.0,0,135.0,168.0,120.0,240.0,2021
1,D,120.0,27.0,3.0,1.0,93,1.0,1.0,5.0,1,32,1,0.0,0,3.0,2.0,1,0.0,7,1,0,1,1,7.0,0,4.0,0,188.0,235.0,120.0,240.0,2021
4,D,180.0,48.0,6.0,1.0,82,1.0,1.0,6.0,1,85,1,0.0,0,5.0,6.0,2,0.0,7,1,0,1,1,6.0,0,3.0,0,188.0,235.0,180.0,480.0,2021
2,D,96.0,39.0,5.0,1.0,64,1.0,1.0,0.0,1,70,1,0.0,0,6.0,1.0,1,0.0,7,1,0,1,1,0.0,0,1.0,0,168.0,210.0,60.0,240.0,2021
2,D,114.0,39.0,5.0,1.0,64,1.0,1.0,1.0,1,70,1,0.0,0,6.0,1.0,1,0.0,7,1,0,1,1,1.0,0,1.0,0,108.0,135.0,60.0,240.0,2021
3,D,37.0,29.0,3.0,1.0,41,1.0,0.0,0.0,1,47,1,0.0,0,3.0,1.0,1,0.0,7,1,0,1,1,0.0,0,1.0,0,70.0,87.0,0.0,240.0,2021
3,D,84.0,29.0,3.0,1.0,31,1.0,1.0,0.0,1,37,1,0.0,0,1.0,1.0,1,0.0,7,1,0,1,1,0.0,0,1.0,0,78.0,97.0,0.0,240.0,2021
5,D,240.0,43.0,6.0,1.0,27,1.0,1.0,15.0,1,25,1,1.0,0,3.0,1.0,1,1.0,7,1,0,1,1,15.0,0,6.0,0,240.0,240.0,60.0,240.0,2021
4,D,121.0,27.0,3.0,1.0,35,3.0,0.0,0.0,1,41,2,0.0,0,1.0,3.0,1,0.0,7,1,0,1,1,0.0,0,1.0,0,97.0,121.0,60.0,240.0,2021
5,D,120.0,24.0,2.0,1.0,20,1.0,1.0,0.0,1,17,1,0.0,0,1.0,2.0,1,0.0,7,1,0,1,1,0.0,0,1.0,0,151.0,188.0,60.0,240.0,2021
2,D,40.0,21.0,2.0,1.0,36,1.0,0.0,0.0,1,42,2,0.0,0,1.0,3.0,1,0.0,7,1,0,1,1,0.0,0,1.0,0,78.0,97.0,0.0,240.0,2021
3,D,156.0,45.0,6.0,1.0,22,1.0,1.0,13.0,1,19,1,0.0,0,5.0,1.0,1,1.0,7,1,0,1,1,13.0,0,6.0,0,240.0,240.0,60.0,240.0,2021
1,D,144.0,31.0,4.0,1.0,50,1.0,1.0,4.0,1,56,1,0.0,0,3.0,1.0,2,3.0,7,1,0,1,1,6.0,0,3.0,0,188.0,235.0,60.0,240.0,2021
3,D,188.0,29.0,3.0,1.0,89,1.0,1.0,0.0,1,30,1,0.0,0,5.0,1.0,1,0.0,7,1,0,1,1,0.0,0,1.0,0,151.0,188.0,60.0,240.0,2021
6,D,70.0,30.0,3.0,1.0,75,1.0,1.0,0.0,1,79,2,0.0,0,3.0,3.0,1,3.0,7,1,0,1,1,0.0,0,1.0,0,97.0,121.0,60.0,240.0,2021
2,D,156.0,57.0,7.0,1.0,84,1.0,1.0,2.0,1,88,1,0.0,0,3.0,1.0,1,0.0,7,1,0,1,1,2.0,0,2.0,0,240.0,240.0,120.0,240.0,2021
4,D,151.0,42.0,6.0,1.0,24,1.0,1.0,0.0,1,22,1,0.0,0,3.0,1.0,1,1.0,7,1,0,1,1,0.0,0,1.0,0,151.0,188.0,60.0,240.0,2021
3,D,78.0,46.0,6.0,1.0,22,1.0,1.0,0.0,1,19,1,0.0,0,3.0,1.0,1,,7,1,0,1,1,0.0,0,1.0,0,78.0,97.0,60.0,240.0,2021
5,D,31.0,78.0,8.0,1.0,22,1.0,1.0,0.0,1,19,1,0.0,0,5.0,1.0,1,,7,1,0,1,1,0.0,0,1.0,0,97.0,121.0,0.0,240.0,2021
1,D,97.0,32.0,4.0,1.0,54,1.0,1.0,0.0,1,61,2,0.0,0,1.0,3.0,1,4.0,7,1,0,1,1,0.0,0,1.0,0,135.0,168.0,0.0,240.0,2021
1,D,120.0,69.0,8.0,1.0,22,1.0,0.0,0.0,1,19,1,0.0,0,3.0,1.0,1,1.0,7,1,0,1,1,0.0,0,1.0,0,151.0,188.0,60.0,240.0,2021
3,D,90.0,20.0,1.0,1.0,34,1.0,0.0,0.0,1,39,1,0.0,0,3.0,1.0,1,0.0,7,1,0,1,1,0.0,0,1.0,0,78.0,97.0,0.0,240.0,2021
8,D,70.0,32.0,4.0,1.0,35,2.0,0.0,0.0,1,41,2,0.0,0,1.0,3.0,1,0.0,7,1,0,1,1,0.0,0,1.0,0,70.0,87.0,60.0,240.0,2021
1,D,60.0,46.0,6.0,1.0,8,1.0,1.0,0.0,1,7,1,0.0,0,1.0,1.0,1,4.0,7,1,0,1,1,0.0,0,1.0,0,121.0,151.0,60.0,240.0,2021
5,D,18.0,24.0,2.0,1.0,62,1.0,0.0,0.0,1,69,1,0.0,0,6.0,1.0,1,0.0,7,1,0,1,1,0.0,0,1.0,0,24.0,30.0,0.0,120.0,2021
4,D,151.0,52.0,7.0,1.0,34,1.0,1.0,6.0,1,39,1,0.0,0,5.0,1.0,1,0.0,7,1,0,1,1,6.0,0,3.0,0,121.0,151.0,120.0,240.0,2021
2,D,60.0,40.0,5.0,1.0,51,1.0,0.0,0.0,1,57,1,0.0,0,6.0,1.0,1,0.0,7,1,0,1,1,0.0,0,1.0,0,60.0,60.0,60.0,240.0,2021
1,D,108.0,42.0,6.0,1.0,47,1.0,1.0,1.0,1,52,1,0.0,0,3.0,1.0,1,0.0,7,1,0,1,1,3.0,0,2.0,0,235.0,240.0,60.0,240.0,2021
6,D,60.0,48.0,6.0,1.0,35,1.0,0.0,0.0,1,41,1,0.0,0,3.0,1.0,1,3.0,7,1,0,1,1,0.0,0,1.0,0,78.0,97.0,0.0,240.0,2021
2,C,0.03,62.0,8.0,1.0,79,1.0,1.0,0.0,1,83,1,1.0,0,3.0,6.0,1,0.0,8,1,0,1,1,0.0,0,1.0,0,10.0,16.0,0.0,120.0,2021
2,D,121.0,37.0,5.0,1.0,17,1.0,1.0,2.0,1,15,1,0.0,0,3.0,2.0,2,2.0,7,1,0,1,1,4.0,0,3.0,0,121.0,151.0,60.0,240.0,2021
4,D,60.0,26.0,3.0,1.0,90,1.0,0.0,0.0,1,29,1,0.0,0,6.0,1.0,3,0.0,7,1,0,1,1,0.0,0,1.0,0,121.0,151.0,60.0,240.0,2021
1,D,102.0,39.0,5.0,1.0,1,1.0,1.0,6.0,1,90,1,0.0,0,3.0,1.0,1,0.0,7,1,0,1,1,8.0,0,4.0,0,168.0,210.0,60.0,240.0,2021
1,D,90.0,35.0,4.0,1.0,55,1.0,1.0,1.0,1,62,1,0.0,0,5.0,1.0,1,1.0,7,1,0,1,1,1.0,0,1.0,0,97.0,121.0,0.0,240.0,2021
4,D,144.0,49.0,6.0,1.0,56,1.0,1.0,4.0,1,63,2,0.0,0,1.0,3.0,1,1.0,7,1,0,1,1,4.0,0,3.0,0,188.0,235.0,60.0,240.0,2021
2,D,0.03,23.0,2.0,1.0,84,2.0,0.0,0.0,1,88,1,0.0,0,6.0,6.0,1,0.0,7,1,0,1,1,0.0,0,1.0,0,57.0,71.0,0.0,240.0,2021
1,D,60.0,27.0,3.0,1.0,11,1.0,0.0,0.0,1,9,1,0.0,0,3.0,1.0,1,1.0,7,1,0,1,1,0.0,0,1.0,0,78.0,97.0,0.0,240.0,2021
1,D,37.0,42.0,6.0,1.0,11,1.0,0.0,0.0,1,9,1,1.0,0,6.0,1.0,1,3.0,7,1,0,1,1,0.0,0,1.0,0,37.0,46.0,0.0,120.0,2021
4,D,60.0,45.0,6.0,1.0,56,1.0,1.0,0.0,1,63,2,0.0,0,6.0,3.0,2,1.0,7,1,0,1,1,0.0,0,1.0,0,78.0,97.0,60.0,240.0,2021
4,D,70.0,23.0,2.0,1.0,56,1.0,1.0,1.0,1,63,2,0.0,0,3.0,3.0,1,0.0,7,1,0,1,1,3.0,0,2.0,0,108.0,135.0,60.0,240.0,2021
4,D,66.0,23.0,2.0,1.0,39,1.0,0.0,0.0,1,45,1,0.0,0,3.0,1.0,1,0.0,7,1,0,1,1,0.0,0,1.0,0,108.0,135.0,60.0,240.0,2021
2,D,150.0,41.0,6.0,1.0,21,1.0,1.0,11.0,1,18,1,0.0,0,5.0,1.0,1,0.0,7,1,0,1,1,11.0,0,5.0,0,235.0,240.0,60.0,240.0,2021
2,D,235.0,72.0,8.0,1.0,15,1.0,1.0,3.0,1,13,1,0.0,0,1.0,1.0,3,0.0,7,1,0,1,1,3.0,0,2.0,0,235.0,293.0,60.0,240.0,2021
4,D,60.0,61.0,8.0,1.0,64,1.0,0.0,0.0,1,70,1,0.0,0,6.0,1.0,4,0.0,7,1,0,1,1,0.0,0,1.0,0,210.0,262.0,60.0,240.0,2021
2,D,120.0,60.0,7.0,1.0,84,1.0,1.0,0.0,1,88,1,0.0,0,3.0,1.0,1,0.0,7,1,0,1,1,0.0,0,1.0,0,120.0,120.0,120.0,240.0,2021
1,D,90.0,24.0,2.0,1.0,6,2.0,1.0,0.0,1,3,1,0.0,0,5.0,6.0,2,0.0,7,1,0,1,1,0.0,0,1.0,0,60.0,71.0,60.0,240.0,2021
2,D,172.0,48.0,6.0,1.0,15,1.0,0.0,0.0,1,13,1,0.0,0,6.0,1.0,2,0.0,7,1,0,1,1,0.0,0,1.0,0,151.0,188.0,60.0,240.0,2021
2,D,78.0,23.0,2.0,1.0,2,1.0,0.0,0.0,1,0,1,0.0,0,5.0,1.0,1,0.0,7,1,0,1,1,0.0,0,1.0,0,210.0,240.0,60.0,240.0,2021
3,D,72.0,22.0,2.0,1.0,42,1.0,0.0,0.0,1,48,1,0.0,0,3.0,1.0,1,0.0,7,1,0,1,1,0.0,0,1.0,0,240.0,240.0,60.0,240.0,2021
3,D,60.0,33.0,4.0,1.0,34,1.0,0.0,0.0,1,39,1,0.0,0,5.0,1.0,1,3.0,7,1,0,1,1,0.0,0,1.0,0,70.0,87.0,60.0,240.0,2021
3,D,71.0,44.0,6.0,1.0,34,1.0,1.0,0.0,1,39,1,0.0,0,3.0,1.0,1,3.0,7,1,0,1,1,0.0,0,1.0,0,57.0,71.0,0.0,120.0,2021
2,D,120.0,45.0,6.0,1.0,34,1.0,1.0,0.0,1,39,1,0.0,0,1.0,1.0,1,3.0,7,1,0,1,1,0.0,0,1.0,0,97.0,121.0,60.0,240.0,2021
4,D,60.0,35.0,4.0,1.0,34,1.0,0.0,0.0,1,39,1,0.0,0,6.0,1.0,1,3.0,7,1,0,1,1,0.0,0,1.0,0,97.0,121.0,0.0,240.0,2021
3,D,60.0,38.0,5.0,1.0,34,1.0,1.0,0.0,1,39,1,0.0,0,3.0,1.0,1,4.0,7,1,0,1,1,0.0,0,1.0,0,78.0,97.0,0.0,120.0,2021
2,D,72.0,27.0,3.0,1.0,24,1.0,0.0,0.0,1,22,1,0.0,0,6.0,1.0,1,0.0,7,1,0,1,1,0.0,0,1.0,0,97.0,121.0,60.0,240.0,2021
1,D,180.0,50.0,6.0,1.0,50,1.0,1.0,0.0,1,56,1,1.0,0,3.0,1.0,1,0.0,7,1,0,1,1,0.0,0,1.0,0,240.0,240.0,60.0,240.0,2021
2,D,46.0,44.0,6.0,1.0,94,1.0,1.0,0.0,1,34,1,0.0,0,5.0,1.0,1,2.0,7,1,0,1,1,0.0,0,1.0,0,46.0,57.0,0.0,240.0,2021
4,D,240.0,31.0,4.0,1.0,56,1.0,1.0,0.0,1,63,1,0.0,0,3.0,1.0,1,0.0,7,1,0,1,1,0.0,0,1.0,0,151.0,188.0,60.0,240.0,2021
8,D,68.0,25.0,2.0,1.0,60,1.0,1.0,0.0,1,67,1,0.0,0,3.0,1.0,1,0.0,7,1,0,1,1,0.0,0,1.0,0,70.0,87.0,60.0,240.0,2021
2,D,84.0,25.0,2.0,1.0,35,1.0,1.0,0.0,1,41,2,0.0,0,5.0,3.0,1,0.0,7,1,0,1,1,0.0,0,1.0,0,97.0,121.0,0.0,240.0,2021
7,D,106.0,31.0,4.0,1.0,25,1.0,1.0,14.0,1,23,1,0.0,0,5.0,1.0,1,0.0,7,1,0,1,1,16.0,0,6.0,0,130.0,162.0,60.0,240.0,2021
8,D,18.0,28.0,3.0,1.0,65,1.0,0.0,0.0,1,73,1,0.0,0,5.0,6.0,1,0.0,7,1,0,1,1,0.0,0,1.0,0,78.0,97.0,0.0,120.0,2021
2,D,330.0,37.0,5.0,1.0,39,1.0,1.0,8.0,1,45,1,0.0,0,3.0,1.0,1,1.0,7,1,0,1,1,10.0,0,5.0,0,324.0,405.0,180.0,480.0,2021
5,D,130.0,35.0,4.0,1.0,9,1.0,1.0,0.0,1,6,1,0.0,0,3.0,1.0,4,1.0,7,1,0,1,1,0.0,0,1.0,0,210.0,262.0,60.0,240.0,2021
2,D,60.0,31.0,4.0,1.0,24,1.0,0.0,0.0,1,22,1,0.0,0,5.0,1.0,1,0.0,7,1,0,1,1,0.0,0,1.0,0,151.0,188.0,60.0,240.0,2021
1,D,180.0,32.0,4.0,1.0,50,1.0,1.0,2.0,1,56,1,0.0,0,3.0,1.0,1,0.0,7,1,0,1,1,4.0,0,3.0,0,188.0,235.0,180.0,480.0,2021
4,D,120.0,55.0,7.0,1.0,60,1.0,1.0,1.0,1,67,1,0.0,0,6.0,1.0,1,2.0,7,1,0,1,1,1.0,0,1.0,0,121.0,151.0,120.0,240.0,2021
1,D,120.0,37.0,5.0,1.0,4,1.0,1.0,0.0,1,2,0,0.0,0,3.0,1.0,1,1.0,7,1,0,1,1,0.0,0,1.0,0,210.0,240.0,60.0,240.0,2021
2,D,96.0,39.0,5.0,1.0,12,1.0,1.0,3.0,1,10,1,0.0,0,6.0,1.0,1,0.0,7,1,0,1,1,3.0,0,2.0,0,57.0,71.0,0.0,120.0,2021
6,D,120.0,64.0,8.0,1.0,89,1.0,1.0,1.0,1,30,1,0.0,0,3.0,1.0,1,0.0,7,1,0,1,1,3.0,0,2.0,0,120.0,120.0,120.0,240.0,2021
3,D,36.0,21.0,2.0,1.0,63,1.0,0.0,0.0,1,95,1,0.0,0,3.0,1.0,1,0.0,7,1,0,1,1,0.0,0,1.0,0,51.0,63.0,0.0,240.0,2021
1,D,135.0,57.0,7.0,1.0,40,1.0,1.0,2.0,1,46,1,0.0,0,1.0,1.0,1,0.0,7,1,0,1,1,2.0,0,2.0,0,135.0,168.0,60.0,240.0,2021
5,D,93.0,30.0,3.0,1.0,55,1.0,1.0,4.0,1,62,1,0.0,0,3.0,1.0,1,0.0,7,1,0,1,1,4.0,0,3.0,0,108.0,135.0,60.0,240.0,2021
5,D,188.0,51.0,7.0,1.0,22,1.0,1.0,0.0,1,19,1,0.0,0,6.0,1.0,1,,7,1,0,1,1,0.0,0,1.0,0,240.0,240.0,60.0,240.0,2021
1,D,120.0,41.0,6.0,1.0,6,1.0,1.0,1.0,1,3,1,0.0,0,6.0,1.0,1,0.0,7,1,0,1,1,1.0,0,1.0,0,120.0,121.0,120.0,240.0,2021
2,B,,35.0,4.0,1.0,66,2.0,0.0,0.0,1,72,1,0.0,0,3.0,1.0,1,0.0,8,0,1,3,0,0.0,0,1.0,0,6.0,12.0,0.0,60.0,2021
2,D,72.0,43.0,6.0,1.0,84,1.0,1.0,0.0,1,88,1,0.0,0,6.0,1.0,1,0.0,7,1,0,1,1,0.0,0,1.0,0,97.0,121.0,0.0,240.0,2021
2,D,33.0,32.0,4.0,1.0,24,1.0,0.0,0.0,1,22,1,0.0,0,5.0,1.0,1,1.0,7,1,0,1,1,0.0,0,1.0,0,78.0,97.0,0.0,240.0,2021
2,D,108.0,32.0,4.0,1.0,24,1.0,1.0,0.0,1,22,1,0.0,0,5.0,1.0,1,2.0,7,1,0,1,1,0.0,0,1.0,0,97.0,121.0,60.0,240.0,2021
3,D,100.0,29.0,3.0,1.0,31,1.0,1.0,0.0,1,37,1,0.0,0,5.0,2.0,1,0.0,7,1,0,1,1,0.0,0,1.0,0,151.0,188.0,60.0,240.0,2021
6,D,360.0,44.0,6.0,1.0,72,1.0,1.0,0.0,1,77,1,0.0,0,5.0,1.0,2,0.0,7,1,0,1,1,0.0,0,1.0,0,360.0,600.0,180.0,360.0,2021
1,D,120.0,57.0,7.0,1.0,46,1.0,0.0,0.0,1,53,1,0.0,0,6.0,1.0,4,1.0,7,1,0,1,1,0.0,0,1.0,0,210.0,262.0,60.0,240.0,2021
1,D,180.0,39.0,5.0,1.0,41,1.0,1.0,3.0,1,47,1,0.0,0,3.0,1.0,3,0.0,7,1,0,1,1,4.0,0,3.0,0,210.0,262.0,180.0,480.0,2021
1,D,144.0,52.0,7.0,1.0,43,1.0,0.0,0.0,1,49,1,0.0,0,6.0,1.0,1,3.0,7,1,0,1,1,0.0,0,1.0,0,97.0,121.0,0.0,240.0,2021
2,D,12.03,41.0,6.0,1.0,12,1.0,0.0,0.0,1,10,1,1.0,0,3.0,1.0,1,0.0,7,1,0,1,1,0.0,0,1.0,0,87.0,108.0,0.0,240.0,2021
0,D,210.0,35.0,4.0,1.0,33,1.0,1.0,1.0,1,40,1,0.0,0,5.0,1.0,1,2.0,7,1,0,1,1,1.0,0,1.0,0,210.0,240.0,60.0,240.0,2021
1,D,,59.0,7.0,1.0,6,1.0,0.0,0.0,1,3,1,0.0,0,3.0,6.0,1,0.0,7,0,1,3,0,0.0,0,1.0,0,46.0,57.0,0.0,240.0,2021
1,D,180.0,34.0,4.0,1.0,93,1.0,1.0,1.0,1,32,1,0.0,0,5.0,1.0,1,0.0,7,1,0,1,1,1.0,0,1.0,0,210.0,262.0,180.0,360.0,2021
2,D,36.0,41.0,6.0,1.0,15,1.0,0.0,0.0,1,13,1,0.0,0,3.0,1.0,1,0.0,7,1,0,1,1,0.0,0,1.0,0,97.0,121.0,0.0,240.0,2021
5,D,180.0,28.0,3.0,1.0,20,1.0,1.0,10.0,1,17,1,0.0,0,3.0,1.0,1,0.0,7,1,0,1,1,12.0,0,5.0,0,151.0,188.0,120.0,240.0,2021
3,D,48.0,48.0,6.0,1.0,75,1.0,1.0,6.0,1,79,1,0.0,0,1.0,1.0,1,0.0,7,1,0,1,1,8.0,0,4.0,0,84.0,105.0,0.0,120.0,2021
3,D,180.0,69.0,8.0,1.0,49,1.0,1.0,7.0,1,55,1,0.0,0,3.0,1.0,1,0.0,7,1,0,1,1,7.0,0,4.0,0,180.0,180.0,180.0,480.0,2021
1,D,0.03,26.0,3.0,1.0,11,2.0,0.0,0.0,1,9,1,0.0,0,1.0,6.0,1,0.0,7,1,0,2,1,0.0,0,1.0,0,78.0,97.0,0.0,240.0,2021
6,D,121.0,28.0,3.0,1.0,33,1.0,1.0,0.0,1,40,0,0.0,0,5.0,1.0,1,0.0,7,1,0,1,1,0.0,0,1.0,0,97.0,121.0,0.0,240.0,2021
4,D,60.0,31.0,4.0,1.0,58,1.0,1.0,1.0,1,65,1,0.0,0,5.0,1.0,2,0.0,7,1,0,1,1,1.0,0,1.0,0,97.0,121.0,60.0,240.0,2021
2,D,115.0,36.0,5.0,1.0,73,1.0,1.0,3.0,1,78,1,0.0,0,3.0,6.0,1,0.0,7,1,0,1,1,3.0,0,2.0,0,188.0,235.0,0.0,240.0,2021
3,D,80.0,33.0,4.0,1.0,36,1.0,1.0,0.0,1,42,2,0.0,0,5.0,3.0,1,0.0,7,1,0,1,1,0.0,0,1.0,0,151.0,188.0,60.0,240.0,2021
5,D,70.0,29.0,3.0,1.0,7,1.0,0.0,0.0,1,5,1,0.0,0,6.0,1.0,1,0.0,7,1,0,1,1,0.0,0,1.0,0,188.0,235.0,60.0,240.0,2021
2,D,14.0,50.0,6.0,1.0,51,1.0,0.0,0.0,1,57,1,0.0,0,3.0,1.0,1,0.0,8,1,0,1,1,0.0,0,1.0,0,27.0,33.0,0.0,60.0,2021
2,D,72.0,43.0,6.0,1.0,65,1.0,1.0,3.0,1,73,1,0.0,0,3.0,1.0,1,1.0,7,1,0,1,1,3.0,0,2.0,0,210.0,240.0,60.0,240.0,2021
2,D,60.0,24.0,2.0,1.0,51,1.0,0.0,0.0,1,57,1,0.0,0,3.0,1.0,1,0.0,7,1,0,1,1,0.0,0,1.0,0,151.0,188.0,60.0,240.0,2021
E,D,60.0,40.0,5.0,1.0,24,2.0,0.0,0.0,1,22,1,0.0,0,6.0,1.0,1,0.0,7,1,0,1,1,0.0,0,1.0,0,78.0,97.0,60.0,240.0,2021
4,D,36.0,31.0,4.0,1.0,58,1.0,1.0,1.0,1,65,1,0.0,0,5.0,2.0,1,0.0,7,1,0,1,1,1.0,0,1.0,0,63.0,78.0,0.0,120.0,2021
4,D,130.0,49.0,6.0,1.0,62,1.0,1.0,16.0,1,69,1,0.0,0,3.0,1.0,1,0.0,7,1,0,1,1,18.0,0,6.0,0,210.0,240.0,60.0,240.0,2021
2,D,204.0,28.0,3.0,1.0,35,1.0,1.0,3.0,1,41,1,0.0,0,3.0,1.0,1,0.0,7,1,0,1,1,5.0,0,3.0,0,188.0,235.0,180.0,480.0,2021
4,D,75.0,26.0,3.0,1.0,62,1.0,0.0,0.0,1,69,1,0.0,0,3.0,1.0,1,0.0,7,1,0,1,1,0.0,0,1.0,0,151.0,188.0,60.0,9996.0,2021
3,D,60.0,37.0,5.0,1.0,24,1.0,1.0,1.0,1,22,1,0.0,0,5.0,1.0,1,2.0,7,1,0,1,1,1.0,0,1.0,0,78.0,97.0,0.0,240.0,2021
1,D,72.0,44.0,6.0,1.0,3,1.0,1.0,0.0,1,1,1,0.0,0,5.0,1.0,2,1.0,7,1,0,1,1,0.0,0,1.0,0,151.0,188.0,60.0,240.0,2021
1,D,180.0,49.0,6.0,1.0,40,1.0,0.0,0.0,1,46,1,0.0,0,5.0,1.0,1,0.0,7,1,0,1,1,0.0,0,1.0,0,180.0,180.0,180.0,360.0,2021
6,D,216.0,45.0,6.0,1.0,89,1.0,1.0,0.0,3,30,2,0.0,1,3.0,3.0,5,0.0,7,1,0,1,1,0.0,0,1.0,0,210.0,262.0,60.0,240.0,2021
2,D,100.0,39.0,5.0,1.0,87,1.0,1.0,0.0,1,26,1,0.0,0,5.0,1.0,1,0.0,7,1,0,1,1,0.0,0,1.0,0,121.0,151.0,60.0,240.0,2021
3,D,216.0,32.0,4.0,1.0,23,1.0,1.0,10.0,1,20,1,0.0,0,3.0,1.0,2,2.0,7,1,0,1,1,12.0,0,5.0,0,262.0,327.0,120.0,240.0,2021
4,D,155.0,51.0,7.0,1.0,35,1.0,1.0,0.0,1,41,1,0.0,0,1.0,1.0,3,1.0,7,1,0,1,1,0.0,0,1.0,0,151.0,188.0,60.0,240.0,2021
1,D,120.0,27.0,3.0,1.0,93,3.0,0.0,0.0,1,32,1,0.0,0,6.0,6.0,2,0.0,7,1,0,1,1,0.0,0,1.0,0,292.0,365.0,60.0,240.0,2021
1,D,220.0,35.0,4.0,1.0,55,1.0,1.0,7.0,1,62,1,0.0,0,1.0,1.0,2,0.0,7,1,0,1,1,9.0,0,4.0,0,235.0,293.0,180.0,480.0,2021
1,D,84.0,30.0,3.0,1.0,4,1.0,1.0,1.0,1,2,1,0.0,0,3.0,1.0,1,0.0,7,1,0,1,1,1.0,0,1.0,0,121.0,151.0,60.0,240.0,2021
7,D,240.0,46.0,6.0,1.0,36,1.0,0.0,0.0,1,42,1,0.0,0,6.0,1.0,1,0.0,7,1,0,1,1,0.0,0,1.0,0,108.0,135.0,0.0,240.0,2021
3,D,120.0,21.0,2.0,1.0,90,1.0,0.0,0.0,1,29,1,0.0,0,3.0,1.0,3,0.0,7,1,0,1,1,0.0,0,1.0,0,151.0,188.0,60.0,240.0,2021
6,D,90.0,37.0,5.0,1.0,8,1.0,1.0,0.0,1,7,1,0.0,0,6.0,1.0,1,0.0,7,1,0,2,1,0.0,0,1.0,0,151.0,188.0,60.0,240.0,2021
1,D,120.0,36.0,5.0,1.0,93,1.0,0.0,0.0,1,32,1,0.0,0,5.0,1.0,1,2.0,7,1,0,1,1,0.0,0,1.0,0,63.0,78.0,60.0,240.0,2021
3,D,120.0,36.0,5.0,1.0,31,1.0,1.0,1.0,1,37,1,0.0,0,5.0,1.0,1,0.0,7,1,0,1,1,1.0,0,1.0,0,78.0,97.0,0.0,240.0,2021
6,D,120.0,49.0,6.0,1.0,11,1.0,1.0,1.0,1,9,1,0.0,0,3.0,1.0,1,2.0,7,1,0,1,1,3.0,0,2.0,0,120.0,135.0,120.0,240.0,2021
3,D,37.0,24.0,2.0,1.0,34,1.0,0.0,0.0,1,39,2,0.0,0,6.0,3.0,1,0.0,7,1,0,1,1,0.0,0,1.0,0,37.0,46.0,0.0,120.0,2021
1,B,0.03,58.0,7.0,1.0,8,1.0,1.0,3.0,1,7,1,0.0,0,5.0,1.0,1,1.0,8,1,0,1,0,5.0,0,3.0,0,6.0,12.0,0.0,60.0,2021
1,D,300.0,31.0,4.0,1.0,40,1.0,1.0,2.0,1,46,1,0.0,0,3.0,1.0,2,0.0,7,1,0,1,1,2.0,0,2.0,0,600.0,600.0,180.0,360.0,2021
4,D,65.0,37.0,5.0,1.0,34,1.0,0.0,0.0,1,39,2,0.0,0,5.0,3.0,1,0.0,7,1,0,1,1,0.0,0,1.0,0,121.0,151.0,60.0,240.0,2021
3,D,240.0,23.0,2.0,1.0,34,1.0,1.0,0.0,1,39,2,0.0,0,5.0,3.0,1,0.0,7,1,0,1,1,0.0,0,1.0,0,235.0,240.0,0.0,240.0,2021
8,D,221.0,37.0,5.0,1.0,60,1.0,1.0,0.0,1,67,1,0.0,0,3.0,1.0,1,2.0,7,1,0,1,1,0.0,0,1.0,0,188.0,235.0,60.0,240.0,2021
6,D,108.0,65.0,8.0,1.0,89,1.0,0.0,0.0,1,30,1,0.0,0,5.0,2.0,1,0.0,7,1,0,1,1,0.0,0,1.0,0,210.0,240.0,60.0,240.0,2021
4,D,60.0,65.0,8.0,1.0,53,1.0,1.0,1.0,1,60,1,0.0,0,5.0,1.0,1,0.0,7,1,0,1,1,1.0,0,1.0,0,87.0,108.0,60.0,240.0,2021
1,D,293.0,53.0,7.0,1.0,49,1.0,1.0,20.0,1,55,1,0.0,0,3.0,1.0,1,0.0,7,1,0,1,1,22.0,0,6.0,0,262.0,327.0,180.0,480.0,2021
3,D,120.0,34.0,4.0,1.0,38,1.0,1.0,4.0,1,44,1,0.0,0,5.0,1.0,1,1.0,7,1,0,1,1,6.0,0,3.0,0,78.0,97.0,0.0,240.0,2021
1,D,72.0,60.0,7.0,1.0,1,1.0,1.0,0.0,1,90,1,0.0,0,3.0,1.0,1,0.0,7,1,0,1,1,0.0,0,1.0,0,151.0,188.0,60.0,240.0,2021
4,D,204.0,34.0,4.0,1.0,35,1.0,1.0,1.0,1,41,1,0.0,0,3.0,1.0,1,2.0,7,1,0,1,1,3.0,0,2.0,0,180.0,180.0,180.0,480.0,2021
2,D,70.0,39.0,5.0,1.0,73,1.0,1.0,5.0,1,78,1,0.0,0,5.0,1.0,1,1.0,7,1,0,1,1,5.0,0,3.0,0,121.0,151.0,60.0,240.0,2021
5,D,120.0,44.0,6.0,1.0,26,1.0,1.0,5.0,1,24,1,0.0,0,3.0,1.0,1,0.0,7,1,0,1,1,7.0,0,4.0,0,120.0,137.0,120.0,240.0,2021
5,D,87.0,44.0,6.0,1.0,54,1.0,1.0,0.0,3,61,1,0.0,1,5.0,1.0,1,2.0,7,1,0,1,1,0.0,0,1.0,0,87.0,108.0,0.0,120.0,2021
3,D,15.0,28.0,3.0,1.0,68,1.0,1.0,0.0,1,74,1,0.0,0,5.0,1.0,1,0.0,8,1,0,1,1,0.0,0,1.0,0,18.0,24.0,0.0,60.0,2021
1,D,180.0,28.0,3.0,1.0,50,1.0,1.0,7.0,1,56,1,0.0,0,3.0,2.0,1,0.0,7,1,0,1,1,7.0,0,4.0,0,180.0,180.0,180.0,480.0,2021
1,D,80.0,52.0,7.0,1.0,41,1.0,1.0,0.0,1,47,1,0.0,0,3.0,1.0,1,4.0,7,1,0,1,1,0.0,0,1.0,0,78.0,97.0,60.0,240.0,2021
6,D,292.0,52.0,7.0,1.0,89,1.0,1.0,4.0,3,30,1,0.0,1,5.0,1.0,1,0.0,7,1,0,1,1,4.0,0,3.0,0,292.0,365.0,180.0,480.0,2021
3,D,120.0,54.0,7.0,1.0,38,1.0,1.0,3.0,1,44,1,0.0,0,5.0,1.0,1,0.0,7,1,0,2,1,5.0,0,3.0,0,120.0,120.0,120.0,240.0,2021
2,D,36.0,28.0,3.0,1.0,73,1.0,1.0,0.0,1,78,2,0.0,0,3.0,3.0,1,0.0,7,1,0,1,1,0.0,0,1.0,0,78.0,97.0,0.0,240.0,2021
4,D,131.0,45.0,6.0,1.0,34,1.0,0.0,0.0,1,39,1,0.0,0,6.0,1.0,2,0.0,7,1,0,1,1,0.0,0,1.0,0,70.0,87.0,0.0,60.0,2021
4,D,78.0,56.0,7.0,1.0,46,1.0,0.0,0.0,1,53,1,0.0,0,6.0,1.0,1,0.0,7,1,0,1,1,0.0,0,1.0,0,60.0,60.0,60.0,240.0,2021
1,D,15.0,40.0,5.0,1.0,78,1.0,1.0,0.0,1,82,1,1.0,0,5.0,6.0,6,20.0,8,1,0,1,1,0.0,0,1.0,0,21.0,27.0,0.0,60.0,2021
4,D,,23.0,2.0,1.0,67,1.0,0.0,0.0,1,71,1,0.0,0,6.0,6.0,1,0.0,7,0,1,3,0,0.0,0,1.0,0,51.0,63.0,0.0,240.0,2021
3,D,0.26,38.0,5.0,1.0,24,1.0,1.0,0.0,1,22,1,0.0,0,5.0,1.0,1,2.0,7,1,0,1,1,0.0,0,1.0,0,70.0,87.0,0.0,120.0,2021
4,D,87.0,28.0,3.0,1.0,58,1.0,1.0,2.0,1,65,1,0.0,0,3.0,1.0,2,0.0,7,1,0,1,1,4.0,0,3.0,0,188.0,235.0,60.0,240.0,2021
4,D,120.0,56.0,7.0,1.0,58,1.0,1.0,3.0,1,65,1,0.0,0,5.0,1.0,1,0.0,7,1,0,1,1,3.0,0,2.0,0,120.0,120.0,120.0,240.0,2021
3,D,12.03,32.0,4.0,1.0,75,1.0,0.0,0.0,1,79,1,0.0,0,5.0,1.0,1,0.0,7,1,0,1,1,0.0,0,1.0,0,97.0,121.0,0.0,240.0,2021
2,D,188.0,48.0,6.0,1.0,87,1.0,1.0,3.0,1,26,1,0.0,0,3.0,1.0,1,0.0,7,1,0,1,1,5.0,0,3.0,0,188.0,235.0,180.0,480.0,2021
1,D,110.0,30.0,3.0,1.0,3,1.0,0.0,0.0,3,1,1,0.0,1,6.0,6.0,2,0.0,7,1,0,2,1,0.0,0,1.0,0,168.0,210.0,60.0,240.0,2021
3,D,84.0,55.0,7.0,1.0,16,1.0,1.0,0.0,1,14,1,0.0,0,3.0,1.0,1,0.0,7,1,0,1,1,0.0,0,1.0,0,151.0,188.0,60.0,240.0,2021
8,D,72.0,53.0,7.0,1.0,60,1.0,0.0,0.0,1,67,1,0.0,0,3.0,1.0,1,1.0,7,1,0,1,1,0.0,0,1.0,0,121.0,151.0,60.0,240.0,2021
1,D,144.0,50.0,6.0,1.0,40,1.0,1.0,3.0,1,46,1,0.0,0,3.0,1.0,1,0.0,7,1,0,1,1,5.0,0,3.0,0,120.0,120.0,120.0,240.0,2021
5,D,97.0,38.0,5.0,1.0,55,1.0,1.0,6.0,1,62,1,0.0,0,1.0,1.0,1,0.0,7,1,0,1,1,6.0,0,3.0,0,121.0,151.0,60.0,240.0,2021
6,D,168.0,59.0,7.0,1.0,11,1.0,1.0,3.0,1,9,1,0.0,0,3.0,1.0,1,0.0,7,1,0,1,1,3.0,0,2.0,0,151.0,188.0,120.0,240.0,2021
5,D,0.03,41.0,6.0,1.0,62,1.0,0.0,0.0,1,69,2,0.0,0,5.0,3.0,1,3.0,7,1,0,1,1,0.0,0,1.0,0,18.0,24.0,0.0,120.0,2021
4,D,36.0,50.0,6.0,1.0,56,1.0,0.0,0.0,1,63,1,0.0,0,5.0,1.0,1,0.0,7,1,0,1,1,0.0,0,1.0,0,51.0,63.0,0.0,120.0,2021
4,D,102.0,41.0,6.0,1.0,72,1.0,1.0,0.0,1,77,1,0.0,0,3.0,1.0,2,1.0,7,1,0,1,1,0.0,0,1.0,0,151.0,188.0,60.0,240.0,2021
1,D,72.0,65.0,8.0,1.0,41,1.0,0.0,0.0,1,47,1,0.0,0,3.0,1.0,1,2.0,7,1,0,1,1,0.0,0,1.0,0,121.0,151.0,60.0,480.0,2021
1,D,180.0,61.0,8.0,1.0,46,1.0,1.0,5.0,1,53,1,0.0,0,3.0,1.0,2,0.0,7,1,0,1,1,5.0,0,3.0,0,180.0,180.0,180.0,9996.0,2021
4,D,120.0,57.0,7.0,1.0,24,1.0,1.0,3.0,1,22,1,0.0,0,6.0,1.0,2,0.0,7,1,0,1,1,5.0,0,3.0,0,120.0,120.0,120.0,240.0,2021
3,D,210.0,30.0,3.0,1.0,22,1.0,1.0,0.0,1,19,1,0.0,0,5.0,2.0,3,0.0,7,1,0,1,1,0.0,0,1.0,0,210.0,262.0,60.0,240.0,2021
6,D,0.03,38.0,5.0,1.0,23,1.0,0.0,0.0,1,20,1,0.0,0,3.0,1.0,1,1.0,7,1,0,1,1,0.0,0,1.0,0,97.0,121.0,0.0,240.0,2021
1,D,60.0,45.0,6.0,1.0,93,1.0,1.0,1.0,1,32,1,0.0,0,3.0,1.0,1,3.0,7,1,0,1,1,1.0,0,1.0,0,78.0,97.0,60.0,240.0,2021
3,D,180.0,50.0,6.0,1.0,90,1.0,1.0,3.0,1,29,1,0.0,0,3.0,1.0,1,0.0,7,1,0,1,1,3.0,0,2.0,0,180.0,180.0,180.0,480.0,2021
3,D,144.0,30.0,3.0,1.0,90,1.0,0.0,0.0,1,29,1,0.0,0,5.0,1.0,2,0.0,7,1,0,1,1,0.0,0,1.0,0,210.0,262.0,60.0,240.0,2021
3,D,97.0,40.0,5.0,1.0,43,1.0,1.0,1.0,1,49,1,0.0,0,1.0,1.0,1,0.0,7,1,0,1,1,1.0,0,1.0,0,97.0,121.0,60.0,240.0,2021
4,D,6.0,35.0,4.0,1.0,34,1.0,1.0,1.0,1,39,1,0.0,0,1.0,1.0,1,1.0,7,1,0,1,1,1.0,0,1.0,0,41.0,51.0,0.0,120.0,2021
2,D,60.0,33.0,4.0,1.0,76,1.0,1.0,0.0,1,80,0,0.0,0,3.0,1.0,1,0.0,7,1,0,1,1,0.0,0,1.0,0,63.0,78.0,0.0,240.0,2021
3,D,300.0,40.0,5.0,1.0,22,1.0,1.0,8.0,1,19,1,0.0,0,1.0,1.0,2,0.0,7,1,0,1,1,8.0,0,4.0,0,360.0,720.0,180.0,480.0,2021
5,D,144.0,42.0,6.0,1.0,20,1.0,1.0,0.0,1,17,1,0.0,0,6.0,1.0,11,0.0,7,1,0,1,1,0.0,0,1.0,0,210.0,262.0,60.0,240.0,2021
3,D,53.0,36.0,5.0,1.0,42,1.0,1.0,7.0,1,48,1,0.0,0,5.0,1.0,1,2.0,7,1,0,1,1,9.0,0,4.0,0,57.0,71.0,0.0,240.0,2021
2,D,240.0,44.0,6.0,1.0,21,1.0,1.0,12.0,1,18,1,0.0,0,5.0,1.0,1,1.0,7,1,0,1,1,12.0,0,5.0,0,240.0,240.0,60.0,240.0,2021
2,D,60.0,61.0,8.0,1.0,89,1.0,1.0,0.0,1,30,1,0.0,0,3.0,1.0,1,0.0,7,1,0,1,1,0.0,0,1.0,0,78.0,97.0,0.0,240.0,2021
4,D,180.0,64.0,8.0,1.0,56,1.0,1.0,3.0,1,63,1,0.0,0,3.0,1.0,1,0.0,7,1,0,1,1,5.0,0,3.0,0,180.0,188.0,180.0,480.0,2021
2,D,30.0,39.0,5.0,1.0,84,1.0,1.0,1.0,1,88,1,0.0,0,3.0,1.0,1,0.0,7,1,0,1,1,1.0,0,1.0,0,78.0,97.0,0.0,240.0,2021
5,D,72.0,54.0,7.0,1.0,89,1.0,0.0,0.0,1,30,1,0.0,0,3.0,1.0,2,0.0,7,1,0,1,1,0.0,0,1.0,0,97.0,121.0,60.0,240.0,2021
4,D,120.0,54.0,7.0,1.0,57,1.0,1.0,3.0,1,64,1,0.0,0,3.0,6.0,1,0.0,7,1,0,1,1,5.0,0,3.0,0,120.0,121.0,120.0,240.0,2021
1,D,87.0,51.0,7.0,1.0,93,1.0,0.0,0.0,1,32,1,0.0,0,5.0,1.0,1,0.0,7,1,0,1,1,0.0,0,1.0,0,151.0,188.0,60.0,240.0,2021
4,D,210.0,28.0,3.0,1.0,39,1.0,1.0,1.0,1,45,1,0.0,0,3.0,1.0,1,0.0,7,1,0,1,1,1.0,0,1.0,0,210.0,262.0,60.0,480.0,2021
1,D,60.0,34.0,4.0,1.0,93,1.0,1.0,2.0,1,32,1,0.0,0,3.0,1.0,1,0.0,7,1,0,1,1,2.0,0,2.0,0,235.0,240.0,60.0,240.0,2021
2,D,55.0,36.0,5.0,1.0,65,1.0,0.0,0.0,1,73,2,0.0,0,5.0,3.0,1,0.0,7,1,0,1,1,0.0,0,1.0,0,78.0,97.0,0.0,240.0,2021
1,D,84.0,40.0,5.0,1.0,24,1.0,1.0,3.0,1,22,1,0.0,0,3.0,2.0,2,0.0,7,1,0,1,1,3.0,0,2.0,0,108.0,135.0,60.0,240.0,2021
8,D,60.0,36.0,5.0,1.0,60,1.0,0.0,0.0,1,67,1,0.0,0,1.0,1.0,1,0.0,7,1,0,1,1,0.0,0,1.0,0,210.0,240.0,60.0,240.0,2021
6,D,72.0,29.0,3.0,1.0,11,1.0,1.0,0.0,3,9,1,0.0,1,6.0,1.0,3,0.0,7,1,0,1,1,0.0,0,1.0,0,210.0,262.0,60.0,240.0,2021
3,D,60.0,39.0,5.0,1.0,14,1.0,1.0,1.0,1,12,1,0.0,0,5.0,1.0,1,0.0,7,1,0,1,1,1.0,0,1.0,0,70.0,87.0,60.0,240.0,2021
4,D,65.0,55.0,7.0,1.0,56,1.0,1.0,2.0,1,63,1,0.0,0,5.0,1.0,1,0.0,7,1,0,1,1,2.0,0,2.0,0,70.0,87.0,60.0,240.0,2021
1,D,60.0,56.0,7.0,1.0,16,1.0,0.0,0.0,1,14,1,0.0,0,6.0,1.0,1,0.0,7,1,0,1,1,0.0,0,1.0,0,78.0,97.0,60.0,240.0,2021
2,D,38.0,33.0,4.0,1.0,51,1.0,1.0,3.0,1,57,1,0.0,0,3.0,1.0,1,0.0,7,1,0,1,1,3.0,0,2.0,0,51.0,63.0,0.0,240.0,2021
3,D,24.0,30.0,3.0,1.0,24,1.0,1.0,1.0,1,22,1,0.0,0,3.0,2.0,1,4.0,8,1,0,1,1,3.0,0,2.0,0,30.0,37.0,0.0,120.0,2021
2,D,41.0,60.0,7.0,1.0,65,1.0,1.0,3.0,1,73,1,0.0,0,5.0,1.0,1,0.0,7,1,0,1,1,3.0,0,2.0,0,41.0,51.0,0.0,240.0,2021
6,D,97.0,47.0,6.0,1.0,33,1.0,1.0,0.0,1,40,1,0.0,0,6.0,1.0,1,2.0,7,1,0,1,1,0.0,0,1.0,0,97.0,121.0,60.0,240.0,2021
4,D,120.0,31.0,4.0,1.0,58,1.0,1.0,5.0,1,65,1,0.0,0,3.0,1.0,1,0.0,7,1,0,1,1,7.0,0,4.0,0,120.0,137.0,120.0,240.0,2021
2,D,84.0,56.0,7.0,1.0,15,2.0,0.0,0.0,1,13,1,0.0,0,6.0,6.0,2,0.0,7,1,0,1,1,0.0,0,1.0,0,151.0,188.0,60.0,240.0,2021
2,D,160.0,42.0,6.0,1.0,39,1.0,1.0,1.0,1,45,1,0.0,0,5.0,1.0,2,0.0,7,1,0,1,1,1.0,0,1.0,0,262.0,327.0,60.0,240.0,2021
2,A,,59.0,7.0,2.0,94,1.0,,,1,34,0,0.0,0,,,1,,8,0,0,0,0,,0,1.0,0,0.0,6.0,,,2021
2,A,,57.0,7.0,2.0,94,1.0,,,1,34,0,0.0,0,,,1,,8,0,0,0,0,,0,1.0,0,0.0,6.0,0.0,12.0,2021
2,A,,57.0,7.0,2.0,94,1.0,,,1,34,0,0.0,0,,,1,,8,0,0,0,0,,0,1.0,0,0.0,6.0,,,2021
1,D,78.0,29.0,3.0,1.0,33,1.0,1.0,1.0,1,40,1,0.0,0,5.0,1.0,1,0.0,7,1,0,1,1,1.0,0,1.0,0,78.0,97.0,0.0,240.0,2021
3,D,105.0,33.0,4.0,1.0,89,1.0,0.0,0.0,1,30,1,0.0,0,6.0,1.0,1,0.0,7,1,0,1,1,0.0,0,1.0,0,210.0,240.0,60.0,240.0,2021
6,D,,72.0,8.0,1.0,59,1.0,0.0,0.0,1,66,0,0.0,0,6.0,1.0,1,0.0,7,0,1,4,0,0.0,0,1.0,0,97.0,121.0,0.0,240.0,2021
5,D,240.0,52.0,7.0,1.0,15,1.0,0.0,0.0,3,13,1,0.0,1,5.0,1.0,14,0.0,7,1,0,1,1,0.0,0,1.0,0,262.0,327.0,60.0,240.0,2021
2,D,72.0,24.0,2.0,1.0,24,1.0,0.0,0.0,1,22,1,0.0,0,3.0,1.0,1,0.0,7,1,0,1,1,0.0,0,1.0,0,121.0,151.0,60.0,240.0,2021
3,D,96.0,32.0,4.0,1.0,14,1.0,1.0,3.0,1,12,1,0.0,0,5.0,2.0,1,3.0,7,1,0,1,1,5.0,0,3.0,0,168.0,210.0,60.0,240.0,2021
8,D,150.0,33.0,4.0,1.0,31,1.0,1.0,0.0,1,37,1,0.0,0,3.0,1.0,1,0.0,7,1,0,1,1,0.0,0,1.0,0,97.0,121.0,0.0,240.0,2021
0,D,51.0,36.0,5.0,1.0,91,1.0,1.0,0.0,1,31,2,0.0,0,3.0,3.0,1,1.0,7,1,0,1,1,0.0,0,1.0,0,51.0,63.0,0.0,240.0,2021
1,D,84.0,34.0,4.0,1.0,22,1.0,0.0,0.0,1,19,1,0.0,0,1.0,1.0,1,,7,1,0,1,1,0.0,0,1.0,0,151.0,188.0,60.0,240.0,2021
1,D,30.0,27.0,3.0,1.0,26,1.0,1.0,0.0,1,24,1,0.0,0,3.0,1.0,1,0.0,7,1,0,1,1,0.0,0,1.0,0,30.0,37.0,0.0,120.0,2021
1,D,169.0,56.0,7.0,1.0,55,1.0,0.0,0.0,1,62,1,0.0,0,3.0,1.0,2,0.0,7,1,0,1,1,0.0,0,1.0,0,151.0,188.0,60.0,240.0,2021
4,D,90.0,49.0,6.0,1.0,90,1.0,1.0,0.0,1,29,1,0.0,0,6.0,1.0,1,0.0,7,1,0,1,1,0.0,0,1.0,0,121.0,151.0,60.0,240.0,2021
7,D,160.0,40.0,5.0,1.0,20,1.0,1.0,0.0,1,17,1,0.0,0,5.0,1.0,1,1.0,7,1,0,1,1,0.0,0,1.0,0,151.0,188.0,60.0,240.0,2021
2,D,121.0,29.0,3.0,1.0,85,1.0,1.0,0.0,1,89,1,0.0,0,3.0,1.0,2,0.0,7,1,0,1,1,0.0,0,1.0,0,151.0,188.0,60.0,240.0,2021
2,A,,45.0,6.0,2.0,94,,,,1,34,0,0.0,0,,,1,,8,0,1,4,0,,0,1.0,0,0.0,6.0,0.0,12.0,2021
2,A,,32.0,4.0,2.0,94,,1.0,,1,34,0,0.0,0,,,1,3.0,8,0,0,0,0,,0,3.0,0,0.0,6.0,,,2021
3,D,87.0,30.0,3.0,1.0,27,1.0,1.0,0.0,1,25,1,0.0,0,3.0,1.0,1,0.0,7,1,0,1,1,0.0,0,1.0,0,135.0,168.0,0.0,240.0,2021
4,D,180.0,48.0,6.0,1.0,59,1.0,1.0,3.0,1,66,0,0.0,0,3.0,1.0,1,0.0,7,1,0,1,1,3.0,0,2.0,0,180.0,180.0,180.0,480.0,2021
2,D,120.0,57.0,7.0,1.0,84,1.0,1.0,3.0,1,88,1,0.0,0,3.0,1.0,1,0.0,7,1,0,1,1,5.0,0,3.0,0,120.0,121.0,120.0,240.0,2021
7,D,196.0,45.0,6.0,1.0,37,1.0,1.0,3.0,1,43,1,0.0,0,3.0,1.0,2,1.0,7,1,0,1,1,3.0,0,2.0,0,168.0,210.0,60.0,240.0,2021
4,D,96.0,58.0,7.0,1.0,56,1.0,1.0,0.0,1,63,1,0.0,0,5.0,1.0,1,0.0,7,1,0,1,1,0.0,0,1.0,0,121.0,151.0,60.0,240.0,2021
1,D,36.0,31.0,4.0,1.0,71,1.0,1.0,0.0,1,76,1,0.0,0,3.0,1.0,1,0.0,7,1,0,1,1,0.0,0,1.0,0,57.0,71.0,0.0,240.0,2021
0,D,151.0,39.0,5.0,1.0,33,1.0,1.0,1.0,1,40,1,0.0,0,3.0,1.0,1,0.0,7,1,0,1,1,1.0,0,1.0,0,151.0,188.0,60.0,240.0,2021
3,D,120.0,38.0,5.0,1.0,57,1.0,1.0,3.0,1,64,1,0.0,0,5.0,1.0,1,0.0,7,1,0,1,1,5.0,0,3.0,0,135.0,168.0,120.0,240.0,2021
5,D,60.0,33.0,4.0,1.0,62,1.0,1.0,0.0,1,69,1,0.0,0,3.0,1.0,1,7.0,7,1,0,1,1,0.0,0,1.0,0,108.0,135.0,60.0,240.0,2021
3,D,210.0,32.0,4.0,1.0,16,1.0,1.0,10.0,1,14,1,0.0,0,3.0,1.0,1,0.0,7,1,0,1,1,10.0,0,5.0,0,240.0,240.0,60.0,240.0,2021
3,D,78.0,41.0,6.0,1.0,61,1.0,1.0,0.0,1,68,1,0.0,0,5.0,1.0,1,0.0,7,1,0,1,1,0.0,0,1.0,0,78.0,97.0,0.0,240.0,2021
1,D,72.0,43.0,6.0,1.0,19,1.0,0.0,0.0,1,16,1,0.0,0,6.0,2.0,1,0.0,7,1,0,1,1,0.0,0,1.0,0,108.0,135.0,60.0,240.0,2021
4,D,30.0,62.0,8.0,1.0,67,1.0,0.0,0.0,1,71,1,0.0,0,5.0,1.0,1,1.0,7,1,0,1,1,0.0,0,1.0,0,78.0,97.0,0.0,240.0,2021
6,D,240.0,22.0,2.0,1.0,34,1.0,1.0,0.0,1,39,1,0.0,0,5.0,1.0,1,0.0,7,1,0,1,1,0.0,0,1.0,0,240.0,240.0,60.0,240.0,2021
6,D,240.0,55.0,7.0,1.0,33,1.0,1.0,3.0,3,40,1,0.0,1,5.0,2.0,1,0.0,7,1,0,1,1,3.0,0,2.0,0,151.0,188.0,120.0,240.0,2021
4,D,108.0,47.0,6.0,1.0,56,1.0,1.0,0.0,1,63,1,0.0,0,6.0,1.0,1,0.0,7,1,0,1,1,0.0,0,1.0,0,121.0,151.0,60.0,240.0,2021
5,D,120.0,61.0,8.0,1.0,33,1.0,1.0,3.0,1,40,1,0.0,0,3.0,1.0,1,0.0,7,1,0,1,1,3.0,0,2.0,0,120.0,120.0,120.0,240.0,2021
5,D,87.0,34.0,4.0,1.0,83,1.0,1.0,2.0,1,87,1,0.0,0,3.0,1.0,1,5.0,7,1,0,1,1,2.0,0,2.0,0,87.0,108.0,0.0,240.0,2021
4,D,132.0,33.0,4.0,1.0,60,1.0,1.0,1.0,1,67,1,0.0,0,5.0,1.0,1,0.0,7,1,0,1,1,1.0,0,1.0,0,235.0,240.0,120.0,240.0,2021
1,D,60.0,25.0,2.0,1.0,93,1.0,0.0,0.0,1,32,1,0.0,0,6.0,1.0,1,0.0,7,1,0,1,1,0.0,0,1.0,0,210.0,240.0,60.0,240.0,2021
2,D,176.0,40.0,5.0,1.0,35,1.0,1.0,0.0,1,41,2,0.0,0,3.0,3.0,1,0.0,7,1,0,1,1,0.0,0,1.0,0,188.0,235.0,60.0,240.0,2021
3,D,240.0,26.0,3.0,1.0,34,1.0,1.0,0.0,1,39,1,0.0,0,3.0,1.0,1,0.0,7,1,0,1,1,0.0,0,1.0,0,240.0,240.0,0.0,240.0,2021
5,D,60.0,21.0,2.0,1.0,62,1.0,1.0,0.0,1,69,1,0.0,0,3.0,1.0,1,0.0,7,1,0,1,1,0.0,0,1.0,0,78.0,97.0,60.0,240.0,2021
1,D,60.0,40.0,5.0,1.0,93,1.0,1.0,0.0,1,32,1,0.0,0,6.0,1.0,1,1.0,7,1,0,1,1,0.0,0,1.0,0,97.0,121.0,60.0,240.0,2021
3,D,151.0,54.0,7.0,1.0,24,1.0,1.0,0.0,1,22,1,0.0,0,3.0,1.0,2,0.0,7,1,0,1,1,0.0,0,1.0,0,151.0,188.0,60.0,240.0,2021
7,D,12.03,38.0,5.0,1.0,25,1.0,0.0,0.0,1,23,1,0.0,0,5.0,1.0,1,0.0,7,1,0,1,1,0.0,0,1.0,0,57.0,71.0,0.0,120.0,2021
3,D,198.0,29.0,3.0,1.0,29,1.0,1.0,4.0,1,96,1,0.0,0,1.0,1.0,2,0.0,7,1,0,1,1,4.0,0,3.0,0,188.0,235.0,60.0,240.0,2021
1,D,84.0,68.0,8.0,1.0,3,1.0,1.0,0.0,1,1,1,0.0,0,5.0,1.0,3,0.0,7,1,0,1,1,0.0,0,1.0,0,151.0,188.0,60.0,240.0,2021
2,D,168.0,40.0,5.0,1.0,87,1.0,1.0,10.0,1,26,1,0.0,0,5.0,1.0,1,1.0,7,1,0,1,1,12.0,0,5.0,0,151.0,188.0,0.0,240.0,2021
3,D,72.0,49.0,6.0,1.0,48,1.0,1.0,0.0,1,54,1,0.0,0,3.0,1.0,3,0.0,7,1,0,1,1,0.0,0,1.0,0,97.0,121.0,60.0,240.0,2021
4,D,188.0,27.0,3.0,1.0,34,2.0,1.0,0.0,1,39,1,0.0,0,5.0,1.0,2,0.0,7,1,0,1,1,0.0,0,1.0,0,151.0,188.0,60.0,240.0,2021
5,D,57.0,25.0,2.0,1.0,36,1.0,1.0,2.0,1,42,2,0.0,0,3.0,3.0,2,0.0,7,1,0,1,1,4.0,0,3.0,0,46.0,57.0,0.0,120.0,2021
2,D,120.0,41.0,6.0,1.0,39,1.0,1.0,0.0,1,45,1,0.0,0,3.0,1.0,1,0.0,7,1,0,1,1,0.0,0,1.0,0,151.0,188.0,60.0,240.0,2021
2,D,120.0,31.0,4.0,1.0,24,1.0,1.0,1.0,1,22,1,0.0,0,5.0,1.0,1,0.0,7,1,0,1,1,1.0,0,1.0,0,120.0,121.0,120.0,240.0,2021
8,D,24.0,78.0,8.0,1.0,65,1.0,0.0,0.0,1,73,1,0.0,0,6.0,1.0,1,0.0,7,1,0,1,1,0.0,0,1.0,0,57.0,71.0,0.0,240.0,2021
4,D,36.0,28.0,3.0,1.0,24,1.0,0.0,0.0,1,22,1,0.0,0,5.0,1.0,1,2.0,7,1,0,1,1,0.0,0,1.0,0,168.0,210.0,0.0,240.0,2021
5,D,36.0,31.0,4.0,1.0,62,1.0,1.0,10.0,1,69,1,0.0,0,5.0,1.0,1,3.0,7,1,0,1,1,12.0,0,5.0,0,37.0,46.0,0.0,120.0,2021
1,D,95.0,56.0,7.0,1.0,19,1.0,1.0,3.0,1,16,1,0.0,0,3.0,1.0,1,0.0,7,1,0,1,1,3.0,0,2.0,0,87.0,108.0,0.0,240.0,2021
2,A,,52.0,7.0,2.0,94,,1.0,,1,34,0,,0,,,1,,8,0,0,0,0,,0,2.0,0,0.0,6.0,0.0,12.0,2021
3,D,180.0,58.0,7.0,1.0,34,1.0,1.0,0.0,1,39,1,0.0,0,3.0,1.0,1,0.0,7,1,0,1,1,0.0,0,1.0,0,180.0,180.0,180.0,480.0,2021
2,A,,30.0,3.0,2.0,94,,1.0,,1,34,0,,0,,,1,,8,0,0,0,0,,0,1.0,0,0.0,6.0,0.0,12.0,2021
3,D,188.0,44.0,6.0,1.0,34,1.0,1.0,0.0,1,39,1,0.0,0,1.0,1.0,1,3.0,7,1,0,1,1,0.0,0,1.0,0,188.0,235.0,60.0,240.0,2021
6,D,180.0,38.0,5.0,1.0,59,1.0,1.0,7.0,1,66,0,0.0,0,3.0,1.0,1,1.0,7,1,0,1,1,9.0,0,4.0,0,210.0,240.0,60.0,240.0,2021
1,D,156.0,65.0,8.0,1.0,55,1.0,1.0,4.0,1,62,1,0.0,0,5.0,1.0,1,0.0,7,1,0,1,1,4.0,0,3.0,0,121.0,151.0,0.0,240.0,2021
2,D,80.0,56.0,7.0,1.0,64,1.0,1.0,0.0,1,70,1,0.0,0,1.0,1.0,1,0.0,7,1,0,1,1,0.0,0,1.0,0,78.0,97.0,60.0,240.0,2021
C,D,324.0,40.0,5.0,1.0,46,1.0,1.0,4.0,1,53,1,0.0,0,1.0,1.0,3,0.0,7,1,0,1,1,6.0,0,3.0,0,360.0,1200.0,180.0,480.0,2021
4,D,84.0,43.0,6.0,1.0,46,1.0,1.0,1.0,1,53,1,0.0,0,5.0,1.0,1,4.0,7,1,0,1,1,1.0,0,1.0,0,60.0,60.0,60.0,240.0,2021
1,D,120.0,48.0,6.0,1.0,26,1.0,1.0,3.0,1,24,1,0.0,0,3.0,1.0,1,0.0,7,1,0,1,1,5.0,0,3.0,0,120.0,120.0,120.0,240.0,2021
1,D,420.0,44.0,6.0,1.0,88,1.0,1.0,0.0,1,28,1,0.0,0,1.0,1.0,2,2.0,7,1,0,1,1,0.0,0,1.0,0,600.0,600.0,180.0,360.0,2021
4,D,78.0,25.0,2.0,1.0,48,1.0,0.0,0.0,1,54,1,0.0,0,3.0,1.0,2,0.0,7,1,0,1,1,0.0,0,1.0,0,151.0,188.0,60.0,240.0,2021
2,D,97.0,28.0,3.0,1.0,89,1.0,0.0,0.0,1,30,1,0.0,0,6.0,6.0,1,0.0,7,1,0,1,1,0.0,0,1.0,0,97.0,121.0,0.0,240.0,2021
1,D,96.0,65.0,8.0,1.0,93,1.0,0.0,0.0,1,32,1,0.0,0,6.0,1.0,1,0.0,7,1,0,1,1,0.0,0,1.0,0,151.0,188.0,60.0,240.0,2021
5,D,120.0,44.0,6.0,1.0,20,1.0,1.0,3.0,1,17,1,0.0,0,3.0,1.0,1,0.0,7,1,0,1,1,5.0,0,3.0,0,120.0,120.0,120.0,240.0,2021
1,D,72.0,40.0,5.0,1.0,1,1.0,1.0,0.0,1,90,1,0.0,0,3.0,1.0,1,0.0,7,1,0,1,1,0.0,0,1.0,0,97.0,121.0,60.0,240.0,2021
2,D,120.0,35.0,4.0,1.0,24,1.0,1.0,3.0,1,22,1,0.0,0,3.0,1.0,1,0.0,7,1,0,1,1,5.0,0,3.0,0,120.0,121.0,120.0,240.0,2021
4,D,51.0,49.0,6.0,1.0,59,1.0,1.0,30.0,1,66,0,0.0,0,3.0,1.0,1,0.0,8,1,0,1,1,30.0,0,6.0,0,33.0,41.0,0.0,120.0,2021
4,D,24.0,39.0,5.0,1.0,58,1.0,0.0,0.0,1,65,1,0.0,0,5.0,1.0,1,2.0,7,1,0,1,1,0.0,0,1.0,0,24.0,30.0,0.0,120.0,2021
4,D,60.0,38.0,5.0,1.0,58,1.0,1.0,0.0,1,65,1,0.0,0,1.0,1.0,2,0.0,7,1,0,2,1,0.0,0,1.0,0,121.0,151.0,60.0,240.0,2021
4,D,60.0,70.0,8.0,1.0,58,1.0,0.0,0.0,1,65,1,0.0,0,3.0,1.0,1,0.0,7,1,0,1,1,0.0,0,1.0,0,97.0,121.0,60.0,240.0,2021
1,D,24.0,62.0,8.0,1.0,93,1.0,1.0,0.0,1,32,1,0.0,0,5.0,1.0,1,2.0,7,1,0,1,1,0.0,0,1.0,0,70.0,87.0,0.0,240.0,2021
1,D,54.0,24.0,2.0,1.0,50,1.0,1.0,0.0,1,56,1,0.0,0,1.0,1.0,1,0.0,7,1,0,1,1,0.0,0,1.0,0,63.0,78.0,0.0,240.0,2021
4,D,240.0,53.0,7.0,1.0,57,1.0,1.0,5.0,1,64,1,0.0,0,5.0,1.0,1,0.0,7,1,0,1,1,5.0,0,3.0,0,360.0,480.0,180.0,480.0,2021
6,D,300.0,36.0,5.0,1.0,37,1.0,1.0,0.0,3,43,1,0.0,1,5.0,1.0,4,0.0,7,1,0,1,1,0.0,0,1.0,0,360.0,960.0,60.0,240.0,2021
4,D,90.0,37.0,5.0,1.0,56,1.0,1.0,0.0,1,63,1,0.0,0,5.0,1.0,1,0.0,7,1,0,1,1,0.0,0,1.0,0,97.0,121.0,60.0,240.0,2021
1,D,72.0,26.0,3.0,1.0,50,1.0,0.0,0.0,1,56,1,0.0,0,1.0,1.0,1,0.0,7,1,0,1,1,0.0,0,1.0,0,108.0,135.0,60.0,240.0,2021
1,D,420.0,39.0,5.0,1.0,41,1.0,1.0,7.0,1,47,1,0.0,0,3.0,1.0,2,3.0,7,1,0,1,1,9.0,0,4.0,0,1080.0,1080.0,300.0,600.0,2021
1,D,210.0,50.0,6.0,1.0,41,1.0,1.0,6.0,1,47,2,0.0,0,5.0,3.0,1,1.0,7,1,0,1,1,6.0,0,3.0,0,188.0,235.0,180.0,480.0,2021
4,D,168.0,39.0,5.0,1.0,53,1.0,1.0,0.0,1,60,1,0.0,0,5.0,1.0,1,1.0,7,1,0,1,1,0.0,0,1.0,0,168.0,210.0,60.0,240.0,2021
4,D,60.0,22.0,2.0,1.0,58,1.0,0.0,0.0,1,65,1,0.0,0,1.0,1.0,1,0.0,7,1,0,1,1,0.0,0,1.0,0,87.0,108.0,60.0,240.0,2021
2,D,84.0,27.0,3.0,1.0,84,1.0,1.0,2.0,1,88,1,0.0,0,5.0,1.0,1,0.0,7,1,0,1,1,4.0,0,3.0,0,120.0,120.0,120.0,240.0,2021
2,D,188.0,29.0,3.0,1.0,87,1.0,1.0,2.0,1,26,2,0.0,0,1.0,3.0,2,2.0,7,1,0,1,1,4.0,0,3.0,0,188.0,235.0,60.0,240.0,2021
7,D,66.0,54.0,7.0,1.0,25,1.0,1.0,0.0,1,23,1,0.0,0,5.0,1.0,1,0.0,7,1,0,1,1,0.0,0,1.0,0,63.0,78.0,60.0,240.0,2021
2,D,36.0,57.0,7.0,1.0,39,1.0,1.0,1.0,1,45,2,0.0,0,5.0,3.0,1,2.0,7,1,0,1,1,1.0,0,1.0,0,97.0,121.0,0.0,240.0,2021
1,D,180.0,41.0,6.0,1.0,3,1.0,1.0,6.0,1,1,0,0.0,0,3.0,1.0,2,0.0,7,1,0,1,1,6.0,0,3.0,0,262.0,327.0,180.0,480.0,2021
4,D,72.0,38.0,5.0,1.0,35,1.0,0.0,0.0,1,41,1,0.0,0,1.0,1.0,3,0.0,7,1,0,1,1,0.0,0,1.0,0,121.0,151.0,60.0,120.0,2021
2,D,36.0,30.0,3.0,1.0,24,1.0,1.0,2.0,1,22,1,0.0,0,6.0,1.0,1,1.0,7,1,0,1,1,4.0,0,3.0,0,70.0,87.0,0.0,240.0,2021
1,D,372.0,36.0,5.0,1.0,24,1.0,1.0,0.0,1,22,1,0.0,0,5.0,1.0,3,0.0,7,1,0,1,1,0.0,0,1.0,0,720.0,720.0,180.0,360.0,2021
1,D,108.0,22.0,2.0,1.0,47,1.0,1.0,1.0,1,52,1,0.0,0,5.0,1.0,1,0.0,7,1,0,1,1,3.0,0,2.0,0,235.0,240.0,60.0,240.0,2021
2,D,48.0,31.0,4.0,1.0,84,1.0,1.0,3.0,1,88,1,0.0,0,3.0,1.0,1,2.0,7,1,0,1,1,3.0,0,2.0,0,120.0,120.0,120.0,240.0,2021
1,D,,37.0,5.0,1.0,8,1.0,0.0,0.0,3,7,1,0.0,1,6.0,2.0,1,0.0,7,0,1,4,0,0.0,0,1.0,0,87.0,108.0,0.0,240.0,2021
4,D,0.03,33.0,4.0,1.0,82,1.0,1.0,7.0,1,85,1,1.0,0,3.0,2.0,1,1.0,8,1,0,1,1,7.0,0,4.0,0,21.0,27.0,0.0,120.0,2021
6,D,84.0,44.0,6.0,1.0,30,1.0,1.0,1.0,1,36,1,0.0,0,3.0,1.0,1,0.0,7,1,0,1,1,1.0,0,1.0,0,97.0,121.0,0.0,240.0,2021
2,D,24.0,53.0,7.0,1.0,65,1.0,0.0,0.0,1,73,1,0.0,0,5.0,1.0,1,0.0,7,1,0,1,1,0.0,0,1.0,0,46.0,57.0,0.0,240.0,2021
1,D,92.0,60.0,7.0,1.0,41,1.0,0.0,0.0,1,47,1,0.0,0,6.0,1.0,1,0.0,7,1,0,1,1,0.0,0,1.0,0,78.0,97.0,0.0,240.0,2021
1,D,84.0,35.0,4.0,1.0,3,1.0,1.0,0.0,1,1,1,0.0,0,5.0,1.0,2,0.0,7,1,0,1,1,0.0,0,1.0,0,151.0,188.0,0.0,240.0,2021
3,D,24.0,39.0,5.0,1.0,67,1.0,0.0,0.0,1,71,2,0.0,0,1.0,3.0,1,0.0,7,1,0,1,1,0.0,0,1.0,0,78.0,97.0,0.0,240.0,2021
6,D,,29.0,3.0,1.0,23,1.0,0.0,0.0,1,20,1,0.0,0,5.0,1.0,1,0.0,7,0,1,4,0,0.0,0,1.0,0,51.0,63.0,0.0,240.0,2021
2,D,120.0,43.0,6.0,1.0,17,1.0,1.0,4.0,1,15,1,0.0,0,3.0,1.0,1,1.0,7,1,0,1,1,4.0,0,3.0,0,120.0,120.0,120.0,240.0,2021
4,D,90.0,40.0,5.0,1.0,64,1.0,0.0,0.0,1,70,1,0.0,0,5.0,1.0,1,2.0,7,1,0,1,1,0.0,0,1.0,0,151.0,188.0,60.0,240.0,2021
4,D,132.0,57.0,7.0,1.0,64,1.0,0.0,0.0,1,70,1,0.0,0,5.0,1.0,3,2.0,7,1,0,1,1,0.0,0,1.0,0,151.0,188.0,0.0,240.0,2021
8,D,60.0,59.0,7.0,1.0,60,1.0,1.0,0.0,1,67,1,0.0,0,5.0,1.0,1,0.0,7,1,0,1,1,0.0,0,1.0,0,121.0,151.0,60.0,240.0,2021
6,D,72.0,53.0,7.0,1.0,59,1.0,1.0,0.0,1,66,0,0.0,0,5.0,1.0,1,0.0,7,1,0,1,1,0.0,0,1.0,0,97.0,121.0,60.0,240.0,2021
3,D,12.03,53.0,7.0,1.0,48,1.0,1.0,0.0,1,54,1,0.0,0,1.0,1.0,1,0.0,7,1,0,1,1,0.0,0,1.0,0,78.0,97.0,0.0,240.0,2021
1,D,60.0,35.0,4.0,1.0,51,1.0,1.0,0.0,1,57,1,0.0,0,3.0,1.0,1,0.0,7,1,0,1,1,0.0,0,1.0,0,108.0,135.0,60.0,240.0,2021
1,D,27.0,39.0,5.0,1.0,47,3.0,1.0,0.0,1,52,1,0.0,0,5.0,1.0,1,1.0,8,1,0,1,0,0.0,0,1.0,0,33.0,41.0,0.0,60.0,2021
6,D,60.0,48.0,6.0,1.0,59,1.0,0.0,0.0,1,66,0,0.0,0,6.0,1.0,1,0.0,7,1,0,1,1,0.0,0,1.0,0,97.0,121.0,60.0,240.0,2021
3,D,240.0,39.0,5.0,1.0,34,1.0,1.0,6.0,1,39,1,0.0,0,1.0,1.0,1,2.0,7,1,0,1,1,6.0,0,3.0,0,240.0,240.0,60.0,240.0,2021
8,D,76.0,38.0,5.0,1.0,60,1.0,1.0,0.0,1,67,1,0.0,0,6.0,1.0,1,0.0,7,1,0,1,1,0.0,0,1.0,0,30.0,37.0,0.0,240.0,2021
3,D,66.0,27.0,3.0,1.0,89,1.0,0.0,0.0,1,30,1,0.0,0,5.0,1.0,1,1.0,7,1,0,1,1,0.0,0,1.0,0,135.0,168.0,60.0,240.0,2021
3,D,135.0,22.0,2.0,1.0,34,1.0,1.0,0.0,1,39,1,0.0,0,1.0,1.0,1,0.0,7,1,0,1,1,0.0,0,1.0,0,135.0,168.0,60.0,240.0,2021
4,D,180.0,40.0,5.0,1.0,59,1.0,1.0,4.0,1,66,1,0.0,0,3.0,1.0,1,0.0,7,1,0,1,1,6.0,0,3.0,0,240.0,240.0,60.0,240.0,2021
5,D,36.0,47.0,6.0,1.0,79,1.0,0.0,0.0,1,83,1,0.0,0,5.0,1.0,1,0.0,7,1,0,1,1,0.0,0,1.0,0,63.0,78.0,0.0,240.0,2021
6,D,120.0,34.0,4.0,1.0,59,1.0,1.0,0.0,1,66,1,0.0,0,5.0,1.0,1,0.0,7,1,0,1,1,0.0,0,1.0,0,151.0,188.0,60.0,240.0,2021
5,D,210.0,26.0,3.0,1.0,9,1.0,1.0,6.0,1,6,1,0.0,0,3.0,1.0,2,0.0,7,1,0,1,1,8.0,0,4.0,0,292.0,365.0,180.0,480.0,2021
2,D,30.0,32.0,4.0,1.0,65,1.0,0.0,0.0,1,73,1,0.0,0,5.0,1.0,1,0.0,7,1,0,1,1,0.0,0,1.0,0,78.0,97.0,0.0,240.0,2021
2,D,168.0,47.0,6.0,1.0,89,1.0,1.0,0.0,1,30,1,0.0,0,5.0,1.0,3,3.0,7,1,0,1,1,0.0,0,1.0,0,135.0,168.0,120.0,9996.0,2021
1,D,480.0,36.0,5.0,1.0,50,1.0,0.0,0.0,1,56,1,0.0,0,5.0,1.0,10,2.0,7,1,0,1,1,0.0,0,1.0,0,2400.0,2400.0,60.0,240.0,2021
3,D,120.0,72.0,8.0,1.0,34,1.0,1.0,0.0,1,39,1,0.0,0,1.0,1.0,2,0.0,7,1,0,1,1,0.0,0,1.0,0,151.0,188.0,60.0,240.0,2021
2,D,66.0,29.0,3.0,1.0,24,1.0,0.0,0.0,1,22,1,0.0,0,3.0,1.0,1,0.0,7,1,0,1,1,0.0,0,1.0,0,97.0,121.0,60.0,240.0,2021
2,D,180.0,34.0,4.0,1.0,15,1.0,1.0,3.0,1,13,1,0.0,0,5.0,2.0,3,0.0,7,1,0,1,1,3.0,0,5.0,0,180.0,210.0,180.0,480.0,2021
1,D,60.0,36.0,5.0,1.0,51,1.0,0.0,0.0,1,57,1,0.0,0,3.0,1.0,1,3.0,7,1,0,1,1,0.0,0,1.0,0,78.0,97.0,60.0,240.0,2021
3,D,66.0,53.0,7.0,1.0,68,1.0,0.0,0.0,1,74,1,0.0,0,3.0,1.0,1,0.0,7,1,0,1,1,0.0,0,1.0,0,78.0,97.0,0.0,240.0,2021
3,D,72.0,35.0,4.0,1.0,68,1.0,1.0,5.0,1,74,1,0.0,0,6.0,1.0,1,,7,1,0,1,1,7.0,0,4.0,0,110.0,137.0,0.0,240.0,2021
6,D,170.0,60.0,7.0,1.0,81,1.0,0.0,0.0,1,86,1,0.0,0,1.0,1.0,4,0.0,7,1,0,1,1,0.0,0,1.0,0,262.0,327.0,60.0,240.0,2021
3,D,90.0,56.0,7.0,1.0,68,1.0,1.0,0.0,1,74,1,0.0,0,5.0,1.0,1,0.0,7,1,0,1,1,0.0,0,1.0,0,87.0,108.0,0.0,240.0,2021
5,D,324.0,42.0,6.0,1.0,37,1.0,1.0,20.0,1,43,1,0.0,0,1.0,1.0,1,0.0,7,1,0,1,1,22.0,0,6.0,0,324.0,405.0,180.0,480.0,2021
3,D,181.0,51.0,7.0,1.0,24,1.0,1.0,3.0,1,22,1,0.0,0,5.0,1.0,1,0.0,7,1,0,1,1,5.0,0,3.0,0,168.0,210.0,120.0,240.0,2021
1,D,180.0,47.0,6.0,1.0,35,1.0,1.0,0.0,1,41,1,0.0,0,5.0,1.0,1,0.0,7,1,0,1,1,0.0,0,1.0,0,210.0,240.0,0.0,240.0,2021
4,D,96.0,53.0,7.0,1.0,59,1.0,1.0,0.0,1,66,1,0.0,0,3.0,1.0,1,0.0,7,1,0,1,1,0.0,0,1.0,0,210.0,240.0,60.0,240.0,2021
3,D,144.0,44.0,6.0,1.0,22,1.0,1.0,4.0,1,19,1,0.0,0,5.0,1.0,1,0.0,7,1,0,1,1,4.0,0,3.0,0,121.0,151.0,120.0,240.0,2021
2,D,168.0,65.0,8.0,1.0,21,1.0,1.0,0.0,1,18,1,0.0,0,5.0,1.0,1,0.0,7,1,0,1,1,0.0,0,1.0,0,168.0,210.0,60.0,240.0,2021
4,B,,51.0,7.0,1.0,23,1.0,1.0,1.0,1,20,1,0.0,0,3.0,1.0,1,2.0,8,0,1,3,0,1.0,0,1.0,0,6.0,12.0,0.0,60.0,2021
4,B,,64.0,8.0,1.0,23,1.0,1.0,0.0,1,20,1,0.0,0,3.0,1.0,1,3.0,8,0,1,3,0,0.0,0,1.0,0,6.0,12.0,0.0,60.0,2021
3,D,71.0,47.0,6.0,1.0,24,1.0,0.0,0.0,1,22,1,0.0,0,5.0,1.0,1,3.0,7,1,0,1,1,0.0,0,1.0,0,151.0,188.0,60.0,240.0,2021
1,D,120.0,51.0,7.0,1.0,19,1.0,1.0,3.0,1,16,1,0.0,0,5.0,1.0,1,0.0,7,1,0,1,1,5.0,0,3.0,0,120.0,121.0,120.0,240.0,2021
3,D,108.0,28.0,3.0,1.0,34,1.0,0.0,0.0,1,39,2,0.0,0,5.0,3.0,1,0.0,7,1,0,1,1,0.0,0,1.0,0,240.0,240.0,60.0,240.0,2021
4,D,360.0,38.0,5.0,1.0,16,1.0,1.0,0.0,1,14,1,0.0,0,5.0,1.0,1,0.0,7,1,0,1,1,0.0,0,1.0,0,360.0,360.0,180.0,360.0,2021
1,D,120.0,48.0,6.0,1.0,19,2.0,1.0,3.0,1,16,2,0.0,0,1.0,3.0,1,1.0,7,1,0,1,1,5.0,0,3.0,0,120.0,135.0,120.0,240.0,2021
6,D,79.0,21.0,2.0,1.0,37,1.0,0.0,0.0,1,43,1,0.0,0,3.0,1.0,1,0.0,7,1,0,1,1,0.0,0,1.0,0,78.0,97.0,0.0,240.0,2021
1,D,75.0,67.0,8.0,1.0,75,1.0,1.0,1.0,1,79,1,0.0,0,5.0,1.0,1,0.0,7,1,0,1,1,1.0,0,1.0,0,168.0,210.0,60.0,240.0,2021
6,D,210.0,43.0,6.0,1.0,33,1.0,1.0,7.0,1,40,1,0.0,0,5.0,1.0,1,0.0,7,1,0,1,1,9.0,0,4.0,0,188.0,235.0,60.0,480.0,2021
3,D,18.0,40.0,5.0,1.0,75,1.0,0.0,0.0,1,79,1,0.0,0,6.0,1.0,1,0.0,7,1,0,1,1,0.0,0,1.0,0,78.0,97.0,0.0,120.0,2021
6,D,188.0,26.0,3.0,1.0,34,1.0,1.0,10.0,1,39,1,0.0,0,3.0,1.0,1,0.0,7,1,0,1,1,10.0,0,5.0,0,210.0,240.0,60.0,240.0,2021
4,D,75.0,43.0,6.0,1.0,59,1.0,1.0,1.0,1,66,0,0.0,0,3.0,1.0,1,1.0,7,1,0,1,1,1.0,0,1.0,0,70.0,87.0,0.0,240.0,2021
1,D,120.0,42.0,6.0,1.0,93,1.0,1.0,3.0,1,32,1,0.0,0,6.0,1.0,1,3.0,7,1,0,1,1,5.0,0,3.0,0,120.0,120.0,120.0,240.0,2021
3,D,60.0,64.0,8.0,1.0,48,1.0,1.0,1.0,1,54,1,0.0,0,5.0,1.0,2,0.0,7,1,0,1,1,1.0,0,1.0,0,60.0,60.0,60.0,240.0,2021
4,D,151.0,29.0,3.0,1.0,57,1.0,0.0,0.0,1,64,1,0.0,0,5.0,2.0,1,0.0,7,1,0,1,1,0.0,0,1.0,0,151.0,188.0,60.0,240.0,2021
1,D,180.0,48.0,6.0,1.0,19,1.0,1.0,6.0,1,16,1,0.0,0,6.0,6.0,1,0.0,7,1,0,1,1,8.0,0,4.0,0,180.0,180.0,180.0,480.0,2021
8,D,60.0,65.0,8.0,1.0,60,1.0,1.0,0.0,1,67,1,0.0,0,5.0,1.0,1,0.0,7,1,0,1,1,0.0,0,1.0,0,70.0,87.0,60.0,240.0,2021
1,D,20.0,32.0,4.0,1.0,24,1.0,0.0,0.0,4,22,1,0.0,1,6.0,1.0,1,0.0,7,1,0,1,1,0.0,0,1.0,0,108.0,135.0,0.0,240.0,2021
8,D,48.0,44.0,6.0,1.0,60,1.0,0.0,0.0,1,67,2,0.0,0,5.0,3.0,1,0.0,7,1,0,1,1,0.0,0,1.0,0,46.0,57.0,0.0,240.0,2021
8,D,72.0,32.0,4.0,1.0,60,1.0,1.0,4.0,1,67,1,0.0,0,3.0,1.0,1,1.0,7,1,0,2,1,4.0,0,3.0,0,97.0,121.0,60.0,240.0,2021
1,D,151.0,47.0,6.0,1.0,36,1.0,1.0,3.0,1,42,2,0.0,0,3.0,3.0,1,0.0,7,1,0,1,1,3.0,0,2.0,0,151.0,188.0,120.0,240.0,2021
8,D,37.0,56.0,7.0,1.0,60,1.0,0.0,0.0,1,67,1,0.0,0,3.0,1.0,1,0.0,7,1,0,1,1,0.0,0,1.0,0,30.0,37.0,0.0,120.0,2021
3,D,60.0,40.0,5.0,1.0,36,1.0,1.0,0.0,1,42,2,0.0,0,5.0,3.0,1,0.0,7,1,0,1,1,0.0,0,1.0,0,97.0,121.0,0.0,240.0,2021
5,D,121.0,27.0,3.0,1.0,36,1.0,0.0,0.0,1,42,2,0.0,0,3.0,3.0,1,1.0,7,1,0,2,1,0.0,0,1.0,0,121.0,151.0,60.0,240.0,2021
4,B,,62.0,8.0,1.0,23,1.0,1.0,0.0,1,20,1,0.0,0,3.0,1.0,1,1.0,8,0,1,3,0,0.0,0,1.0,0,6.0,12.0,0.0,60.0,2021
4,B,,70.0,8.0,1.0,23,1.0,0.0,0.0,1,20,1,0.0,0,3.0,1.0,1,4.0,8,0,1,3,0,0.0,0,1.0,0,6.0,12.0,0.0,60.0,2021
4,B,,54.0,7.0,1.0,23,1.0,0.0,0.0,1,20,1,0.0,0,1.0,2.0,1,3.0,8,0,1,3,0,0.0,0,1.0,0,6.0,12.0,0.0,60.0,2021
1,D,60.0,56.0,7.0,1.0,91,1.0,1.0,0.0,1,31,2,0.0,0,5.0,3.0,1,0.0,7,1,0,1,1,0.0,0,1.0,0,78.0,97.0,0.0,240.0,2021
2,D,36.0,32.0,4.0,1.0,24,1.0,1.0,0.0,1,22,1,0.0,0,5.0,2.0,1,0.0,7,1,0,1,1,0.0,0,1.0,0,78.0,97.0,0.0,240.0,2021
4,D,324.0,49.0,6.0,1.0,56,1.0,1.0,0.0,1,63,1,0.0,0,5.0,1.0,2,0.0,7,1,0,1,1,0.0,0,1.0,0,600.0,600.0,180.0,360.0,2021
1,D,210.0,30.0,3.0,1.0,14,1.0,1.0,0.0,1,12,2,0.0,0,3.0,3.0,1,2.0,7,1,0,1,1,0.0,0,1.0,0,210.0,240.0,60.0,240.0,2021
8,D,97.0,28.0,3.0,1.0,35,1.0,0.0,0.0,1,41,2,0.0,0,5.0,3.0,1,0.0,7,1,0,1,1,0.0,0,1.0,0,78.0,97.0,60.0,240.0,2021
5,D,60.0,65.0,8.0,1.0,90,1.0,1.0,0.0,1,29,1,0.0,0,3.0,1.0,2,0.0,7,1,0,1,1,0.0,0,1.0,0,78.0,97.0,60.0,240.0,2021
1,D,120.0,35.0,4.0,1.0,71,1.0,1.0,3.0,1,76,1,0.0,0,3.0,1.0,1,1.0,7,1,0,1,1,5.0,0,3.0,0,120.0,120.0,120.0,240.0,2021
3,D,12.03,38.0,5.0,1.0,75,1.0,0.0,0.0,1,79,1,0.0,0,3.0,1.0,1,0.0,7,1,0,1,1,0.0,0,1.0,0,97.0,120.0,0.0,120.0,2021
3,D,33.0,50.0,6.0,1.0,46,1.0,1.0,0.0,1,53,1,0.0,0,5.0,1.0,1,0.0,7,1,0,1,1,0.0,0,1.0,0,51.0,63.0,0.0,120.0,2021
2,D,36.0,38.0,5.0,1.0,17,1.0,0.0,0.0,1,15,1,0.0,0,5.0,1.0,1,0.0,7,1,0,1,1,0.0,0,1.0,0,46.0,57.0,0.0,240.0,2021
1,D,60.0,28.0,3.0,1.0,90,1.0,0.0,0.0,1,29,1,0.0,0,6.0,1.0,1,0.0,7,1,0,1,1,0.0,0,1.0,0,60.0,63.0,60.0,240.0,2021
2,D,145.0,28.0,3.0,1.0,39,1.0,1.0,7.0,1,45,1,0.0,0,3.0,1.0,1,3.0,7,1,0,1,1,7.0,0,4.0,0,120.0,125.0,120.0,240.0,2021
2,D,41.0,69.0,8.0,1.0,17,1.0,1.0,3.0,1,15,1,0.0,0,5.0,1.0,1,0.0,7,1,0,1,1,3.0,0,2.0,0,41.0,51.0,0.0,240.0,2021
2,D,57.0,46.0,6.0,1.0,79,1.0,1.0,0.0,1,83,1,0.0,0,6.0,1.0,1,1.0,7,1,0,1,1,0.0,0,1.0,0,78.0,97.0,0.0,240.0,2021
1,D,288.0,41.0,6.0,1.0,17,1.0,1.0,3.0,1,15,1,0.0,0,5.0,1.0,2,2.0,7,1,0,1,1,3.0,0,2.0,0,292.0,365.0,180.0,480.0,2021
3,D,120.0,51.0,7.0,1.0,7,1.0,1.0,8.0,1,5,1,1.0,0,3.0,1.0,1,0.0,7,1,0,1,1,10.0,0,5.0,0,130.0,162.0,120.0,240.0,2021
6,D,120.0,60.0,7.0,1.0,59,1.0,1.0,6.0,1,66,0,0.0,0,3.0,1.0,1,0.0,7,1,0,1,1,8.0,0,4.0,0,210.0,240.0,60.0,240.0,2021
6,D,120.0,44.0,6.0,1.0,59,1.0,1.0,0.0,1,66,0,0.0,0,3.0,1.0,1,4.0,7,1,0,1,1,0.0,0,1.0,0,151.0,188.0,60.0,240.0,2021
3,D,240.0,31.0,4.0,1.0,38,1.0,1.0,6.0,1,44,1,0.0,0,3.0,1.0,3,0.0,7,1,0,1,1,8.0,0,4.0,0,292.0,365.0,180.0,480.0,2021
2,D,0.03,78.0,8.0,1.0,15,1.0,0.0,0.0,1,13,1,0.0,0,6.0,1.0,1,0.0,7,1,0,1,1,0.0,0,1.0,0,70.0,87.0,0.0,240.0,2021
1,D,135.0,30.0,3.0,1.0,55,1.0,1.0,6.0,1,62,1,0.0,0,5.0,1.0,1,0.0,7,1,0,1,1,6.0,0,3.0,0,210.0,240.0,60.0,240.0,2021
1,D,151.0,48.0,6.0,1.0,9,1.0,1.0,0.0,1,6,1,0.0,0,3.0,1.0,2,1.0,7,1,0,1,1,0.0,0,1.0,0,121.0,151.0,60.0,240.0,2021
5,D,87.0,49.0,6.0,1.0,54,1.0,1.0,3.0,1,61,1,0.0,0,5.0,1.0,1,0.0,7,1,0,1,1,5.0,0,3.0,0,121.0,151.0,60.0,240.0,2021
3,D,36.0,49.0,6.0,1.0,68,1.0,0.0,0.0,1,74,2,0.0,0,6.0,3.0,1,0.0,7,1,0,1,1,0.0,0,1.0,0,51.0,63.0,0.0,240.0,2021
3,B,0.03,44.0,6.0,1.0,68,1.0,,,1,74,1,0.0,0,,1.0,1,,8,1,0,1,0,,0,1.0,0,6.0,12.0,0.0,60.0,2021
1,D,71.0,34.0,4.0,1.0,1,1.0,1.0,0.0,1,90,1,0.0,0,3.0,1.0,1,0.0,7,1,0,1,1,0.0,0,1.0,0,60.0,71.0,60.0,240.0,2021
5,C,,26.0,3.0,1.0,20,1.0,1.0,1.0,1,17,1,0.0,0,5.0,6.0,1,0.0,8,0,1,3,0,1.0,0,1.0,0,12.0,18.0,0.0,60.0,2021
1,D,,22.0,2.0,1.0,4,1.0,0.0,0.0,1,2,1,0.0,0,3.0,1.0,1,0.0,7,0,1,4,0,0.0,0,1.0,0,63.0,78.0,0.0,120.0,2021
5,D,13.83,52.0,7.0,1.0,62,1.0,1.0,3.0,1,69,1,0.0,0,5.0,1.0,1,0.0,7,1,0,1,1,5.0,0,3.0,0,120.0,121.0,120.0,240.0,2021
3,D,120.0,39.0,5.0,1.0,62,1.0,1.0,5.0,1,69,1,0.0,0,3.0,1.0,1,0.0,7,1,0,1,1,7.0,0,4.0,0,120.0,120.0,120.0,240.0,2021
4,D,144.0,33.0,4.0,1.0,56,1.0,0.0,0.0,1,63,1,0.0,0,3.0,1.0,1,0.0,7,1,0,1,1,0.0,0,1.0,0,151.0,188.0,60.0,240.0,2021
4,D,96.0,65.0,8.0,1.0,34,1.0,1.0,0.0,1,39,1,0.0,0,6.0,1.0,1,1.0,7,1,0,1,1,0.0,0,1.0,0,121.0,151.0,60.0,240.0,2021
2,D,60.0,21.0,2.0,1.0,24,1.0,0.0,0.0,1,22,1,0.0,0,5.0,1.0,1,0.0,7,1,0,1,1,0.0,0,1.0,0,151.0,188.0,60.0,240.0,2021
4,D,42.0,45.0,6.0,1.0,67,1.0,0.0,0.0,1,71,1,0.0,0,5.0,1.0,1,0.0,7,1,0,1,1,0.0,0,1.0,0,78.0,97.0,0.0,240.0,2021
2,D,120.0,41.0,6.0,1.0,24,1.0,1.0,2.0,1,22,1,0.0,0,5.0,1.0,1,11.0,7,1,0,1,1,4.0,0,3.0,0,135.0,168.0,60.0,240.0,2021
6,D,97.0,59.0,7.0,1.0,33,1.0,0.0,0.0,1,40,1,0.0,0,5.0,1.0,1,1.0,7,1,0,1,1,0.0,0,1.0,0,97.0,121.0,60.0,240.0,2021
2,D,96.0,62.0,8.0,1.0,65,1.0,1.0,0.0,1,73,2,0.0,0,6.0,3.0,1,2.0,7,1,0,1,1,0.0,0,1.0,0,151.0,188.0,60.0,240.0,2021
1,D,37.0,25.0,2.0,1.0,56,1.0,0.0,0.0,1,63,1,0.0,0,1.0,1.0,1,0.0,7,1,0,1,1,0.0,0,1.0,0,37.0,46.0,0.0,240.0,2021
4,D,108.0,62.0,8.0,1.0,59,1.0,0.0,0.0,1,66,1,0.0,0,3.0,1.0,2,0.0,7,1,0,1,1,0.0,0,1.0,0,151.0,188.0,60.0,240.0,2021
6,D,60.0,29.0,3.0,1.0,75,1.0,1.0,6.0,1,79,1,0.0,0,3.0,1.0,1,3.0,7,1,0,1,1,8.0,0,4.0,0,84.0,105.0,60.0,240.0,2021
3,D,87.0,37.0,5.0,1.0,48,1.0,1.0,0.0,1,54,1,0.0,0,3.0,1.0,1,0.0,7,1,0,1,1,0.0,0,1.0,0,121.0,151.0,60.0,240.0,2021
6,D,228.0,49.0,6.0,1.0,23,1.0,1.0,3.0,1,20,1,0.0,0,3.0,1.0,1,0.0,7,1,0,1,1,3.0,0,2.0,0,188.0,235.0,120.0,240.0,2021
2,A,,35.0,4.0,2.0,94,2.0,,,1,34,2,0.0,0,,3.0,1,,8,0,0,0,0,,0,1.0,0,0.0,6.0,0.0,12.0,2021
2,A,,33.0,4.0,2.0,94,3.0,,,1,34,2,0.0,0,,3.0,1,,8,0,0,0,0,,0,1.0,0,0.0,6.0,0.0,12.0,2021
2,A,,43.0,6.0,2.0,94,,,,1,34,0,0.0,0,,,1,,8,0,0,0,0,,0,1.0,0,0.0,6.0,0.0,12.0,2021
3,D,13.03,33.0,4.0,1.0,68,1.0,0.0,0.0,1,74,1,0.0,0,5.0,6.0,1,0.0,7,1,0,1,1,0.0,0,1.0,0,97.0,121.0,0.0,240.0,2021
5,D,70.0,64.0,8.0,1.0,30,1.0,1.0,0.0,1,36,1,0.0,0,3.0,1.0,1,0.0,7,1,0,1,1,0.0,0,1.0,0,70.0,87.0,60.0,240.0,2021
1,A,,46.0,6.0,2.0,94,2.0,,,1,34,2,0.0,0,,3.0,1,,8,0,0,0,0,,0,1.0,0,0.0,6.0,0.0,12.0,2021
1,D,180.0,61.0,8.0,1.0,4,1.0,1.0,0.0,1,2,1,0.0,0,3.0,1.0,2,0.0,7,1,0,1,1,0.0,0,1.0,0,180.0,188.0,180.0,480.0,2021
3,D,120.0,55.0,7.0,1.0,34,1.0,1.0,2.0,1,39,1,0.0,0,5.0,1.0,1,0.0,7,1,0,1,1,2.0,0,2.0,0,135.0,168.0,60.0,240.0,2021
2,A,,59.0,7.0,2.0,94,1.0,,,1,34,0,0.0,0,,,1,,8,0,1,4,0,,0,1.0,0,0.0,6.0,0.0,12.0,2021
2,D,12.03,67.0,8.0,1.0,77,1.0,1.0,0.0,1,81,1,0.0,0,3.0,1.0,1,0.0,7,1,0,1,1,0.0,0,1.0,0,37.0,46.0,0.0,240.0,2021
5,D,87.0,45.0,6.0,1.0,37,1.0,1.0,0.0,1,43,1,0.0,0,5.0,1.0,1,1.0,7,1,0,1,1,0.0,0,1.0,0,78.0,97.0,60.0,240.0,2021
1,D,88.0,42.0,6.0,1.0,1,1.0,1.0,6.0,1,90,1,0.0,0,1.0,1.0,1,0.0,7,1,0,1,1,6.0,0,3.0,0,188.0,235.0,60.0,240.0,2021
1,D,84.0,41.0,6.0,1.0,21,1.0,0.0,0.0,1,18,1,0.0,0,5.0,1.0,1,0.0,7,1,0,1,1,0.0,0,1.0,0,151.0,188.0,60.0,240.0,2021
8,D,97.0,40.0,5.0,1.0,31,1.0,1.0,3.0,1,37,1,0.0,0,1.0,1.0,1,2.0,7,1,0,1,1,5.0,0,3.0,0,97.0,120.0,0.0,120.0,2021
1,D,135.0,21.0,2.0,1.0,22,1.0,1.0,0.0,1,19,1,0.0,0,5.0,1.0,1,0.0,7,1,0,1,1,0.0,0,1.0,0,168.0,210.0,60.0,240.0,2021
5,D,135.0,41.0,6.0,1.0,83,1.0,0.0,0.0,1,87,2,0.0,0,6.0,3.0,1,3.0,7,1,0,1,1,0.0,0,1.0,0,135.0,168.0,60.0,240.0,2021
6,D,84.0,53.0,7.0,1.0,59,1.0,0.0,0.0,1,66,0,0.0,0,3.0,1.0,1,0.0,7,1,0,1,1,0.0,0,1.0,0,97.0,121.0,60.0,240.0,2021
4,D,210.0,29.0,3.0,1.0,34,1.0,0.0,0.0,1,39,1,0.0,0,5.0,2.0,2,0.0,7,1,0,1,1,0.0,0,1.0,0,210.0,262.0,180.0,360.0,2021
4,D,78.0,38.0,5.0,1.0,62,1.0,1.0,0.0,1,69,1,0.0,0,5.0,1.0,1,0.0,7,1,0,1,1,0.0,0,1.0,0,121.0,151.0,60.0,240.0,2021
2,D,60.0,49.0,6.0,1.0,24,1.0,0.0,0.0,1,22,2,0.0,0,5.0,3.0,1,0.0,7,1,0,1,1,0.0,0,1.0,0,63.0,78.0,60.0,240.0,2021
2,D,120.0,21.0,2.0,1.0,64,1.0,0.0,0.0,1,70,2,0.0,0,3.0,3.0,1,0.0,7,1,0,1,1,0.0,0,1.0,0,210.0,240.0,60.0,240.0,2021
8,D,151.0,33.0,4.0,1.0,60,1.0,1.0,1.0,1,67,1,0.0,0,5.0,1.0,1,0.0,7,1,0,1,1,1.0,0,1.0,0,151.0,188.0,60.0,480.0,2021
2,D,220.0,42.0,6.0,1.0,45,1.0,1.0,0.0,1,51,1,0.0,0,5.0,1.0,2,3.0,7,1,0,1,1,0.0,0,1.0,0,262.0,327.0,60.0,480.0,2021
3,D,135.0,39.0,5.0,1.0,89,1.0,1.0,3.0,1,30,1,0.0,0,3.0,1.0,2,2.0,7,1,0,1,1,3.0,0,2.0,0,108.0,135.0,0.0,24.0,2021
4,D,68.0,79.0,8.0,1.0,58,1.0,1.0,0.0,1,65,1,0.0,0,5.0,1.0,3,0.0,7,1,0,1,1,0.0,0,1.0,0,57.0,71.0,0.0,240.0,2021
5,D,235.0,73.0,8.0,1.0,89,1.0,1.0,0.0,3,30,1,0.0,1,6.0,1.0,1,0.0,7,1,0,1,1,0.0,0,1.0,0,188.0,235.0,120.0,240.0,2021
2,D,120.0,48.0,6.0,1.0,17,1.0,1.0,4.0,1,15,1,0.0,0,5.0,1.0,1,2.0,7,1,0,1,1,6.0,0,3.0,0,120.0,120.0,120.0,240.0,2021
1,D,60.0,22.0,2.0,1.0,88,1.0,1.0,0.0,1,28,1,0.0,0,5.0,1.0,1,0.0,7,1,0,1,1,0.0,0,1.0,0,121.0,151.0,60.0,240.0,2021
1,D,84.0,34.0,4.0,1.0,70,1.0,1.0,3.0,1,75,1,0.0,0,5.0,6.0,1,0.0,7,1,0,1,1,3.0,0,2.0,0,120.0,135.0,120.0,240.0,2021
3,D,78.0,46.0,6.0,1.0,31,1.0,1.0,0.0,1,37,1,0.0,0,5.0,1.0,1,1.0,7,1,0,1,1,0.0,0,1.0,0,78.0,97.0,0.0,240.0,2021
1,D,60.0,29.0,3.0,1.0,93,1.0,1.0,2.0,1,32,1,0.0,0,5.0,1.0,1,1.0,7,1,0,1,1,2.0,0,2.0,0,87.0,108.0,60.0,240.0,2021
1,D,60.0,45.0,6.0,1.0,93,1.0,1.0,1.0,1,32,1,0.0,0,1.0,1.0,1,1.0,7,1,0,1,1,1.0,0,1.0,0,60.0,60.0,60.0,240.0,2021
2,A,,50.0,6.0,2.0,94,1.0,,,1,34,0,0.0,0,,,1,,8,0,0,0,0,,0,1.0,0,0.0,6.0,0.0,12.0,2021
4,D,96.0,51.0,7.0,1.0,67,1.0,1.0,6.0,1,71,1,0.0,0,3.0,1.0,1,0.0,7,1,0,1,1,8.0,0,4.0,0,96.0,96.0,0.0,96.0,2021
8,D,70.0,39.0,5.0,1.0,60,1.0,1.0,0.0,1,67,1,0.0,0,6.0,1.0,1,2.0,7,1,0,1,1,0.0,0,1.0,0,78.0,97.0,60.0,240.0,2021
3,D,108.0,68.0,8.0,1.0,34,1.0,0.0,0.0,1,39,1,0.0,0,5.0,1.0,1,0.0,7,1,0,1,1,0.0,0,1.0,0,108.0,135.0,60.0,240.0,2021
8,D,240.0,52.0,7.0,1.0,65,3.0,1.0,0.0,1,73,2,0.0,0,1.0,3.0,2,0.0,7,1,0,1,1,0.0,0,1.0,0,210.0,262.0,60.0,240.0,2021
4,D,132.0,29.0,3.0,1.0,82,1.0,0.0,0.0,1,85,1,0.0,0,6.0,1.0,2,0.0,7,1,0,1,1,0.0,0,1.0,0,151.0,188.0,60.0,240.0,2021
5,D,180.0,42.0,6.0,1.0,38,1.0,1.0,5.0,1,44,1,0.0,0,5.0,1.0,2,0.0,7,1,0,1,1,5.0,0,3.0,0,235.0,293.0,180.0,480.0,2021
3,D,66.0,29.0,3.0,1.0,5,1.0,0.0,0.0,1,4,2,0.0,0,5.0,3.0,2,0.0,7,1,0,1,1,0.0,0,1.0,0,151.0,188.0,60.0,240.0,2021
3,D,30.0,56.0,7.0,1.0,68,1.0,1.0,0.0,1,74,1,0.0,0,3.0,1.0,1,,7,1,0,1,1,0.0,0,1.0,0,37.0,46.0,0.0,240.0,2021
3,D,180.0,37.0,5.0,1.0,90,1.0,1.0,3.0,1,29,1,0.0,0,5.0,1.0,1,0.0,7,1,0,1,1,3.0,0,2.0,0,180.0,180.0,180.0,480.0,2021
4,D,0.03,38.0,5.0,1.0,56,1.0,1.0,0.0,1,63,1,0.0,0,5.0,1.0,1,0.0,7,1,0,1,1,0.0,0,1.0,0,135.0,168.0,0.0,240.0,2021
2,D,68.0,23.0,2.0,1.0,94,1.0,1.0,1.0,1,34,1,0.0,0,3.0,1.0,1,0.0,7,1,0,1,1,1.0,0,1.0,0,78.0,97.0,0.0,240.0,2021
2,D,216.0,23.0,2.0,1.0,35,1.0,0.0,0.0,1,41,2,0.0,0,3.0,3.0,1,0.0,7,1,0,1,1,0.0,0,1.0,0,151.0,188.0,60.0,240.0,2021
4,D,36.0,67.0,8.0,1.0,58,1.0,0.0,0.0,1,65,1,0.0,0,1.0,1.0,1,0.0,7,1,0,1,1,0.0,0,1.0,0,78.0,97.0,0.0,240.0,2021
6,D,240.0,25.0,2.0,1.0,33,1.0,0.0,0.0,1,40,1,0.0,0,5.0,1.0,1,0.0,7,1,0,1,1,0.0,0,1.0,0,210.0,240.0,60.0,240.0,2021
4,D,144.0,38.0,5.0,1.0,56,1.0,1.0,6.0,1,63,1,0.0,0,3.0,1.0,1,0.0,7,1,0,1,1,6.0,0,3.0,0,240.0,240.0,60.0,240.0,2021
3,C,18.0,43.0,6.0,1.0,32,1.0,1.0,3.0,1,38,1,0.0,0,3.0,2.0,1,2.0,8,1,0,1,1,3.0,0,2.0,0,12.0,18.0,0.0,120.0,2021
2,D,210.0,46.0,6.0,1.0,15,1.0,1.0,3.0,1,13,1,0.0,0,6.0,1.0,1,0.0,7,1,0,1,1,5.0,0,3.0,0,168.0,210.0,120.0,240.0,2021
4,D,210.0,22.0,2.0,1.0,35,1.0,1.0,2.0,1,41,1,0.0,0,3.0,1.0,1,0.0,7,1,0,1,1,2.0,0,2.0,0,210.0,240.0,60.0,240.0,2021
3,D,60.0,34.0,4.0,1.0,50,1.0,0.0,0.0,1,56,1,0.0,0,5.0,1.0,2,0.0,7,1,0,1,1,0.0,0,1.0,0,63.0,78.0,0.0,240.0,2021
3,D,27.0,66.0,8.0,1.0,89,1.0,0.0,0.0,1,30,0,0.0,0,3.0,1.0,1,0.0,7,1,0,1,1,0.0,0,1.0,0,78.0,97.0,0.0,240.0,2021
8,D,120.0,77.0,8.0,1.0,89,1.0,1.0,0.0,1,30,1,0.0,0,3.0,1.0,2,0.0,7,1,0,1,1,0.0,0,1.0,0,210.0,262.0,60.0,240.0,2021
2,D,120.0,36.0,5.0,1.0,65,1.0,1.0,3.0,1,73,2,0.0,0,3.0,3.0,1,2.0,7,1,0,1,1,5.0,0,3.0,0,168.0,210.0,120.0,240.0,2021
1,D,,66.0,8.0,1.0,10,1.0,0.0,0.0,1,8,1,0.0,0,5.0,1.0,1,1.0,7,0,1,4,0,0.0,0,1.0,0,78.0,97.0,0.0,240.0,2021
3,D,180.0,56.0,7.0,1.0,22,1.0,1.0,0.0,1,19,1,0.0,0,3.0,1.0,1,0.0,7,1,0,1,1,0.0,0,1.0,0,180.0,188.0,180.0,480.0,2021
3,D,48.0,39.0,5.0,1.0,42,1.0,1.0,0.0,1,48,1,0.0,0,5.0,1.0,1,0.0,7,1,0,1,1,0.0,0,1.0,0,78.0,97.0,0.0,240.0,2021
1,D,3.0,62.0,8.0,1.0,10,1.0,0.0,0.0,1,8,1,0.0,0,6.0,1.0,1,0.0,7,1,0,1,1,0.0,0,1.0,0,135.0,168.0,0.0,240.0,2021
2,D,120.0,21.0,2.0,1.0,85,1.0,1.0,0.0,1,89,1,0.0,0,3.0,1.0,2,0.0,7,1,0,1,1,0.0,0,1.0,0,151.0,188.0,60.0,240.0,2021
5,D,64.0,50.0,6.0,1.0,83,1.0,1.0,0.0,1,87,1,0.0,0,6.0,1.0,1,5.0,7,1,0,1,1,0.0,0,1.0,0,70.0,87.0,0.0,120.0,2021
6,D,180.0,26.0,3.0,1.0,79,1.0,1.0,6.0,1,83,1,0.0,0,3.0,1.0,1,0.0,7,1,0,1,1,8.0,0,4.0,0,240.0,240.0,60.0,240.0,2021
3,D,60.0,56.0,7.0,1.0,77,1.0,1.0,1.0,1,81,1,0.0,0,6.0,1.0,2,0.0,7,1,0,1,1,1.0,0,1.0,0,121.0,151.0,60.0,240.0,2021
1,D,60.0,30.0,3.0,1.0,1,1.0,0.0,0.0,1,90,1,0.0,0,6.0,1.0,1,0.0,7,1,0,1,1,0.0,0,1.0,0,151.0,188.0,60.0,240.0,2021
1,D,60.0,35.0,4.0,1.0,1,1.0,1.0,3.0,1,90,1,1.0,0,1.0,1.0,1,0.0,7,1,0,1,1,5.0,0,3.0,0,188.0,235.0,60.0,240.0,2021
1,D,120.0,33.0,4.0,1.0,11,1.0,1.0,5.0,1,9,1,0.0,0,5.0,1.0,1,0.0,7,1,0,1,1,7.0,0,4.0,0,120.0,137.0,120.0,240.0,2021
2,D,144.0,64.0,8.0,1.0,15,1.0,1.0,3.0,1,13,1,0.0,0,5.0,1.0,1,0.0,7,1,0,1,1,3.0,0,2.0,0,120.0,120.0,120.0,240.0,2021
3,D,120.0,59.0,7.0,1.0,57,1.0,1.0,0.0,1,64,1,0.0,0,6.0,1.0,1,0.0,7,1,0,1,1,0.0,0,1.0,0,120.0,120.0,120.0,240.0,2021
2,D,180.0,44.0,6.0,1.0,39,2.0,1.0,0.0,1,45,1,0.0,0,5.0,1.0,1,0.0,7,1,0,1,1,0.0,0,1.0,0,240.0,240.0,60.0,240.0,2021
2,D,144.0,35.0,4.0,1.0,59,1.0,1.0,0.0,1,66,0,0.0,0,5.0,1.0,1,2.0,7,1,0,1,1,0.0,0,1.0,0,151.0,188.0,60.0,240.0,2021
2,D,65.0,49.0,6.0,1.0,21,1.0,0.0,0.0,1,18,1,0.0,0,5.0,1.0,1,1.0,7,1,0,1,1,0.0,0,1.0,0,78.0,97.0,0.0,240.0,2021
2,D,120.0,30.0,3.0,1.0,15,1.0,0.0,0.0,1,13,2,0.0,0,3.0,3.0,4,0.0,7,1,0,1,1,0.0,0,1.0,0,151.0,188.0,60.0,240.0,2021
2,D,204.0,29.0,3.0,1.0,27,1.0,1.0,6.0,1,25,1,0.0,0,5.0,2.0,1,0.0,7,1,0,1,1,8.0,0,4.0,0,188.0,235.0,120.0,240.0,2021
1,D,72.0,71.0,8.0,1.0,4,1.0,1.0,0.0,1,2,1,0.0,0,6.0,1.0,1,0.0,7,1,0,1,1,0.0,0,1.0,0,121.0,151.0,60.0,240.0,2021
7,D,192.0,39.0,5.0,1.0,36,1.0,1.0,3.0,1,42,1,0.0,0,3.0,1.0,1,0.0,7,1,0,1,1,5.0,0,3.0,0,168.0,210.0,60.0,240.0,2021
6,D,84.0,28.0,3.0,1.0,11,1.0,1.0,0.0,1,9,1,0.0,0,3.0,1.0,1,3.0,7,1,0,1,1,0.0,0,1.0,0,151.0,188.0,60.0,240.0,2021
1,D,216.0,43.0,6.0,1.0,9,1.0,1.0,3.0,1,6,1,0.0,0,3.0,1.0,1,0.0,7,1,0,1,1,5.0,0,3.0,0,324.0,405.0,180.0,480.0,2021
1,D,80.0,32.0,4.0,1.0,1,1.0,0.0,0.0,1,90,1,0.0,0,5.0,1.0,1,11.0,7,1,0,1,1,0.0,0,1.0,0,210.0,240.0,60.0,240.0,2021
2,D,120.0,58.0,7.0,1.0,39,1.0,1.0,1.0,1,45,1,0.0,0,6.0,1.0,1,1.0,7,1,0,1,1,1.0,0,1.0,0,97.0,121.0,60.0,240.0,2021
1,D,130.0,37.0,5.0,1.0,46,1.0,1.0,8.0,1,53,1,0.0,0,3.0,1.0,2,0.0,7,1,0,1,1,10.0,0,5.0,0,151.0,188.0,60.0,240.0,2021
4,D,180.0,44.0,6.0,1.0,82,1.0,1.0,4.0,1,85,1,0.0,0,3.0,1.0,1,1.0,7,1,0,2,1,6.0,0,3.0,0,121.0,151.0,120.0,240.0,2021
4,D,78.0,36.0,5.0,1.0,46,1.0,0.0,0.0,1,53,1,0.0,0,3.0,1.0,1,0.0,7,1,0,1,1,0.0,0,1.0,0,60.0,60.0,60.0,240.0,2021
3,D,84.0,63.0,8.0,1.0,14,1.0,0.0,0.0,1,12,1,0.0,0,5.0,1.0,1,0.0,7,1,0,1,1,0.0,0,1.0,0,121.0,151.0,60.0,240.0,2021
1,D,96.0,45.0,6.0,1.0,19,1.0,0.0,0.0,1,16,1,0.0,0,6.0,1.0,1,2.0,7,1,0,1,1,0.0,0,1.0,0,151.0,188.0,60.0,240.0,2021
4,D,64.0,31.0,4.0,1.0,82,1.0,1.0,0.0,1,85,1,0.0,0,6.0,1.0,2,0.0,7,1,0,1,1,0.0,0,1.0,0,70.0,87.0,60.0,240.0,2021
1,D,60.0,45.0,6.0,1.0,93,1.0,1.0,1.0,1,32,2,0.0,0,5.0,3.0,1,0.0,7,1,0,1,1,3.0,0,2.0,0,188.0,235.0,60.0,240.0,2021
2,D,84.0,32.0,4.0,1.0,89,1.0,1.0,0.0,4,30,0,0.0,1,6.0,1.0,1,0.0,7,1,0,1,1,0.0,0,1.0,0,78.0,97.0,0.0,240.0,2021
6,D,84.0,31.0,4.0,1.0,21,1.0,0.0,0.0,1,18,1,0.0,0,5.0,6.0,1,1.0,7,1,0,1,1,0.0,0,1.0,0,97.0,121.0,60.0,240.0,2021
2,D,180.0,38.0,5.0,1.0,39,1.0,1.0,6.0,1,45,2,0.0,0,3.0,3.0,1,0.0,7,1,0,1,1,6.0,0,3.0,0,180.0,188.0,180.0,480.0,2021
4,C,,39.0,5.0,1.0,23,1.0,0.0,0.0,1,20,1,0.0,0,3.0,1.0,1,4.0,8,0,1,4,0,0.0,0,1.0,0,10.0,16.0,0.0,60.0,2021
2,D,50.0,46.0,6.0,1.0,21,1.0,1.0,3.0,1,18,1,0.0,0,5.0,1.0,1,1.0,7,1,0,1,1,4.0,0,3.0,0,97.0,120.0,0.0,120.0,2021
2,D,33.0,45.0,6.0,1.0,73,1.0,1.0,4.0,1,78,1,0.0,0,5.0,1.0,1,3.0,8,1,0,1,1,4.0,0,3.0,0,27.0,33.0,0.0,60.0,2021
6,D,,27.0,3.0,1.0,30,1.0,1.0,2.0,1,36,1,0.0,0,3.0,1.0,1,0.0,7,0,1,4,0,2.0,0,2.0,0,87.0,108.0,0.0,240.0,2021
2,D,120.0,40.0,5.0,1.0,24,1.0,1.0,0.0,1,22,1,0.0,0,6.0,1.0,1,0.0,7,1,0,1,1,0.0,0,1.0,0,120.0,120.0,120.0,240.0,2021
1,D,59.85,24.0,2.0,1.0,51,1.0,1.0,0.0,1,57,1,0.0,0,5.0,1.0,1,0.0,7,1,0,1,1,0.0,0,1.0,0,97.0,121.0,60.0,240.0,2021
8,D,78.0,28.0,3.0,1.0,60,1.0,0.0,0.0,1,67,1,0.0,0,1.0,1.0,1,0.0,7,1,0,1,1,0.0,0,1.0,0,97.0,121.0,60.0,240.0,2021
2,D,60.0,43.0,6.0,1.0,39,1.0,0.0,0.0,1,45,1,0.0,0,3.0,2.0,1,0.0,7,1,0,1,1,0.0,0,1.0,0,97.0,121.0,60.0,240.0,2021
1,D,150.0,40.0,5.0,1.0,40,1.0,1.0,0.0,1,46,1,0.0,0,5.0,1.0,2,0.0,7,1,0,1,1,0.0,0,1.0,0,480.0,480.0,60.0,240.0,2021
1,D,180.0,56.0,7.0,1.0,90,1.0,1.0,2.0,1,29,1,0.0,0,3.0,1.0,1,0.0,7,1,0,1,1,4.0,0,3.0,0,180.0,180.0,180.0,240.0,2021
3,D,12.03,51.0,7.0,1.0,5,1.0,0.0,0.0,1,4,2,0.0,0,6.0,3.0,1,0.0,7,1,0,1,1,0.0,0,1.0,0,78.0,97.0,0.0,240.0,2021
2,D,84.0,27.0,3.0,1.0,15,1.0,0.0,0.0,1,13,1,0.0,0,3.0,1.0,4,0.0,7,1,0,1,1,0.0,0,1.0,0,121.0,151.0,60.0,240.0,2021
3,D,60.0,61.0,8.0,1.0,75,1.0,0.0,0.0,1,79,1,0.0,0,5.0,1.0,2,0.0,7,1,0,1,1,0.0,0,1.0,0,97.0,121.0,60.0,240.0,2021
3,D,72.0,38.0,5.0,1.0,14,1.0,1.0,0.0,1,12,1,0.0,0,3.0,1.0,1,0.0,7,1,0,1,1,0.0,0,1.0,0,63.0,78.0,60.0,240.0,2021
3,D,60.0,22.0,2.0,1.0,25,1.0,1.0,1.0,1,23,1,0.0,0,5.0,1.0,1,0.0,7,1,0,1,1,1.0,0,1.0,0,78.0,97.0,0.0,240.0,2021
1,D,120.0,42.0,6.0,1.0,90,1.0,1.0,6.0,1,29,1,0.0,0,1.0,1.0,1,0.0,7,1,0,1,1,6.0,0,3.0,0,120.0,120.0,120.0,240.0,2021
5,C,12.0,43.0,6.0,1.0,34,3.0,1.0,0.0,1,39,2,0.0,0,1.0,3.0,1,3.0,8,1,0,1,1,0.0,0,1.0,0,12.0,18.0,0.0,60.0,2021
4,D,210.0,25.0,2.0,1.0,33,1.0,0.0,0.0,1,40,1,0.0,0,3.0,1.0,1,0.0,7,1,0,1,1,0.0,0,1.0,0,210.0,240.0,60.0,240.0,2021
6,D,87.0,57.0,7.0,1.0,79,1.0,1.0,0.0,1,83,1,0.0,0,5.0,1.0,1,0.0,7,1,0,1,1,0.0,0,1.0,0,97.0,121.0,60.0,240.0,2021
3,D,240.0,37.0,5.0,1.0,22,1.0,1.0,0.0,1,19,1,0.0,0,1.0,1.0,2,3.0,7,1,0,1,1,0.0,0,1.0,0,210.0,262.0,60.0,240.0,2021
1,D,60.0,33.0,4.0,1.0,1,1.0,0.0,0.0,1,90,1,0.0,0,6.0,6.0,1,0.0,7,1,0,1,1,0.0,0,1.0,0,97.0,121.0,60.0,240.0,2021
4,D,120.0,45.0,6.0,1.0,59,1.0,1.0,0.0,1,66,1,0.0,0,1.0,1.0,1,4.0,7,1,0,2,1,0.0,0,1.0,0,151.0,188.0,60.0,240.0,2021
2,D,240.0,24.0,2.0,1.0,15,1.0,1.0,1.0,1,13,1,0.0,0,5.0,1.0,2,0.0,7,1,0,1,1,3.0,0,2.0,0,235.0,293.0,60.0,240.0,2021
2,D,126.0,22.0,2.0,1.0,87,1.0,1.0,0.0,1,26,1,0.0,0,5.0,1.0,5,0.0,7,1,0,1,1,0.0,0,1.0,0,210.0,262.0,180.0,360.0,2021
1,D,78.0,32.0,4.0,1.0,40,1.0,1.0,0.0,1,46,1,0.0,0,5.0,1.0,1,0.0,7,1,0,1,1,0.0,0,1.0,0,97.0,121.0,60.0,240.0,2021
2,D,24.0,50.0,6.0,1.0,64,1.0,1.0,0.0,1,70,1,0.0,0,5.0,1.0,1,0.0,7,1,0,1,1,0.0,0,1.0,0,120.0,120.0,0.0,120.0,2021
1,D,66.0,67.0,8.0,1.0,46,1.0,0.0,0.0,1,53,1,0.0,0,5.0,1.0,2,0.0,7,1,0,1,1,0.0,0,1.0,0,97.0,121.0,60.0,240.0,2021
3,D,60.0,32.0,4.0,1.0,67,1.0,0.0,0.0,1,71,1,0.0,0,6.0,1.0,1,0.0,7,1,0,1,1,0.0,0,1.0,0,97.0,121.0,0.0,240.0,2021
3,D,44.0,31.0,4.0,1.0,68,1.0,0.0,0.0,1,74,2,0.0,0,5.0,3.0,1,0.0,7,1,0,1,1,0.0,0,1.0,0,78.0,97.0,0.0,240.0,2021
3,D,48.0,44.0,6.0,1.0,67,1.0,1.0,0.0,1,71,1,0.0,0,1.0,6.0,1,0.0,7,1,0,1,1,0.0,0,1.0,0,97.0,121.0,0.0,240.0,2021
2,D,180.0,47.0,6.0,1.0,66,1.0,1.0,3.0,1,72,2,0.0,0,1.0,3.0,1,0.0,7,1,0,1,1,5.0,0,3.0,0,180.0,180.0,180.0,9996.0,2021
3,D,120.0,32.0,4.0,1.0,63,1.0,1.0,6.0,1,95,1,0.0,0,5.0,1.0,1,0.0,7,1,0,1,1,8.0,0,4.0,0,120.0,137.0,120.0,240.0,2021
2,D,97.0,32.0,4.0,1.0,17,1.0,0.0,0.0,1,15,1,0.0,0,6.0,1.0,1,0.0,7,1,0,1,1,0.0,0,1.0,0,97.0,121.0,0.0,240.0,2021
4,D,60.0,32.0,4.0,1.0,21,1.0,1.0,0.0,1,18,1,0.0,0,5.0,1.0,1,0.0,7,1,0,1,1,0.0,0,1.0,0,78.0,97.0,0.0,240.0,2021
1,D,60.0,32.0,4.0,1.0,3,1.0,0.0,0.0,1,1,1,0.0,0,5.0,2.0,2,0.0,7,1,0,1,1,0.0,0,1.0,0,63.0,78.0,60.0,240.0,2021
4,D,40.0,40.0,5.0,1.0,57,1.0,0.0,0.0,1,64,1,0.0,0,3.0,1.0,2,2.0,8,1,0,1,1,0.0,0,1.0,0,51.0,63.0,0.0,60.0,2021
3,D,48.0,34.0,4.0,1.0,68,2.0,0.0,0.0,1,74,0,0.0,0,5.0,,1,0.0,7,1,0,1,1,0.0,0,1.0,0,78.0,97.0,0.0,240.0,2021
2,D,78.0,49.0,6.0,1.0,87,1.0,1.0,0.0,1,26,1,0.0,0,5.0,1.0,1,0.0,7,1,0,1,1,0.0,0,1.0,0,78.0,97.0,0.0,240.0,2021
3,D,135.0,48.0,6.0,1.0,16,1.0,1.0,0.0,1,14,1,0.0,0,5.0,1.0,1,1.0,7,1,0,1,1,0.0,0,1.0,0,210.0,240.0,60.0,240.0,2021
1,D,168.0,41.0,6.0,1.0,51,1.0,1.0,9.0,1,57,1,0.0,0,3.0,1.0,1,1.0,7,1,0,1,1,11.0,0,5.0,0,188.0,235.0,180.0,480.0,2021
1,B,,52.0,7.0,1.0,70,1.0,1.0,1.0,1,75,1,0.0,0,3.0,6.0,1,0.0,8,0,1,4,0,1.0,0,1.0,0,6.0,12.0,0.0,60.0,2021
2,D,100.0,28.0,3.0,1.0,24,1.0,1.0,0.0,1,22,1,0.0,0,3.0,1.0,1,0.0,7,1,0,1,1,0.0,0,1.0,0,97.0,121.0,0.0,240.0,2021
2,D,72.0,24.0,2.0,1.0,73,1.0,1.0,0.0,1,78,2,0.0,0,3.0,3.0,2,1.0,7,1,0,1,1,0.0,0,1.0,0,60.0,60.0,60.0,240.0,2021
3,D,42.0,31.0,4.0,1.0,77,1.0,1.0,2.0,1,81,1,0.0,0,3.0,1.0,1,3.0,7,1,0,1,1,2.0,0,2.0,0,108.0,135.0,0.0,240.0,2021
1,D,0.03,26.0,3.0,1.0,91,1.0,1.0,0.0,1,31,2,0.0,0,5.0,3.0,1,0.0,7,1,0,2,1,0.0,0,1.0,0,37.0,46.0,0.0,240.0,2021
3,D,121.0,57.0,7.0,1.0,34,1.0,1.0,0.0,1,39,1,0.0,0,5.0,1.0,1,0.0,7,1,0,1,1,0.0,0,1.0,0,97.0,121.0,60.0,240.0,2021
2,D,121.0,39.0,5.0,1.0,89,1.0,1.0,3.0,1,30,1,0.0,0,3.0,1.0,1,0.0,7,1,0,1,1,5.0,0,3.0,0,120.0,121.0,120.0,240.0,2021
1,D,28.0,25.0,2.0,1.0,1,1.0,1.0,0.0,1,90,1,0.0,0,5.0,1.0,1,0.0,7,1,0,1,1,0.0,0,1.0,0,78.0,97.0,0.0,240.0,2021
2,D,151.0,53.0,7.0,1.0,65,1.0,0.0,0.0,1,73,1,0.0,0,3.0,1.0,1,0.0,7,1,0,1,1,0.0,0,1.0,0,210.0,240.0,60.0,240.0,2021
2,D,88.0,31.0,4.0,1.0,64,1.0,0.0,0.0,1,70,1,0.0,0,6.0,1.0,1,0.0,7,1,0,1,1,0.0,0,1.0,0,97.0,121.0,60.0,240.0,2021
2,B,,73.0,8.0,1.0,15,1.0,1.0,3.0,1,13,1,0.0,0,3.0,1.0,1,0.0,8,0,1,3,0,5.0,0,3.0,0,6.0,12.0,0.0,60.0,2021
4,D,108.0,51.0,7.0,1.0,82,1.0,1.0,5.0,1,85,1,0.0,0,1.0,6.0,2,0.0,7,1,0,2,1,7.0,0,4.0,0,210.0,262.0,60.0,240.0,2021
8,D,45.0,45.0,6.0,1.0,19,2.0,1.0,0.0,1,16,1,0.0,0,1.0,1.0,1,0.0,7,1,0,1,1,0.0,0,1.0,0,63.0,78.0,0.0,240.0,2021
2,A,,33.0,4.0,2.0,94,,,,1,34,0,0.0,0,,,1,,8,0,0,0,0,,0,1.0,0,0.0,6.0,0.0,12.0,2021
4,D,20.0,48.0,6.0,1.0,67,1.0,1.0,0.0,1,71,1,0.0,0,6.0,1.0,1,0.0,7,1,0,1,1,0.0,0,1.0,0,78.0,97.0,0.0,240.0,2021
4,D,120.0,35.0,4.0,1.0,59,1.0,1.0,2.0,1,66,1,0.0,0,5.0,1.0,1,0.0,7,1,0,1,1,2.0,0,2.0,0,120.0,135.0,120.0,240.0,2021
6,D,120.0,47.0,6.0,1.0,79,1.0,1.0,3.0,1,83,1,0.0,0,3.0,1.0,1,0.0,7,1,0,1,1,5.0,0,3.0,0,120.0,121.0,120.0,240.0,2021
1,D,27.0,30.0,3.0,1.0,93,1.0,1.0,0.0,1,32,1,0.0,0,5.0,1.0,1,0.0,7,1,0,1,1,0.0,0,1.0,0,78.0,97.0,0.0,240.0,2021
5,D,108.0,28.0,3.0,1.0,92,1.0,1.0,4.0,1,33,1,0.0,0,5.0,2.0,1,0.0,7,1,0,1,1,4.0,0,3.0,0,87.0,108.0,0.0,240.0,2021
3,D,240.0,34.0,4.0,1.0,61,1.0,1.0,2.0,1,68,1,0.0,0,5.0,1.0,2,0.0,7,1,0,1,1,4.0,0,3.0,0,262.0,327.0,60.0,240.0,2021
3,D,30.0,21.0,2.0,1.0,5,1.0,0.0,0.0,1,4,2,0.0,0,5.0,3.0,1,0.0,7,1,0,1,1,0.0,0,1.0,0,78.0,97.0,0.0,240.0,2021
5,D,36.0,36.0,5.0,1.0,54,1.0,0.0,0.0,1,61,1,0.0,0,6.0,1.0,1,0.0,7,1,0,1,1,0.0,0,1.0,0,97.0,121.0,0.0,240.0,2021
4,D,121.0,50.0,6.0,1.0,82,1.0,1.0,0.0,1,85,1,0.0,0,5.0,1.0,1,0.0,7,1,0,1,1,0.0,0,1.0,0,151.0,188.0,60.0,240.0,2021
1,D,18.0,31.0,4.0,1.0,70,1.0,1.0,5.0,1,75,1,0.0,0,1.0,6.0,1,2.0,8,1,0,1,1,7.0,0,4.0,0,21.0,27.0,0.0,60.0,2021
1,D,18.0,47.0,6.0,1.0,1,1.0,1.0,3.0,1,90,1,0.0,0,5.0,2.0,1,0.0,8,1,0,1,1,3.0,0,2.0,0,15.0,21.0,0.0,240.0,2021
4,D,240.0,36.0,5.0,1.0,16,1.0,1.0,19.0,1,14,1,0.0,0,3.0,1.0,1,0.0,7,1,0,1,1,21.0,0,6.0,0,240.0,240.0,60.0,240.0,2021
E,D,60.0,36.0,5.0,1.0,24,1.0,1.0,1.0,1,22,1,0.0,0,5.0,1.0,1,0.0,7,1,0,1,1,1.0,0,1.0,0,60.0,60.0,60.0,240.0,2021
4,D,36.0,60.0,7.0,1.0,58,1.0,1.0,0.0,1,65,1,0.0,0,6.0,1.0,1,0.0,7,1,0,1,1,0.0,0,1.0,0,78.0,97.0,0.0,240.0,2021
4,D,0.03,64.0,8.0,1.0,64,1.0,1.0,0.0,1,70,1,0.0,0,5.0,1.0,3,0.0,7,1,0,2,1,0.0,0,1.0,0,188.0,235.0,0.0,240.0,2021
1,D,180.0,40.0,5.0,1.0,16,1.0,1.0,0.0,1,14,1,0.0,0,5.0,1.0,1,0.0,7,1,0,1,1,0.0,0,1.0,0,180.0,188.0,180.0,360.0,2021
1,D,100.0,57.0,7.0,1.0,16,1.0,1.0,0.0,1,14,1,0.0,0,3.0,1.0,1,0.0,7,1,0,1,1,0.0,0,1.0,0,121.0,151.0,60.0,240.0,2021
5,D,96.0,27.0,3.0,1.0,36,1.0,0.0,0.0,1,42,2,0.0,0,5.0,3.0,1,1.0,7,1,0,1,1,0.0,0,1.0,0,87.0,108.0,60.0,240.0,2021
4,D,60.0,42.0,6.0,1.0,58,1.0,1.0,0.0,1,65,1,0.0,0,1.0,1.0,4,1.0,7,1,0,1,1,0.0,0,1.0,0,97.0,121.0,60.0,240.0,2021
9,D,42.0,40.0,5.0,1.0,91,1.0,0.0,0.0,1,31,2,0.0,0,6.0,3.0,1,1.0,7,1,0,1,1,0.0,0,1.0,0,78.0,97.0,0.0,240.0,2021
5,D,36.0,23.0,2.0,1.0,35,1.0,0.0,0.0,1,41,2,0.0,0,5.0,3.0,1,0.0,7,1,0,1,1,0.0,0,1.0,0,63.0,78.0,0.0,240.0,2021
3,D,262.0,39.0,5.0,1.0,52,1.0,1.0,3.0,1,58,1,0.0,0,3.0,1.0,1,0.0,7,1,0,1,1,5.0,0,3.0,0,324.0,405.0,180.0,480.0,2021
1,D,360.0,47.0,6.0,1.0,71,1.0,1.0,8.0,1,76,1,0.0,0,3.0,1.0,2,0.0,7,1,0,1,1,10.0,0,5.0,0,360.0,480.0,60.0,240.0,2021
2,D,60.0,56.0,7.0,1.0,77,1.0,0.0,0.0,1,81,1,0.0,0,5.0,1.0,2,3.0,7,1,0,1,1,0.0,0,1.0,0,151.0,188.0,60.0,240.0,2021
9,D,64.0,53.0,7.0,1.0,91,1.0,1.0,0.0,1,31,1,0.0,0,5.0,1.0,1,0.0,7,1,0,1,1,0.0,0,1.0,0,78.0,97.0,0.0,240.0,2021
1,B,,68.0,8.0,1.0,10,1.0,1.0,0.0,1,8,1,0.0,0,5.0,1.0,1,0.0,8,0,1,4,0,0.0,0,1.0,0,6.0,12.0,0.0,24.0,2021
1,D,188.0,59.0,7.0,1.0,35,1.0,1.0,3.0,1,41,1,0.0,0,5.0,1.0,1,0.0,7,1,0,1,1,3.0,0,2.0,0,188.0,235.0,0.0,240.0,2021
1,D,0.03,59.0,7.0,1.0,22,1.0,1.0,7.0,1,19,1,0.0,0,5.0,1.0,1,0.0,7,1,0,2,1,7.0,0,4.0,0,92.0,115.0,0.0,240.0,2021
2,D,87.0,31.0,4.0,1.0,84,1.0,1.0,2.0,1,88,1,0.0,0,5.0,1.0,1,0.0,7,1,0,1,1,2.0,0,2.0,0,87.0,108.0,0.0,240.0,2021
8,D,84.0,28.0,3.0,1.0,89,1.0,1.0,0.0,1,30,1,0.0,0,5.0,1.0,1,0.0,7,1,0,1,1,0.0,0,1.0,0,108.0,135.0,60.0,240.0,2021
3,D,360.0,30.0,3.0,1.0,43,1.0,1.0,1.0,1,49,1,0.0,0,5.0,1.0,2,0.0,7,1,0,1,1,3.0,0,2.0,0,600.0,600.0,180.0,360.0,2021
1,D,24.0,54.0,7.0,1.0,36,1.0,1.0,0.0,1,42,1,0.0,0,5.0,1.0,1,0.0,7,1,0,1,1,0.0,0,1.0,0,51.0,63.0,0.0,240.0,2021
5,D,60.0,57.0,7.0,1.0,90,1.0,1.0,0.0,1,29,1,0.0,0,5.0,1.0,1,1.0,7,1,0,1,1,0.0,0,1.0,0,97.0,121.0,60.0,240.0,2021
2,D,100.0,54.0,7.0,1.0,35,1.0,0.0,0.0,1,41,2,0.0,0,6.0,3.0,1,0.0,7,1,0,1,1,0.0,0,1.0,0,97.0,121.0,0.0,240.0,2021
8,D,96.0,43.0,6.0,1.0,60,1.0,0.0,0.0,1,67,1,0.0,0,5.0,1.0,1,2.0,7,1,0,1,1,0.0,0,1.0,0,151.0,188.0,60.0,240.0,2021
1,D,121.0,26.0,3.0,1.0,91,1.0,1.0,0.0,1,31,1,0.0,0,5.0,2.0,1,0.0,7,1,0,1,1,0.0,0,1.0,0,97.0,121.0,0.0,240.0,2021
1,D,60.0,26.0,3.0,1.0,10,1.0,0.0,0.0,1,8,1,0.0,0,5.0,1.0,1,0.0,7,1,0,1,1,0.0,0,1.0,0,135.0,168.0,60.0,240.0,2021
1,D,72.0,52.0,7.0,1.0,22,1.0,1.0,0.0,1,19,1,0.0,0,5.0,6.0,1,0.0,7,1,0,1,1,0.0,0,1.0,0,151.0,188.0,60.0,240.0,2021
6,D,97.0,36.0,5.0,1.0,36,1.0,1.0,0.0,1,42,1,0.0,0,5.0,1.0,1,4.0,7,1,0,1,1,0.0,0,1.0,0,97.0,121.0,0.0,240.0,2021
1,D,36.0,55.0,7.0,1.0,17,1.0,,,1,15,1,0.0,0,3.0,1.0,1,0.0,7,1,0,1,1,,0,1.0,0,41.0,51.0,0.0,120.0,2021
1,D,78.0,42.0,6.0,1.0,46,1.0,1.0,2.0,1,53,2,0.0,0,5.0,3.0,2,2.0,7,1,0,1,1,2.0,0,2.0,0,108.0,135.0,60.0,240.0,2021
2,D,97.0,28.0,3.0,1.0,35,1.0,1.0,0.0,1,41,2,0.0,0,5.0,3.0,1,0.0,7,1,0,1,1,0.0,0,1.0,0,97.0,121.0,0.0,240.0,2021
1,D,135.0,43.0,6.0,1.0,41,1.0,1.0,2.0,1,47,1,0.0,0,5.0,1.0,2,1.0,7,1,0,1,1,2.0,0,2.0,0,121.0,151.0,60.0,240.0,2021
3,D,42.0,28.0,3.0,1.0,34,1.0,1.0,0.0,1,39,1,0.0,0,5.0,6.0,1,0.0,7,1,0,1,1,0.0,0,1.0,0,41.0,51.0,0.0,120.0,2021
1,D,120.0,41.0,6.0,1.0,6,1.0,1.0,13.0,1,3,0,0.0,0,5.0,2.0,2,0.0,7,1,0,1,1,15.0,0,6.0,0,130.0,162.0,60.0,240.0,2021
2,D,262.0,58.0,7.0,1.0,45,1.0,1.0,0.0,3,51,1,0.0,1,,1.0,2,,7,1,0,1,1,0.0,0,1.0,0,210.0,262.0,60.0,480.0,2021
6,D,70.0,33.0,4.0,1.0,21,1.0,0.0,0.0,1,18,1,0.0,0,5.0,1.0,1,1.0,7,1,0,1,1,0.0,0,1.0,0,97.0,121.0,60.0,240.0,2021
2,A,,45.0,6.0,2.0,94,1.0,1.0,,1,34,0,,0,,,1,,8,0,1,4,0,,0,3.0,0,0.0,6.0,,,2021
1,D,66.0,40.0,5.0,1.0,22,1.0,1.0,0.0,1,19,1,0.0,0,6.0,1.0,2,1.0,7,1,0,1,1,0.0,0,1.0,0,97.0,121.0,60.0,240.0,2021
2,D,60.0,59.0,7.0,1.0,76,1.0,0.0,0.0,1,80,1,0.0,0,3.0,1.0,1,0.0,7,1,0,1,1,0.0,0,1.0,0,151.0,188.0,60.0,240.0,2021
8,D,120.0,75.0,8.0,1.0,19,1.0,1.0,3.0,1,16,1,0.0,0,6.0,1.0,1,0.0,7,1,0,1,1,3.0,0,2.0,0,120.0,135.0,120.0,240.0,2021
1,D,90.0,25.0,2.0,1.0,4,1.0,1.0,0.0,1,2,1,0.0,0,3.0,1.0,2,0.0,7,1,0,1,1,0.0,0,1.0,0,210.0,262.0,60.0,240.0,2021
4,D,0.03,21.0,2.0,1.0,20,1.0,0.0,0.0,1,17,2,0.0,0,1.0,3.0,1,0.0,7,1,0,1,1,0.0,0,1.0,0,37.0,46.0,0.0,240.0,2021
2,D,151.0,57.0,7.0,1.0,15,1.0,0.0,0.0,1,13,1,0.0,0,3.0,1.0,3,0.0,7,1,0,1,1,0.0,0,1.0,0,151.0,188.0,60.0,240.0,2021
4,D,40.0,63.0,8.0,1.0,82,1.0,0.0,0.0,1,85,1,0.0,0,3.0,1.0,1,0.0,7,1,0,1,1,0.0,0,1.0,0,97.0,121.0,0.0,240.0,2021
E,D,60.0,40.0,5.0,1.0,24,1.0,0.0,0.0,1,22,1,0.0,0,5.0,1.0,1,1.0,7,1,0,1,1,0.0,0,1.0,0,121.0,151.0,60.0,240.0,2021
3,D,120.0,69.0,8.0,1.0,77,1.0,1.0,0.0,1,81,1,0.0,0,5.0,1.0,1,0.0,7,1,0,1,1,0.0,0,1.0,0,120.0,121.0,120.0,240.0,2021
2,D,24.0,52.0,7.0,1.0,65,3.0,1.0,0.0,1,73,2,0.0,0,3.0,3.0,1,1.0,7,1,0,1,1,0.0,0,1.0,0,63.0,78.0,0.0,240.0,2021
4,D,135.0,26.0,3.0,1.0,57,1.0,1.0,7.0,1,64,1,0.0,0,3.0,6.0,1,2.0,7,1,0,1,1,9.0,0,4.0,0,135.0,168.0,120.0,240.0,2021
5,D,200.0,60.0,7.0,1.0,20,1.0,1.0,5.0,1,17,1,0.0,0,5.0,1.0,1,1.0,7,1,0,1,1,7.0,0,4.0,0,188.0,235.0,120.0,240.0,2021
3,D,,24.0,2.0,1.0,5,1.0,0.0,0.0,1,4,2,1.0,0,3.0,3.0,1,2.0,7,0,1,4,0,0.0,0,1.0,0,57.0,71.0,0.0,240.0,2021
3,D,144.0,47.0,6.0,1.0,52,1.0,1.0,7.0,1,58,1,0.0,0,1.0,1.0,1,0.0,7,1,0,1,1,9.0,0,4.0,0,188.0,235.0,120.0,240.0,2021
3,D,144.0,21.0,2.0,1.0,34,1.0,0.0,0.0,1,39,2,0.0,0,5.0,3.0,1,0.0,7,1,0,1,1,0.0,0,1.0,0,210.0,240.0,60.0,240.0,2021
2,D,87.0,40.0,5.0,1.0,2,1.0,1.0,3.0,1,0,1,0.0,0,5.0,1.0,1,0.0,7,1,0,1,1,3.0,0,2.0,0,87.0,108.0,0.0,240.0,2021
1,D,120.0,25.0,2.0,1.0,19,1.0,1.0,3.0,1,16,1,0.0,0,3.0,1.0,1,0.0,7,1,0,1,1,5.0,0,3.0,0,120.0,121.0,120.0,240.0,2021
2,D,60.0,32.0,4.0,1.0,2,1.0,0.0,0.0,1,0,1,0.0,0,5.0,1.0,1,0.0,7,1,0,1,1,0.0,0,1.0,0,121.0,151.0,60.0,240.0,2021
1,D,207.0,34.0,4.0,1.0,1,1.0,0.0,0.0,1,90,1,0.0,0,5.0,2.0,1,0.0,7,1,0,1,1,0.0,0,1.0,0,235.0,293.0,180.0,360.0,2021
1,D,120.0,34.0,4.0,1.0,85,1.0,1.0,4.0,1,89,1,0.0,0,5.0,1.0,1,0.0,7,1,0,1,1,6.0,0,3.0,0,120.0,121.0,120.0,240.0,2021
1,D,60.0,73.0,8.0,1.0,1,1.0,0.0,0.0,1,90,1,0.0,0,6.0,1.0,1,0.0,7,1,0,1,1,0.0,0,1.0,0,210.0,240.0,60.0,240.0,2021
2,D,0.49,51.0,7.0,1.0,26,1.0,1.0,0.0,1,24,1,0.0,0,6.0,1.0,1,0.0,7,1,0,1,1,0.0,0,1.0,0,51.0,63.0,0.0,240.0,2021
5,D,,22.0,2.0,1.0,36,1.0,0.0,0.0,1,42,2,0.0,0,5.0,3.0,1,0.0,7,0,1,3,0,0.0,0,1.0,0,63.0,78.0,0.0,240.0,2021
1,D,78.0,44.0,6.0,1.0,94,2.0,1.0,0.0,1,34,2,0.0,0,6.0,3.0,1,2.0,7,1,0,1,0,0.0,0,1.0,0,78.0,97.0,0.0,240.0,2021
6,D,180.0,42.0,6.0,1.0,79,1.0,1.0,0.0,1,83,2,0.0,0,3.0,3.0,1,1.0,7,1,0,1,1,0.0,0,1.0,0,210.0,240.0,60.0,240.0,2021
2,D,84.0,29.0,3.0,1.0,15,1.0,0.0,0.0,1,13,1,1.0,0,5.0,1.0,2,0.0,7,1,0,1,1,0.0,0,1.0,0,121.0,151.0,60.0,240.0,2021
2,D,138.0,38.0,5.0,1.0,64,1.0,1.0,3.0,1,70,1,0.0,0,5.0,1.0,1,0.0,7,1,0,2,1,5.0,0,3.0,0,168.0,210.0,120.0,240.0,2021
4,D,216.0,35.0,4.0,1.0,56,1.0,0.0,0.0,1,63,2,0.0,0,6.0,3.0,1,1.0,7,1,0,1,1,0.0,0,1.0,0,360.0,360.0,180.0,360.0,2021
2,D,120.0,37.0,5.0,1.0,42,1.0,1.0,3.0,1,48,1,0.0,0,3.0,1.0,1,0.0,7,1,0,1,1,3.0,0,2.0,0,120.0,120.0,120.0,240.0,2021
5,D,96.0,57.0,7.0,1.0,54,1.0,1.0,0.0,1,61,2,0.0,0,1.0,3.0,1,0.0,7,1,0,1,1,0.0,0,1.0,0,108.0,135.0,60.0,240.0,2021
3,D,235.0,27.0,3.0,1.0,34,1.0,1.0,3.0,1,39,2,0.0,0,1.0,3.0,1,1.0,7,1,0,1,1,5.0,0,3.0,0,188.0,235.0,60.0,240.0,2021
5,B,,32.0,4.0,1.0,34,1.0,1.0,1.0,1,39,2,0.0,0,1.0,3.0,1,4.0,8,0,1,4,0,1.0,0,1.0,0,6.0,12.0,0.0,60.0,2021
8,D,180.0,37.0,5.0,1.0,89,1.0,1.0,12.0,3,30,1,0.0,1,3.0,1.0,3,0.0,7,1,0,1,1,12.0,0,5.0,0,210.0,262.0,60.0,240.0,2021
1,D,46.0,65.0,8.0,1.0,4,1.0,0.0,0.0,1,2,1,0.0,0,6.0,1.0,1,0.0,7,1,0,1,1,0.0,0,1.0,0,57.0,71.0,0.0,120.0,2021
3,D,180.0,27.0,3.0,1.0,34,3.0,1.0,0.0,1,39,2,0.0,0,5.0,3.0,1,0.0,7,1,0,1,1,0.0,0,1.0,0,151.0,188.0,60.0,240.0,2021
2,D,48.0,29.0,3.0,1.0,65,1.0,0.0,0.0,1,73,2,0.0,0,5.0,3.0,1,0.0,7,1,0,1,1,0.0,0,1.0,0,78.0,97.0,0.0,240.0,2021
4,D,60.0,28.0,3.0,1.0,35,1.0,0.0,0.0,1,41,2,0.0,0,5.0,3.0,2,0.0,7,1,0,1,1,0.0,0,1.0,0,151.0,188.0,60.0,240.0,2021
4,D,40.0,47.0,6.0,1.0,92,1.0,0.0,0.0,1,33,1,0.0,0,3.0,1.0,1,0.0,7,1,0,1,1,0.0,0,1.0,0,37.0,46.0,0.0,120.0,2021
4,D,168.0,47.0,6.0,1.0,34,1.0,1.0,6.0,1,39,1,0.0,0,5.0,1.0,1,0.0,7,1,0,1,1,8.0,0,4.0,0,168.0,210.0,60.0,240.0,2021
1,D,87.0,49.0,6.0,1.0,41,1.0,0.0,0.0,1,47,1,0.0,0,3.0,1.0,2,0.0,7,1,0,1,1,0.0,0,1.0,0,97.0,121.0,60.0,240.0,2021
6,D,135.0,78.0,8.0,1.0,36,1.0,0.0,0.0,1,42,1,0.0,0,6.0,1.0,1,1.0,7,1,0,1,1,0.0,0,1.0,0,135.0,168.0,0.0,240.0,2021
3,D,240.0,43.0,6.0,1.0,34,1.0,1.0,0.0,1,39,1,0.0,0,5.0,1.0,1,0.0,7,1,0,1,1,0.0,0,1.0,0,240.0,240.0,60.0,240.0,2021
1,D,60.0,59.0,7.0,1.0,26,1.0,1.0,2.0,1,24,1,0.0,0,3.0,1.0,1,0.0,7,1,0,1,1,2.0,0,2.0,0,60.0,60.0,60.0,240.0,2021
1,D,108.0,53.0,7.0,1.0,41,1.0,0.0,0.0,1,47,1,0.0,0,5.0,1.0,3,0.0,7,1,0,1,1,0.0,0,1.0,0,151.0,188.0,60.0,240.0,2021
1,D,120.0,64.0,8.0,1.0,92,2.0,1.0,1.0,1,33,2,0.0,0,5.0,3.0,1,0.0,7,1,0,1,1,3.0,0,2.0,0,120.0,120.0,120.0,240.0,2021
2,D,120.0,33.0,4.0,1.0,39,1.0,1.0,3.0,1,45,1,0.0,0,3.0,2.0,1,0.0,7,1,0,1,1,5.0,0,3.0,0,120.0,121.0,120.0,240.0,2021
1,D,70.0,35.0,4.0,1.0,1,1.0,1.0,1.0,1,90,1,0.0,0,5.0,1.0,1,0.0,7,1,0,1,1,1.0,0,1.0,0,70.0,87.0,60.0,240.0,2021
7,D,108.0,34.0,4.0,1.0,20,1.0,1.0,1.0,1,17,1,0.0,0,6.0,1.0,1,0.0,7,1,0,1,1,1.0,0,1.0,0,151.0,188.0,60.0,240.0,2021
1,D,78.0,38.0,5.0,1.0,36,1.0,1.0,0.0,1,42,1,0.0,0,6.0,1.0,1,2.0,7,1,0,1,1,0.0,0,1.0,0,78.0,97.0,0.0,240.0,2021
5,D,92.0,42.0,6.0,1.0,37,1.0,1.0,0.0,1,43,1,0.0,0,6.0,1.0,1,4.0,7,1,0,1,1,0.0,0,1.0,0,87.0,108.0,60.0,480.0,2021
4,D,360.0,57.0,7.0,1.0,56,1.0,1.0,0.0,1,63,1,0.0,0,3.0,1.0,1,0.0,7,1,0,1,1,0.0,0,1.0,0,360.0,480.0,180.0,480.0,2021
1,D,96.0,33.0,4.0,1.0,50,1.0,1.0,0.0,1,56,1,0.0,0,1.0,1.0,1,1.0,7,1,0,1,1,0.0,0,1.0,0,188.0,235.0,60.0,240.0,2021
2,D,180.0,30.0,3.0,1.0,89,1.0,1.0,3.0,4,30,1,0.0,1,3.0,1.0,1,0.0,7,1,0,1,1,5.0,0,3.0,0,120.0,135.0,120.0,240.0,2021
2,D,126.0,55.0,7.0,1.0,66,1.0,1.0,0.0,1,72,1,0.0,0,1.0,1.0,1,0.0,7,1,0,1,1,0.0,0,1.0,0,151.0,188.0,60.0,240.0,2021
3,D,33.0,79.0,8.0,1.0,7,1.0,0.0,0.0,1,5,1,0.0,0,5.0,1.0,1,0.0,7,1,0,1,1,0.0,0,1.0,0,78.0,97.0,0.0,240.0,2021
4,C,12.03,49.0,6.0,1.0,23,1.0,1.0,0.0,1,20,1,0.0,0,5.0,1.0,1,2.0,8,1,0,2,1,0.0,0,1.0,0,12.0,18.0,0.0,60.0,2021
1,B,,44.0,6.0,1.0,47,1.0,1.0,0.0,1,52,1,0.0,0,3.0,1.0,1,2.0,8,0,1,3,0,0.0,0,1.0,0,6.0,12.0,0.0,60.0,2021
1,D,0.03,39.0,5.0,1.0,10,1.0,0.0,0.0,1,8,2,0.0,0,5.0,3.0,1,0.0,7,1,0,2,1,0.0,0,1.0,0,97.0,121.0,0.0,240.0,2021
6,D,120.0,42.0,6.0,1.0,59,1.0,1.0,0.0,1,66,0,0.0,0,5.0,1.0,1,1.0,7,1,0,1,1,0.0,0,1.0,0,151.0,188.0,60.0,240.0,2021
1,D,113.0,49.0,6.0,1.0,51,1.0,1.0,3.0,1,57,1,0.0,0,5.0,1.0,1,0.0,7,1,0,1,1,5.0,0,3.0,0,120.0,121.0,120.0,240.0,2021
3,D,24.0,36.0,5.0,1.0,77,1.0,1.0,2.0,1,81,1,0.0,0,1.0,1.0,1,1.0,7,1,0,1,1,4.0,0,3.0,0,97.0,121.0,0.0,240.0,2021
4,D,85.0,66.0,8.0,1.0,58,1.0,0.0,0.0,1,65,1,0.0,0,1.0,1.0,2,0.0,7,1,0,1,1,0.0,0,1.0,0,151.0,188.0,60.0,240.0,2021
8,D,90.0,29.0,3.0,1.0,89,3.0,0.0,0.0,1,30,1,0.0,0,6.0,2.0,2,0.0,7,1,0,1,1,0.0,0,1.0,0,121.0,151.0,0.0,240.0,2021
2,D,90.0,37.0,5.0,1.0,77,1.0,1.0,3.0,1,81,1,0.0,0,3.0,1.0,1,0.0,7,1,0,1,1,3.0,0,2.0,0,168.0,210.0,60.0,240.0,2021
1,D,0.03,24.0,2.0,1.0,36,1.0,0.0,0.0,1,42,1,0.0,0,5.0,2.0,1,0.0,7,1,0,1,1,0.0,0,1.0,0,87.0,108.0,0.0,240.0,2021
2,D,78.0,49.0,6.0,1.0,87,1.0,1.0,0.0,1,26,1,0.0,0,5.0,1.0,1,1.0,7,1,0,1,1,0.0,0,1.0,0,78.0,97.0,0.0,240.0,2021
5,D,74.0,24.0,2.0,1.0,54,1.0,1.0,0.0,1,61,1,0.0,0,5.0,1.0,1,0.0,7,1,0,1,1,0.0,0,1.0,0,97.0,121.0,60.0,240.0,2021
1,D,97.0,38.0,5.0,1.0,50,1.0,0.0,0.0,1,56,1,0.0,0,3.0,1.0,1,3.0,7,1,0,1,1,0.0,0,1.0,0,97.0,121.0,60.0,240.0,2021
4,D,32.0,50.0,6.0,1.0,67,1.0,1.0,0.0,1,71,1,0.0,0,6.0,6.0,2,2.0,7,1,0,1,1,0.0,0,1.0,0,97.0,121.0,0.0,240.0,2021
3,D,168.0,30.0,3.0,1.0,22,4.0,1.0,0.0,1,19,2,0.0,0,,3.0,2,0.0,7,1,0,1,1,0.0,0,1.0,0,168.0,210.0,120.0,9996.0,2021
2,D,60.0,28.0,3.0,1.0,17,1.0,1.0,0.0,1,15,1,0.0,0,5.0,1.0,1,0.0,7,1,0,1,1,0.0,0,1.0,0,151.0,188.0,60.0,240.0,2021
4,D,66.0,25.0,2.0,1.0,39,1.0,1.0,0.0,1,45,1,1.0,0,1.0,1.0,1,1.0,7,1,0,1,1,0.0,0,1.0,0,151.0,188.0,60.0,240.0,2021
2,D,84.0,40.0,5.0,1.0,21,1.0,1.0,0.0,1,18,1,0.0,0,3.0,2.0,1,0.0,7,1,0,1,1,0.0,0,1.0,0,108.0,135.0,0.0,240.0,2021
2,D,12.03,27.0,3.0,1.0,84,2.0,0.0,0.0,1,88,1,0.0,0,6.0,6.0,1,0.0,7,1,0,1,1,0.0,0,1.0,0,78.0,97.0,0.0,240.0,2021
5,D,46.0,35.0,4.0,1.0,26,1.0,0.0,0.0,1,24,1,0.0,0,6.0,1.0,1,0.0,7,1,0,1,1,0.0,0,1.0,0,97.0,121.0,0.0,240.0,2021
2,D,204.0,64.0,8.0,1.0,2,1.0,1.0,0.0,1,0,1,0.0,0,3.0,1.0,2,0.0,7,1,0,1,1,0.0,0,1.0,0,262.0,327.0,60.0,240.0,2021
8,D,63.0,73.0,8.0,1.0,89,1.0,0.0,0.0,1,30,1,0.0,0,6.0,1.0,1,1.0,7,1,0,1,1,0.0,0,1.0,0,63.0,78.0,0.0,240.0,2021
8,D,110.0,40.0,5.0,1.0,89,1.0,1.0,0.0,1,30,1,0.0,0,1.0,1.0,2,6.0,7,1,0,1,1,0.0,0,1.0,0,135.0,168.0,60.0,240.0,2021
2,D,120.0,72.0,8.0,1.0,77,1.0,1.0,3.0,1,81,1,0.0,0,3.0,1.0,1,2.0,7,1,0,1,1,5.0,0,3.0,0,120.0,120.0,120.0,240.0,2021
2,D,97.0,41.0,6.0,1.0,64,1.0,1.0,0.0,1,70,1,0.0,0,3.0,1.0,1,2.0,7,1,0,1,1,0.0,0,1.0,0,151.0,188.0,60.0,240.0,2021
2,D,130.0,46.0,6.0,1.0,28,1.0,1.0,3.0,1,35,1,0.0,0,1.0,1.0,1,0.0,7,1,0,1,1,3.0,0,2.0,0,120.0,135.0,120.0,240.0,2021
4,D,132.0,21.0,2.0,1.0,56,1.0,1.0,0.0,1,63,2,0.0,0,5.0,3.0,1,0.0,7,1,0,1,1,0.0,0,1.0,0,210.0,240.0,60.0,240.0,2021
1,D,66.0,48.0,6.0,1.0,41,1.0,0.0,0.0,1,47,1,0.0,0,5.0,1.0,2,0.0,7,1,0,1,1,0.0,0,1.0,0,63.0,78.0,60.0,240.0,2021
4,D,48.0,57.0,7.0,1.0,56,1.0,1.0,0.0,1,63,1,0.0,0,5.0,1.0,1,0.0,7,1,0,1,1,0.0,0,1.0,0,78.0,97.0,0.0,240.0,2021
4,C,0.03,37.0,5.0,1.0,90,1.0,1.0,0.0,1,29,1,0.0,0,1.0,2.0,1,3.0,8,1,0,2,1,0.0,0,1.0,0,12.0,18.0,0.0,60.0,2021
1,D,78.0,27.0,3.0,1.0,35,1.0,0.0,0.0,1,41,2,0.0,0,3.0,3.0,1,0.0,7,1,0,1,1,0.0,0,1.0,0,78.0,97.0,0.0,240.0,2021
5,D,24.0,50.0,6.0,1.0,67,1.0,0.0,0.0,1,71,1,0.0,0,6.0,1.0,1,2.0,7,1,0,1,1,0.0,0,1.0,0,30.0,37.0,0.0,240.0,2021
4,D,90.0,54.0,7.0,1.0,56,1.0,0.0,0.0,1,63,1,0.0,0,5.0,1.0,1,0.0,7,1,0,1,1,0.0,0,1.0,0,121.0,151.0,60.0,240.0,2021
5,D,24.0,45.0,6.0,1.0,67,1.0,0.0,0.0,1,71,1,0.0,0,6.0,1.0,1,0.0,7,1,0,1,1,0.0,0,1.0,0,51.0,63.0,0.0,240.0,2021
4,D,144.0,43.0,6.0,1.0,56,1.0,0.0,0.0,1,63,2,0.0,0,6.0,3.0,2,0.0,7,1,0,1,1,0.0,0,1.0,0,210.0,262.0,60.0,240.0,2021
4,D,24.0,50.0,6.0,1.0,67,1.0,1.0,0.0,1,71,1,0.0,0,6.0,1.0,1,0.0,7,1,0,1,1,0.0,0,1.0,0,78.0,97.0,0.0,240.0,2021
3,D,120.0,31.0,4.0,1.0,34,1.0,1.0,0.0,1,39,1,0.0,0,3.0,1.0,1,1.0,7,1,0,1,1,0.0,0,1.0,0,97.0,120.0,0.0,120.0,2021
3,D,120.0,55.0,7.0,1.0,67,1.0,1.0,3.0,1,71,1,0.0,0,5.0,1.0,1,1.0,7,1,0,1,1,3.0,0,2.0,0,120.0,120.0,120.0,240.0,2021
4,D,60.0,36.0,5.0,1.0,35,1.0,1.0,0.0,1,41,1,0.0,0,5.0,1.0,2,1.0,7,1,0,1,1,0.0,0,1.0,0,97.0,121.0,60.0,240.0,2021
6,D,288.0,45.0,6.0,1.0,59,1.0,1.0,12.0,1,66,0,0.0,0,3.0,1.0,1,0.0,7,1,0,1,1,12.0,0,5.0,0,292.0,365.0,180.0,480.0,2021
1,D,97.0,58.0,7.0,1.0,41,1.0,1.0,2.0,1,47,1,0.0,0,5.0,1.0,2,0.0,7,1,0,1,1,2.0,1,2.0,60,108.0,135.0,60.0,480.0,2021
2,D,120.0,32.0,4.0,1.0,77,1.0,1.0,5.0,1,81,1,0.0,0,3.0,1.0,1,0.0,7,1,0,1,1,5.0,0,3.0,0,120.0,120.0,120.0,240.0,2021
2,D,97.0,39.0,5.0,1.0,87,1.0,1.0,1.0,1,26,1,0.0,0,5.0,1.0,1,0.0,7,1,0,1,1,1.0,0,1.0,0,97.0,121.0,0.0,240.0,2021
5,D,120.0,35.0,4.0,1.0,55,1.0,1.0,0.0,1,62,1,0.0,0,5.0,1.0,1,3.0,7,1,0,1,1,0.0,0,1.0,0,87.0,108.0,0.0,240.0,2021
5,D,83.0,35.0,4.0,1.0,54,1.0,0.0,0.0,1,61,1,0.0,0,3.0,1.0,1,0.0,7,1,0,1,1,0.0,0,1.0,0,151.0,188.0,60.0,240.0,2021
0,D,72.0,37.0,5.0,1.0,91,3.0,0.0,0.0,1,31,2,0.0,0,1.0,3.0,1,2.0,7,1,0,1,1,0.0,0,1.0,0,121.0,151.0,60.0,240.0,2021
5,D,60.0,30.0,3.0,1.0,55,1.0,0.0,0.0,1,62,1,0.0,0,5.0,1.0,1,0.0,7,1,0,1,1,0.0,0,1.0,0,97.0,121.0,0.0,240.0,2021
4,D,120.0,46.0,6.0,1.0,56,1.0,1.0,0.0,3,63,1,0.0,1,3.0,6.0,1,1.0,7,1,0,1,1,0.0,0,1.0,0,210.0,240.0,60.0,240.0,2021
3,D,120.0,42.0,6.0,1.0,48,1.0,1.0,10.0,1,54,1,0.0,0,3.0,1.0,3,0.0,7,1,0,1,1,12.0,0,5.0,0,151.0,188.0,60.0,240.0,2021
6,D,155.0,26.0,3.0,1.0,79,1.0,1.0,1.0,1,83,1,0.0,0,1.0,1.0,1,0.0,7,1,0,1,1,3.0,0,2.0,0,235.0,240.0,60.0,240.0,2021
1,D,92.0,34.0,4.0,1.0,22,1.0,1.0,0.0,1,19,1,0.0,0,3.0,1.0,2,2.0,7,1,0,1,1,0.0,0,1.0,0,151.0,188.0,60.0,240.0,2021
3,D,18.0,37.0,5.0,1.0,77,1.0,0.0,0.0,1,81,1,0.0,0,6.0,1.0,1,0.0,7,1,0,1,1,0.0,0,1.0,0,97.0,121.0,0.0,240.0,2021
2,D,36.0,36.0,5.0,1.0,66,1.0,0.0,0.0,1,72,1,0.0,0,3.0,1.0,1,3.0,7,1,0,1,1,0.0,0,1.0,0,97.0,120.0,0.0,120.0,2021
3,D,70.0,29.0,3.0,1.0,5,1.0,0.0,0.0,1,4,2,0.0,0,6.0,3.0,1,0.0,7,1,0,1,1,0.0,0,1.0,0,151.0,188.0,60.0,240.0,2021
3,D,0.03,24.0,2.0,1.0,34,1.0,1.0,1.0,1,39,1,1.0,0,1.0,1.0,1,0.0,8,1,0,1,1,3.0,0,2.0,0,37.0,46.0,0.0,60.0,2021
3,D,36.0,52.0,7.0,1.0,75,1.0,1.0,10.0,1,79,1,0.0,0,3.0,6.0,1,0.0,7,1,0,1,1,12.0,0,5.0,0,77.0,96.0,0.0,240.0,2021
1,D,42.0,40.0,5.0,1.0,6,1.0,1.0,0.0,1,3,1,0.0,0,5.0,1.0,1,2.0,7,1,0,1,1,0.0,0,1.0,0,97.0,121.0,0.0,240.0,2021
1,D,12.72,26.0,3.0,1.0,78,1.0,1.0,4.0,1,82,1,0.0,0,5.0,2.0,1,0.0,8,1,0,1,1,6.0,0,3.0,0,15.0,21.0,0.0,240.0,2021
3,D,18.0,38.0,5.0,1.0,77,1.0,0.0,0.0,1,81,1,0.0,0,6.0,1.0,1,0.0,7,1,0,1,1,0.0,0,1.0,0,97.0,121.0,0.0,240.0,2021
1,D,21.0,33.0,4.0,1.0,70,1.0,1.0,0.0,1,75,1,0.0,0,3.0,6.0,1,4.0,8,1,0,1,1,0.0,0,1.0,0,15.0,21.0,0.0,60.0,2021
2,D,33.0,55.0,7.0,1.0,43,1.0,0.0,0.0,1,49,1,0.0,0,5.0,1.0,1,0.0,7,1,0,1,1,0.0,0,1.0,0,97.0,120.0,0.0,120.0,2021
1,D,150.0,59.0,7.0,1.0,39,1.0,1.0,2.0,1,45,1,0.0,0,5.0,1.0,1,0.0,7,1,0,1,1,2.0,0,2.0,0,168.0,210.0,60.0,240.0,2021
3,D,46.0,61.0,8.0,1.0,75,1.0,1.0,0.0,1,79,1,0.0,0,5.0,1.0,1,0.0,7,1,0,1,1,0.0,0,1.0,0,63.0,78.0,0.0,120.0,2021
4,D,33.0,51.0,7.0,1.0,53,1.0,0.0,0.0,1,60,1,0.0,0,6.0,1.0,2,0.0,8,1,0,1,1,0.0,0,1.0,0,41.0,51.0,0.0,120.0,2021
2,D,80.0,31.0,4.0,1.0,15,1.0,0.0,0.0,1,13,1,0.0,0,3.0,1.0,2,0.0,7,1,0,1,1,0.0,0,1.0,0,108.0,135.0,60.0,240.0,2021
4,D,60.0,25.0,2.0,1.0,58,2.0,0.0,0.0,1,65,1,0.0,0,6.0,6.0,1,0.0,7,1,0,1,1,0.0,0,1.0,0,78.0,97.0,0.0,240.0,2021
2,D,127.0,48.0,6.0,1.0,42,1.0,1.0,3.0,1,48,1,0.0,0,6.0,1.0,2,0.0,7,1,0,1,1,3.0,0,2.0,0,120.0,135.0,0.0,240.0,2021
1,D,36.0,20.0,1.0,1.0,91,1.0,0.0,0.0,1,31,2,0.0,0,3.0,3.0,1,0.0,7,1,0,1,1,0.0,0,1.0,0,78.0,97.0,0.0,240.0,2021
6,D,141.0,26.0,3.0,1.0,32,1.0,1.0,0.0,1,38,1,0.0,0,1.0,1.0,1,2.0,7,1,0,1,1,0.0,0,1.0,0,210.0,240.0,60.0,240.0,2021
1,D,188.0,36.0,5.0,1.0,47,1.0,1.0,4.0,1,52,1,0.0,0,3.0,1.0,1,0.0,7,1,0,1,1,4.0,0,3.0,0,188.0,235.0,60.0,240.0,2021
1,D,78.0,45.0,6.0,1.0,50,1.0,0.0,0.0,1,56,1,0.0,0,5.0,1.0,2,0.0,7,1,0,1,1,0.0,0,1.0,0,97.0,121.0,60.0,240.0,2021
3,D,96.0,37.0,5.0,1.0,52,1.0,1.0,5.0,1,58,1,0.0,0,3.0,1.0,1,0.0,7,1,0,1,1,7.0,0,4.0,0,92.0,115.0,60.0,240.0,2021
8,D,120.0,27.0,3.0,1.0,60,1.0,1.0,2.0,1,67,1,0.0,0,5.0,1.0,1,0.0,7,1,0,1,1,4.0,0,3.0,0,121.0,151.0,120.0,240.0,2021
5,D,20.0,48.0,6.0,1.0,67,1.0,0.0,0.0,1,71,1,0.0,0,3.0,1.0,1,0.0,7,1,0,1,1,0.0,0,1.0,0,57.0,71.0,0.0,240.0,2021
1,D,180.0,42.0,6.0,1.0,50,1.0,1.0,6.0,1,56,1,0.0,0,3.0,1.0,1,2.0,7,1,0,1,1,6.0,0,3.0,0,180.0,188.0,180.0,480.0,2021
1,D,36.0,51.0,7.0,1.0,4,1.0,0.0,0.0,1,2,1,0.0,0,3.0,1.0,1,1.0,7,1,0,1,1,0.0,0,1.0,0,78.0,97.0,0.0,120.0,2021
3,D,240.0,61.0,8.0,1.0,57,1.0,1.0,0.0,1,64,1,0.0,0,3.0,1.0,3,0.0,7,1,0,1,1,0.0,0,1.0,0,1080.0,1080.0,180.0,360.0,2021
3,D,22.0,35.0,4.0,1.0,68,1.0,1.0,0.0,1,74,1,0.0,0,6.0,1.0,1,0.0,7,1,0,1,1,0.0,0,1.0,0,78.0,97.0,0.0,240.0,2021
0,D,480.0,65.0,8.0,1.0,36,1.0,1.0,0.0,3,42,1,0.0,1,5.0,1.0,9,0.0,7,1,0,1,1,0.0,0,1.0,0,360.0,1080.0,60.0,240.0,2021
2,D,120.0,65.0,8.0,1.0,28,1.0,1.0,6.0,1,35,1,0.0,0,3.0,1.0,1,0.0,7,1,0,1,1,8.0,0,4.0,0,120.0,137.0,120.0,240.0,2021
3,D,60.0,62.0,8.0,1.0,68,1.0,0.0,0.0,1,74,1,0.0,0,6.0,1.0,1,0.0,7,1,0,1,1,0.0,0,1.0,0,121.0,151.0,60.0,240.0,2021
1,D,121.0,59.0,7.0,1.0,3,1.0,1.0,0.0,1,1,1,0.0,0,3.0,1.0,2,1.0,7,1,0,1,1,0.0,0,1.0,0,262.0,327.0,60.0,480.0,2021
1,D,108.0,38.0,5.0,1.0,3,1.0,0.0,0.0,1,1,1,0.0,0,5.0,1.0,3,3.0,7,1,0,1,1,0.0,0,1.0,0,210.0,262.0,0.0,360.0,2021
5,D,70.0,43.0,6.0,1.0,41,1.0,0.0,0.0,1,47,1,0.0,0,5.0,1.0,1,0.0,7,1,0,1,1,0.0,0,1.0,0,97.0,121.0,60.0,240.0,2021
1,D,168.0,28.0,3.0,1.0,78,1.0,1.0,3.0,1,82,1,0.0,0,5.0,1.0,1,0.0,7,1,0,1,1,3.0,0,2.0,0,235.0,240.0,60.0,240.0,2021
3,D,180.0,51.0,7.0,1.0,63,1.0,1.0,0.0,1,95,1,0.0,0,5.0,6.0,1,0.0,7,1,0,1,1,0.0,0,1.0,0,292.0,365.0,180.0,480.0,2021
1,D,132.0,19.0,1.0,1.0,1,1.0,0.0,0.0,1,90,1,0.0,0,5.0,1.0,1,0.0,7,1,0,1,1,0.0,0,1.0,0,151.0,188.0,60.0,240.0,2021
5,B,8.0,36.0,5.0,1.0,34,1.0,1.0,2.0,1,39,1,0.0,0,5.0,1.0,1,0.0,8,1,0,1,1,2.0,0,2.0,0,8.0,14.0,0.0,60.0,2021
2,C,12.03,39.0,5.0,1.0,34,1.0,1.0,0.0,1,39,2,1.0,0,5.0,3.0,1,2.0,8,1,0,1,1,0.0,0,1.0,0,12.0,18.0,0.0,60.0,2021
1,D,144.0,32.0,4.0,1.0,10,1.0,0.0,0.0,1,8,1,0.0,0,6.0,1.0,2,0.0,7,1,0,1,1,0.0,0,1.0,0,210.0,262.0,60.0,240.0,2021
3,D,204.0,55.0,7.0,1.0,42,1.0,1.0,0.0,1,48,1,0.0,0,3.0,1.0,2,1.0,7,1,0,1,1,0.0,0,1.0,0,480.0,480.0,60.0,240.0,2021
5,D,97.0,51.0,7.0,1.0,62,1.0,1.0,0.0,3,69,1,0.0,1,6.0,1.0,2,0.0,7,1,0,1,1,0.0,0,1.0,0,121.0,151.0,60.0,240.0,2021
C,D,150.0,56.0,7.0,1.0,46,1.0,1.0,0.0,1,53,1,0.0,0,5.0,1.0,3,0.0,7,1,0,1,1,0.0,0,1.0,0,210.0,262.0,60.0,240.0,2021
3,D,180.0,29.0,3.0,1.0,46,1.0,1.0,6.0,1,53,1,0.0,0,5.0,1.0,2,2.0,7,1,0,1,1,6.0,0,3.0,0,188.0,235.0,180.0,480.0,2021
2,D,121.0,33.0,4.0,1.0,23,1.0,1.0,3.0,1,20,1,0.0,0,3.0,1.0,1,0.0,7,1,0,1,1,5.0,0,3.0,0,121.0,151.0,120.0,240.0,2021
4,D,78.0,33.0,4.0,1.0,82,1.0,0.0,0.0,1,85,1,0.0,0,3.0,1.0,2,0.0,7,1,0,1,1,0.0,0,1.0,0,151.0,188.0,60.0,240.0,2021
4,D,156.0,40.0,5.0,1.0,56,1.0,1.0,0.0,1,63,1,0.0,0,5.0,1.0,1,2.0,7,1,0,1,1,0.0,0,1.0,0,188.0,235.0,60.0,240.0,2021
6,D,240.0,28.0,3.0,1.0,89,1.0,1.0,1.0,1,30,1,0.0,0,3.0,1.0,1,3.0,7,1,0,1,1,1.0,0,1.0,0,240.0,240.0,60.0,240.0,2021
6,D,31.36,35.0,4.0,1.0,8,1.0,0.0,0.0,1,7,1,0.0,0,1.0,2.0,1,1.0,7,1,0,1,1,0.0,0,1.0,0,97.0,120.0,0.0,120.0,2021
5,D,70.0,37.0,5.0,1.0,92,1.0,1.0,1.0,1,33,1,0.0,0,3.0,1.0,1,1.0,7,1,0,1,1,1.0,0,1.0,0,78.0,97.0,0.0,120.0,2021
5,D,84.0,49.0,6.0,1.0,22,1.0,1.0,0.0,1,19,1,0.0,0,3.0,1.0,2,0.0,7,1,0,1,1,0.0,0,1.0,0,97.0,121.0,60.0,240.0,2021
1,D,168.0,48.0,6.0,1.0,40,1.0,0.0,0.0,1,46,1,0.0,0,6.0,1.0,1,1.0,7,1,0,1,1,0.0,0,1.0,0,210.0,240.0,60.0,240.0,2021
1,D,20.0,48.0,6.0,1.0,19,1.0,1.0,0.0,1,16,1,0.0,0,6.0,1.0,1,0.0,7,1,0,1,1,0.0,0,1.0,0,51.0,63.0,0.0,240.0,2021
1,D,78.0,72.0,8.0,1.0,47,1.0,0.0,0.0,1,52,1,0.0,0,5.0,1.0,1,0.0,7,1,0,1,1,0.0,0,1.0,0,121.0,151.0,60.0,240.0,2021
6,D,60.0,63.0,8.0,1.0,75,1.0,1.0,7.0,1,79,2,0.0,0,,3.0,1,,7,1,0,1,1,7.0,0,4.0,0,63.0,78.0,0.0,120.0,2021
2,D,188.0,36.0,5.0,1.0,21,1.0,0.0,0.0,1,18,1,0.0,0,6.0,1.0,1,0.0,7,1,0,1,1,0.0,0,1.0,0,240.0,240.0,60.0,240.0,2021
4,D,63.0,34.0,4.0,1.0,94,1.0,0.0,0.0,1,34,1,0.0,0,3.0,1.0,1,1.0,7,1,0,1,1,0.0,0,1.0,0,63.0,78.0,60.0,240.0,2021
3,D,84.0,24.0,2.0,1.0,32,1.0,1.0,0.0,1,38,1,0.0,0,3.0,1.0,1,0.0,7,1,0,1,1,0.0,0,1.0,0,97.0,121.0,0.0,240.0,2021
6,D,54.0,50.0,6.0,1.0,21,1.0,1.0,0.0,1,18,1,0.0,0,3.0,1.0,1,0.0,7,1,0,1,1,0.0,0,1.0,0,78.0,97.0,0.0,120.0,2021
4,D,12.03,70.0,8.0,1.0,24,1.0,0.0,0.0,1,22,1,0.0,0,5.0,1.0,1,0.0,7,1,0,1,1,0.0,0,1.0,0,78.0,97.0,0.0,240.0,2021
4,D,120.0,72.0,8.0,1.0,34,1.0,0.0,0.0,1,39,1,0.0,0,6.0,1.0,1,0.0,7,1,0,1,1,0.0,0,1.0,0,70.0,87.0,60.0,240.0,2021
5,D,24.0,41.0,6.0,1.0,92,1.0,1.0,2.0,1,33,1,0.0,0,3.0,2.0,1,3.0,8,1,0,1,1,4.0,0,3.0,0,18.0,24.0,0.0,60.0,2021
8,D,84.0,58.0,7.0,1.0,60,1.0,1.0,0.0,1,67,1,0.0,0,3.0,1.0,1,0.0,7,1,0,1,1,0.0,0,1.0,0,121.0,151.0,60.0,240.0,2021
3,D,87.0,51.0,7.0,1.0,48,1.0,0.0,0.0,1,54,1,0.0,0,6.0,1.0,2,0.0,7,1,0,1,1,0.0,0,1.0,0,151.0,188.0,60.0,240.0,2021
2,D,64.0,51.0,7.0,1.0,73,1.0,1.0,0.0,1,78,0,0.0,0,5.0,1.0,1,0.0,7,1,0,1,1,0.0,0,1.0,0,121.0,151.0,60.0,240.0,2021
2,D,120.0,30.0,3.0,1.0,2,1.0,1.0,2.0,1,0,1,0.0,0,5.0,1.0,1,0.0,7,1,0,1,1,4.0,0,3.0,0,120.0,121.0,120.0,240.0,2021
6,D,120.0,20.0,1.0,1.0,89,1.0,0.0,0.0,3,30,1,0.0,1,3.0,6.0,2,0.0,7,1,0,1,1,0.0,0,1.0,0,360.0,480.0,60.0,240.0,2021
3,D,60.0,67.0,8.0,1.0,90,1.0,1.0,0.0,1,29,1,0.0,0,3.0,1.0,1,0.0,7,1,0,1,1,0.0,0,1.0,0,151.0,188.0,60.0,240.0,2021
1,D,72.0,57.0,7.0,1.0,50,1.0,1.0,0.0,1,56,1,1.0,0,5.0,1.0,1,0.0,7,1,0,1,1,0.0,0,1.0,0,135.0,168.0,60.0,240.0,2021
5,D,24.0,26.0,3.0,1.0,62,1.0,1.0,0.0,1,69,1,0.0,0,3.0,1.0,1,0.0,7,1,0,1,1,0.0,0,1.0,0,18.0,24.0,0.0,120.0,2021
1,D,18.0,32.0,4.0,1.0,36,1.0,1.0,1.0,1,42,1,0.0,0,5.0,1.0,1,0.0,7,1,0,1,1,1.0,0,1.0,0,37.0,46.0,0.0,240.0,2021
2,D,72.0,60.0,7.0,1.0,65,1.0,1.0,0.0,1,73,1,0.0,0,5.0,1.0,1,0.0,7,1,0,1,1,0.0,0,1.0,0,121.0,151.0,60.0,240.0,2021
4,D,70.0,36.0,5.0,1.0,57,1.0,0.0,0.0,1,64,1,0.0,0,1.0,1.0,1,1.0,7,1,0,1,1,0.0,0,1.0,0,151.0,188.0,60.0,240.0,2021
1,D,70.0,30.0,3.0,1.0,1,1.0,1.0,4.0,1,90,1,0.0,0,5.0,1.0,1,0.0,7,1,0,1,1,4.0,0,3.0,0,168.0,210.0,60.0,240.0,2021
1,D,121.0,23.0,2.0,1.0,35,1.0,1.0,0.0,1,41,2,0.0,0,3.0,3.0,1,0.0,7,1,0,1,1,0.0,0,1.0,0,121.0,151.0,0.0,240.0,2021
2,D,180.0,30.0,3.0,1.0,64,1.0,1.0,0.0,1,70,2,0.0,0,5.0,3.0,4,0.0,7,1,0,1,1,0.0,0,1.0,0,1200.0,1200.0,180.0,360.0,2021
3,D,60.0,22.0,2.0,1.0,36,1.0,1.0,0.0,1,42,2,0.0,0,3.0,3.0,1,0.0,7,1,0,1,1,0.0,0,1.0,0,60.0,60.0,60.0,240.0,2021
4,D,120.0,27.0,3.0,1.0,34,1.0,1.0,0.0,1,39,1,0.0,0,6.0,1.0,1,0.0,7,1,0,1,1,0.0,0,1.0,0,120.0,120.0,0.0,120.0,2021
1,D,18.0,43.0,6.0,1.0,10,1.0,0.0,0.0,1,8,1,0.0,0,6.0,1.0,1,0.0,7,1,0,1,1,0.0,0,1.0,0,135.0,168.0,0.0,240.0,2021
2,D,72.0,62.0,8.0,1.0,28,1.0,0.0,0.0,1,35,1,0.0,0,1.0,1.0,1,0.0,7,1,0,1,1,0.0,0,1.0,0,97.0,121.0,60.0,240.0,2021
1,D,33.0,42.0,6.0,1.0,1,1.0,1.0,2.0,1,90,1,0.0,0,5.0,1.0,1,0.0,7,1,0,1,1,2.0,0,2.0,0,108.0,135.0,0.0,240.0,2021
1,D,18.0,70.0,8.0,1.0,70,1.0,0.0,0.0,1,75,1,0.0,0,5.0,1.0,1,0.0,7,1,0,1,1,0.0,0,1.0,0,30.0,37.0,0.0,120.0,2021
4,D,97.0,66.0,8.0,1.0,53,1.0,1.0,0.0,1,60,1,0.0,0,6.0,1.0,1,0.0,7,1,0,1,1,0.0,0,1.0,0,97.0,121.0,60.0,240.0,2021
8,D,150.0,60.0,7.0,1.0,60,1.0,1.0,6.0,1,67,1,0.0,0,5.0,1.0,1,0.0,7,1,0,1,1,8.0,0,4.0,0,120.0,120.0,120.0,240.0,2021
4,D,84.0,42.0,6.0,1.0,82,1.0,0.0,0.0,1,85,1,0.0,0,5.0,1.0,1,0.0,7,1,0,1,1,0.0,0,1.0,0,97.0,121.0,0.0,240.0,2021
1,D,65.0,32.0,4.0,1.0,49,1.0,1.0,0.0,1,55,1,0.0,0,5.0,1.0,1,4.0,7,1,0,1,1,0.0,0,1.0,0,78.0,97.0,0.0,240.0,2021
2,D,48.0,30.0,3.0,1.0,64,1.0,0.0,0.0,1,70,1,0.0,0,3.0,1.0,2,2.0,7,1,0,1,1,0.0,0,1.0,0,78.0,97.0,0.0,240.0,2021
6,D,84.0,77.0,8.0,1.0,79,1.0,1.0,0.0,1,83,1,0.0,0,3.0,1.0,1,0.0,7,1,0,1,1,0.0,0,1.0,0,121.0,151.0,60.0,240.0,2021
3,D,,37.0,5.0,1.0,75,2.0,0.0,0.0,1,79,1,1.0,0,6.0,6.0,1,3.0,8,0,1,3,0,0.0,0,1.0,0,21.0,27.0,0.0,60.0,2021
2,D,144.0,65.0,8.0,1.0,23,1.0,1.0,3.0,1,20,1,0.0,0,3.0,1.0,1,0.0,7,1,0,1,1,5.0,0,3.0,0,121.0,151.0,120.0,240.0,2021
8,D,66.0,63.0,8.0,1.0,60,1.0,0.0,0.0,1,67,1,0.0,0,3.0,1.0,1,0.0,7,1,0,1,1,0.0,0,1.0,0,70.0,87.0,60.0,240.0,2021
2,D,30.0,31.0,4.0,1.0,66,2.0,0.0,0.0,1,72,1,0.0,0,3.0,1.0,4,0.0,8,1,0,1,1,0.0,0,1.0,0,24.0,30.0,0.0,60.0,2021
8,D,63.0,30.0,3.0,1.0,60,1.0,0.0,0.0,1,67,1,0.0,0,3.0,1.0,1,0.0,7,1,0,1,1,0.0,0,1.0,0,188.0,235.0,60.0,240.0,2021
1,C,15.0,43.0,6.0,1.0,47,1.0,1.0,0.0,1,52,1,0.0,0,5.0,1.0,1,0.0,8,1,0,1,1,0.0,0,1.0,0,12.0,18.0,0.0,60.0,2021
6,D,300.0,38.0,5.0,1.0,79,1.0,1.0,2.0,1,83,1,0.0,0,3.0,1.0,1,0.0,7,1,0,1,1,4.0,0,3.0,0,188.0,235.0,180.0,480.0,2021
6,D,144.0,54.0,7.0,1.0,89,1.0,1.0,0.0,1,30,1,0.0,0,6.0,1.0,1,0.0,7,1,0,1,1,0.0,0,1.0,0,210.0,240.0,60.0,240.0,2021
2,D,235.0,29.0,3.0,1.0,65,1.0,1.0,2.0,1,73,1,0.0,0,3.0,1.0,1,0.0,7,1,0,1,1,2.0,0,2.0,0,235.0,240.0,60.0,240.0,2021
1,D,133.0,53.0,7.0,1.0,19,1.0,1.0,3.0,1,16,1,0.0,0,5.0,1.0,1,1.0,7,1,0,1,1,5.0,0,3.0,0,121.0,151.0,120.0,240.0,2021
6,D,36.0,66.0,8.0,1.0,59,1.0,0.0,0.0,1,66,0,0.0,0,3.0,1.0,1,0.0,7,1,0,1,1,0.0,0,1.0,0,97.0,121.0,0.0,240.0,2021
3,D,,25.0,2.0,1.0,75,1.0,1.0,0.0,1,79,1,0.0,0,5.0,1.0,1,0.0,7,0,1,4,0,0.0,0,1.0,0,57.0,71.0,0.0,120.0,2021
2,D,,35.0,4.0,1.0,84,1.0,1.0,0.0,1,88,1,0.0,0,6.0,1.0,1,0.0,7,0,1,4,0,0.0,0,1.0,0,24.0,30.0,0.0,120.0,2021
3,D,151.0,37.0,5.0,1.0,44,1.0,1.0,1.0,1,50,1,0.0,0,3.0,1.0,2,2.0,7,1,0,1,1,1.0,0,1.0,0,121.0,151.0,60.0,240.0,2021
4,B,,52.0,7.0,1.0,23,1.0,0.0,0.0,1,20,1,1.0,0,3.0,1.0,1,3.0,8,0,1,3,0,0.0,0,1.0,0,6.0,12.0,0.0,60.0,2021
2,D,21.0,44.0,6.0,1.0,17,1.0,0.0,0.0,1,15,1,0.0,0,3.0,1.0,1,0.0,7,1,0,1,1,0.0,0,1.0,0,63.0,78.0,0.0,240.0,2021
2,D,97.0,73.0,8.0,1.0,24,1.0,1.0,0.0,1,22,1,0.0,0,5.0,1.0,1,0.0,7,1,0,1,1,0.0,0,1.0,0,97.0,121.0,0.0,240.0,2021
2,D,24.0,20.0,1.0,1.0,65,1.0,0.0,0.0,1,73,1,0.0,0,5.0,1.0,1,0.0,7,1,0,1,1,0.0,0,1.0,0,78.0,97.0,0.0,240.0,2021
4,D,80.0,46.0,6.0,1.0,56,1.0,0.0,0.0,1,63,1,0.0,0,5.0,1.0,1,1.0,7,1,0,1,1,0.0,0,1.0,0,97.0,121.0,60.0,240.0,2021
2,D,48.0,23.0,2.0,1.0,73,1.0,0.0,0.0,1,78,1,0.0,0,1.0,1.0,1,0.0,7,1,0,1,1,0.0,0,1.0,0,78.0,97.0,0.0,240.0,2021
3,D,,38.0,5.0,1.0,77,1.0,1.0,1.0,1,81,1,0.0,0,1.0,1.0,1,4.0,7,0,1,4,0,1.0,0,1.0,0,70.0,87.0,0.0,240.0,2021
3,D,24.0,30.0,3.0,1.0,77,1.0,0.0,0.0,1,81,1,0.0,0,3.0,1.0,1,0.0,7,1,0,1,1,0.0,0,1.0,0,97.0,121.0,0.0,240.0,2021
5,D,110.0,43.0,6.0,1.0,79,1.0,1.0,5.0,1,83,1,0.0,0,3.0,1.0,1,0.0,7,1,0,1,1,7.0,0,4.0,0,110.0,137.0,0.0,240.0,2021
1,D,60.0,51.0,7.0,1.0,93,1.0,0.0,0.0,1,32,2,0.0,0,5.0,3.0,1,0.0,7,1,0,1,1,0.0,0,1.0,0,97.0,121.0,60.0,240.0,2021
3,D,115.0,50.0,6.0,1.0,23,1.0,1.0,0.0,1,20,1,0.0,0,5.0,1.0,1,0.0,7,1,0,1,1,0.0,0,1.0,0,97.0,121.0,0.0,240.0,2021
3,D,12.03,26.0,3.0,1.0,68,1.0,1.0,0.0,1,74,1,0.0,0,3.0,1.0,1,0.0,7,1,0,2,1,0.0,0,1.0,0,78.0,97.0,0.0,240.0,2021
4,D,120.0,47.0,6.0,1.0,62,1.0,1.0,3.0,1,69,1,0.0,0,3.0,1.0,1,1.0,7,1,0,1,1,3.0,0,2.0,0,120.0,120.0,120.0,240.0,2021
2,D,168.0,56.0,7.0,1.0,84,1.0,1.0,5.0,1,88,2,0.0,0,5.0,3.0,1,0.0,7,1,0,1,1,7.0,0,5.0,0,240.0,240.0,120.0,240.0,2021
4,D,88.0,27.0,3.0,1.0,59,1.0,1.0,0.0,1,66,1,0.0,0,5.0,1.0,1,1.0,7,1,0,1,1,0.0,0,1.0,0,151.0,188.0,60.0,240.0,2021
1,D,240.0,36.0,5.0,1.0,41,1.0,1.0,1.0,1,47,1,0.0,0,1.0,1.0,1,2.0,7,1,0,1,1,3.0,0,2.0,0,240.0,240.0,60.0,240.0,2021
2,D,960.0,30.0,3.0,1.0,2,1.0,1.0,0.0,1,0,1,0.0,0,5.0,1.0,41,0.0,7,1,0,1,1,0.0,0,1.0,0,8760.0,8760.0,180.0,360.0,2021
1,D,60.0,30.0,3.0,1.0,55,1.0,1.0,4.0,1,62,1,0.0,0,3.0,1.0,4,1.0,7,1,0,1,1,4.0,0,3.0,0,87.0,108.0,0.0,240.0,2021
3,D,188.0,46.0,6.0,1.0,43,1.0,0.0,0.0,1,49,1,0.0,0,5.0,1.0,2,0.0,7,1,0,1,1,0.0,0,1.0,0,168.0,210.0,120.0,9996.0,2021
2,D,97.0,34.0,4.0,1.0,21,1.0,1.0,5.0,1,18,1,0.0,0,3.0,1.0,1,2.0,7,1,0,1,1,5.0,0,3.0,0,188.0,235.0,60.0,240.0,2021
6,D,228.0,63.0,8.0,1.0,21,1.0,1.0,0.0,1,18,1,0.0,0,6.0,1.0,1,0.0,7,1,0,1,1,0.0,0,1.0,0,240.0,240.0,60.0,240.0,2021
1,D,30.0,41.0,6.0,1.0,94,1.0,1.0,4.0,1,34,1,0.0,0,5.0,2.0,1,0.0,8,1,0,1,1,4.0,0,3.0,0,27.0,33.0,0.0,60.0,2021
2,D,151.0,34.0,4.0,1.0,49,1.0,0.0,0.0,1,55,1,0.0,0,5.0,1.0,1,0.0,7,1,0,1,1,0.0,0,1.0,0,151.0,188.0,60.0,240.0,2021
1,D,33.0,45.0,6.0,1.0,1,1.0,1.0,0.0,1,90,1,0.0,0,5.0,1.0,1,1.0,7,1,0,1,1,0.0,0,1.0,0,51.0,63.0,0.0,240.0,2021
1,D,121.0,25.0,2.0,1.0,9,1.0,0.0,0.0,1,6,1,0.0,0,3.0,1.0,4,0.0,7,1,0,1,1,0.0,0,1.0,0,121.0,151.0,60.0,240.0,2021
5,D,120.0,53.0,7.0,1.0,9,1.0,1.0,3.0,1,6,1,0.0,0,6.0,1.0,1,0.0,7,1,0,1,1,5.0,0,3.0,0,120.0,120.0,120.0,240.0,2021
0,D,121.0,40.0,5.0,1.0,91,2.0,1.0,1.0,1,31,2,0.0,0,1.0,3.0,1,1.0,7,1,0,1,1,3.0,0,2.0,0,135.0,168.0,60.0,240.0,2021
2,D,37.0,47.0,6.0,1.0,80,1.0,0.0,0.0,1,84,1,0.0,0,3.0,1.0,1,0.0,7,1,0,1,1,0.0,0,1.0,0,30.0,37.0,0.0,240.0,2021
9,D,180.0,47.0,6.0,1.0,72,1.0,1.0,3.0,1,77,1,0.0,0,3.0,1.0,1,0.0,7,1,0,1,1,5.0,0,3.0,0,210.0,262.0,180.0,480.0,2021
1,D,240.0,43.0,6.0,1.0,19,1.0,1.0,2.0,1,16,1,0.0,0,6.0,1.0,2,0.0,7,1,0,1,1,4.0,0,3.0,0,262.0,327.0,180.0,480.0,2021
5,D,180.0,36.0,5.0,1.0,37,1.0,1.0,9.0,1,43,1,0.0,0,1.0,1.0,1,0.0,7,1,0,1,1,11.0,0,5.0,0,210.0,240.0,60.0,240.0,2021
3,D,212.0,38.0,5.0,1.0,34,1.0,1.0,0.0,1,39,1,0.0,0,3.0,1.0,1,3.0,7,1,0,1,1,0.0,0,1.0,0,188.0,235.0,60.0,240.0,2021
2,D,48.0,26.0,3.0,1.0,24,1.0,1.0,0.0,1,22,1,0.0,0,3.0,1.0,1,1.0,7,1,0,1,1,0.0,0,1.0,0,78.0,97.0,0.0,240.0,2021
1,D,135.0,30.0,3.0,1.0,91,1.0,1.0,1.0,1,31,1,0.0,0,5.0,1.0,1,0.0,7,1,0,1,1,3.0,0,2.0,0,135.0,168.0,60.0,240.0,2021
3,D,21.0,31.0,4.0,1.0,34,1.0,0.0,0.0,1,39,1,1.0,0,5.0,1.0,1,0.0,8,1,0,1,1,0.0,0,1.0,0,21.0,27.0,0.0,60.0,2021
1,D,33.0,46.0,6.0,1.0,1,1.0,0.0,0.0,1,90,1,0.0,0,6.0,1.0,1,0.0,7,1,0,1,1,0.0,0,1.0,0,78.0,97.0,0.0,240.0,2021
6,D,180.0,40.0,5.0,1.0,37,1.0,1.0,7.0,1,43,1,0.0,0,1.0,1.0,1,0.0,7,1,0,1,1,7.0,0,4.0,0,180.0,188.0,180.0,480.0,2021
3,D,180.0,42.0,6.0,1.0,52,1.0,1.0,4.0,1,58,1,0.0,0,5.0,1.0,1,0.0,7,1,0,1,1,4.0,0,3.0,0,180.0,210.0,180.0,480.0,2021
1,D,48.0,29.0,3.0,1.0,75,1.0,0.0,0.0,1,79,0,0.0,0,3.0,1.0,1,0.0,7,1,0,1,1,0.0,0,1.0,0,78.0,97.0,0.0,120.0,2021
1,D,108.0,42.0,6.0,1.0,41,1.0,1.0,1.0,1,47,1,0.0,0,1.0,1.0,2,2.0,7,1,0,1,1,1.0,0,1.0,0,87.0,108.0,60.0,240.0,2021
1,D,180.0,25.0,2.0,1.0,35,1.0,1.0,0.0,1,41,2,0.0,0,5.0,3.0,3,0.0,7,1,0,1,1,0.0,0,1.0,0,151.0,188.0,60.0,240.0,2021
4,D,60.0,55.0,7.0,1.0,53,1.0,1.0,0.0,1,60,1,0.0,0,6.0,1.0,1,1.0,7,1,0,1,1,0.0,0,1.0,0,70.0,87.0,60.0,240.0,2021
4,D,84.0,21.0,2.0,1.0,59,1.0,1.0,0.0,1,66,1,0.0,0,3.0,1.0,2,0.0,7,1,0,1,1,0.0,0,1.0,0,151.0,188.0,60.0,240.0,2021
1,D,300.0,36.0,5.0,1.0,50,1.0,1.0,9.0,1,56,1,0.0,0,3.0,2.0,1,0.0,7,1,0,1,1,11.0,0,5.0,0,360.0,480.0,180.0,480.0,2021
5,D,121.0,27.0,3.0,1.0,55,1.0,1.0,0.0,1,62,1,0.0,0,5.0,1.0,1,1.0,7,1,0,1,1,0.0,0,1.0,0,78.0,97.0,60.0,240.0,2021
1,D,168.0,60.0,7.0,1.0,3,1.0,0.0,0.0,1,1,1,0.0,0,5.0,1.0,3,0.0,7,1,0,1,1,0.0,0,1.0,0,210.0,262.0,60.0,240.0,2021
1,D,84.0,32.0,4.0,1.0,10,1.0,1.0,0.0,1,8,2,0.0,0,3.0,3.0,1,0.0,7,1,0,1,1,0.0,0,1.0,0,135.0,168.0,0.0,240.0,2021
3,D,151.0,56.0,7.0,1.0,24,1.0,0.0,0.0,1,22,1,0.0,0,6.0,1.0,3,4.0,7,1,0,1,1,0.0,0,1.0,0,108.0,135.0,0.0,240.0,2021
3,D,120.0,60.0,7.0,1.0,90,1.0,1.0,0.0,1,29,1,0.0,0,5.0,1.0,2,0.0,7,1,0,1,1,0.0,0,1.0,0,188.0,235.0,60.0,240.0,2021
4,D,78.0,33.0,4.0,1.0,21,1.0,0.0,0.0,1,18,2,0.0,0,3.0,3.0,1,0.0,7,1,0,1,1,0.0,0,1.0,0,210.0,240.0,60.0,240.0,2021
3,D,24.0,32.0,4.0,1.0,34,1.0,0.0,0.0,1,39,2,0.0,0,5.0,3.0,1,0.0,8,1,0,1,1,0.0,0,1.0,0,21.0,27.0,0.0,60.0,2021
1,D,150.0,38.0,5.0,1.0,80,1.0,1.0,7.0,2,84,2,0.0,0,3.0,3.0,1,0.0,7,1,0,1,1,9.0,0,4.0,0,210.0,240.0,60.0,240.0,2021
1,D,0.07,30.0,3.0,1.0,4,1.0,0.0,0.0,1,2,1,0.0,0,3.0,1.0,1,0.0,7,1,0,1,1,0.0,0,1.0,0,97.0,120.0,0.0,120.0,2021
6,D,135.0,69.0,8.0,1.0,79,1.0,1.0,3.0,1,83,1,0.0,0,5.0,1.0,1,0.0,7,1,0,1,1,3.0,0,2.0,0,120.0,135.0,120.0,240.0,2021
2,D,72.0,77.0,8.0,1.0,12,1.0,1.0,0.0,1,10,1,0.0,0,1.0,1.0,1,0.0,7,1,0,1,1,0.0,0,1.0,0,63.0,78.0,0.0,180.0,2021
8,D,84.0,44.0,6.0,1.0,89,1.0,0.0,0.0,1,30,2,0.0,0,3.0,3.0,1,3.0,7,1,0,1,1,0.0,0,1.0,0,151.0,188.0,60.0,240.0,2021
2,D,156.0,54.0,7.0,1.0,59,1.0,1.0,2.0,1,66,1,0.0,0,5.0,1.0,1,0.0,7,1,0,1,1,4.0,0,3.0,0,151.0,188.0,60.0,240.0,2021
1,D,151.0,28.0,3.0,1.0,9,1.0,0.0,0.0,1,6,2,0.0,0,3.0,3.0,9,0.0,7,1,0,1,1,0.0,0,1.0,0,151.0,188.0,60.0,240.0,2021
4,D,78.0,75.0,8.0,1.0,82,1.0,0.0,0.0,1,85,2,0.0,0,6.0,3.0,2,0.0,7,1,0,1,1,0.0,0,1.0,0,151.0,188.0,60.0,240.0,2021
6,D,60.0,37.0,5.0,1.0,21,1.0,1.0,2.0,1,18,1,0.0,0,5.0,1.0,1,0.0,7,1,0,1,1,2.0,0,2.0,0,108.0,120.0,0.0,120.0,2021
3,D,180.0,47.0,6.0,1.0,63,1.0,1.0,3.0,1,95,1,0.0,0,5.0,1.0,1,0.0,7,1,0,1,1,3.0,0,2.0,0,135.0,168.0,120.0,240.0,2021
3,D,21.0,37.0,5.0,1.0,34,1.0,1.0,0.0,1,39,1,1.0,0,3.0,1.0,1,6.0,8,1,0,1,1,0.0,0,1.0,0,21.0,27.0,0.0,60.0,2021
4,D,120.0,46.0,6.0,1.0,58,1.0,1.0,1.0,1,65,1,0.0,0,1.0,1.0,1,0.0,7,1,0,1,1,3.0,0,2.0,0,120.0,135.0,120.0,240.0,2021
2,D,37.0,56.0,7.0,1.0,39,1.0,1.0,0.0,1,45,1,0.0,0,3.0,1.0,2,0.0,7,1,0,1,1,0.0,0,1.0,0,37.0,46.0,0.0,240.0,2021
2,D,151.0,37.0,5.0,1.0,86,1.0,0.0,0.0,1,27,1,0.0,0,3.0,1.0,1,4.0,7,1,0,1,1,0.0,0,1.0,0,151.0,188.0,60.0,240.0,2021
4,D,121.0,31.0,4.0,1.0,56,1.0,1.0,1.0,1,63,1,0.0,0,3.0,1.0,1,0.0,7,1,0,1,1,1.0,0,1.0,0,97.0,121.0,0.0,240.0,2021
4,D,121.0,31.0,4.0,1.0,34,1.0,1.0,0.0,1,39,2,0.0,0,5.0,3.0,1,0.0,7,1,0,1,1,0.0,0,1.0,0,97.0,121.0,60.0,240.0,2021
3,D,168.0,26.0,3.0,1.0,22,1.0,1.0,0.0,1,19,1,0.0,0,6.0,6.0,1,0.0,7,1,0,1,1,0.0,0,1.0,0,151.0,188.0,60.0,240.0,2021
3,D,80.0,48.0,6.0,1.0,22,1.0,0.0,0.0,1,19,1,0.0,0,5.0,1.0,1,0.0,7,1,0,1,1,0.0,0,1.0,0,151.0,188.0,60.0,240.0,2021
4,D,78.0,76.0,8.0,1.0,82,1.0,0.0,0.0,1,85,1,0.0,0,6.0,1.0,1,0.0,7,1,0,1,1,0.0,0,1.0,0,97.0,121.0,0.0,240.0,2021
1,D,120.0,49.0,6.0,1.0,85,1.0,1.0,3.0,1,89,1,0.0,0,5.0,1.0,1,0.0,7,1,0,1,1,5.0,0,3.0,0,120.0,121.0,120.0,240.0,2021
2,D,90.0,47.0,6.0,1.0,42,1.0,1.0,3.0,1,48,1,0.0,0,3.0,1.0,1,0.0,7,1,0,1,1,3.0,0,2.0,0,151.0,188.0,60.0,240.0,2021
1,D,372.0,30.0,3.0,1.0,50,1.0,1.0,3.0,1,56,1,0.0,0,3.0,1.0,3,0.0,7,1,0,1,1,3.0,0,2.0,0,720.0,720.0,60.0,240.0,2021
8,D,180.0,60.0,7.0,1.0,89,1.0,1.0,3.0,1,30,1,0.0,0,5.0,1.0,8,0.0,7,1,0,1,1,5.0,0,3.0,0,188.0,235.0,180.0,480.0,2021
3,C,14.72,38.0,5.0,1.0,14,3.0,1.0,1.0,1,12,2,0.0,0,1.0,3.0,1,3.0,8,1,0,1,0,1.0,0,1.0,0,10.0,16.0,0.0,60.0,2021
1,D,240.0,39.0,5.0,1.0,45,1.0,1.0,10.0,1,51,1,0.0,0,1.0,1.0,6,0.0,7,1,0,1,1,10.0,0,5.0,0,360.0,1680.0,180.0,480.0,2021
3,D,60.0,21.0,2.0,1.0,89,1.0,0.0,0.0,1,30,1,0.0,0,3.0,1.0,1,0.0,7,1,0,1,1,0.0,0,1.0,0,151.0,188.0,60.0,240.0,2021
1,D,240.0,40.0,5.0,1.0,24,1.0,1.0,5.0,3,22,1,0.0,1,3.0,1.0,4,0.0,7,1,0,1,1,5.0,0,3.0,0,262.0,327.0,60.0,240.0,2021
8,D,300.0,34.0,4.0,1.0,60,1.0,1.0,21.0,1,67,2,0.0,0,3.0,3.0,1,0.0,7,1,0,1,1,21.0,0,6.0,0,360.0,480.0,180.0,480.0,2021
8,D,180.0,28.0,3.0,1.0,60,1.0,1.0,4.0,1,67,2,0.0,0,3.0,3.0,1,0.0,7,1,0,1,1,6.0,0,3.0,0,180.0,188.0,180.0,480.0,2021
1,D,60.0,26.0,3.0,1.0,94,1.0,0.0,0.0,1,34,1,0.0,0,3.0,2.0,1,0.0,7,1,0,1,1,0.0,0,1.0,0,78.0,97.0,0.0,240.0,2021
7,D,57.0,37.0,5.0,1.0,36,1.0,1.0,0.0,1,42,2,0.0,0,5.0,3.0,1,0.0,7,1,0,1,1,0.0,0,1.0,0,46.0,57.0,0.0,240.0,2021
5,D,60.0,57.0,7.0,1.0,20,1.0,1.0,0.0,1,17,1,0.0,0,5.0,1.0,1,0.0,7,1,0,1,1,0.0,0,1.0,0,121.0,151.0,60.0,240.0,2021
3,D,60.0,33.0,4.0,1.0,5,1.0,0.0,0.0,1,4,2,0.0,0,3.0,3.0,1,0.0,7,1,0,1,1,0.0,0,1.0,0,87.0,108.0,0.0,240.0,2021
5,D,180.0,34.0,4.0,1.0,9,1.0,1.0,6.0,1,6,1,0.0,0,3.0,1.0,3,0.0,7,1,0,1,1,8.0,0,4.0,0,292.0,365.0,60.0,240.0,2021
2,D,120.0,62.0,8.0,1.0,87,1.0,1.0,3.0,1,26,1,0.0,0,3.0,1.0,1,0.0,7,1,0,1,1,5.0,0,3.0,0,120.0,121.0,120.0,240.0,2021
3,D,115.0,50.0,6.0,1.0,31,1.0,1.0,13.0,1,37,1,0.0,0,3.0,1.0,1,1.0,7,1,0,1,1,15.0,0,6.0,0,110.0,120.0,0.0,120.0,2021
4,D,63.0,25.0,2.0,1.0,58,1.0,1.0,0.0,1,65,1,0.0,0,5.0,1.0,1,0.0,7,1,0,1,1,0.0,0,1.0,0,60.0,63.0,60.0,240.0,2021
1,D,60.0,40.0,5.0,1.0,8,1.0,1.0,0.0,1,7,1,0.0,0,6.0,6.0,2,0.0,7,1,0,1,1,0.0,0,1.0,0,121.0,151.0,60.0,240.0,2021
1,A,,44.0,6.0,2.0,10,1.0,0.0,0.0,1,8,1,0.0,0,6.0,1.0,1,2.0,8,0,1,4,0,0.0,0,1.0,0,0.0,6.0,0.0,12.0,2021
2,D,12.03,29.0,3.0,1.0,84,1.0,1.0,0.0,1,88,1,0.0,0,5.0,1.0,1,0.0,7,1,0,1,1,0.0,0,1.0,0,78.0,97.0,0.0,240.0,2021
3,D,60.0,36.0,5.0,1.0,36,1.0,0.0,0.0,1,42,2,0.0,0,5.0,3.0,1,0.0,7,1,0,1,1,0.0,0,1.0,0,121.0,151.0,60.0,240.0,2021
5,D,109.0,38.0,5.0,1.0,79,1.0,1.0,5.0,1,83,1,0.0,0,1.0,1.0,1,5.0,7,1,0,1,1,5.0,0,3.0,0,121.0,151.0,0.0,240.0,2021
5,D,60.0,70.0,8.0,1.0,62,1.0,0.0,0.0,1,69,1,0.0,0,5.0,1.0,1,0.0,7,1,0,1,1,0.0,0,1.0,0,60.0,60.0,60.0,240.0,2021
4,D,78.0,42.0,6.0,1.0,67,1.0,0.0,0.0,1,71,1,0.0,0,6.0,1.0,1,0.0,7,1,0,1,1,0.0,0,1.0,0,97.0,121.0,0.0,240.0,2021
1,B,,33.0,4.0,1.0,47,1.0,1.0,0.0,1,52,1,0.0,0,5.0,1.0,1,0.0,8,0,1,4,0,0.0,0,1.0,0,6.0,12.0,0.0,60.0,2021
1,D,15.0,26.0,3.0,1.0,47,2.0,1.0,0.0,1,52,1,0.0,0,3.0,1.0,1,0.0,8,1,0,1,1,0.0,0,1.0,0,27.0,33.0,0.0,60.0,2021
4,D,120.0,35.0,4.0,1.0,34,1.0,0.0,0.0,1,39,1,0.0,0,5.0,1.0,1,1.0,7,1,0,1,1,0.0,0,1.0,0,108.0,135.0,60.0,240.0,2021
4,D,120.0,31.0,4.0,1.0,35,1.0,0.0,0.0,1,41,1,0.0,0,6.0,1.0,3,0.0,7,1,0,1,1,0.0,0,1.0,0,210.0,262.0,60.0,240.0,2021
1,B,,50.0,6.0,1.0,94,1.0,0.0,0.0,1,34,1,0.0,0,5.0,1.0,1,2.0,8,0,1,4,0,0.0,0,1.0,0,6.0,12.0,0.0,60.0,2021
2,B,,59.0,7.0,1.0,94,1.0,0.0,0.0,1,34,1,0.0,0,5.0,1.0,1,1.0,8,0,1,4,0,0.0,0,1.0,0,6.0,12.0,0.0,60.0,2021
2,D,30.0,24.0,2.0,1.0,77,1.0,1.0,5.0,1,81,1,0.0,0,3.0,6.0,1,0.0,7,1,0,1,1,7.0,0,4.0,0,110.0,137.0,0.0,240.0,2021
1,D,132.0,37.0,5.0,1.0,22,1.0,1.0,6.0,1,19,1,0.0,0,5.0,1.0,1,,7,1,0,1,1,6.0,0,3.0,0,188.0,235.0,60.0,240.0,2021
1,D,78.0,31.0,4.0,1.0,50,1.0,1.0,0.0,1,56,1,0.0,0,3.0,2.0,1,1.0,7,1,0,1,1,0.0,0,1.0,0,121.0,151.0,60.0,240.0,2021
2,D,180.0,39.0,5.0,1.0,17,1.0,1.0,4.0,1,15,1,0.0,0,6.0,1.0,2,0.0,7,1,0,1,1,4.0,0,3.0,0,324.0,405.0,180.0,480.0,2021
1,D,108.0,41.0,6.0,1.0,55,1.0,1.0,0.0,2,62,1,0.0,0,3.0,1.0,1,0.0,7,1,0,1,1,0.0,0,1.0,0,97.0,121.0,0.0,240.0,2021
2,D,48.0,30.0,3.0,1.0,17,1.0,1.0,0.0,1,15,1,0.0,0,5.0,1.0,1,0.0,7,1,0,1,1,0.0,0,1.0,0,63.0,78.0,0.0,240.0,2021
6,D,262.0,38.0,5.0,1.0,33,1.0,1.0,0.0,1,40,1,0.0,0,5.0,1.0,2,0.0,7,1,0,1,1,0.0,0,1.0,0,210.0,262.0,60.0,240.0,2021
1,B,,40.0,5.0,1.0,70,1.0,1.0,0.0,1,75,1,0.0,0,5.0,6.0,1,0.0,8,0,1,4,0,0.0,0,1.0,0,6.0,12.0,0.0,60.0,2021
4,C,,47.0,6.0,1.0,90,1.0,1.0,0.0,1,29,1,0.0,0,5.0,2.0,1,1.0,8,0,1,4,0,0.0,0,1.0,0,12.0,18.0,0.0,60.0,2021
1,D,240.0,40.0,5.0,1.0,90,1.0,1.0,0.0,1,29,1,0.0,0,6.0,2.0,2,1.0,7,1,0,1,1,0.0,0,1.0,0,235.0,293.0,180.0,360.0,2021
5,D,108.0,27.0,3.0,1.0,36,1.0,0.0,0.0,1,42,2,0.0,0,3.0,3.0,1,0.0,7,1,0,1,1,0.0,0,1.0,0,97.0,121.0,0.0,240.0,2021
2,D,180.0,36.0,5.0,1.0,73,1.0,0.0,0.0,1,78,1,0.0,0,6.0,1.0,2,0.0,7,1,0,1,1,0.0,0,1.0,0,168.0,210.0,60.0,240.0,2021
1,D,0.03,39.0,5.0,1.0,11,1.0,1.0,0.0,1,9,1,0.0,0,6.0,1.0,1,0.0,7,1,0,1,1,0.0,0,1.0,0,51.0,63.0,0.0,240.0,2021
1,D,180.0,38.0,5.0,1.0,66,1.0,0.0,0.0,1,72,1,0.0,0,5.0,1.0,2,0.0,7,1,0,1,1,0.0,0,1.0,0,210.0,262.0,180.0,360.0,2021
4,D,18.0,44.0,6.0,1.0,34,1.0,1.0,0.0,1,39,1,0.0,0,3.0,1.0,1,0.0,7,1,0,1,1,0.0,0,1.0,0,51.0,63.0,0.0,240.0,2021
1,D,126.0,48.0,6.0,1.0,19,1.0,1.0,6.0,1,16,1,0.0,0,3.0,1.0,1,0.0,7,1,0,1,1,8.0,0,4.0,0,135.0,168.0,120.0,240.0,2021
1,D,92.0,42.0,6.0,1.0,46,1.0,1.0,9.0,1,53,1,0.0,0,1.0,1.0,2,0.0,7,1,0,1,1,9.0,0,4.0,0,110.0,137.0,0.0,240.0,2021
5,D,6.0,60.0,7.0,1.0,83,1.0,0.0,0.0,1,87,1,0.0,0,5.0,1.0,1,0.0,7,1,0,1,1,0.0,0,1.0,0,63.0,78.0,0.0,120.0,2021
3,D,151.0,38.0,5.0,1.0,22,1.0,1.0,0.0,1,19,0,0.0,0,3.0,1.0,1,0.0,7,1,0,1,1,0.0,0,1.0,0,210.0,240.0,60.0,240.0,2021
3,C,13.82,60.0,7.0,1.0,3,1.0,1.0,2.0,1,1,1,0.0,0,6.0,2.0,8,0.0,8,1,0,1,1,2.0,0,2.0,0,12.0,18.0,0.0,60.0,2021
3,C,15.0,53.0,7.0,1.0,34,1.0,1.0,0.0,1,39,1,0.0,0,5.0,6.0,1,0.0,8,1,0,1,1,0.0,0,1.0,0,12.0,18.0,0.0,60.0,2021
4,D,168.0,26.0,3.0,1.0,82,1.0,1.0,0.0,1,85,1,0.0,0,3.0,1.0,2,0.0,7,1,0,1,1,0.0,0,1.0,0,151.0,188.0,60.0,240.0,2021
3,D,97.0,50.0,6.0,1.0,68,1.0,0.0,0.0,1,74,1,0.0,0,5.0,1.0,1,1.0,7,1,0,1,1,0.0,0,1.0,0,97.0,121.0,0.0,240.0,2021
4,D,270.0,37.0,5.0,1.0,57,1.0,1.0,6.0,1,64,1,0.0,0,3.0,1.0,1,0.0,7,1,0,1,1,8.0,0,4.0,0,360.0,480.0,180.0,480.0,2021
3,D,300.0,39.0,5.0,1.0,22,1.0,1.0,6.0,1,19,1,0.0,0,1.0,1.0,1,,7,1,0,1,1,6.0,0,3.0,0,262.0,327.0,180.0,480.0,2021
4,D,312.0,47.0,6.0,1.0,94,1.0,1.0,6.0,1,34,1,0.0,0,3.0,1.0,1,0.0,7,1,0,1,1,8.0,0,4.0,0,324.0,405.0,180.0,480.0,2021
4,D,144.0,28.0,3.0,1.0,56,1.0,1.0,4.0,1,63,1,0.0,0,3.0,1.0,1,0.0,7,1,0,1,1,6.0,0,3.0,0,120.0,121.0,120.0,240.0,2021
5,D,96.0,40.0,5.0,1.0,62,1.0,1.0,3.0,1,69,1,0.0,0,1.0,1.0,1,2.0,7,1,0,1,1,5.0,0,3.0,0,188.0,235.0,60.0,240.0,2021
2,D,84.0,59.0,7.0,1.0,21,1.0,1.0,0.0,1,18,1,0.0,0,3.0,1.0,1,0.0,7,1,0,1,1,0.0,0,1.0,0,121.0,151.0,60.0,240.0,2021
1,D,121.0,32.0,4.0,1.0,80,1.0,1.0,0.0,1,84,1,0.0,0,3.0,1.0,1,0.0,7,1,0,1,1,0.0,0,1.0,0,121.0,151.0,60.0,240.0,2021
3,D,15.0,51.0,7.0,1.0,91,1.0,1.0,3.0,1,31,2,0.0,0,5.0,3.0,2,1.0,8,1,0,1,1,3.0,0,2.0,0,15.0,21.0,0.0,120.0,2021
4,D,124.0,19.0,1.0,1.0,60,1.0,0.0,0.0,1,67,1,0.0,0,5.0,1.0,1,0.0,7,1,0,1,1,0.0,0,1.0,0,210.0,240.0,60.0,240.0,2021
3,D,108.0,42.0,6.0,1.0,38,1.0,1.0,0.0,1,44,1,0.0,0,5.0,1.0,3,1.0,7,1,0,1,1,0.0,0,1.0,0,151.0,188.0,60.0,240.0,2021
3,C,12.03,47.0,6.0,1.0,24,1.0,1.0,0.0,1,22,0,0.0,0,6.0,2.0,1,0.0,8,1,0,1,1,0.0,0,1.0,0,12.0,18.0,0.0,60.0,2021
1,D,180.0,32.0,4.0,1.0,9,1.0,1.0,1.0,1,6,1,0.0,0,3.0,1.0,4,0.0,7,1,0,1,1,1.0,0,1.0,0,210.0,262.0,60.0,240.0,2021
2,D,60.0,36.0,5.0,1.0,65,1.0,1.0,1.0,1,73,2,0.0,0,6.0,3.0,1,2.0,7,1,0,1,1,1.0,0,1.0,0,151.0,188.0,60.0,240.0,2021
1,D,68.0,37.0,5.0,1.0,3,1.0,1.0,1.0,1,1,1,0.0,0,5.0,1.0,2,0.0,7,1,0,1,1,1.0,0,1.0,0,135.0,168.0,60.0,240.0,2021
1,D,81.0,31.0,4.0,1.0,11,1.0,1.0,0.0,1,9,1,0.0,0,3.0,1.0,1,0.0,7,1,0,1,1,0.0,0,1.0,0,70.0,87.0,0.0,240.0,2021
1,D,120.0,40.0,5.0,1.0,42,1.0,0.0,0.0,1,48,1,0.0,0,3.0,1.0,1,0.0,7,1,0,1,1,0.0,0,1.0,0,120.0,120.0,0.0,120.0,2021
2,D,180.0,53.0,7.0,1.0,65,1.0,0.0,0.0,1,73,1,0.0,0,5.0,1.0,2,0.0,7,1,0,1,1,0.0,0,1.0,0,151.0,188.0,60.0,240.0,2021
4,D,57.0,41.0,6.0,1.0,71,1.0,1.0,0.0,1,76,1,0.0,0,5.0,1.0,1,3.0,7,1,0,1,1,0.0,0,1.0,0,63.0,78.0,0.0,240.0,2021
8,D,60.0,24.0,2.0,1.0,89,1.0,1.0,0.0,1,30,1,0.0,0,3.0,2.0,4,0.0,7,1,0,1,1,0.0,0,1.0,0,121.0,151.0,60.0,240.0,2021
4,D,151.0,37.0,5.0,1.0,48,1.0,0.0,0.0,1,54,1,0.0,0,6.0,1.0,1,0.0,7,1,0,1,1,0.0,0,1.0,0,151.0,188.0,60.0,240.0,2021
3,D,110.0,51.0,7.0,1.0,31,1.0,1.0,0.0,1,37,1,0.0,0,5.0,1.0,1,0.0,7,1,0,1,1,0.0,0,1.0,0,97.0,121.0,0.0,240.0,2021
3,D,90.0,36.0,5.0,1.0,34,3.0,1.0,1.0,1,39,2,0.0,0,1.0,3.0,1,1.0,7,1,0,1,1,1.0,0,1.0,0,121.0,151.0,60.0,240.0,2021
4,D,120.0,47.0,6.0,1.0,58,1.0,1.0,6.0,1,65,1,0.0,0,1.0,1.0,1,0.0,7,1,0,1,1,8.0,0,4.0,0,120.0,120.0,120.0,240.0,2021
3,D,102.0,36.0,5.0,1.0,43,1.0,0.0,0.0,1,49,1,0.0,0,3.0,1.0,1,1.0,7,1,0,1,1,0.0,0,1.0,0,97.0,121.0,0.0,240.0,2021
8,D,120.0,28.0,3.0,1.0,60,1.0,1.0,3.0,1,67,1,0.0,0,3.0,2.0,1,0.0,7,1,0,1,1,5.0,0,3.0,0,120.0,120.0,120.0,240.0,2021
3,D,180.0,57.0,7.0,1.0,43,1.0,1.0,3.0,1,49,1,0.0,0,6.0,1.0,1,1.0,7,1,0,1,1,3.0,0,2.0,0,180.0,210.0,180.0,480.0,2021
5,D,0.03,25.0,2.0,1.0,62,1.0,0.0,0.0,1,69,1,0.0,0,5.0,6.0,1,0.0,7,1,0,1,1,0.0,0,1.0,0,18.0,24.0,0.0,120.0,2021
1,D,30.0,40.0,5.0,1.0,40,1.0,0.0,0.0,1,46,1,0.0,0,5.0,1.0,1,0.0,7,1,0,1,1,0.0,0,1.0,0,46.0,57.0,0.0,240.0,2021
A,D,60.0,35.0,4.0,1.0,61,1.0,1.0,1.0,1,68,1,0.0,0,3.0,1.0,1,0.0,7,1,0,1,1,1.0,0,1.0,0,51.0,63.0,0.0,240.0,2021
4,D,55.0,41.0,6.0,1.0,61,1.0,1.0,0.0,1,68,1,0.0,0,1.0,1.0,1,5.0,7,1,0,1,1,0.0,0,1.0,0,78.0,97.0,0.0,240.0,2021
1,D,97.0,42.0,6.0,1.0,61,1.0,1.0,1.0,1,68,1,0.0,0,1.0,1.0,2,2.0,7,1,0,1,1,1.0,0,1.0,0,97.0,121.0,0.0,240.0,2021
2,D,120.0,44.0,6.0,1.0,64,1.0,1.0,0.0,1,70,1,0.0,0,6.0,1.0,1,0.0,7,1,0,1,1,0.0,0,1.0,0,151.0,188.0,60.0,240.0,2021
2,D,48.0,22.0,2.0,1.0,24,1.0,1.0,0.0,1,22,2,0.0,0,5.0,3.0,1,0.0,7,1,0,1,1,0.0,0,1.0,0,97.0,120.0,0.0,120.0,2021
1,D,84.0,21.0,2.0,1.0,25,1.0,0.0,0.0,1,23,1,0.0,0,5.0,1.0,1,0.0,7,1,0,1,1,0.0,0,1.0,0,97.0,121.0,60.0,240.0,2021
1,D,144.0,20.0,1.0,1.0,71,1.0,1.0,0.0,1,76,1,0.0,0,1.0,1.0,2,0.0,7,1,0,1,1,0.0,0,1.0,0,210.0,262.0,60.0,240.0,2021
1,D,120.0,50.0,6.0,1.0,3,1.0,1.0,2.0,1,1,1,0.0,0,5.0,1.0,1,0.0,7,1,0,1,1,2.0,0,2.0,0,120.0,120.0,120.0,240.0,2021
3,D,60.0,61.0,8.0,1.0,48,1.0,0.0,0.0,1,54,1,0.0,0,3.0,1.0,1,0.0,7,1,0,1,1,0.0,0,1.0,0,60.0,60.0,60.0,240.0,2021
2,D,60.0,33.0,4.0,1.0,27,1.0,1.0,0.0,1,25,1,0.0,0,3.0,1.0,1,1.0,7,1,0,1,1,0.0,0,1.0,0,151.0,188.0,60.0,240.0,2021
5,D,3.38,53.0,7.0,1.0,55,1.0,0.0,0.0,1,62,1,0.0,0,5.0,1.0,1,0.0,7,1,0,1,1,0.0,0,1.0,0,51.0,63.0,0.0,120.0,2021
1,D,70.0,25.0,2.0,1.0,91,1.0,1.0,0.0,1,31,1,0.0,0,5.0,2.0,1,0.0,7,1,0,1,1,0.0,0,1.0,0,70.0,87.0,60.0,240.0,2021
2,D,42.0,26.0,3.0,1.0,65,1.0,0.0,0.0,1,73,1,0.0,0,3.0,1.0,1,0.0,7,1,0,1,1,0.0,0,1.0,0,97.0,121.0,0.0,240.0,2021
4,D,21.0,35.0,4.0,1.0,67,1.0,0.0,0.0,2,71,2,0.0,0,5.0,3.0,1,0.0,7,1,0,1,1,0.0,0,1.0,0,97.0,121.0,0.0,240.0,2021
6,D,156.0,28.0,3.0,1.0,11,1.0,1.0,3.0,1,9,1,0.0,0,3.0,2.0,1,0.0,7,1,0,1,1,5.0,0,3.0,0,168.0,210.0,120.0,240.0,2021
1,D,96.0,50.0,6.0,1.0,40,1.0,1.0,0.0,1,46,1,0.0,0,5.0,1.0,1,1.0,7,1,0,1,1,0.0,0,1.0,0,151.0,188.0,60.0,240.0,2021
8,D,120.0,27.0,3.0,1.0,89,1.0,0.0,0.0,1,30,1,0.0,0,3.0,1.0,1,0.0,7,1,0,1,1,0.0,0,1.0,0,210.0,240.0,60.0,240.0,2021
5,D,135.0,32.0,4.0,1.0,36,1.0,1.0,2.0,1,42,1,0.0,0,5.0,2.0,1,0.0,7,1,0,1,1,2.0,0,2.0,0,108.0,135.0,0.0,240.0,2021
1,D,70.0,29.0,3.0,1.0,35,3.0,0.0,0.0,1,41,2,0.0,0,6.0,3.0,1,0.0,7,1,0,1,1,0.0,0,1.0,0,70.0,87.0,0.0,240.0,2021
5,D,60.0,26.0,3.0,1.0,62,1.0,1.0,0.0,1,69,1,0.0,0,5.0,1.0,1,0.0,7,1,0,1,1,0.0,0,1.0,0,210.0,240.0,60.0,240.0,2021
4,D,165.0,36.0,5.0,1.0,59,1.0,1.0,6.0,1,66,0,0.0,0,5.0,1.0,1,0.0,7,1,0,1,1,8.0,0,4.0,0,121.0,151.0,60.0,240.0,2021
6,D,,27.0,3.0,1.0,36,1.0,0.0,0.0,1,42,1,0.0,0,6.0,2.0,1,0.0,7,0,1,4,0,0.0,0,1.0,0,63.0,78.0,0.0,120.0,2021
2,D,236.0,29.0,3.0,1.0,24,1.0,0.0,0.0,3,22,1,0.0,1,3.0,2.0,7,0.0,7,1,0,1,1,0.0,0,1.0,0,210.0,262.0,60.0,240.0,2021
1,D,14.0,65.0,8.0,1.0,94,1.0,1.0,0.0,1,34,1,0.0,0,3.0,1.0,1,0.0,8,1,0,1,1,0.0,0,1.0,0,24.0,30.0,0.0,60.0,2021
3,D,180.0,24.0,2.0,1.0,43,1.0,0.0,0.0,1,49,1,0.0,0,5.0,1.0,2,0.0,7,1,0,1,1,0.0,0,1.0,0,180.0,188.0,180.0,360.0,2021
3,D,151.0,25.0,2.0,1.0,43,1.0,0.0,0.0,1,49,1,0.0,0,3.0,1.0,2,0.0,7,1,0,1,1,0.0,0,1.0,0,151.0,188.0,60.0,240.0,2021
4,D,48.0,28.0,3.0,1.0,56,1.0,0.0,0.0,1,63,1,0.0,0,5.0,1.0,1,0.0,7,1,0,1,1,0.0,0,1.0,0,78.0,97.0,0.0,240.0,2021
7,D,144.0,31.0,4.0,1.0,20,3.0,0.0,0.0,3,17,2,0.0,1,1.0,3.0,1,0.0,7,1,0,1,1,0.0,0,1.0,0,135.0,168.0,0.0,240.0,2021
1,D,78.0,36.0,5.0,1.0,94,1.0,1.0,0.0,1,34,1,0.0,0,3.0,1.0,1,0.0,7,1,0,1,1,0.0,0,1.0,0,78.0,97.0,0.0,240.0,2021
3,D,144.0,36.0,5.0,1.0,5,1.0,0.0,0.0,1,4,2,0.0,0,3.0,3.0,1,3.0,7,1,0,1,1,0.0,0,1.0,0,87.0,108.0,0.0,240.0,2021
1,C,,47.0,6.0,1.0,47,1.0,1.0,0.0,1,52,1,0.0,0,6.0,1.0,1,3.0,8,0,1,4,0,0.0,0,1.0,0,12.0,18.0,0.0,60.0,2021
3,D,210.0,22.0,2.0,1.0,61,1.0,1.0,0.0,1,68,1,0.0,0,3.0,1.0,3,0.0,7,1,0,1,1,0.0,0,1.0,0,210.0,262.0,60.0,240.0,2021
3,D,60.0,38.0,5.0,1.0,14,1.0,0.0,0.0,1,12,1,0.0,0,6.0,1.0,2,0.0,7,1,0,1,1,0.0,0,1.0,0,63.0,78.0,60.0,240.0,2021
3,B,7.0,57.0,7.0,1.0,34,1.0,1.0,1.0,1,39,1,1.0,0,5.0,1.0,1,0.0,8,1,0,1,1,1.0,0,1.0,0,6.0,12.0,0.0,60.0,2021
1,D,120.0,38.0,5.0,1.0,4,1.0,0.0,0.0,1,2,1,0.0,0,6.0,1.0,2,0.0,7,1,0,1,1,0.0,0,1.0,0,151.0,188.0,60.0,240.0,2021
1,C,11.0,40.0,5.0,1.0,92,1.0,1.0,0.0,1,33,1,0.0,0,3.0,2.0,1,5.0,8,1,0,1,1,0.0,0,1.0,0,12.0,18.0,0.0,60.0,2021
1,D,168.0,18.0,1.0,1.0,35,1.0,1.0,1.0,1,41,2,0.0,0,1.0,3.0,1,0.0,7,1,0,1,1,1.0,0,1.0,0,168.0,210.0,0.0,240.0,2021
3,D,120.0,56.0,7.0,1.0,43,1.0,1.0,3.0,1,49,1,0.0,0,6.0,1.0,1,0.0,7,1,0,1,1,5.0,0,3.0,0,120.0,121.0,120.0,240.0,2021
1,D,36.0,30.0,3.0,1.0,6,1.0,1.0,0.0,1,3,1,0.0,0,5.0,1.0,1,0.0,7,1,0,1,1,0.0,0,1.0,0,97.0,121.0,0.0,240.0,2021
8,D,132.0,35.0,4.0,1.0,89,1.0,1.0,0.0,1,30,1,0.0,0,5.0,2.0,1,0.0,7,1,0,1,1,0.0,0,1.0,0,121.0,151.0,60.0,240.0,2021
3,B,6.0,53.0,7.0,1.0,34,2.0,0.0,0.0,1,39,2,0.0,0,1.0,3.0,1,0.0,8,1,0,1,1,0.0,0,1.0,0,6.0,12.0,0.0,60.0,2021
6,D,42.0,49.0,6.0,1.0,21,1.0,0.0,0.0,1,18,1,0.0,0,6.0,1.0,1,0.0,7,1,0,1,1,0.0,0,1.0,0,57.0,71.0,0.0,120.0,2021
5,D,100.0,66.0,8.0,1.0,20,1.0,0.0,0.0,1,17,1,0.0,0,5.0,1.0,1,0.0,7,1,0,1,1,0.0,0,1.0,0,97.0,121.0,60.0,240.0,2021
1,D,60.0,36.0,5.0,1.0,8,1.0,0.0,0.0,1,7,1,0.0,0,5.0,1.0,1,0.0,7,1,0,1,1,0.0,0,1.0,0,151.0,188.0,60.0,240.0,2021
6,D,121.0,35.0,4.0,1.0,11,1.0,1.0,6.0,1,9,1,0.0,0,5.0,1.0,1,0.0,7,1,0,1,1,6.0,0,3.0,0,121.0,151.0,120.0,240.0,2021
4,D,120.0,49.0,6.0,1.0,59,1.0,1.0,3.0,1,66,1,0.0,0,3.0,1.0,1,0.0,7,1,0,1,1,5.0,0,3.0,0,120.0,120.0,120.0,240.0,2021
3,C,,28.0,3.0,1.0,32,1.0,1.0,1.0,1,38,1,1.0,0,1.0,2.0,1,3.0,8,0,1,4,0,1.0,0,1.0,0,10.0,16.0,0.0,120.0,2021
2,D,24.0,50.0,6.0,1.0,17,1.0,0.0,0.0,1,15,1,0.0,0,3.0,1.0,1,2.0,7,1,0,1,1,0.0,0,1.0,0,63.0,78.0,0.0,240.0,2021
4,D,55.0,43.0,6.0,1.0,35,3.0,0.0,0.0,1,41,1,0.0,0,6.0,1.0,1,3.0,7,1,0,1,1,0.0,0,1.0,0,120.0,120.0,0.0,120.0,2021
1,C,18.0,34.0,4.0,1.0,94,1.0,1.0,0.0,1,34,1,0.0,0,5.0,2.0,1,3.0,8,1,0,1,1,0.0,0,1.0,0,12.0,18.0,0.0,60.0,2021
1,C,18.0,24.0,2.0,1.0,94,1.0,1.0,0.0,1,34,1,0.0,0,5.0,2.0,1,1.0,8,1,0,1,1,0.0,0,1.0,0,12.0,18.0,0.0,60.0,2021
2,D,0.03,25.0,2.0,1.0,64,1.0,1.0,0.0,1,70,1,0.0,0,3.0,1.0,1,0.0,7,1,0,1,1,0.0,0,1.0,0,70.0,87.0,0.0,240.0,2021
5,D,103.0,26.0,3.0,1.0,36,1.0,1.0,0.0,1,42,2,0.0,0,3.0,3.0,1,0.0,7,1,0,1,1,0.0,0,1.0,0,60.0,60.0,60.0,240.0,2021
3,D,168.0,22.0,2.0,1.0,22,1.0,1.0,0.0,1,19,1,0.0,0,3.0,6.0,1,0.0,7,1,0,1,1,0.0,0,1.0,0,151.0,188.0,60.0,240.0,2021
8,D,135.0,43.0,6.0,1.0,35,1.0,1.0,4.0,1,41,2,0.0,0,1.0,3.0,1,0.0,7,1,0,1,1,4.0,0,3.0,0,121.0,151.0,60.0,240.0,2021
4,D,96.0,23.0,2.0,1.0,67,1.0,1.0,0.0,1,71,2,0.0,0,3.0,3.0,1,0.0,7,1,0,1,1,0.0,0,1.0,0,151.0,188.0,60.0,240.0,2021
3,D,60.0,22.0,2.0,1.0,38,1.0,1.0,0.0,1,44,2,0.0,0,1.0,3.0,4,0.0,7,1,0,1,1,0.0,0,1.0,0,97.0,121.0,60.0,240.0,2021
1,D,70.0,44.0,6.0,1.0,36,1.0,1.0,0.0,1,42,2,0.0,0,5.0,3.0,1,0.0,7,1,0,1,1,0.0,0,1.0,0,135.0,168.0,0.0,240.0,2021
4,D,97.0,32.0,4.0,1.0,56,1.0,0.0,0.0,1,63,2,0.0,0,5.0,3.0,1,2.0,7,1,0,1,1,0.0,0,1.0,0,97.0,121.0,60.0,240.0,2021
2,D,,40.0,5.0,1.0,54,1.0,1.0,1.0,1,61,1,0.0,0,5.0,1.0,1,1.0,8,0,1,3,0,1.0,0,1.0,0,18.0,24.0,0.0,60.0,2021
2,D,327.0,38.0,5.0,1.0,21,1.0,1.0,3.0,1,18,1,0.0,0,5.0,2.0,1,2.0,7,1,0,1,1,5.0,0,3.0,0,262.0,327.0,180.0,480.0,2021
7,D,108.0,24.0,2.0,1.0,20,1.0,0.0,0.0,1,17,2,0.0,0,1.0,3.0,2,0.0,7,1,0,1,1,0.0,0,1.0,0,97.0,121.0,0.0,180.0,2021
6,D,120.0,40.0,5.0,1.0,59,1.0,1.0,0.0,1,66,1,0.0,0,1.0,1.0,1,0.0,7,1,0,1,1,0.0,0,1.0,0,135.0,168.0,60.0,240.0,2021
4,D,96.0,42.0,6.0,1.0,58,1.0,1.0,0.0,1,65,1,0.0,0,5.0,1.0,1,0.0,7,1,0,1,1,0.0,0,1.0,0,151.0,188.0,60.0,240.0,2021
4,D,28.0,48.0,6.0,1.0,58,1.0,0.0,0.0,1,65,1,0.0,0,3.0,1.0,1,0.0,7,1,0,1,1,0.0,0,1.0,0,121.0,151.0,0.0,240.0,2021
6,D,500.0,48.0,6.0,1.0,59,1.0,0.0,0.0,1,66,0,0.0,0,6.0,1.0,2,1.0,7,1,0,1,1,0.0,0,1.0,0,600.0,600.0,180.0,360.0,2021
5,D,151.0,39.0,5.0,1.0,34,1.0,0.0,0.0,1,39,1,0.0,0,5.0,1.0,1,4.0,7,1,0,1,1,0.0,0,1.0,0,121.0,151.0,0.0,240.0,2021
4,D,264.0,46.0,6.0,1.0,59,1.0,0.0,0.0,1,66,1,0.0,0,6.0,1.0,3,4.0,7,1,0,1,1,0.0,0,1.0,0,960.0,960.0,180.0,360.0,2021
5,D,216.0,36.0,5.0,1.0,36,1.0,1.0,0.0,1,42,1,0.0,0,5.0,6.0,1,0.0,7,1,0,1,1,0.0,0,1.0,0,210.0,240.0,60.0,240.0,2021
4,D,108.0,38.0,5.0,1.0,72,1.0,1.0,8.0,1,77,1,0.0,0,5.0,1.0,1,6.0,7,1,0,1,1,8.0,0,4.0,0,135.0,168.0,60.0,240.0,2021
8,D,48.0,38.0,5.0,1.0,60,1.0,0.0,0.0,1,67,1,0.0,0,5.0,1.0,1,3.0,7,1,0,1,1,0.0,0,1.0,0,70.0,87.0,0.0,240.0,2021
2,D,168.0,46.0,6.0,1.0,2,1.0,1.0,6.0,1,0,1,0.0,0,3.0,1.0,1,0.0,7,1,0,1,1,8.0,0,4.0,0,135.0,168.0,120.0,240.0,2021
2,D,240.0,47.0,6.0,1.0,39,1.0,1.0,3.0,1,45,1,0.0,0,3.0,1.0,2,0.0,7,1,0,1,1,5.0,0,3.0,0,360.0,960.0,180.0,480.0,2021
1,D,72.0,36.0,5.0,1.0,19,1.0,1.0,1.0,1,16,1,0.0,0,5.0,1.0,1,0.0,7,1,0,1,1,1.0,0,1.0,0,78.0,97.0,0.0,240.0,2021
1,D,60.0,43.0,6.0,1.0,13,1.0,1.0,0.0,1,11,1,0.0,0,3.0,1.0,1,0.0,7,1,0,1,1,0.0,0,1.0,0,121.0,151.0,0.0,240.0,2021
2,D,,27.0,3.0,1.0,77,1.0,1.0,1.0,1,81,1,0.0,0,5.0,1.0,1,0.0,7,0,1,4,0,3.0,0,2.0,0,108.0,135.0,0.0,240.0,2021
3,D,180.0,33.0,4.0,1.0,89,1.0,1.0,1.0,1,30,1,0.0,0,1.0,2.0,1,0.0,7,1,0,1,1,1.0,0,1.0,0,210.0,262.0,180.0,360.0,2021
3,D,102.0,66.0,8.0,1.0,91,1.0,1.0,0.0,1,31,1,0.0,0,6.0,1.0,2,0.0,7,1,0,1,1,0.0,0,1.0,0,210.0,262.0,0.0,240.0,2021
2,D,42.0,24.0,2.0,1.0,65,1.0,0.0,0.0,1,73,2,0.0,0,5.0,3.0,1,1.0,7,1,0,1,1,0.0,0,1.0,0,135.0,168.0,0.0,240.0,2021
1,D,165.0,34.0,4.0,1.0,41,1.0,1.0,0.0,1,47,0,0.0,0,3.0,1.0,2,4.0,7,1,0,1,1,0.0,0,1.0,0,151.0,188.0,60.0,240.0,2021
3,D,60.0,67.0,8.0,1.0,46,1.0,0.0,0.0,1,53,1,0.0,0,1.0,1.0,2,0.0,7,1,0,1,1,0.0,0,1.0,0,87.0,108.0,60.0,240.0,2021
1,D,60.0,21.0,2.0,1.0,58,1.0,0.0,0.0,1,65,1,0.0,0,3.0,1.0,1,1.0,7,1,0,1,1,0.0,0,1.0,0,121.0,151.0,60.0,240.0,2021
6,D,151.0,43.0,6.0,1.0,79,1.0,1.0,0.0,1,83,1,0.0,0,3.0,1.0,1,1.0,7,1,0,1,1,0.0,0,1.0,0,151.0,188.0,60.0,240.0,2021
1,C,11.0,51.0,7.0,1.0,92,1.0,1.0,0.0,1,33,1,0.0,0,3.0,1.0,1,0.0,8,1,0,1,1,0.0,0,1.0,0,12.0,18.0,0.0,60.0,2021
1,D,21.0,40.0,5.0,1.0,92,1.0,1.0,4.0,1,33,1,0.0,0,3.0,2.0,1,0.0,8,1,0,1,1,6.0,0,3.0,0,18.0,24.0,0.0,60.0,2021
2,D,72.0,67.0,8.0,1.0,17,1.0,0.0,0.0,1,15,1,0.0,0,3.0,1.0,2,0.0,7,1,0,1,1,0.0,0,1.0,0,151.0,188.0,60.0,240.0,2021
2,D,14.89,43.0,6.0,1.0,76,1.0,1.0,0.0,1,80,1,0.0,0,3.0,1.0,1,0.0,7,1,0,2,1,0.0,0,1.0,0,97.0,121.0,0.0,240.0,2021
1,D,5.43,71.0,8.0,1.0,92,1.0,1.0,3.0,1,33,1,0.0,0,1.0,1.0,1,0.0,8,1,0,1,1,3.0,0,2.0,0,24.0,30.0,0.0,60.0,2021
1,D,12.0,48.0,6.0,1.0,92,1.0,1.0,2.0,1,33,1,0.0,0,3.0,2.0,1,0.0,8,1,0,1,1,2.0,0,2.0,0,15.0,21.0,0.0,60.0,2021
1,D,132.0,52.0,7.0,1.0,10,1.0,1.0,14.0,1,8,1,0.0,0,1.0,2.0,2,1.0,8,1,0,1,1,14.0,0,6.0,0,120.0,150.0,0.0,60.0,2021
3,D,120.0,30.0,3.0,1.0,89,1.0,1.0,3.0,1,30,1,0.0,0,3.0,1.0,1,0.0,7,1,0,1,1,5.0,0,3.0,0,120.0,120.0,120.0,240.0,2021
2,D,240.0,48.0,6.0,1.0,39,1.0,0.0,0.0,1,45,1,0.0,0,5.0,1.0,2,0.0,7,1,0,1,1,0.0,0,1.0,0,292.0,365.0,60.0,240.0,2021
4,D,78.0,56.0,7.0,1.0,58,1.0,1.0,0.0,1,65,1,0.0,0,6.0,1.0,1,1.0,7,1,0,1,1,0.0,0,1.0,0,151.0,188.0,60.0,240.0,2021
3,D,15.0,42.0,6.0,1.0,36,2.0,0.0,0.0,1,42,2,0.0,0,6.0,3.0,1,2.0,7,1,0,1,1,0.0,0,1.0,0,33.0,41.0,0.0,120.0,2021
3,D,90.0,35.0,4.0,1.0,89,1.0,0.0,0.0,1,30,1,0.0,0,5.0,1.0,1,1.0,7,1,0,1,1,0.0,0,1.0,0,121.0,151.0,60.0,240.0,2021
5,D,60.0,56.0,7.0,1.0,79,1.0,1.0,8.0,1,83,1,0.0,0,3.0,6.0,1,0.0,7,1,0,1,1,10.0,0,5.0,0,120.0,120.0,0.0,120.0,2021
6,D,24.0,44.0,6.0,1.0,75,1.0,0.0,0.0,1,79,1,0.0,0,6.0,1.0,1,0.0,7,1,0,1,1,0.0,0,1.0,0,37.0,46.0,0.0,120.0,2021
5,D,60.0,21.0,2.0,1.0,36,1.0,0.0,0.0,1,42,2,0.0,0,3.0,3.0,1,0.0,7,1,0,1,1,0.0,0,1.0,0,97.0,121.0,0.0,240.0,2021
4,C,70.0,38.0,5.0,1.0,33,1.0,1.0,0.0,1,40,1,0.0,0,3.0,2.0,1,2.0,8,1,0,1,1,0.0,0,1.0,0,12.0,18.0,0.0,120.0,2021
6,D,60.0,41.0,6.0,1.0,79,1.0,0.0,0.0,1,83,1,0.0,0,6.0,1.0,1,0.0,7,1,0,1,1,0.0,0,1.0,0,78.0,97.0,0.0,240.0,2021
2,D,60.0,28.0,3.0,1.0,17,1.0,0.0,0.0,1,15,1,0.0,0,5.0,1.0,1,0.0,7,1,0,1,1,0.0,0,1.0,0,70.0,87.0,60.0,240.0,2021
4,D,151.0,43.0,6.0,1.0,35,1.0,1.0,0.0,1,41,1,0.0,0,5.0,1.0,2,1.0,7,1,0,1,1,0.0,0,1.0,0,151.0,188.0,60.0,240.0,2021
3,D,140.0,42.0,6.0,1.0,57,1.0,1.0,2.0,1,64,1,0.0,0,5.0,1.0,1,0.0,7,1,0,1,1,2.0,0,2.0,0,168.0,210.0,60.0,240.0,2021
3,D,188.0,38.0,5.0,1.0,41,1.0,1.0,4.0,1,47,1,0.0,0,3.0,1.0,1,0.0,7,1,0,1,1,4.0,0,3.0,0,188.0,235.0,60.0,240.0,2021
0,D,60.0,29.0,3.0,1.0,91,1.0,0.0,0.0,1,31,1,0.0,0,5.0,1.0,1,0.0,7,1,0,1,1,0.0,0,1.0,0,97.0,121.0,0.0,240.0,2021
2,D,60.0,29.0,3.0,1.0,73,1.0,1.0,0.0,1,78,1,0.0,0,6.0,1.0,1,0.0,7,1,0,1,1,0.0,0,1.0,0,60.0,60.0,60.0,240.0,2021
2,D,336.0,34.0,4.0,1.0,15,1.0,1.0,11.0,1,13,2,0.0,0,3.0,3.0,5,0.0,7,1,0,1,1,11.0,0,3.0,0,360.0,1560.0,180.0,360.0,2021
4,D,108.0,58.0,7.0,1.0,35,1.0,1.0,1.0,1,41,1,0.0,0,5.0,2.0,3,0.0,7,1,0,1,1,3.0,0,2.0,0,135.0,168.0,60.0,240.0,2021
1,C,18.0,66.0,8.0,1.0,19,1.0,1.0,0.0,1,16,1,0.0,0,6.0,1.0,1,2.0,8,1,0,1,1,0.0,0,1.0,0,12.0,18.0,0.0,120.0,2021
2,D,60.0,23.0,2.0,1.0,24,1.0,1.0,9.0,1,22,1,0.0,0,3.0,1.0,2,0.0,7,1,0,1,1,11.0,0,5.0,0,84.0,105.0,0.0,120.0,2021
6,D,90.0,29.0,3.0,1.0,21,1.0,0.0,0.0,1,18,2,0.0,0,1.0,3.0,1,0.0,7,1,0,1,1,0.0,0,1.0,0,151.0,188.0,60.0,240.0,2021
8,D,0.33,32.0,4.0,1.0,19,1.0,0.0,0.0,1,16,1,0.0,0,3.0,1.0,1,0.0,7,1,0,2,1,0.0,0,1.0,0,78.0,97.0,0.0,240.0,2021
1,D,78.0,60.0,7.0,1.0,4,1.0,1.0,0.0,1,2,1,0.0,0,3.0,1.0,2,0.0,7,1,0,1,1,0.0,0,1.0,0,121.0,151.0,60.0,240.0,2021
1,D,20.0,45.0,6.0,1.0,47,3.0,1.0,1.0,1,52,1,0.0,0,3.0,1.0,1,1.0,8,1,0,1,1,1.0,0,1.0,0,30.0,37.0,0.0,60.0,2021
3,D,60.0,47.0,6.0,1.0,52,1.0,1.0,0.0,1,58,1,0.0,0,3.0,1.0,1,1.0,7,1,0,1,1,0.0,0,1.0,0,97.0,121.0,60.0,240.0,2021
1,B,,25.0,2.0,1.0,47,1.0,1.0,0.0,1,52,1,0.0,0,6.0,1.0,1,0.0,8,0,1,3,0,0.0,0,1.0,0,6.0,12.0,0.0,60.0,2021
2,D,180.0,53.0,7.0,1.0,34,1.0,1.0,0.0,1,39,1,0.0,0,5.0,1.0,1,3.0,7,1,0,1,1,0.0,0,1.0,0,97.0,121.0,0.0,240.0,2021
1,D,0.03,45.0,6.0,1.0,8,1.0,0.0,0.0,1,7,2,0.0,0,6.0,3.0,1,0.0,7,1,0,1,1,0.0,0,1.0,0,51.0,63.0,0.0,120.0,2021
1,C,18.0,45.0,6.0,1.0,92,1.0,1.0,0.0,1,33,1,0.0,0,5.0,2.0,2,7.0,8,1,0,1,1,0.0,0,1.0,0,12.0,18.0,0.0,60.0,2021
1,D,30.0,35.0,4.0,1.0,92,1.0,1.0,3.0,1,33,1,0.0,0,5.0,2.0,1,0.0,8,1,0,1,1,5.0,0,3.0,0,33.0,41.0,0.0,60.0,2021
4,D,30.0,44.0,6.0,1.0,92,1.0,1.0,0.0,3,33,1,1.0,1,5.0,2.0,15,0.0,8,1,0,1,1,0.0,0,1.0,0,27.0,33.0,0.0,60.0,2021
3,D,87.0,62.0,8.0,1.0,48,1.0,0.0,0.0,1,54,1,0.0,0,6.0,1.0,1,0.0,7,1,0,1,1,0.0,0,1.0,0,151.0,188.0,60.0,240.0,2021
6,D,120.0,49.0,6.0,1.0,79,1.0,1.0,3.0,1,83,1,0.0,0,3.0,1.0,1,0.0,7,1,0,1,1,3.0,0,2.0,0,120.0,120.0,120.0,240.0,2021
1,D,72.0,40.0,5.0,1.0,25,1.0,1.0,3.0,1,23,1,0.0,0,5.0,1.0,1,0.0,7,1,0,1,1,3.0,0,2.0,0,78.0,97.0,60.0,240.0,2021
3,D,72.0,24.0,2.0,1.0,42,1.0,1.0,0.0,1,48,1,0.0,0,3.0,1.0,1,0.0,7,1,0,1,1,0.0,0,1.0,0,97.0,121.0,0.0,240.0,2021
2,D,60.0,29.0,3.0,1.0,28,1.0,0.0,0.0,1,35,1,0.0,0,1.0,1.0,1,0.0,7,1,0,1,1,0.0,0,1.0,0,97.0,121.0,60.0,240.0,2021
1,D,168.0,69.0,8.0,1.0,35,1.0,0.0,0.0,1,41,1,0.0,0,6.0,1.0,2,0.0,7,1,0,1,1,0.0,0,1.0,0,151.0,188.0,60.0,240.0,2021
1,D,121.0,23.0,2.0,1.0,94,1.0,0.0,0.0,1,34,1,0.0,0,6.0,2.0,1,0.0,7,1,0,1,1,0.0,0,1.0,0,151.0,188.0,60.0,240.0,2021
1,D,132.0,39.0,5.0,1.0,70,1.0,1.0,0.0,1,75,1,0.0,0,5.0,6.0,2,0.0,7,1,0,1,1,0.0,0,1.0,0,120.0,121.0,120.0,9996.0,2021
2,D,72.0,32.0,4.0,1.0,84,1.0,1.0,4.0,1,88,1,0.0,0,3.0,2.0,1,0.0,7,1,0,1,1,4.0,0,3.0,0,121.0,151.0,0.0,240.0,2021
1,D,120.0,32.0,4.0,1.0,47,1.0,1.0,0.0,1,52,1,0.0,0,3.0,2.0,1,2.0,7,1,0,1,1,0.0,0,1.0,0,210.0,240.0,60.0,240.0,2021
4,D,120.0,40.0,5.0,1.0,58,1.0,1.0,3.0,1,65,1,0.0,0,5.0,1.0,1,0.0,7,1,0,1,1,5.0,0,3.0,0,120.0,120.0,120.0,240.0,2021
2,D,99.0,41.0,6.0,1.0,15,1.0,0.0,0.0,1,13,1,0.0,0,3.0,1.0,2,0.0,7,1,0,1,1,0.0,0,1.0,0,97.0,121.0,60.0,240.0,2021
2,D,240.0,34.0,4.0,1.0,28,1.0,1.0,4.0,1,35,1,0.0,0,3.0,1.0,1,3.0,7,1,0,1,1,6.0,0,3.0,0,240.0,240.0,60.0,240.0,2021
4,D,144.0,35.0,4.0,1.0,53,1.0,1.0,1.0,1,60,1,0.0,0,5.0,1.0,1,0.0,7,1,0,1,1,1.0,0,1.0,0,168.0,210.0,60.0,240.0,2021
9,D,60.0,51.0,7.0,1.0,91,1.0,1.0,0.0,1,31,1,0.0,0,1.0,1.0,1,0.0,7,1,0,1,1,0.0,0,1.0,0,97.0,121.0,60.0,240.0,2021
2,D,24.0,46.0,6.0,1.0,51,1.0,0.0,0.0,1,57,1,0.0,0,6.0,1.0,1,0.0,7,1,0,1,1,0.0,0,1.0,0,78.0,97.0,0.0,240.0,2021
8,D,336.0,51.0,7.0,1.0,60,1.0,1.0,11.0,1,67,1,0.0,0,3.0,1.0,1,0.0,7,1,0,1,1,13.0,0,6.0,0,324.0,405.0,180.0,480.0,2021
4,D,168.0,33.0,4.0,1.0,35,1.0,1.0,7.0,1,41,1,0.0,0,3.0,6.0,2,2.0,7,1,0,1,1,7.0,0,4.0,0,168.0,210.0,60.0,240.0,2021
3,D,180.0,59.0,7.0,1.0,22,1.0,1.0,1.0,1,19,1,0.0,0,1.0,1.0,1,0.0,7,1,0,1,1,1.0,0,1.0,0,180.0,188.0,180.0,480.0,2021
2,D,120.0,50.0,6.0,1.0,21,1.0,1.0,3.0,1,18,1,0.0,0,5.0,1.0,1,0.0,7,1,0,1,1,5.0,0,3.0,0,120.0,121.0,120.0,240.0,2021
2,D,48.0,65.0,8.0,1.0,84,1.0,1.0,0.0,1,88,1,0.0,0,5.0,1.0,1,0.0,7,1,0,1,1,0.0,0,1.0,0,78.0,97.0,0.0,240.0,2021
1,D,78.0,27.0,3.0,1.0,91,1.0,0.0,0.0,1,31,2,0.0,0,6.0,3.0,1,0.0,7,1,0,1,1,0.0,0,1.0,0,78.0,97.0,0.0,240.0,2021
2,D,120.0,37.0,5.0,1.0,84,1.0,1.0,3.0,1,88,1,0.0,0,5.0,6.0,1,0.0,7,1,0,1,1,3.0,0,2.0,0,120.0,120.0,120.0,240.0,2021
2,D,96.0,24.0,2.0,1.0,35,1.0,1.0,0.0,1,41,2,0.0,0,3.0,3.0,1,0.0,7,1,0,1,1,0.0,0,1.0,0,188.0,235.0,60.0,240.0,2021
2,D,72.0,45.0,6.0,1.0,84,1.0,1.0,5.0,1,88,1,0.0,0,5.0,1.0,1,1.0,7,1,0,1,1,5.0,0,3.0,0,120.0,121.0,120.0,240.0,2021
3,D,84.0,33.0,4.0,1.0,68,1.0,1.0,0.0,1,74,1,0.0,0,3.0,1.0,1,0.0,7,1,0,1,1,0.0,0,1.0,0,151.0,188.0,60.0,240.0,2021
4,D,60.0,35.0,4.0,1.0,35,1.0,1.0,0.0,1,41,1,0.0,0,6.0,1.0,2,1.0,7,1,0,1,1,0.0,0,1.0,0,97.0,121.0,60.0,240.0,2021
4,D,60.0,49.0,6.0,1.0,67,1.0,1.0,7.0,1,71,1,0.0,0,3.0,1.0,1,0.0,7,1,0,1,1,7.0,0,4.0,0,110.0,137.0,0.0,240.0,2021
1,D,48.0,52.0,7.0,1.0,8,1.0,1.0,0.0,1,7,2,0.0,0,6.0,3.0,1,1.0,7,1,0,1,1,0.0,0,1.0,0,78.0,97.0,0.0,120.0,2021
1,D,120.0,56.0,7.0,1.0,10,1.0,1.0,3.0,1,8,2,0.0,0,3.0,3.0,3,2.0,7,1,0,1,1,3.0,0,2.0,0,120.0,120.0,120.0,240.0,2021
1,D,60.0,50.0,6.0,1.0,10,1.0,1.0,1.0,1,8,1,0.0,0,6.0,6.0,1,0.0,7,1,0,1,1,1.0,0,1.0,0,151.0,188.0,60.0,240.0,2021
1,D,144.0,30.0,3.0,1.0,11,1.0,1.0,0.0,1,9,1,0.0,0,3.0,1.0,1,0.0,7,1,0,1,1,0.0,0,1.0,0,188.0,235.0,60.0,240.0,2021
2,D,156.0,40.0,5.0,1.0,27,1.0,0.0,0.0,1,25,1,0.0,0,6.0,1.0,1,0.0,7,1,0,1,1,0.0,0,1.0,0,151.0,188.0,60.0,240.0,2021
2,D,108.0,52.0,7.0,1.0,15,1.0,0.0,0.0,1,13,1,0.0,0,3.0,1.0,2,0.0,7,1,0,1,1,0.0,0,1.0,0,121.0,151.0,60.0,240.0,2021
2,D,324.0,40.0,5.0,1.0,39,1.0,1.0,9.0,1,45,1,0.0,0,5.0,1.0,3,0.0,7,1,0,1,1,9.0,0,4.0,0,324.0,405.0,180.0,480.0,2021
4,D,97.0,39.0,5.0,1.0,58,1.0,1.0,1.0,1,65,1,0.0,0,3.0,1.0,2,0.0,7,1,0,1,1,1.0,0,1.0,0,151.0,188.0,60.0,240.0,2022
5,D,,50.0,6.0,1.0,54,1.0,0.0,0.0,1,61,1,0.0,0,3.0,1.0,1,1.0,8,0,1,4,0,0.0,0,1.0,0,18.0,24.0,0.0,60.0,2022
3,D,,48.0,6.0,1.0,46,1.0,1.0,0.0,1,53,1,0.0,0,3.0,1.0,1,0.0,7,0,1,3,0,0.0,0,1.0,0,63.0,78.0,0.0,240.0,2022
4,D,210.0,38.0,5.0,1.0,56,1.0,1.0,1.0,1,63,1,0.0,0,5.0,1.0,1,1.0,7,1,0,1,1,1.0,0,1.0,0,210.0,240.0,60.0,240.0,2022
1,D,60.0,44.0,6.0,1.0,50,1.0,1.0,0.0,1,56,1,0.0,0,5.0,1.0,1,1.0,7,1,0,1,1,0.0,0,1.0,0,97.0,121.0,60.0,240.0,2022
2,D,240.0,50.0,6.0,1.0,15,1.0,1.0,7.0,1,13,1,0.0,0,3.0,1.0,5,0.0,7,1,0,1,1,9.0,0,4.0,0,9996.0,9996.0,120.0,9996.0,2022
5,C,21.0,54.0,7.0,1.0,92,1.0,1.0,0.0,1,33,1,0.0,0,3.0,2.0,1,0.0,8,1,0,1,1,0.0,0,1.0,0,12.0,18.0,0.0,60.0,2022
2,D,30.0,26.0,3.0,1.0,39,1.0,0.0,0.0,1,45,0,0.0,0,5.0,1.0,1,0.0,7,1,0,1,1,0.0,0,1.0,0,30.0,37.0,0.0,120.0,2022
5,D,24.0,39.0,5.0,1.0,92,1.0,1.0,6.0,1,33,1,0.0,0,1.0,2.0,1,4.0,8,1,0,1,1,6.0,0,3.0,0,18.0,24.0,0.0,60.0,2022
5,D,180.0,55.0,7.0,1.0,9,1.0,1.0,10.0,1,6,1,0.0,0,5.0,1.0,2,0.0,7,1,0,1,1,12.0,0,5.0,0,324.0,405.0,180.0,480.0,2022
4,D,96.0,45.0,6.0,1.0,39,1.0,0.0,0.0,1,45,1,0.0,0,6.0,1.0,1,1.0,7,1,0,1,1,0.0,0,1.0,0,151.0,188.0,60.0,240.0,2022
2,D,240.0,46.0,6.0,1.0,34,1.0,1.0,0.0,1,39,1,0.0,0,5.0,1.0,1,0.0,7,1,0,1,1,0.0,0,1.0,0,235.0,240.0,60.0,240.0,2022
6,D,72.0,65.0,8.0,1.0,59,1.0,0.0,0.0,1,66,0,0.0,0,5.0,1.0,1,0.0,7,1,0,1,1,0.0,0,1.0,0,151.0,188.0,60.0,240.0,2022
4,D,46.0,59.0,7.0,1.0,53,1.0,0.0,0.0,1,60,1,0.0,0,3.0,1.0,1,0.0,7,1,0,1,1,0.0,0,1.0,0,46.0,57.0,0.0,120.0,2022
5,D,48.0,49.0,6.0,1.0,83,1.0,0.0,0.0,1,87,2,0.0,0,6.0,3.0,1,3.0,7,1,0,1,1,0.0,0,1.0,0,78.0,97.0,0.0,120.0,2022
4,D,84.0,24.0,2.0,1.0,82,1.0,0.0,0.0,1,85,1,0.0,0,6.0,1.0,1,0.0,7,1,0,1,1,0.0,0,1.0,0,97.0,121.0,0.0,240.0,2022
2,D,68.0,41.0,6.0,1.0,39,1.0,0.0,0.0,1,45,1,0.0,0,5.0,1.0,1,0.0,7,1,0,1,1,0.0,0,1.0,0,151.0,188.0,60.0,240.0,2022
3,D,60.0,53.0,7.0,1.0,50,1.0,1.0,0.0,1,56,1,0.0,0,5.0,1.0,1,0.0,7,1,0,1,1,0.0,0,1.0,0,63.0,78.0,0.0,240.0,2022
3,D,18.0,52.0,7.0,1.0,24,1.0,1.0,0.0,1,22,1,0.0,0,3.0,2.0,2,2.0,8,1,0,1,1,0.0,0,1.0,0,15.0,21.0,0.0,60.0,2022
4,D,180.0,61.0,8.0,1.0,39,1.0,1.0,0.0,1,45,1,0.0,0,5.0,1.0,1,0.0,7,1,0,1,1,0.0,0,1.0,0,262.0,327.0,180.0,480.0,2022
2,D,18.0,47.0,6.0,1.0,24,1.0,1.0,2.0,1,22,1,0.0,0,6.0,2.0,1,1.0,8,1,0,1,1,2.0,0,2.0,0,15.0,21.0,0.0,60.0,2022
4,D,48.0,67.0,8.0,1.0,82,1.0,1.0,1.0,1,85,1,0.0,0,6.0,1.0,2,1.0,7,1,0,1,1,1.0,0,1.0,0,78.0,97.0,0.0,120.0,2022
4,D,120.0,60.0,7.0,1.0,64,1.0,0.0,0.0,1,70,1,0.0,0,6.0,1.0,1,0.0,7,1,0,1,1,0.0,0,1.0,0,151.0,188.0,0.0,240.0,2022
2,D,12.0,80.0,8.0,1.0,65,1.0,0.0,0.0,1,73,1,0.0,0,6.0,1.0,1,0.0,7,1,0,1,1,0.0,0,1.0,0,78.0,97.0,0.0,240.0,2022
7,D,0.03,73.0,8.0,1.0,23,1.0,1.0,0.0,1,20,1,0.0,0,3.0,1.0,1,0.0,7,1,0,2,1,0.0,0,1.0,0,97.0,121.0,0.0,240.0,2022
3,D,23.85,23.0,2.0,1.0,36,1.0,0.0,0.0,1,42,1,0.0,0,3.0,2.0,1,0.0,7,1,0,1,1,0.0,0,1.0,0,30.0,37.0,0.0,120.0,2022
2,D,120.0,43.0,6.0,1.0,17,1.0,1.0,6.0,1,15,1,0.0,0,6.0,1.0,1,0.0,7,1,0,1,1,6.0,0,3.0,0,188.0,235.0,60.0,240.0,2022
1,D,120.0,32.0,4.0,1.0,35,1.0,1.0,0.0,1,41,2,0.0,0,5.0,3.0,1,0.0,7,1,0,1,1,0.0,0,1.0,0,70.0,87.0,0.0,120.0,2022
3,D,6.0,74.0,8.0,1.0,77,1.0,1.0,0.0,1,81,1,0.0,0,6.0,1.0,1,2.0,7,1,0,2,1,0.0,0,1.0,0,30.0,37.0,0.0,240.0,2022
2,D,60.0,25.0,2.0,1.0,76,1.0,1.0,2.0,1,80,1,0.0,0,3.0,1.0,1,0.0,7,1,0,1,1,2.0,0,2.0,0,151.0,188.0,60.0,240.0,2022
4,D,6.0,37.0,5.0,1.0,64,1.0,1.0,0.0,1,70,2,0.0,0,1.0,3.0,1,0.0,7,1,0,1,1,0.0,0,1.0,0,57.0,71.0,0.0,240.0,2022
3,D,6.53,25.0,2.0,1.0,43,1.0,0.0,0.0,1,49,1,0.0,0,3.0,1.0,1,0.0,7,1,0,1,1,0.0,0,1.0,0,210.0,240.0,60.0,240.0,2022
2,D,30.0,74.0,8.0,1.0,45,1.0,1.0,0.0,1,51,1,0.0,0,5.0,1.0,1,0.0,7,1,0,1,1,0.0,0,1.0,0,78.0,97.0,0.0,240.0,2022
1,D,240.0,41.0,6.0,1.0,91,1.0,1.0,0.0,1,31,1,0.0,0,6.0,2.0,5,0.0,7,1,0,1,1,0.0,0,1.0,0,210.0,262.0,60.0,240.0,2022
1,D,660.0,29.0,3.0,1.0,66,1.0,1.0,0.0,1,72,2,0.0,0,1.0,3.0,6,0.0,7,1,0,1,1,0.0,0,1.0,0,2040.0,2040.0,180.0,360.0,2022
4,D,60.0,76.0,8.0,1.0,56,1.0,0.0,0.0,1,63,1,0.0,0,6.0,1.0,1,0.0,7,1,0,1,1,0.0,0,1.0,0,78.0,97.0,60.0,240.0,2022
1,D,97.0,24.0,2.0,1.0,74,1.0,0.0,0.0,1,94,1,0.0,0,3.0,6.0,1,0.0,7,1,0,1,1,0.0,0,1.0,0,97.0,121.0,0.0,240.0,2022
4,D,150.0,46.0,6.0,1.0,72,1.0,1.0,6.0,1,77,1,0.0,0,5.0,1.0,1,0.0,7,1,0,1,1,6.0,0,3.0,0,188.0,235.0,60.0,240.0,2022
2,D,37.0,39.0,5.0,1.0,85,1.0,1.0,3.0,1,89,1,1.0,0,5.0,1.0,1,0.0,7,1,0,1,1,3.0,0,2.0,0,108.0,135.0,0.0,240.0,2022
4,D,60.0,35.0,4.0,1.0,21,1.0,1.0,0.0,1,18,1,0.0,0,6.0,1.0,1,0.0,7,1,0,1,1,0.0,0,1.0,0,97.0,121.0,60.0,240.0,2022
1,D,89.76,25.0,2.0,1.0,51,1.0,1.0,0.0,1,57,0,1.0,0,5.0,2.0,1,1.0,7,1,0,1,1,0.0,0,1.0,0,135.0,168.0,60.0,240.0,2022
2,D,90.0,58.0,7.0,1.0,17,1.0,1.0,0.0,1,15,1,0.0,0,3.0,1.0,2,0.0,7,1,0,1,1,0.0,0,1.0,0,210.0,262.0,60.0,240.0,2022
4,D,52.0,30.0,3.0,1.0,67,1.0,1.0,10.0,1,71,2,0.0,0,5.0,3.0,1,0.0,7,1,0,1,1,12.0,0,5.0,0,63.0,78.0,0.0,120.0,2022
7,D,72.0,29.0,3.0,1.0,25,1.0,0.0,0.0,1,23,1,0.0,0,5.0,1.0,1,0.0,7,1,0,1,1,0.0,0,1.0,0,97.0,121.0,60.0,240.0,2022
2,D,60.0,26.0,3.0,1.0,26,1.0,1.0,3.0,3,24,1,0.0,1,3.0,2.0,1,0.0,7,1,0,1,1,3.0,0,2.0,0,57.0,71.0,0.0,120.0,2022
3,D,180.0,39.0,5.0,1.0,38,1.0,1.0,3.0,1,44,1,0.0,0,5.0,1.0,4,0.0,7,1,0,1,1,3.0,0,2.0,0,180.0,180.0,180.0,480.0,2022
6,D,84.0,32.0,4.0,1.0,59,1.0,1.0,0.0,1,66,0,0.0,0,3.0,1.0,1,0.0,7,1,0,1,1,0.0,0,1.0,0,151.0,188.0,60.0,240.0,2022
4,D,88.0,57.0,7.0,1.0,94,1.0,0.0,0.0,1,34,1,0.0,0,5.0,1.0,1,1.0,7,1,0,1,1,0.0,0,1.0,0,121.0,151.0,60.0,240.0,2022
4,D,60.0,50.0,6.0,1.0,58,1.0,1.0,0.0,1,65,1,0.0,0,5.0,1.0,1,0.0,7,1,0,1,1,0.0,0,1.0,0,70.0,87.0,0.0,120.0,2022
2,D,144.0,40.0,5.0,1.0,17,1.0,1.0,1.0,1,15,1,0.0,0,1.0,1.0,2,2.0,7,1,0,1,1,1.0,0,1.0,0,60.0,71.0,60.0,240.0,2022
2,D,120.0,63.0,8.0,1.0,84,1.0,1.0,0.0,1,88,1,0.0,0,6.0,1.0,1,0.0,7,1,0,1,1,0.0,0,1.0,0,121.0,151.0,120.0,240.0,2022
4,D,120.0,35.0,4.0,1.0,59,1.0,1.0,0.0,1,66,1,0.0,0,5.0,1.0,1,0.0,7,1,0,1,1,0.0,0,1.0,0,151.0,188.0,60.0,240.0,2022
6,D,168.0,56.0,7.0,1.0,59,1.0,1.0,0.0,1,66,0,0.0,0,3.0,1.0,1,0.0,7,1,0,1,1,0.0,0,1.0,0,240.0,240.0,60.0,240.0,2022
1,D,78.0,40.0,5.0,1.0,41,1.0,1.0,0.0,1,47,1,0.0,0,3.0,1.0,1,1.0,7,1,0,1,1,0.0,0,1.0,0,70.0,87.0,60.0,240.0,2022
4,D,48.0,61.0,8.0,1.0,64,1.0,0.0,0.0,1,70,1,0.0,0,5.0,1.0,4,1.0,7,1,0,1,1,0.0,0,1.0,0,97.0,121.0,0.0,240.0,2022
2,D,120.0,43.0,6.0,1.0,39,1.0,1.0,0.0,1,45,1,0.0,0,1.0,1.0,2,0.0,7,1,0,1,1,0.0,0,1.0,0,97.0,121.0,60.0,240.0,2022
5,D,24.0,45.0,6.0,1.0,83,1.0,1.0,0.0,1,87,1,0.0,0,1.0,1.0,1,0.0,7,1,0,1,1,0.0,0,1.0,0,87.0,108.0,0.0,240.0,2022
2,D,9.0,22.0,2.0,1.0,35,1.0,0.0,0.0,1,41,2,0.0,0,3.0,3.0,1,0.0,7,1,0,2,1,0.0,0,1.0,0,78.0,97.0,0.0,240.0,2022
5,D,84.0,40.0,5.0,1.0,27,1.0,1.0,0.0,1,25,1,0.0,0,3.0,1.0,1,1.0,7,1,0,1,1,0.0,0,1.0,0,121.0,151.0,60.0,240.0,2022
3,D,78.0,57.0,7.0,1.0,43,1.0,1.0,0.0,1,49,1,0.0,0,3.0,1.0,1,0.0,7,1,0,1,1,0.0,0,1.0,0,78.0,97.0,0.0,240.0,2022
3,D,212.0,64.0,8.0,1.0,43,1.0,1.0,3.0,1,49,1,0.0,0,3.0,1.0,2,0.0,7,1,0,1,1,3.0,0,2.0,0,188.0,235.0,180.0,480.0,2022
3,D,78.0,38.0,5.0,1.0,61,1.0,1.0,0.0,1,68,1,0.0,0,6.0,1.0,2,0.0,7,1,0,1,1,0.0,0,1.0,0,78.0,97.0,0.0,240.0,2022
2,D,24.0,37.0,5.0,1.0,76,1.0,1.0,0.0,1,80,1,0.0,0,5.0,1.0,1,0.0,7,1,0,1,1,0.0,0,1.0,0,78.0,97.0,0.0,240.0,2022
2,D,120.0,34.0,4.0,1.0,2,1.0,1.0,7.0,1,0,1,0.0,0,1.0,1.0,1,2.0,7,1,0,1,1,7.0,0,4.0,0,120.0,137.0,120.0,240.0,2022
5,D,66.0,34.0,4.0,1.0,62,1.0,1.0,2.0,1,69,1,0.0,0,3.0,1.0,1,0.0,7,1,0,2,1,4.0,0,3.0,0,97.0,121.0,60.0,240.0,2022
C,D,32.0,35.0,4.0,1.0,46,1.0,1.0,0.0,1,53,1,0.0,0,1.0,1.0,1,2.0,7,1,0,1,1,0.0,0,1.0,0,46.0,57.0,0.0,120.0,2022
8,D,48.0,58.0,7.0,1.0,60,1.0,1.0,0.0,1,67,1,0.0,0,3.0,1.0,1,0.0,7,1,0,1,1,0.0,0,1.0,0,57.0,71.0,0.0,240.0,2022
3,D,37.0,56.0,7.0,1.0,92,1.0,0.0,0.0,1,33,1,0.0,0,6.0,1.0,1,0.0,7,1,0,1,1,0.0,0,1.0,0,37.0,46.0,0.0,240.0,2022
6,D,84.0,23.0,2.0,1.0,89,1.0,0.0,0.0,1,30,2,0.0,0,6.0,3.0,2,0.0,7,1,0,1,1,0.0,0,1.0,0,210.0,262.0,60.0,240.0,2022
4,D,,24.0,2.0,1.0,24,1.0,0.0,0.0,1,22,1,0.0,0,5.0,1.0,1,0.0,7,0,1,3,0,0.0,0,1.0,0,41.0,51.0,0.0,120.0,2022
3,D,210.0,32.0,4.0,1.0,34,1.0,1.0,11.0,1,39,2,0.0,0,3.0,3.0,1,1.0,7,1,0,1,1,13.0,0,6.0,0,168.0,210.0,60.0,240.0,2022
3,D,138.0,22.0,2.0,1.0,34,1.0,1.0,0.0,1,39,1,0.0,0,3.0,1.0,1,0.0,7,1,0,1,1,0.0,0,1.0,0,121.0,151.0,0.0,240.0,2022
2,D,32.0,32.0,4.0,1.0,77,1.0,0.0,0.0,1,81,1,0.0,0,3.0,1.0,1,0.0,7,1,0,1,1,0.0,0,1.0,0,97.0,121.0,0.0,240.0,2022
1,D,168.0,39.0,5.0,1.0,16,1.0,1.0,1.0,1,14,1,0.0,0,5.0,1.0,1,0.0,7,1,0,1,1,3.0,0,2.0,0,168.0,210.0,60.0,240.0,2022
1,D,60.0,41.0,6.0,1.0,19,1.0,1.0,0.0,1,16,1,0.0,0,5.0,1.0,1,0.0,7,1,0,1,1,0.0,0,1.0,0,97.0,120.0,0.0,120.0,2022
6,D,100.0,63.0,8.0,1.0,79,1.0,1.0,0.0,1,83,1,0.0,0,1.0,1.0,1,0.0,7,1,0,1,1,0.0,0,1.0,0,151.0,188.0,60.0,240.0,2022
2,D,60.0,35.0,4.0,1.0,39,1.0,1.0,0.0,1,45,1,0.0,0,5.0,1.0,1,0.0,7,1,0,1,1,0.0,0,1.0,0,151.0,188.0,60.0,240.0,2022
1,D,98.0,25.0,2.0,1.0,47,1.0,0.0,0.0,1,52,2,0.0,0,5.0,3.0,2,0.0,7,1,0,1,1,0.0,0,1.0,0,121.0,151.0,60.0,9996.0,2022
5,D,66.0,31.0,4.0,1.0,67,1.0,0.0,0.0,1,71,1,0.0,0,6.0,1.0,1,1.0,7,1,0,1,1,0.0,0,1.0,0,97.0,121.0,0.0,240.0,2022
6,D,80.0,58.0,7.0,1.0,21,1.0,1.0,0.0,1,18,1,0.0,0,5.0,1.0,1,0.0,7,1,0,1,1,0.0,0,1.0,0,151.0,188.0,60.0,240.0,2022
1,D,180.0,53.0,7.0,1.0,19,1.0,1.0,4.0,1,16,1,0.0,0,3.0,1.0,1,0.0,7,1,0,1,1,6.0,0,3.0,0,188.0,235.0,180.0,480.0,2022
2,D,27.0,55.0,7.0,1.0,17,1.0,0.0,0.0,1,15,1,0.0,0,5.0,1.0,1,0.0,7,1,0,1,1,0.0,0,1.0,0,57.0,71.0,0.0,240.0,2022
6,D,72.0,23.0,2.0,1.0,30,1.0,0.0,0.0,1,36,1,0.0,0,3.0,1.0,1,0.0,7,1,0,1,1,0.0,0,1.0,0,151.0,188.0,60.0,240.0,2022
2,D,60.0,61.0,8.0,1.0,17,1.0,0.0,0.0,1,15,1,0.0,0,1.0,1.0,1,0.0,7,1,0,1,1,0.0,0,1.0,0,78.0,97.0,0.0,240.0,2022
3,D,84.0,42.0,6.0,1.0,5,1.0,1.0,0.0,1,4,2,0.0,0,6.0,3.0,1,0.0,7,1,0,1,1,0.0,0,1.0,0,78.0,97.0,0.0,240.0,2022
5,D,165.0,67.0,8.0,1.0,20,1.0,1.0,0.0,1,17,1,0.0,0,5.0,1.0,1,0.0,7,1,0,1,1,0.0,0,1.0,0,151.0,188.0,60.0,240.0,2022
6,D,151.0,40.0,5.0,1.0,81,1.0,1.0,0.0,1,86,1,0.0,0,5.0,6.0,1,2.0,7,1,0,1,1,0.0,0,1.0,0,151.0,188.0,60.0,240.0,2022
5,D,97.0,26.0,3.0,1.0,33,1.0,0.0,0.0,1,40,1,0.0,0,5.0,1.0,1,0.0,7,1,0,1,1,0.0,0,1.0,0,97.0,121.0,0.0,240.0,2022
3,D,78.0,28.0,3.0,1.0,22,1.0,1.0,0.0,1,19,2,0.0,0,5.0,3.0,1,0.0,7,1,0,1,1,0.0,0,1.0,0,97.0,121.0,0.0,240.0,2022
1,D,120.0,25.0,2.0,1.0,19,1.0,1.0,1.0,1,16,1,0.0,0,5.0,1.0,1,0.0,7,1,0,1,1,3.0,0,2.0,0,120.0,135.0,120.0,240.0,2022
5,D,96.0,54.0,7.0,1.0,20,1.0,0.0,0.0,1,17,1,0.0,0,6.0,1.0,2,2.0,7,1,0,1,1,0.0,0,1.0,0,151.0,188.0,60.0,240.0,2022
5,D,60.0,41.0,6.0,1.0,62,1.0,0.0,0.0,1,69,1,0.0,0,5.0,1.0,1,1.0,7,1,0,1,1,0.0,0,1.0,0,97.0,121.0,60.0,240.0,2022
4,D,210.0,33.0,4.0,1.0,56,1.0,1.0,3.0,1,63,1,0.0,0,5.0,1.0,2,1.0,7,1,0,1,1,3.0,0,2.0,0,168.0,210.0,60.0,240.0,2022
4,D,82.0,62.0,8.0,1.0,82,1.0,1.0,12.0,1,85,1,0.0,0,3.0,1.0,1,0.0,7,1,0,1,1,14.0,0,6.0,0,63.0,78.0,60.0,240.0,2022
4,D,35.69,32.0,4.0,1.0,56,1.0,1.0,1.0,1,63,1,0.0,0,1.0,1.0,1,1.0,7,1,0,1,1,1.0,0,1.0,0,78.0,97.0,0.0,240.0,2022
6,D,180.0,36.0,5.0,1.0,59,1.0,1.0,0.0,1,66,0,0.0,0,5.0,1.0,1,0.0,7,1,0,1,1,0.0,0,1.0,0,210.0,240.0,60.0,240.0,2022
6,D,120.0,27.0,3.0,1.0,11,1.0,1.0,5.0,1,9,1,0.0,0,3.0,1.0,1,0.0,7,1,0,1,1,5.0,0,3.0,0,120.0,121.0,120.0,240.0,2022
3,D,210.0,35.0,4.0,1.0,22,1.0,1.0,5.0,1,19,1,0.0,0,3.0,1.0,1,,7,1,0,1,1,7.0,0,4.0,0,292.0,365.0,180.0,480.0,2022
1,D,120.0,25.0,2.0,1.0,19,1.0,1.0,1.0,1,16,1,0.0,0,5.0,1.0,1,0.0,7,1,0,1,1,3.0,0,2.0,0,120.0,120.0,120.0,240.0,2022
2,D,120.0,40.0,5.0,1.0,27,1.0,1.0,3.0,1,25,1,0.0,0,3.0,1.0,1,1.0,7,1,0,1,1,5.0,0,3.0,0,120.0,120.0,120.0,240.0,2022
5,D,121.0,57.0,7.0,1.0,22,1.0,1.0,2.0,1,19,1,0.0,0,3.0,1.0,1,,7,1,0,1,1,4.0,0,3.0,0,121.0,151.0,120.0,240.0,2022
3,D,24.0,42.0,6.0,1.0,62,1.0,1.0,0.0,1,69,1,0.0,0,6.0,1.0,1,0.0,7,1,0,1,1,0.0,0,1.0,0,18.0,24.0,0.0,120.0,2022
6,D,51.0,64.0,8.0,1.0,81,1.0,1.0,0.0,1,86,1,0.0,0,6.0,6.0,1,0.0,7,1,0,1,1,0.0,0,1.0,0,51.0,63.0,0.0,240.0,2022
3,D,108.0,64.0,8.0,1.0,31,1.0,1.0,2.0,1,37,1,0.0,0,3.0,1.0,1,0.0,7,1,0,1,1,2.0,0,2.0,0,108.0,120.0,0.0,120.0,2022
1,D,12.0,63.0,8.0,1.0,36,1.0,1.0,3.0,1,42,1,0.0,0,6.0,1.0,1,0.0,7,1,0,2,1,5.0,0,3.0,0,120.0,120.0,120.0,240.0,2022
1,D,72.0,31.0,4.0,1.0,1,1.0,1.0,0.0,1,90,1,0.0,0,3.0,1.0,1,0.0,7,1,0,1,1,0.0,0,1.0,0,151.0,188.0,60.0,240.0,2022
9,D,600.0,29.0,3.0,1.0,91,1.0,1.0,0.0,1,31,1,0.0,0,3.0,1.0,2,0.0,7,1,0,1,1,0.0,0,1.0,0,600.0,600.0,180.0,360.0,2022
1,D,210.0,27.0,3.0,1.0,9,1.0,1.0,0.0,1,6,1,0.0,0,6.0,1.0,5,0.0,7,1,0,1,1,0.0,0,1.0,0,210.0,262.0,60.0,240.0,2022
1,D,180.0,32.0,4.0,1.0,41,1.0,1.0,6.0,1,47,1,0.0,0,3.0,1.0,1,0.0,7,1,0,1,1,8.0,0,4.0,0,180.0,180.0,180.0,480.0,2022
3,D,88.0,41.0,6.0,1.0,46,1.0,0.0,0.0,1,53,1,0.0,0,6.0,1.0,1,2.0,7,1,0,1,1,0.0,0,1.0,0,60.0,60.0,60.0,240.0,2022
2,D,840.0,23.0,2.0,1.0,91,1.0,1.0,1.0,1,31,1,0.0,0,1.0,1.0,3,1.0,7,1,0,1,1,1.0,0,1.0,0,840.0,840.0,180.0,360.0,2022
8,D,60.0,70.0,8.0,1.0,89,1.0,1.0,0.0,1,30,1,0.0,0,3.0,1.0,1,0.0,7,1,0,1,1,0.0,0,1.0,0,57.0,71.0,0.0,240.0,2022
1,C,18.0,33.0,4.0,1.0,94,1.0,1.0,0.0,1,34,1,0.0,0,5.0,2.0,1,0.0,8,1,0,1,1,0.0,0,1.0,0,12.0,18.0,0.0,60.0,2022
2,D,46.0,44.0,6.0,1.0,94,1.0,1.0,6.0,1,34,1,0.0,0,3.0,2.0,1,0.0,8,1,0,1,1,8.0,0,4.0,0,37.0,46.0,0.0,60.0,2022
2,D,12.03,32.0,4.0,1.0,24,1.0,1.0,0.0,1,22,1,0.0,0,6.0,1.0,1,0.0,7,1,0,1,1,0.0,0,1.0,0,78.0,97.0,0.0,240.0,2022
2,D,48.0,30.0,3.0,1.0,64,1.0,1.0,2.0,1,70,2,0.0,0,3.0,3.0,1,0.0,7,1,0,1,1,2.0,0,2.0,0,51.0,63.0,0.0,240.0,2022
2,D,57.0,49.0,6.0,1.0,73,3.0,1.0,2.0,1,78,2,0.0,0,5.0,3.0,1,2.0,7,1,0,1,1,2.0,0,2.0,0,78.0,97.0,0.0,240.0,2022
2,D,97.0,42.0,6.0,1.0,15,1.0,0.0,0.0,1,13,1,0.0,0,5.0,1.0,2,0.0,7,1,0,1,1,0.0,0,1.0,0,97.0,121.0,60.0,240.0,2022
3,D,120.0,27.0,3.0,1.0,5,1.0,0.0,0.0,1,4,2,0.0,0,6.0,3.0,3,0.0,7,1,0,1,1,0.0,0,1.0,0,108.0,135.0,0.0,120.0,2022
6,D,72.0,26.0,3.0,1.0,11,1.0,1.0,4.0,1,9,1,0.0,0,3.0,1.0,1,0.0,7,1,0,1,1,4.0,0,3.0,0,97.0,121.0,0.0,240.0,2022
6,D,180.0,39.0,5.0,1.0,59,1.0,1.0,3.0,1,66,0,0.0,0,3.0,1.0,1,0.0,7,1,0,2,1,5.0,0,3.0,0,180.0,180.0,180.0,480.0,2022
8,D,76.0,27.0,3.0,1.0,60,1.0,1.0,0.0,1,67,1,0.0,0,3.0,1.0,1,0.0,7,1,0,1,1,0.0,0,1.0,0,70.0,87.0,60.0,240.0,2022
1,D,97.0,60.0,7.0,1.0,91,1.0,1.0,0.0,1,31,1,0.0,0,5.0,1.0,2,0.0,7,1,0,1,1,0.0,0,1.0,0,97.0,121.0,60.0,240.0,2022
1,D,27.0,43.0,6.0,1.0,1,1.0,1.0,0.0,1,90,1,0.0,0,6.0,1.0,1,0.0,7,1,0,1,1,0.0,0,1.0,0,97.0,121.0,0.0,240.0,2022
2,D,156.0,24.0,2.0,1.0,39,1.0,0.0,0.0,1,45,1,0.0,0,1.0,2.0,1,0.0,7,1,0,1,1,0.0,0,1.0,0,240.0,240.0,60.0,240.0,2022
1,D,120.0,52.0,7.0,1.0,51,1.0,1.0,3.0,1,57,1,0.0,0,6.0,1.0,2,0.0,7,1,0,1,1,3.0,0,2.0,0,120.0,120.0,120.0,360.0,2022
1,D,360.0,34.0,4.0,1.0,47,1.0,1.0,0.0,1,52,2,0.0,0,1.0,3.0,2,4.0,7,1,0,1,1,0.0,0,1.0,0,600.0,600.0,180.0,360.0,2022
1,D,24.0,33.0,4.0,1.0,1,1.0,1.0,0.0,1,90,1,0.0,0,6.0,1.0,1,0.0,7,1,0,1,1,0.0,0,1.0,0,97.0,121.0,0.0,240.0,2022
5,D,180.0,45.0,6.0,1.0,9,1.0,1.0,3.0,1,6,1,0.0,0,1.0,1.0,2,0.0,7,1,0,1,1,5.0,0,3.0,0,180.0,210.0,180.0,480.0,2022
2,D,48.0,24.0,2.0,1.0,65,3.0,0.0,0.0,1,73,2,0.0,0,5.0,3.0,1,0.0,7,1,0,1,1,0.0,0,1.0,0,78.0,97.0,0.0,240.0,2022
2,D,180.0,45.0,6.0,1.0,65,1.0,1.0,3.0,1,73,1,0.0,0,6.0,2.0,1,2.0,8,1,0,1,1,3.0,0,2.0,0,27.0,33.0,0.0,9996.0,2022
6,D,72.0,50.0,6.0,1.0,72,1.0,1.0,12.0,1,77,1,0.0,0,3.0,1.0,1,0.0,7,1,0,1,1,14.0,0,6.0,0,84.0,105.0,0.0,240.0,2022
2,D,210.0,43.0,6.0,1.0,28,1.0,0.0,0.0,1,35,1,0.0,0,3.0,1.0,1,3.0,7,1,0,1,1,0.0,0,1.0,0,210.0,240.0,60.0,240.0,2022
3,D,70.0,24.0,2.0,1.0,38,1.0,1.0,0.0,1,44,1,0.0,0,3.0,1.0,1,0.0,7,1,0,1,1,0.0,0,1.0,0,135.0,168.0,0.0,240.0,2022
4,D,72.0,50.0,6.0,1.0,56,1.0,1.0,1.0,1,63,1,0.0,0,5.0,1.0,1,0.0,7,1,0,1,1,1.0,0,1.0,0,97.0,121.0,60.0,240.0,2022
3,D,72.0,25.0,2.0,1.0,34,1.0,1.0,0.0,1,39,1,0.0,0,6.0,1.0,1,0.0,7,1,0,1,1,0.0,0,1.0,0,108.0,135.0,60.0,240.0,2022
2,D,120.0,45.0,6.0,1.0,39,1.0,1.0,3.0,1,45,1,0.0,0,5.0,1.0,1,0.0,7,1,0,1,1,3.0,0,2.0,0,120.0,120.0,120.0,240.0,2022
5,D,72.0,58.0,7.0,1.0,27,2.0,1.0,0.0,1,25,1,0.0,0,1.0,1.0,1,0.0,7,1,0,1,1,0.0,0,1.0,0,97.0,121.0,0.0,240.0,2022
4,D,192.0,32.0,4.0,1.0,57,1.0,1.0,3.0,1,64,1,0.0,0,3.0,1.0,1,0.0,7,1,0,1,1,5.0,0,3.0,0,360.0,480.0,180.0,480.0,2022
2,D,168.0,23.0,2.0,1.0,15,1.0,0.0,0.0,1,13,1,1.0,0,1.0,2.0,4,0.0,7,1,0,1,1,0.0,0,1.0,0,151.0,188.0,60.0,240.0,2022
4,D,168.0,36.0,5.0,1.0,56,1.0,1.0,5.0,3,63,1,0.0,1,6.0,1.0,1,3.0,7,1,0,1,1,5.0,0,3.0,0,168.0,210.0,60.0,240.0,2022
3,D,77.0,45.0,6.0,1.0,42,1.0,1.0,1.0,1,48,1,0.0,0,5.0,1.0,1,2.0,7,1,0,1,1,3.0,0,2.0,0,135.0,168.0,60.0,240.0,2022
8,D,48.0,31.0,4.0,1.0,31,1.0,0.0,0.0,1,37,1,0.0,0,6.0,1.0,1,0.0,7,1,0,1,1,0.0,0,1.0,0,97.0,121.0,0.0,240.0,2022
2,D,90.0,51.0,7.0,1.0,39,1.0,1.0,0.0,1,45,1,0.0,0,5.0,1.0,1,0.0,7,1,0,1,1,0.0,0,1.0,0,97.0,121.0,60.0,240.0,2022
2,D,78.0,25.0,2.0,1.0,30,1.0,0.0,0.0,1,36,1,0.0,0,3.0,1.0,1,0.0,7,1,0,1,1,0.0,0,1.0,0,78.0,97.0,0.0,240.0,2022
5,D,470.0,41.0,6.0,1.0,41,1.0,1.0,0.0,1,47,1,0.0,0,6.0,1.0,8,0.0,7,1,0,1,1,0.0,0,1.0,0,9996.0,9996.0,120.0,9996.0,2022
2,D,72.0,26.0,3.0,1.0,15,1.0,0.0,0.0,1,13,1,0.0,0,5.0,1.0,2,0.0,7,1,0,1,1,0.0,0,1.0,0,70.0,87.0,60.0,240.0,2022
4,D,60.0,21.0,2.0,1.0,24,1.0,0.0,0.0,1,22,1,0.0,0,5.0,1.0,1,0.0,7,1,0,1,1,0.0,0,1.0,0,210.0,240.0,60.0,240.0,2022
2,D,84.0,23.0,2.0,1.0,84,1.0,1.0,2.0,1,88,1,0.0,0,5.0,1.0,1,0.0,7,1,0,1,1,4.0,0,3.0,0,121.0,151.0,120.0,240.0,2022
4,D,200.0,39.0,5.0,1.0,35,1.0,1.0,7.0,1,41,1,0.0,0,1.0,1.0,2,2.0,7,1,0,1,1,9.0,0,4.0,0,168.0,210.0,60.0,240.0,2022
3,D,300.0,45.0,6.0,1.0,91,1.0,1.0,3.0,1,31,1,0.0,0,5.0,1.0,7,0.0,7,1,0,1,1,3.0,0,2.0,0,9996.0,9996.0,180.0,360.0,2022
3,D,60.0,32.0,4.0,1.0,32,1.0,0.0,0.0,1,38,1,0.0,0,3.0,2.0,1,1.0,7,1,0,1,1,0.0,0,1.0,0,60.0,60.0,60.0,240.0,2022
1,D,72.0,59.0,7.0,1.0,8,1.0,0.0,0.0,1,7,1,0.0,0,6.0,1.0,1,0.0,7,1,0,1,1,0.0,0,1.0,0,151.0,188.0,60.0,240.0,2022
6,D,84.0,46.0,6.0,1.0,8,1.0,0.0,0.0,1,7,1,0.0,0,3.0,1.0,1,1.0,7,1,0,1,1,0.0,0,1.0,0,151.0,188.0,60.0,240.0,2022
4,D,68.0,31.0,4.0,1.0,58,1.0,1.0,2.0,1,65,1,0.0,0,3.0,1.0,2,0.0,7,1,0,1,1,2.0,0,2.0,0,135.0,168.0,60.0,240.0,2022
4,D,120.0,59.0,7.0,1.0,59,1.0,1.0,0.0,1,66,0,0.0,0,5.0,1.0,1,0.0,7,1,0,1,1,0.0,0,1.0,0,151.0,188.0,60.0,240.0,2022
4,D,75.0,22.0,2.0,1.0,34,3.0,0.0,0.0,1,39,2,0.0,0,5.0,3.0,1,0.0,7,1,0,1,1,0.0,0,1.0,0,97.0,121.0,0.0,240.0,2022
2,D,96.0,34.0,4.0,1.0,77,1.0,0.0,0.0,1,81,1,0.0,0,6.0,1.0,3,0.0,7,1,0,1,1,0.0,0,1.0,0,188.0,235.0,0.0,360.0,2022
3,D,210.0,48.0,6.0,1.0,43,1.0,0.0,0.0,1,49,1,0.0,0,5.0,1.0,1,1.0,7,1,0,1,1,0.0,0,1.0,0,240.0,240.0,60.0,240.0,2022
1,D,60.0,47.0,6.0,1.0,91,1.0,1.0,0.0,1,31,1,0.0,0,5.0,2.0,2,0.0,7,1,0,1,1,0.0,0,1.0,0,60.0,71.0,60.0,240.0,2022
4,D,24.0,53.0,7.0,1.0,58,1.0,1.0,0.0,1,65,1,0.0,0,6.0,2.0,1,0.0,8,1,0,1,1,0.0,0,1.0,0,18.0,24.0,0.0,240.0,2022
4,D,97.0,34.0,4.0,1.0,35,1.0,1.0,0.0,1,41,2,0.0,0,5.0,3.0,2,0.0,7,1,0,1,1,0.0,0,1.0,0,97.0,121.0,60.0,240.0,2022
4,D,78.0,31.0,4.0,1.0,35,1.0,0.0,0.0,1,41,1,0.0,0,5.0,1.0,2,0.0,7,1,0,1,1,0.0,0,1.0,0,97.0,121.0,60.0,240.0,2022
8,D,120.0,52.0,7.0,1.0,89,1.0,1.0,3.0,1,30,1,0.0,0,5.0,1.0,1,0.0,7,1,0,1,1,5.0,0,3.0,0,120.0,120.0,120.0,240.0,2022
1,D,71.0,65.0,8.0,1.0,50,1.0,1.0,3.0,1,56,1,0.0,0,3.0,1.0,1,0.0,7,1,0,1,1,5.0,0,3.0,0,37.0,46.0,0.0,240.0,2022
3,D,180.0,49.0,6.0,1.0,52,1.0,1.0,3.0,1,58,1,0.0,0,3.0,1.0,1,0.0,7,1,0,1,1,5.0,0,3.0,0,188.0,235.0,180.0,480.0,2022
3,D,120.0,64.0,8.0,1.0,42,1.0,1.0,1.0,1,48,1,0.0,0,5.0,1.0,1,0.0,7,1,0,1,1,3.0,0,2.0,0,168.0,210.0,60.0,240.0,2022
1,D,36.0,46.0,6.0,1.0,13,1.0,1.0,0.0,1,11,1,0.0,0,5.0,1.0,1,1.0,7,1,0,1,1,0.0,0,1.0,0,46.0,57.0,0.0,240.0,2022
1,D,30.0,52.0,7.0,1.0,1,1.0,1.0,0.0,1,90,1,1.0,0,5.0,1.0,1,0.0,7,1,0,1,1,0.0,0,1.0,0,97.0,121.0,0.0,240.0,2022
1,D,84.0,55.0,7.0,1.0,71,1.0,0.0,0.0,1,76,1,0.0,0,3.0,1.0,1,0.0,7,1,0,1,1,0.0,0,1.0,0,135.0,168.0,0.0,240.0,2022
2,D,121.0,28.0,3.0,1.0,54,1.0,1.0,0.0,1,61,1,0.0,0,5.0,1.0,1,0.0,7,1,0,1,1,0.0,0,1.0,0,210.0,240.0,60.0,240.0,2022
3,D,188.0,61.0,8.0,1.0,90,1.0,1.0,3.0,1,29,1,0.0,0,3.0,1.0,1,0.0,7,1,0,1,1,3.0,0,2.0,0,188.0,235.0,180.0,480.0,2022
3,D,120.0,37.0,5.0,1.0,22,1.0,1.0,3.0,1,19,2,0.0,0,3.0,3.0,1,0.0,7,1,0,1,1,5.0,0,3.0,0,120.0,121.0,120.0,240.0,2022
4,D,180.0,69.0,8.0,1.0,35,1.0,1.0,6.0,1,41,2,0.0,0,5.0,3.0,2,0.0,7,1,0,1,1,8.0,0,4.0,0,180.0,188.0,180.0,480.0,2022
3,D,60.0,47.0,6.0,1.0,7,1.0,0.0,0.0,1,5,1,0.0,0,3.0,1.0,1,1.0,7,1,0,1,1,0.0,0,1.0,0,151.0,188.0,60.0,240.0,2022
2,D,,35.0,4.0,1.0,79,1.0,0.0,0.0,1,83,1,0.0,0,5.0,1.0,1,0.0,7,0,1,4,0,0.0,0,1.0,0,97.0,120.0,0.0,120.0,2022
2,D,60.0,35.0,4.0,1.0,51,1.0,0.0,0.0,1,57,2,0.0,0,1.0,3.0,1,2.0,7,1,0,1,1,0.0,0,1.0,0,121.0,151.0,60.0,240.0,2022
1,D,60.0,31.0,4.0,1.0,1,1.0,1.0,0.0,1,90,1,0.0,0,3.0,2.0,1,0.0,7,1,0,1,1,0.0,0,1.0,0,97.0,121.0,60.0,240.0,2022
4,D,77.0,41.0,6.0,1.0,82,1.0,1.0,0.0,1,85,1,0.0,0,3.0,6.0,1,0.0,7,1,0,1,1,0.0,0,1.0,0,87.0,108.0,0.0,240.0,2022
8,D,128.0,35.0,4.0,1.0,60,1.0,0.0,0.0,1,67,1,0.0,0,5.0,1.0,1,0.0,7,1,0,1,1,0.0,0,1.0,0,151.0,188.0,60.0,240.0,2022
4,D,78.0,24.0,2.0,1.0,82,1.0,1.0,0.0,1,85,1,0.0,0,3.0,2.0,1,1.0,7,1,0,1,1,0.0,0,1.0,0,60.0,60.0,60.0,240.0,2022
1,D,25.49,57.0,7.0,1.0,11,1.0,1.0,3.0,1,9,1,0.0,0,1.0,1.0,1,0.0,7,1,0,1,1,3.0,0,2.0,0,33.0,41.0,0.0,120.0,2022
1,D,121.0,37.0,5.0,1.0,9,1.0,1.0,0.0,1,6,2,0.0,0,3.0,3.0,3,0.0,7,1,0,1,1,0.0,0,1.0,0,210.0,262.0,60.0,240.0,2022
3,D,212.0,33.0,4.0,1.0,5,1.0,0.0,0.0,1,4,2,0.0,0,5.0,3.0,2,0.0,7,1,0,1,1,0.0,0,1.0,0,292.0,365.0,180.0,360.0,2022
1,D,0.1,37.0,5.0,1.0,41,1.0,1.0,0.0,1,47,1,0.0,0,3.0,1.0,1,0.0,7,1,0,1,1,0.0,0,1.0,0,70.0,87.0,0.0,240.0,2022
C,D,60.0,51.0,7.0,1.0,46,1.0,1.0,0.0,1,53,1,0.0,0,5.0,1.0,2,2.0,7,1,0,1,1,0.0,0,1.0,0,60.0,71.0,60.0,240.0,2022
1,D,60.0,34.0,4.0,1.0,3,1.0,1.0,4.0,1,1,1,0.0,0,5.0,1.0,5,2.0,7,1,0,1,1,4.0,0,3.0,0,121.0,151.0,60.0,240.0,2022
3,D,77.0,35.0,4.0,1.0,68,1.0,1.0,21.0,1,74,1,0.0,0,3.0,2.0,1,3.0,7,1,0,1,1,23.0,0,6.0,0,77.0,96.0,60.0,240.0,2022
2,D,97.0,35.0,4.0,1.0,66,1.0,1.0,0.0,1,72,1,0.0,0,3.0,1.0,1,0.0,7,1,0,1,1,0.0,0,1.0,0,121.0,151.0,60.0,240.0,2022
5,D,108.0,41.0,6.0,1.0,79,1.0,0.0,0.0,1,83,1,0.0,0,3.0,1.0,2,2.0,7,1,0,1,1,0.0,0,1.0,0,87.0,108.0,0.0,120.0,2022
4,D,0.03,30.0,3.0,1.0,57,1.0,0.0,0.0,1,64,1,0.0,0,3.0,1.0,1,0.0,7,1,0,2,1,0.0,0,1.0,0,78.0,97.0,0.0,240.0,2022
2,D,74.0,46.0,6.0,1.0,24,1.0,0.0,0.0,1,22,1,0.0,0,3.0,1.0,1,0.0,7,1,0,1,1,0.0,0,1.0,0,121.0,151.0,60.0,240.0,2022
2,D,324.0,25.0,2.0,1.0,73,1.0,1.0,0.0,1,78,2,0.0,0,3.0,3.0,2,0.0,7,1,0,1,1,0.0,0,1.0,0,600.0,600.0,60.0,240.0,2022
2,D,180.0,41.0,6.0,1.0,21,1.0,1.0,3.0,1,18,1,0.0,0,3.0,1.0,1,0.0,7,1,0,1,1,3.0,0,2.0,0,180.0,180.0,180.0,480.0,2022
2,D,80.0,47.0,6.0,1.0,15,1.0,0.0,0.0,1,13,1,0.0,0,6.0,1.0,2,0.0,7,1,0,1,1,0.0,0,1.0,0,151.0,188.0,60.0,240.0,2022
4,D,48.0,50.0,6.0,1.0,58,1.0,0.0,0.0,1,65,1,0.0,0,6.0,1.0,1,0.0,7,1,0,1,1,0.0,0,1.0,0,78.0,97.0,0.0,240.0,2022
2,D,40.0,28.0,3.0,1.0,17,1.0,0.0,0.0,1,15,1,0.0,0,3.0,1.0,1,0.0,7,1,0,1,1,0.0,0,1.0,0,63.0,78.0,0.0,240.0,2022
4,D,72.0,50.0,6.0,1.0,60,1.0,1.0,0.0,1,67,1,0.0,0,5.0,1.0,2,2.0,7,1,0,1,1,0.0,0,1.0,0,108.0,135.0,60.0,240.0,2022
1,D,120.0,60.0,7.0,1.0,6,1.0,1.0,1.0,1,3,1,0.0,0,3.0,1.0,1,0.0,7,1,0,1,1,1.0,0,1.0,0,120.0,120.0,120.0,240.0,2022
2,D,156.0,20.0,1.0,1.0,21,1.0,1.0,0.0,1,18,1,0.0,0,1.0,1.0,3,0.0,7,1,0,1,1,0.0,0,1.0,0,151.0,188.0,0.0,240.0,2022
6,D,0.03,25.0,2.0,1.0,23,1.0,0.0,0.0,1,20,1,0.0,0,5.0,1.0,1,0.0,7,1,0,1,1,0.0,0,1.0,0,78.0,97.0,0.0,240.0,2022
4,D,60.0,30.0,3.0,1.0,48,1.0,1.0,1.0,1,54,1,0.0,0,5.0,1.0,1,0.0,7,1,0,1,1,1.0,0,1.0,0,60.0,60.0,60.0,240.0,2022
3,D,480.0,25.0,2.0,1.0,50,1.0,1.0,5.0,1,56,1,0.0,0,3.0,1.0,2,0.0,7,1,0,1,1,7.0,0,5.0,0,9996.0,9996.0,420.0,9996.0,2022
1,D,108.0,42.0,6.0,1.0,6,1.0,1.0,4.0,1,3,1,0.0,0,5.0,1.0,1,0.0,7,1,0,1,1,6.0,0,3.0,0,188.0,235.0,60.0,240.0,2022
1,D,120.0,66.0,8.0,1.0,58,1.0,1.0,0.0,1,65,1,0.0,0,3.0,1.0,1,0.0,7,1,0,1,1,0.0,0,1.0,0,135.0,168.0,120.0,240.0,2022
4,D,144.0,27.0,3.0,1.0,35,1.0,1.0,14.0,1,41,1,0.0,0,1.0,1.0,2,0.0,7,1,0,1,1,16.0,0,6.0,0,130.0,162.0,60.0,240.0,2022
1,D,235.0,47.0,6.0,1.0,6,1.0,1.0,7.0,1,3,1,0.0,0,6.0,1.0,2,3.0,7,1,0,1,1,9.0,0,4.0,0,188.0,235.0,120.0,240.0,2022
1,D,63.0,37.0,5.0,1.0,71,1.0,0.0,0.0,1,76,1,0.0,0,3.0,1.0,1,3.0,7,1,0,1,1,0.0,0,1.0,0,78.0,97.0,0.0,240.0,2022
5,D,60.0,35.0,4.0,1.0,30,1.0,1.0,0.0,1,36,1,0.0,0,5.0,1.0,1,4.0,7,1,0,1,1,0.0,0,1.0,0,60.0,60.0,60.0,240.0,2022
1,D,90.0,43.0,6.0,1.0,46,1.0,1.0,6.0,1,53,1,0.0,0,3.0,1.0,1,0.0,7,1,0,1,1,8.0,0,4.0,0,135.0,168.0,0.0,240.0,2022
0,D,67.0,45.0,6.0,1.0,65,1.0,1.0,19.0,1,73,1,0.0,0,3.0,1.0,1,0.0,7,1,0,1,1,19.0,0,6.0,0,110.0,137.0,0.0,240.0,2022
2,D,160.0,29.0,3.0,1.0,43,1.0,1.0,1.0,1,49,1,0.0,0,3.0,1.0,1,1.0,7,1,0,1,1,1.0,0,1.0,0,151.0,188.0,60.0,240.0,2022
1,D,60.0,35.0,4.0,1.0,8,1.0,1.0,1.0,1,7,1,0.0,0,5.0,1.0,1,0.0,7,1,0,1,1,1.0,0,1.0,0,97.0,121.0,60.0,240.0,2022
6,D,180.0,47.0,6.0,1.0,33,1.0,1.0,0.0,1,40,1,0.0,0,5.0,1.0,1,2.0,7,1,0,1,1,0.0,0,1.0,0,180.0,188.0,180.0,480.0,2022
2,D,188.0,42.0,6.0,1.0,65,1.0,1.0,3.0,1,73,1,0.0,0,3.0,1.0,1,0.0,7,1,0,1,1,5.0,0,3.0,0,188.0,235.0,180.0,480.0,2022
2,D,200.0,45.0,6.0,1.0,12,1.0,1.0,1.0,1,10,1,0.0,0,6.0,1.0,2,0.0,7,1,0,1,1,3.0,0,2.0,0,480.0,480.0,180.0,360.0,2022
8,D,128.0,30.0,3.0,1.0,89,1.0,1.0,0.0,1,30,1,0.0,0,3.0,1.0,1,0.0,7,1,0,1,1,0.0,0,1.0,0,121.0,151.0,60.0,240.0,2022
4,D,97.0,31.0,4.0,1.0,35,1.0,0.0,0.0,1,41,1,0.0,0,3.0,1.0,1,0.0,7,1,0,1,1,0.0,0,1.0,0,97.0,121.0,0.0,240.0,2022
6,D,160.0,23.0,2.0,1.0,30,1.0,1.0,0.0,1,36,2,0.0,0,3.0,3.0,1,0.0,7,1,0,1,1,0.0,0,1.0,0,151.0,188.0,60.0,240.0,2022
1,D,180.0,52.0,7.0,1.0,49,1.0,1.0,3.0,1,55,1,0.0,0,5.0,1.0,3,0.0,7,1,0,1,1,5.0,0,3.0,0,235.0,293.0,0.0,60.0,2022
3,D,120.0,59.0,7.0,1.0,90,1.0,1.0,7.0,1,29,1,0.0,0,3.0,1.0,1,0.0,7,1,0,1,1,7.0,0,4.0,0,120.0,125.0,120.0,240.0,2022
1,D,120.0,42.0,6.0,1.0,91,1.0,0.0,0.0,3,31,1,0.0,1,5.0,2.0,1,0.0,7,1,0,1,1,0.0,0,1.0,0,108.0,135.0,0.0,240.0,2022
1,D,70.0,38.0,5.0,1.0,36,1.0,1.0,0.0,1,42,1,0.0,0,3.0,1.0,1,2.0,7,1,0,1,1,0.0,0,1.0,0,135.0,168.0,0.0,240.0,2022
4,D,151.0,46.0,6.0,1.0,35,1.0,0.0,0.0,1,41,1,0.0,0,5.0,1.0,2,2.0,7,1,0,1,1,0.0,0,1.0,0,151.0,188.0,60.0,240.0,2022
1,D,68.0,45.0,6.0,1.0,8,1.0,1.0,1.0,1,7,1,0.0,0,5.0,1.0,1,0.0,7,1,0,1,1,1.0,0,1.0,0,240.0,240.0,60.0,240.0,2022
3,D,51.0,28.0,3.0,1.0,44,1.0,0.0,0.0,1,50,1,0.0,0,3.0,1.0,1,3.0,7,1,0,1,1,0.0,0,1.0,0,78.0,97.0,0.0,240.0,2022
2,D,24.0,49.0,6.0,1.0,2,1.0,1.0,1.0,1,0,1,0.0,0,3.0,1.0,1,0.0,7,1,0,1,1,1.0,0,1.0,0,78.0,97.0,0.0,120.0,2022
5,D,72.0,61.0,8.0,1.0,62,1.0,1.0,0.0,1,69,1,0.0,0,1.0,1.0,1,3.0,7,1,0,1,1,0.0,0,1.0,0,60.0,60.0,60.0,240.0,2022
2,D,132.0,23.0,2.0,1.0,64,1.0,0.0,0.0,3,70,2,0.0,1,3.0,3.0,9,0.0,7,1,0,1,1,0.0,0,1.0,0,210.0,262.0,60.0,240.0,2022
2,D,151.0,54.0,7.0,1.0,15,1.0,1.0,0.0,1,13,1,0.0,0,6.0,1.0,5,0.0,7,1,0,1,1,0.0,0,1.0,0,97.0,121.0,60.0,240.0,2022
2,D,135.0,65.0,8.0,1.0,65,1.0,1.0,4.0,3,73,1,0.0,1,6.0,1.0,1,0.0,7,1,0,1,1,6.0,0,3.0,0,135.0,168.0,120.0,240.0,2022
3,D,36.0,21.0,2.0,1.0,5,1.0,0.0,0.0,1,4,2,0.0,0,5.0,3.0,1,0.0,7,1,0,1,1,0.0,0,1.0,0,97.0,121.0,0.0,240.0,2022
1,D,127.0,59.0,7.0,1.0,47,1.0,1.0,3.0,1,52,2,0.0,0,6.0,3.0,1,0.0,7,1,0,1,1,3.0,0,2.0,0,120.0,135.0,120.0,240.0,2022
1,D,60.0,39.0,5.0,1.0,93,1.0,0.0,0.0,1,32,1,0.0,0,3.0,1.0,1,2.0,7,1,0,1,1,0.0,0,1.0,0,108.0,135.0,60.0,240.0,2022
2,D,120.0,30.0,3.0,1.0,24,1.0,1.0,4.0,1,22,1,0.0,0,5.0,1.0,1,0.0,7,1,0,1,1,4.0,0,3.0,0,120.0,121.0,120.0,240.0,2022
2,D,78.0,46.0,6.0,1.0,24,1.0,0.0,0.0,1,22,0,0.0,0,6.0,1.0,2,1.0,7,1,0,1,1,0.0,0,1.0,0,78.0,97.0,0.0,120.0,2022
5,D,240.0,37.0,5.0,1.0,38,1.0,1.0,0.0,1,44,1,0.0,0,5.0,1.0,9,0.0,7,1,0,1,1,0.0,0,1.0,0,360.0,9996.0,120.0,9996.0,2022
8,D,180.0,45.0,6.0,1.0,60,1.0,1.0,29.0,3,67,1,0.0,1,5.0,1.0,2,0.0,7,1,0,1,1,31.0,0,6.0,0,180.0,180.0,180.0,480.0,2022
4,D,72.0,23.0,2.0,1.0,53,1.0,1.0,0.0,1,60,1,0.0,0,3.0,2.0,1,0.0,7,1,0,1,1,0.0,0,1.0,0,97.0,121.0,60.0,240.0,2022
4,D,48.0,26.0,3.0,1.0,58,1.0,0.0,0.0,1,65,1,0.0,0,3.0,1.0,1,0.0,7,1,0,1,1,0.0,0,1.0,0,97.0,121.0,0.0,240.0,2022
4,D,151.0,42.0,6.0,1.0,35,1.0,0.0,0.0,1,41,1,0.0,0,3.0,1.0,2,3.0,7,1,0,1,1,0.0,0,1.0,0,151.0,188.0,60.0,240.0,2022
4,D,78.0,28.0,3.0,1.0,39,1.0,1.0,1.0,1,45,1,0.0,0,1.0,1.0,1,0.0,7,1,0,1,1,3.0,0,2.0,0,135.0,168.0,60.0,240.0,2022
1,D,180.0,40.0,5.0,1.0,41,1.0,1.0,8.0,1,47,1,0.0,0,3.0,2.0,1,1.0,7,1,0,1,1,10.0,0,5.0,0,210.0,262.0,180.0,480.0,2022
1,D,120.0,23.0,2.0,1.0,41,1.0,1.0,0.0,1,47,1,0.0,0,3.0,2.0,2,2.0,7,1,0,1,1,0.0,0,1.0,0,108.0,135.0,60.0,240.0,2022
1,D,85.0,25.0,2.0,1.0,19,1.0,0.0,0.0,1,16,1,0.0,0,6.0,2.0,1,0.0,7,1,0,1,1,0.0,0,1.0,0,97.0,121.0,60.0,240.0,2022
3,D,384.0,26.0,3.0,1.0,38,1.0,1.0,0.0,1,44,1,0.0,0,1.0,1.0,7,0.0,7,1,0,1,1,0.0,0,1.0,0,2040.0,2040.0,60.0,240.0,2022
1,D,87.0,68.0,8.0,1.0,14,1.0,1.0,0.0,1,12,1,0.0,0,1.0,1.0,1,0.0,7,1,0,1,1,0.0,0,1.0,0,168.0,210.0,60.0,240.0,2022
1,D,120.0,37.0,5.0,1.0,62,1.0,1.0,2.0,1,69,1,0.0,0,3.0,1.0,1,0.0,7,1,0,1,1,2.0,0,2.0,0,168.0,210.0,60.0,240.0,2022
1,B,,35.0,4.0,1.0,70,1.0,0.0,0.0,1,75,1,1.0,0,3.0,6.0,1,2.0,8,0,1,4,0,0.0,0,1.0,0,6.0,12.0,0.0,60.0,2022
1,D,27.0,67.0,8.0,1.0,94,1.0,1.0,0.0,1,34,1,0.0,0,3.0,1.0,6,0.0,8,1,0,1,1,0.0,0,1.0,0,24.0,30.0,0.0,60.0,2022
4,D,120.0,28.0,3.0,1.0,58,1.0,1.0,1.0,1,65,1,0.0,0,3.0,1.0,1,0.0,7,1,0,1,1,3.0,0,2.0,0,120.0,120.0,120.0,240.0,2022
4,D,84.0,38.0,5.0,1.0,82,1.0,1.0,0.0,1,85,1,0.0,0,1.0,1.0,1,0.0,7,1,0,1,1,0.0,0,1.0,0,121.0,151.0,60.0,240.0,2022
1,D,70.0,34.0,4.0,1.0,93,1.0,0.0,0.0,1,32,1,0.0,0,5.0,1.0,1,0.0,7,1,0,1,1,0.0,0,1.0,0,135.0,168.0,60.0,480.0,2022
6,D,12.0,55.0,7.0,1.0,11,1.0,1.0,0.0,1,9,1,0.0,0,3.0,1.0,1,0.0,7,1,0,1,1,0.0,0,1.0,0,78.0,97.0,0.0,240.0,2022
1,D,209.0,36.0,5.0,1.0,9,1.0,1.0,3.0,3,6,1,0.0,1,3.0,1.0,2,0.0,7,1,0,1,1,5.0,0,3.0,0,292.0,365.0,180.0,480.0,2022
4,D,210.0,33.0,4.0,1.0,59,1.0,1.0,0.0,1,66,0,0.0,0,3.0,1.0,2,0.0,7,1,0,1,1,0.0,0,1.0,0,210.0,262.0,60.0,240.0,2022
3,D,140.0,65.0,8.0,1.0,50,1.0,1.0,0.0,1,56,1,0.0,0,3.0,1.0,1,0.0,7,1,0,1,1,0.0,0,1.0,0,121.0,151.0,60.0,240.0,2022
3,D,72.0,40.0,5.0,1.0,52,1.0,1.0,0.0,1,58,1,0.0,0,3.0,1.0,1,2.0,7,1,0,1,1,0.0,0,1.0,0,97.0,121.0,60.0,240.0,2022
6,D,63.0,38.0,5.0,1.0,21,1.0,1.0,0.0,1,18,1,0.0,0,1.0,1.0,1,1.0,7,1,0,1,1,0.0,0,1.0,0,121.0,151.0,60.0,240.0,2022
2,D,72.0,45.0,6.0,1.0,21,1.0,1.0,0.0,1,18,1,0.0,0,5.0,1.0,1,0.0,7,1,0,1,1,0.0,0,1.0,0,97.0,121.0,60.0,240.0,2022
3,D,84.0,30.0,3.0,1.0,5,1.0,0.0,0.0,1,4,2,1.0,0,3.0,3.0,1,0.0,7,1,0,1,1,0.0,0,1.0,0,151.0,188.0,60.0,240.0,2022
4,D,73.0,50.0,6.0,1.0,53,1.0,1.0,0.0,1,60,1,0.0,0,5.0,1.0,1,1.0,7,1,0,1,1,0.0,0,1.0,0,87.0,108.0,60.0,240.0,2022
5,D,240.0,45.0,6.0,1.0,37,1.0,1.0,4.0,1,43,1,0.0,0,3.0,1.0,2,0.0,7,1,0,1,1,6.0,0,3.0,0,210.0,262.0,0.0,120.0,2022
3,D,151.0,42.0,6.0,1.0,22,1.0,1.0,0.0,1,19,1,0.0,0,5.0,1.0,3,,7,1,0,1,1,0.0,0,1.0,0,151.0,188.0,60.0,240.0,2022
2,D,70.0,43.0,6.0,1.0,14,1.0,0.0,0.0,1,12,1,0.0,0,6.0,1.0,1,3.0,7,1,0,1,1,0.0,0,1.0,0,78.0,97.0,60.0,240.0,2022
6,C,0.03,27.0,3.0,1.0,33,1.0,1.0,0.0,1,40,1,1.0,0,5.0,2.0,1,1.0,8,1,0,1,1,0.0,0,1.0,0,10.0,16.0,0.0,120.0,2022
1,D,121.0,38.0,5.0,1.0,94,1.0,1.0,3.0,1,34,1,0.0,0,5.0,1.0,1,0.0,7,1,0,1,1,3.0,0,2.0,0,121.0,151.0,120.0,240.0,2022
3,D,60.0,33.0,4.0,1.0,23,3.0,1.0,0.0,1,20,2,0.0,0,3.0,3.0,1,3.0,7,1,0,1,1,0.0,0,1.0,0,97.0,121.0,0.0,240.0,2022
2,D,41.0,25.0,2.0,1.0,17,1.0,1.0,1.0,1,15,1,0.0,0,3.0,1.0,2,0.0,7,1,0,1,0,1.0,0,1.0,0,78.0,97.0,0.0,240.0,2022
3,D,121.0,59.0,7.0,1.0,38,1.0,1.0,3.0,1,44,1,0.0,0,6.0,1.0,2,0.0,7,1,0,1,1,5.0,0,3.0,0,120.0,121.0,120.0,240.0,2022
1,D,97.0,30.0,3.0,1.0,91,1.0,0.0,0.0,1,31,2,0.0,0,5.0,3.0,1,0.0,7,1,0,1,1,0.0,0,1.0,0,97.0,121.0,0.0,240.0,2022
2,C,,29.0,3.0,1.0,28,3.0,1.0,0.0,1,35,2,1.0,0,1.0,3.0,1,2.0,8,0,1,4,0,0.0,0,1.0,0,10.0,16.0,0.0,60.0,2022
2,D,108.0,36.0,5.0,1.0,87,1.0,1.0,0.0,1,26,1,0.0,0,6.0,1.0,1,0.0,7,1,0,1,1,0.0,0,1.0,0,108.0,135.0,0.0,240.0,2022
8,D,48.0,30.0,3.0,1.0,60,1.0,1.0,1.0,1,67,1,0.0,0,3.0,1.0,1,0.0,7,1,0,1,1,1.0,0,1.0,0,70.0,87.0,0.0,240.0,2022
2,D,120.0,38.0,5.0,1.0,2,1.0,0.0,0.0,1,0,1,0.0,0,3.0,1.0,1,2.0,7,1,0,1,1,0.0,0,1.0,0,135.0,168.0,0.0,240.0,2022
5,D,120.0,48.0,6.0,1.0,55,1.0,1.0,2.0,1,62,1,0.0,0,5.0,1.0,1,0.0,7,1,0,1,1,2.0,0,2.0,0,168.0,210.0,60.0,240.0,2022
2,D,60.0,38.0,5.0,1.0,39,1.0,1.0,0.0,1,45,1,0.0,0,5.0,1.0,1,1.0,7,1,0,1,1,0.0,0,1.0,0,60.0,63.0,60.0,240.0,2022
5,D,72.0,60.0,7.0,1.0,90,1.0,1.0,0.0,1,29,1,0.0,0,3.0,1.0,1,0.0,7,1,0,1,1,0.0,0,1.0,0,151.0,188.0,60.0,240.0,2022
8,D,96.0,38.0,5.0,1.0,60,1.0,0.0,0.0,1,67,1,0.0,0,3.0,1.0,1,0.0,7,1,0,1,1,0.0,0,1.0,0,121.0,151.0,60.0,240.0,2022
2,D,60.0,26.0,3.0,1.0,51,1.0,0.0,0.0,1,57,1,0.0,0,6.0,1.0,1,0.0,7,1,0,1,1,0.0,0,1.0,0,78.0,97.0,60.0,240.0,2022
1,D,60.0,36.0,5.0,1.0,11,1.0,1.0,0.0,1,9,1,0.0,0,6.0,1.0,1,0.0,7,1,0,1,1,0.0,0,1.0,0,97.0,121.0,0.0,240.0,2022
5,D,72.0,20.0,1.0,1.0,62,1.0,1.0,0.0,1,69,1,0.0,0,3.0,1.0,1,0.0,7,1,0,1,1,0.0,0,1.0,0,97.0,121.0,0.0,240.0,2022
2,D,132.0,28.0,3.0,1.0,73,1.0,1.0,0.0,1,78,2,0.0,0,5.0,3.0,1,0.0,7,1,0,1,1,0.0,0,1.0,0,210.0,240.0,60.0,240.0,2022
2,D,72.0,33.0,4.0,1.0,17,1.0,0.0,0.0,1,15,1,0.0,0,5.0,1.0,1,1.0,7,1,0,1,1,0.0,0,1.0,0,151.0,188.0,60.0,240.0,2022
3,D,70.0,58.0,7.0,1.0,26,1.0,1.0,1.0,1,24,1,0.0,0,5.0,1.0,1,0.0,7,1,0,1,1,1.0,0,1.0,0,70.0,87.0,0.0,240.0,2022
3,D,192.0,50.0,6.0,1.0,42,1.0,1.0,0.0,1,48,1,0.0,0,5.0,1.0,2,0.0,7,1,0,1,1,0.0,0,1.0,0,210.0,262.0,60.0,240.0,2022
3,D,70.0,31.0,4.0,1.0,91,1.0,0.0,0.0,1,31,1,0.0,0,5.0,1.0,1,0.0,7,1,0,1,1,0.0,0,1.0,0,87.0,108.0,0.0,240.0,2022
8,D,108.0,45.0,6.0,1.0,89,1.0,0.0,0.0,1,30,1,0.0,0,6.0,1.0,1,1.0,7,1,0,1,1,0.0,0,1.0,0,108.0,135.0,60.0,240.0,2022
3,D,90.0,22.0,2.0,1.0,48,1.0,1.0,0.0,1,54,1,0.0,0,3.0,2.0,3,0.0,7,1,0,1,1,0.0,0,1.0,0,78.0,97.0,0.0,60.0,2022
8,D,66.0,51.0,7.0,1.0,60,1.0,1.0,0.0,1,67,1,0.0,0,5.0,1.0,1,3.0,7,1,0,1,1,0.0,0,1.0,0,60.0,71.0,60.0,240.0,2022
6,D,204.0,31.0,4.0,1.0,59,1.0,1.0,0.0,1,66,1,0.0,0,6.0,1.0,2,2.0,7,1,0,1,1,0.0,0,1.0,0,600.0,600.0,180.0,360.0,2022
6,D,156.0,41.0,6.0,1.0,89,1.0,1.0,5.0,1,30,1,0.0,0,5.0,1.0,2,0.0,7,1,0,1,1,7.0,0,4.0,0,92.0,115.0,60.0,240.0,2022
1,D,120.0,46.0,6.0,1.0,78,1.0,1.0,6.0,1,82,1,0.0,0,3.0,1.0,1,0.0,7,1,0,1,1,6.0,0,3.0,0,121.0,151.0,120.0,240.0,2022
3,D,72.0,38.0,5.0,1.0,90,3.0,1.0,0.0,1,29,2,0.0,0,6.0,3.0,1,0.0,7,1,0,1,1,0.0,0,1.0,0,151.0,188.0,60.0,240.0,2022
2,D,120.0,71.0,8.0,1.0,36,1.0,0.0,0.0,1,42,1,0.0,0,3.0,1.0,1,0.0,7,1,0,1,1,0.0,0,1.0,0,78.0,97.0,0.0,240.0,2022
6,D,600.0,33.0,4.0,1.0,89,1.0,1.0,0.0,1,30,1,0.0,0,3.0,1.0,3,0.0,7,1,0,1,1,0.0,0,1.0,0,720.0,720.0,180.0,360.0,2022
6,D,210.0,40.0,5.0,1.0,89,1.0,1.0,1.0,1,30,1,0.0,0,6.0,1.0,2,0.0,7,1,0,1,1,3.0,0,2.0,0,235.0,293.0,180.0,480.0,2022
1,D,96.0,35.0,4.0,1.0,46,1.0,0.0,0.0,1,53,1,0.0,0,5.0,1.0,2,0.0,7,1,0,1,1,0.0,0,1.0,0,151.0,188.0,60.0,240.0,2022
3,D,120.0,64.0,8.0,1.0,34,1.0,1.0,6.0,1,39,1,0.0,0,3.0,1.0,1,0.0,7,1,0,1,1,6.0,0,3.0,0,97.0,120.0,0.0,120.0,2022
3,D,46.0,27.0,3.0,1.0,5,1.0,0.0,0.0,1,4,2,0.0,0,5.0,3.0,1,0.0,7,1,0,1,1,0.0,0,1.0,0,78.0,97.0,0.0,240.0,2022
3,D,120.0,47.0,6.0,1.0,42,1.0,1.0,1.0,1,48,1,0.0,0,5.0,1.0,1,1.0,7,1,0,1,1,1.0,0,1.0,0,120.0,120.0,120.0,240.0,2022
3,D,105.0,62.0,8.0,1.0,57,1.0,1.0,3.0,1,64,1,0.0,0,5.0,1.0,2,0.0,7,1,0,1,1,5.0,0,3.0,0,120.0,120.0,0.0,60.0,2022
2,D,97.0,39.0,5.0,1.0,42,1.0,1.0,0.0,1,48,1,0.0,0,5.0,1.0,1,3.0,7,1,0,1,1,0.0,0,1.0,0,121.0,151.0,60.0,240.0,2022
1,D,108.0,31.0,4.0,1.0,9,1.0,1.0,0.0,1,6,1,0.0,0,3.0,1.0,2,2.0,7,1,0,1,1,0.0,0,1.0,0,135.0,168.0,60.0,240.0,2022
5,D,46.0,57.0,7.0,1.0,79,1.0,0.0,0.0,1,83,1,0.0,0,3.0,1.0,1,0.0,7,1,0,1,1,0.0,0,1.0,0,78.0,97.0,0.0,120.0,2022
3,D,57.0,46.0,6.0,1.0,38,1.0,1.0,0.0,1,44,1,0.0,0,5.0,1.0,1,3.0,7,1,0,1,1,0.0,0,1.0,0,57.0,71.0,0.0,120.0,2022
3,D,6.0,47.0,6.0,1.0,24,1.0,1.0,3.0,1,22,1,0.0,0,3.0,2.0,1,2.0,8,1,0,1,1,3.0,0,2.0,0,15.0,21.0,0.0,60.0,2022
2,D,135.0,44.0,6.0,1.0,80,1.0,0.0,0.0,1,84,2,0.0,0,6.0,3.0,1,0.0,7,1,0,1,1,0.0,0,1.0,0,151.0,188.0,60.0,240.0,2022
5,D,72.0,23.0,2.0,1.0,83,1.0,1.0,0.0,1,87,1,0.0,0,3.0,1.0,1,0.0,7,1,0,1,1,0.0,0,1.0,0,97.0,120.0,0.0,120.0,2022
1,D,63.0,45.0,6.0,1.0,70,1.0,1.0,0.0,1,75,1,0.0,0,6.0,1.0,1,2.0,7,1,0,1,1,0.0,0,1.0,0,97.0,121.0,0.0,240.0,2022
3,D,72.0,57.0,7.0,1.0,75,1.0,0.0,0.0,1,79,2,0.0,0,5.0,3.0,1,0.0,7,1,0,1,1,0.0,0,1.0,0,151.0,188.0,60.0,240.0,2022
1,B,,29.0,3.0,1.0,8,1.0,1.0,0.0,1,7,1,0.0,0,5.0,1.0,1,0.0,8,0,1,4,0,0.0,0,1.0,0,6.0,12.0,0.0,60.0,2022
1,D,188.0,55.0,7.0,1.0,9,1.0,1.0,0.0,1,6,1,0.0,0,3.0,1.0,6,0.0,7,1,0,1,1,0.0,0,1.0,0,151.0,188.0,60.0,240.0,2022
C,D,120.0,38.0,5.0,1.0,46,1.0,1.0,0.0,1,53,1,0.0,0,3.0,1.0,2,1.0,7,1,0,1,1,0.0,0,1.0,0,151.0,188.0,60.0,240.0,2022
2,D,24.0,58.0,7.0,1.0,17,1.0,1.0,0.0,1,15,1,0.0,0,5.0,1.0,1,0.0,7,1,0,1,1,0.0,0,1.0,0,63.0,78.0,0.0,240.0,2022
C,D,120.0,29.0,3.0,1.0,46,1.0,1.0,1.0,1,53,1,0.0,0,1.0,1.0,1,2.0,7,1,0,1,1,1.0,0,1.0,0,120.0,120.0,120.0,240.0,2022
3,D,60.0,50.0,6.0,1.0,77,1.0,1.0,18.0,1,81,0,0.0,0,3.0,1.0,2,3.0,7,1,0,1,1,18.0,0,6.0,0,51.0,63.0,0.0,120.0,2022
3,D,41.0,35.0,4.0,1.0,75,1.0,1.0,3.0,1,79,1,0.0,0,1.0,1.0,1,0.0,7,1,0,1,1,5.0,0,3.0,0,97.0,120.0,0.0,120.0,2022
2,D,180.0,38.0,5.0,1.0,39,1.0,1.0,3.0,1,45,1,0.0,0,6.0,1.0,1,0.0,7,1,0,1,1,5.0,0,3.0,0,180.0,180.0,180.0,480.0,2022
1,D,230.0,37.0,5.0,1.0,50,1.0,1.0,3.0,1,56,1,0.0,0,5.0,1.0,1,0.0,7,1,0,1,1,3.0,0,2.0,0,210.0,262.0,180.0,480.0,2022
3,D,121.0,37.0,5.0,1.0,7,1.0,0.0,0.0,1,5,1,0.0,0,3.0,1.0,1,1.0,7,1,0,1,1,0.0,0,1.0,0,121.0,151.0,60.0,240.0,2022
3,D,96.0,38.0,5.0,1.0,41,1.0,0.0,0.0,3,47,1,0.0,1,3.0,1.0,1,2.0,7,1,0,1,1,0.0,0,1.0,0,188.0,235.0,60.0,240.0,2022
1,D,180.0,35.0,4.0,1.0,91,1.0,1.0,3.0,1,31,2,0.0,0,6.0,3.0,1,0.0,7,1,0,1,1,5.0,0,3.0,0,188.0,235.0,180.0,480.0,2022
2,D,204.0,31.0,4.0,1.0,40,1.0,1.0,1.0,1,46,2,0.0,0,3.0,3.0,1,0.0,7,1,0,1,1,1.0,0,1.0,0,188.0,235.0,60.0,240.0,2022
2,D,180.0,43.0,6.0,1.0,51,1.0,1.0,6.0,1,57,1,0.0,0,3.0,1.0,1,0.0,7,1,0,1,1,6.0,0,3.0,0,188.0,235.0,180.0,480.0,2022
1,D,24.0,47.0,6.0,1.0,10,1.0,1.0,0.0,1,8,1,0.0,0,6.0,1.0,1,0.0,7,1,0,1,1,0.0,0,1.0,0,97.0,121.0,0.0,240.0,2022
1,D,15.0,45.0,6.0,1.0,91,1.0,1.0,6.0,1,31,1,0.0,0,5.0,2.0,1,6.0,8,1,0,1,1,6.0,0,3.0,0,15.0,21.0,0.0,60.0,2022
C,D,120.0,76.0,8.0,1.0,46,1.0,1.0,3.0,1,53,1,0.0,0,3.0,1.0,1,0.0,7,1,0,1,1,3.0,0,2.0,0,120.0,135.0,120.0,240.0,2022
3,D,78.0,42.0,6.0,1.0,31,1.0,1.0,0.0,1,37,1,0.0,0,5.0,1.0,1,2.0,7,1,0,1,1,0.0,0,1.0,0,78.0,97.0,0.0,240.0,2022
1,D,130.0,51.0,7.0,1.0,50,1.0,1.0,0.0,1,56,1,0.0,0,5.0,1.0,1,0.0,7,1,0,1,1,0.0,0,1.0,0,135.0,168.0,0.0,240.0,2022
1,D,72.0,46.0,6.0,1.0,40,1.0,0.0,0.0,1,46,1,0.0,0,6.0,1.0,1,1.0,7,1,0,1,1,0.0,0,1.0,0,97.0,121.0,0.0,240.0,2022
1,D,60.0,35.0,4.0,1.0,11,1.0,1.0,1.0,1,9,1,0.0,0,6.0,1.0,1,0.0,7,1,0,1,1,1.0,0,1.0,0,97.0,121.0,0.0,240.0,2022
1,D,36.0,31.0,4.0,1.0,80,2.0,1.0,0.0,1,84,1,0.0,0,6.0,6.0,2,7.0,7,1,0,1,1,0.0,0,1.0,0,30.0,37.0,0.0,240.0,2022
4,D,60.0,48.0,6.0,1.0,58,1.0,1.0,0.0,1,65,1,0.0,0,5.0,1.0,1,2.0,7,1,0,1,1,0.0,0,1.0,0,97.0,121.0,0.0,240.0,2022
1,D,135.0,53.0,7.0,1.0,11,1.0,1.0,6.0,1,9,1,0.0,0,5.0,1.0,1,0.0,7,1,0,1,1,8.0,0,4.0,0,135.0,168.0,120.0,240.0,2022
3,D,,29.0,3.0,1.0,26,1.0,1.0,0.0,1,24,1,0.0,0,5.0,1.0,1,0.0,7,0,1,4,0,0.0,0,1.0,0,78.0,97.0,0.0,240.0,2022
1,D,120.0,32.0,4.0,1.0,8,1.0,1.0,3.0,1,7,2,0.0,0,5.0,3.0,1,0.0,7,1,0,1,1,5.0,0,3.0,0,120.0,120.0,120.0,240.0,2022
1,D,64.0,53.0,7.0,1.0,47,1.0,0.0,0.0,1,52,1,1.0,0,6.0,1.0,1,1.0,7,1,0,1,1,0.0,0,1.0,0,63.0,78.0,60.0,240.0,2022
3,D,60.0,22.0,2.0,1.0,67,1.0,0.0,0.0,1,71,1,0.0,0,3.0,6.0,2,0.0,7,1,0,1,1,0.0,0,1.0,0,60.0,60.0,60.0,240.0,2022
5,D,170.0,29.0,3.0,1.0,36,1.0,0.0,0.0,4,42,1,0.0,1,5.0,6.0,2,0.0,7,1,0,1,1,0.0,0,1.0,0,292.0,365.0,60.0,240.0,2022
3,D,90.0,31.0,4.0,1.0,42,1.0,1.0,0.0,1,48,1,0.0,0,5.0,1.0,1,1.0,7,1,0,1,1,0.0,0,1.0,0,151.0,188.0,60.0,240.0,2022
5,D,160.0,32.0,4.0,1.0,9,1.0,0.0,0.0,1,6,1,0.0,0,6.0,1.0,4,0.0,7,1,0,1,1,0.0,0,1.0,0,360.0,960.0,60.0,240.0,2022
4,C,,65.0,8.0,1.0,23,1.0,0.0,0.0,1,20,1,0.0,0,3.0,1.0,1,3.0,8,0,1,3,0,0.0,0,1.0,0,10.0,16.0,0.0,60.0,2022
1,D,108.0,37.0,5.0,1.0,11,1.0,1.0,0.0,1,9,1,0.0,0,5.0,1.0,1,0.0,7,1,0,1,1,0.0,0,1.0,0,151.0,188.0,60.0,240.0,2022
7,D,60.0,42.0,6.0,1.0,20,1.0,1.0,0.0,1,17,1,0.0,0,6.0,1.0,1,0.0,7,1,0,1,1,0.0,0,1.0,0,78.0,97.0,0.0,240.0,2022
2,D,180.0,34.0,4.0,1.0,37,1.0,1.0,3.0,1,43,1,0.0,0,3.0,1.0,1,0.0,7,1,0,1,1,3.0,0,2.0,0,180.0,210.0,180.0,480.0,2022
8,D,120.0,49.0,6.0,1.0,31,1.0,1.0,3.0,2,37,1,0.0,0,3.0,1.0,1,0.0,7,1,0,1,1,5.0,0,3.0,0,120.0,120.0,120.0,240.0,2022
1,D,120.0,55.0,7.0,1.0,58,1.0,1.0,0.0,1,65,1,0.0,0,3.0,1.0,1,0.0,7,1,0,1,1,0.0,0,1.0,0,63.0,78.0,0.0,120.0,2022
2,D,20.0,37.0,5.0,1.0,24,1.0,1.0,4.0,1,22,1,1.0,0,3.0,1.0,1,0.0,8,1,0,1,1,6.0,0,3.0,0,37.0,46.0,0.0,60.0,2022
2,D,70.0,22.0,2.0,1.0,15,1.0,0.0,0.0,1,13,1,0.0,0,3.0,1.0,3,0.0,7,1,0,1,1,0.0,0,1.0,0,108.0,135.0,60.0,240.0,2022
6,D,120.0,54.0,7.0,1.0,89,1.0,1.0,3.0,1,30,1,0.0,0,3.0,1.0,1,0.0,7,1,0,1,1,5.0,0,3.0,0,120.0,120.0,120.0,240.0,2022
3,D,84.0,28.0,3.0,1.0,47,1.0,0.0,0.0,1,52,2,0.0,0,3.0,3.0,2,0.0,7,1,0,1,1,0.0,0,1.0,0,210.0,262.0,60.0,240.0,2022
2,D,63.0,52.0,7.0,1.0,79,1.0,0.0,0.0,1,83,1,0.0,0,5.0,1.0,1,0.0,7,1,0,1,1,0.0,0,1.0,0,78.0,97.0,0.0,240.0,2022
7,D,120.0,23.0,2.0,1.0,25,1.0,1.0,1.0,1,23,1,0.0,0,3.0,1.0,2,0.0,7,1,0,1,1,1.0,0,1.0,0,151.0,188.0,0.0,240.0,2022
2,D,80.0,62.0,8.0,1.0,15,1.0,0.0,0.0,1,13,2,0.0,0,3.0,3.0,1,0.0,7,1,0,1,1,0.0,0,1.0,0,97.0,121.0,60.0,240.0,2022
1,D,210.0,40.0,5.0,1.0,50,1.0,1.0,1.0,1,56,1,0.0,0,5.0,1.0,2,1.0,7,1,0,1,1,1.0,0,1.0,0,180.0,210.0,180.0,480.0,2022
4,D,90.0,43.0,6.0,1.0,53,1.0,1.0,32.0,1,60,1,0.0,0,3.0,2.0,1,1.0,8,1,0,1,1,34.0,0,6.0,0,41.0,51.0,0.0,9996.0,2022
4,D,60.0,46.0,6.0,1.0,82,1.0,1.0,0.0,1,85,1,0.0,0,6.0,6.0,3,5.0,7,1,0,1,1,0.0,0,1.0,0,97.0,121.0,60.0,240.0,2022
1,D,0.03,42.0,6.0,1.0,4,1.0,1.0,3.0,1,2,1,0.0,0,1.0,1.0,1,2.0,7,1,0,2,1,5.0,0,3.0,0,30.0,37.0,0.0,120.0,2022
3,D,40.0,40.0,5.0,1.0,68,1.0,1.0,1.0,1,74,1,0.0,0,5.0,6.0,1,0.0,7,1,0,1,1,1.0,0,1.0,0,78.0,97.0,0.0,240.0,2022
1,D,90.0,40.0,5.0,1.0,19,2.0,0.0,0.0,3,16,1,0.0,1,6.0,2.0,3,1.0,7,1,0,1,1,0.0,0,1.0,0,121.0,151.0,60.0,240.0,2022
2,D,60.0,44.0,6.0,1.0,51,1.0,1.0,0.0,1,57,1,0.0,0,6.0,1.0,1,0.0,7,1,0,1,1,0.0,0,1.0,0,97.0,121.0,60.0,240.0,2022
1,D,0.03,31.0,4.0,1.0,10,1.0,1.0,0.0,1,8,2,0.0,0,5.0,3.0,1,0.0,7,1,0,1,1,0.0,0,1.0,0,135.0,168.0,0.0,240.0,2022
3,D,72.0,42.0,6.0,1.0,61,1.0,1.0,0.0,1,68,1,0.0,0,6.0,1.0,1,0.0,7,1,0,1,1,0.0,0,1.0,0,151.0,188.0,60.0,240.0,2022
2,D,78.0,54.0,7.0,1.0,24,1.0,0.0,0.0,1,22,1,0.0,0,3.0,1.0,1,0.0,7,1,0,1,1,0.0,0,1.0,0,87.0,108.0,0.0,240.0,2022
3,D,24.0,37.0,5.0,1.0,23,1.0,1.0,1.0,1,20,1,0.0,0,6.0,2.0,1,0.0,7,1,0,1,1,1.0,0,1.0,0,97.0,121.0,0.0,240.0,2022
3,D,151.0,36.0,5.0,1.0,50,1.0,0.0,0.0,1,56,1,0.0,0,6.0,2.0,1,0.0,7,1,0,1,1,0.0,0,1.0,0,151.0,188.0,60.0,240.0,2022
2,D,120.0,66.0,8.0,1.0,84,1.0,1.0,4.0,1,88,1,0.0,0,6.0,1.0,1,0.0,7,1,0,1,1,4.0,0,3.0,0,168.0,210.0,120.0,240.0,2022
7,D,375.0,36.0,5.0,1.0,37,1.0,1.0,6.0,1,43,1,0.0,0,5.0,1.0,3,0.0,7,1,0,1,1,6.0,0,3.0,0,324.0,405.0,180.0,480.0,2022
2,D,120.0,50.0,6.0,1.0,65,1.0,1.0,3.0,1,73,1,0.0,0,5.0,1.0,2,0.0,7,1,0,1,1,3.0,0,2.0,0,120.0,135.0,120.0,240.0,2022
1,D,72.0,60.0,7.0,1.0,91,2.0,0.0,0.0,1,31,2,0.0,0,6.0,3.0,1,0.0,7,1,0,1,1,0.0,0,1.0,0,78.0,97.0,0.0,240.0,2022
3,D,108.0,39.0,5.0,1.0,52,1.0,1.0,0.0,1,58,1,0.0,0,6.0,1.0,2,2.0,7,1,0,1,1,0.0,0,1.0,0,151.0,188.0,60.0,240.0,2022
4,D,120.0,58.0,7.0,1.0,57,1.0,1.0,5.0,1,64,1,0.0,0,3.0,1.0,1,0.0,7,1,0,1,1,7.0,0,4.0,0,120.0,137.0,120.0,240.0,2022
3,D,60.0,52.0,7.0,1.0,56,1.0,1.0,0.0,1,63,1,0.0,0,6.0,1.0,1,1.0,7,1,0,1,1,0.0,0,1.0,0,70.0,87.0,60.0,240.0,2022
2,D,120.0,41.0,6.0,1.0,42,1.0,1.0,3.0,1,48,1,0.0,0,3.0,1.0,1,0.0,7,1,0,1,1,5.0,0,3.0,0,120.0,120.0,120.0,240.0,2022
3,D,46.0,61.0,8.0,1.0,5,1.0,0.0,0.0,1,4,2,0.0,0,5.0,3.0,1,0.0,7,1,0,1,1,0.0,0,1.0,0,78.0,97.0,0.0,240.0,2022
3,D,72.0,55.0,7.0,1.0,7,1.0,0.0,0.0,1,5,1,0.0,0,3.0,1.0,1,0.0,7,1,0,1,1,0.0,0,1.0,0,151.0,188.0,60.0,240.0,2022
2,D,90.0,25.0,2.0,1.0,61,1.0,1.0,2.0,1,68,1,0.0,0,3.0,1.0,1,0.0,7,1,0,1,1,2.0,0,2.0,0,168.0,210.0,60.0,240.0,2022
4,D,198.0,63.0,8.0,1.0,35,1.0,1.0,6.0,1,41,1,0.0,0,5.0,1.0,1,0.0,7,1,0,1,1,6.0,0,3.0,0,168.0,210.0,120.0,240.0,2022
2,D,180.0,64.0,8.0,1.0,24,1.0,1.0,3.0,3,22,1,0.0,1,3.0,1.0,2,0.0,7,1,0,1,1,5.0,0,3.0,0,180.0,180.0,180.0,480.0,2022
1,D,180.0,35.0,4.0,1.0,56,1.0,1.0,0.0,1,63,1,0.0,0,5.0,1.0,1,0.0,7,1,0,1,1,0.0,0,1.0,0,210.0,240.0,60.0,240.0,2022
1,D,36.0,29.0,3.0,1.0,6,1.0,1.0,0.0,1,3,1,0.0,0,1.0,1.0,1,0.0,7,1,0,1,1,0.0,0,1.0,0,63.0,78.0,0.0,240.0,2022
4,D,72.0,41.0,6.0,1.0,72,1.0,1.0,0.0,1,77,1,0.0,0,1.0,1.0,1,0.0,7,1,0,1,1,0.0,0,1.0,0,97.0,121.0,60.0,240.0,2022
3,D,188.0,35.0,4.0,1.0,34,1.0,0.0,0.0,1,39,1,0.0,0,5.0,1.0,1,0.0,7,1,0,1,1,0.0,0,1.0,0,151.0,188.0,60.0,240.0,2022
0,D,240.0,56.0,7.0,1.0,33,1.0,1.0,0.0,3,40,1,0.0,1,5.0,1.0,3,1.0,7,1,0,1,1,0.0,0,1.0,0,210.0,262.0,60.0,240.0,2022
5,D,240.0,35.0,4.0,1.0,83,1.0,1.0,10.0,1,87,1,0.0,0,5.0,1.0,1,0.0,7,1,0,1,1,10.0,0,5.0,0,240.0,240.0,60.0,240.0,2022
1,D,108.0,37.0,5.0,1.0,14,1.0,1.0,0.0,1,12,2,0.0,0,3.0,3.0,1,0.0,7,1,0,1,1,0.0,0,1.0,0,97.0,121.0,60.0,240.0,2022
4,D,97.0,45.0,6.0,1.0,59,1.0,1.0,1.0,1,66,1,0.0,0,3.0,1.0,1,0.0,7,1,0,1,1,1.0,0,1.0,0,97.0,121.0,60.0,240.0,2022
5,D,162.0,20.0,1.0,1.0,33,1.0,1.0,2.0,1,40,1,0.0,0,5.0,1.0,1,0.0,7,1,0,1,1,2.0,0,2.0,0,240.0,240.0,60.0,240.0,2022
1,D,66.0,35.0,4.0,1.0,47,1.0,0.0,0.0,1,52,1,0.0,0,6.0,1.0,1,0.0,7,1,0,1,1,0.0,0,1.0,0,97.0,121.0,0.0,240.0,2022
4,D,180.0,60.0,7.0,1.0,58,1.0,1.0,3.0,1,65,1,0.0,0,3.0,1.0,1,0.0,7,1,0,1,1,3.0,0,5.0,0,180.0,210.0,180.0,480.0,2022
2,D,120.0,60.0,7.0,1.0,24,1.0,1.0,5.0,1,22,1,0.0,0,3.0,1.0,1,0.0,7,1,0,1,1,5.0,0,3.0,0,120.0,121.0,120.0,240.0,2022
2,D,72.0,37.0,5.0,1.0,49,1.0,1.0,2.0,1,55,1,0.0,0,3.0,1.0,2,0.0,7,1,0,1,1,2.0,0,2.0,0,87.0,108.0,0.0,240.0,2022
2,D,16.0,49.0,6.0,1.0,94,1.0,0.0,0.0,1,34,1,0.0,0,3.0,1.0,1,4.0,8,1,0,1,1,0.0,0,1.0,0,24.0,30.0,0.0,60.0,2022
1,D,60.0,29.0,3.0,1.0,70,1.0,0.0,0.0,1,75,1,0.0,0,5.0,6.0,1,0.0,7,1,0,1,1,0.0,0,1.0,0,78.0,97.0,0.0,240.0,2022
3,D,27.0,26.0,3.0,1.0,38,1.0,1.0,0.0,1,44,1,0.0,0,6.0,1.0,1,0.0,7,1,0,1,1,0.0,0,1.0,0,46.0,57.0,0.0,120.0,2022
1,D,125.0,20.0,1.0,1.0,50,1.0,0.0,0.0,1,56,1,0.0,0,1.0,2.0,1,0.0,7,1,0,1,1,0.0,0,1.0,0,235.0,240.0,0.0,240.0,2022
2,D,144.0,42.0,6.0,1.0,42,1.0,1.0,3.0,1,48,1,0.0,0,5.0,1.0,1,0.0,7,1,0,1,1,5.0,0,3.0,0,210.0,240.0,120.0,240.0,2022
2,D,180.0,35.0,4.0,1.0,2,1.0,1.0,7.0,1,0,1,0.0,0,3.0,1.0,1,0.0,7,1,0,1,1,9.0,0,4.0,0,180.0,180.0,180.0,480.0,2022
2,D,37.54,40.0,5.0,1.0,2,3.0,0.0,0.0,1,0,1,1.0,0,5.0,6.0,5,0.0,8,1,0,1,1,0.0,0,1.0,0,46.0,57.0,0.0,120.0,2022
1,D,36.99,40.0,5.0,1.0,2,1.0,1.0,1.0,1,0,1,0.0,0,3.0,6.0,5,0.0,8,1,0,1,1,1.0,0,1.0,0,33.0,41.0,0.0,60.0,2022
0,D,108.0,39.0,5.0,1.0,91,3.0,0.0,0.0,1,31,1,0.0,0,1.0,2.0,1,0.0,7,1,0,1,1,0.0,0,1.0,0,151.0,188.0,60.0,240.0,2022
5,D,24.0,65.0,8.0,1.0,92,1.0,0.0,0.0,1,33,1,0.0,0,6.0,1.0,1,0.0,7,1,0,1,1,0.0,0,1.0,0,97.0,120.0,0.0,120.0,2022
4,D,228.0,23.0,2.0,1.0,57,1.0,1.0,0.0,1,64,1,0.0,0,5.0,1.0,3,0.0,7,1,0,1,1,0.0,0,1.0,0,960.0,960.0,180.0,360.0,2022
1,D,,49.0,6.0,1.0,94,3.0,1.0,0.0,1,34,2,0.0,0,1.0,3.0,1,0.0,8,0,1,4,0,0.0,0,1.0,0,24.0,30.0,0.0,60.0,2022
2,D,135.0,52.0,7.0,1.0,87,1.0,1.0,3.0,1,26,1,0.0,0,3.0,1.0,1,0.0,7,1,0,1,1,3.0,0,2.0,0,120.0,135.0,120.0,240.0,2022
1,D,300.0,36.0,5.0,1.0,50,1.0,1.0,9.0,1,56,1,0.0,0,3.0,1.0,14,0.0,7,1,0,1,1,11.0,0,5.0,0,262.0,327.0,180.0,480.0,2022
1,D,121.0,56.0,7.0,1.0,41,1.0,0.0,0.0,1,47,1,0.0,0,3.0,1.0,1,0.0,7,1,0,1,1,0.0,0,1.0,0,121.0,151.0,60.0,240.0,2022
5,D,192.0,53.0,7.0,1.0,34,1.0,1.0,0.0,1,39,1,0.0,0,3.0,1.0,1,0.0,7,1,0,1,1,0.0,0,1.0,0,188.0,235.0,60.0,240.0,2022
2,D,42.0,21.0,2.0,1.0,65,1.0,1.0,0.0,1,73,2,0.0,0,3.0,3.0,1,0.0,7,1,0,1,1,0.0,0,1.0,0,78.0,97.0,0.0,240.0,2022
4,D,60.0,26.0,3.0,1.0,72,1.0,1.0,0.0,1,77,1,0.0,0,5.0,6.0,1,0.0,7,1,0,1,1,0.0,0,1.0,0,60.0,63.0,60.0,240.0,2022
3,D,240.0,39.0,5.0,1.0,34,1.0,0.0,0.0,1,39,2,0.0,0,3.0,3.0,1,2.0,7,1,0,1,1,0.0,0,1.0,0,240.0,240.0,60.0,240.0,2022
4,D,78.0,27.0,3.0,1.0,48,1.0,1.0,5.0,1,54,1,0.0,0,5.0,1.0,2,2.0,7,1,0,1,1,5.0,0,3.0,0,78.0,97.0,60.0,240.0,2022
3,D,172.0,30.0,3.0,1.0,34,1.0,1.0,0.0,1,39,2,0.0,0,3.0,3.0,1,0.0,7,1,0,1,1,0.0,0,1.0,0,151.0,188.0,60.0,240.0,2022
7,D,75.0,37.0,5.0,1.0,17,1.0,0.0,0.0,1,15,1,0.0,0,3.0,1.0,2,0.0,7,1,0,1,1,0.0,0,1.0,0,151.0,188.0,60.0,240.0,2022
3,D,97.0,38.0,5.0,1.0,49,1.0,1.0,6.0,1,55,1,0.0,0,1.0,1.0,1,0.0,7,1,0,1,1,6.0,0,3.0,0,97.0,120.0,0.0,120.0,2022
8,D,96.0,54.0,7.0,1.0,60,1.0,0.0,0.0,1,67,1,0.0,0,3.0,1.0,1,0.0,7,1,0,1,1,0.0,0,1.0,0,151.0,188.0,60.0,240.0,2022
5,D,240.0,62.0,8.0,1.0,36,1.0,1.0,0.0,1,42,2,0.0,0,5.0,3.0,2,0.0,7,1,0,1,1,0.0,0,1.0,0,262.0,327.0,60.0,240.0,2022
2,D,180.0,36.0,5.0,1.0,64,1.0,1.0,3.0,3,70,1,0.0,1,3.0,1.0,5,0.0,7,1,0,1,1,3.0,0,2.0,0,235.0,293.0,60.0,240.0,2022
3,D,36.0,72.0,8.0,1.0,23,1.0,1.0,0.0,1,20,1,0.0,0,3.0,1.0,1,0.0,7,1,0,1,1,0.0,0,1.0,0,97.0,121.0,0.0,240.0,2022
1,D,97.0,36.0,5.0,1.0,4,1.0,1.0,0.0,1,2,2,0.0,0,3.0,3.0,1,0.0,7,1,0,1,1,0.0,0,1.0,0,97.0,121.0,60.0,240.0,2022
1,D,96.0,42.0,6.0,1.0,41,1.0,1.0,0.0,1,47,1,0.0,0,3.0,1.0,1,0.0,7,1,0,1,1,0.0,0,1.0,0,210.0,240.0,60.0,240.0,2022
2,D,72.0,28.0,3.0,1.0,39,1.0,1.0,0.0,1,45,1,0.0,0,1.0,2.0,1,0.0,7,1,0,1,1,0.0,0,1.0,0,151.0,188.0,60.0,240.0,2022
5,D,60.0,49.0,6.0,1.0,92,1.0,1.0,1.0,1,33,2,0.0,0,3.0,3.0,1,1.0,8,1,0,1,1,3.0,0,2.0,0,27.0,33.0,0.0,60.0,2022
1,D,84.0,41.0,6.0,1.0,19,1.0,1.0,1.0,1,16,1,0.0,0,3.0,6.0,1,1.0,7,1,0,1,1,1.0,0,1.0,0,121.0,151.0,60.0,240.0,2022
2,D,19.03,38.0,5.0,1.0,84,1.0,1.0,3.0,1,88,1,0.0,0,6.0,1.0,1,0.0,7,1,0,1,1,5.0,0,3.0,0,120.0,120.0,120.0,240.0,2022
3,D,90.0,43.0,6.0,1.0,68,1.0,1.0,4.0,3,74,1,0.0,1,5.0,1.0,1,1.0,7,1,0,1,1,4.0,0,3.0,0,120.0,120.0,0.0,120.0,2022
0,D,48.0,21.0,2.0,1.0,91,1.0,0.0,0.0,1,31,2,0.0,0,6.0,3.0,1,0.0,7,1,0,1,1,0.0,0,1.0,0,78.0,97.0,0.0,240.0,2022
2,D,180.0,43.0,6.0,1.0,24,1.0,1.0,5.0,1,22,1,0.0,0,5.0,1.0,1,0.0,7,1,0,1,1,7.0,0,4.0,0,292.0,365.0,180.0,480.0,2022
1,D,210.0,21.0,2.0,1.0,50,1.0,1.0,5.0,1,56,1,0.0,0,3.0,1.0,1,0.0,7,1,0,1,1,7.0,0,4.0,0,210.0,262.0,180.0,480.0,2022
1,D,210.0,30.0,3.0,1.0,50,1.0,1.0,0.0,1,56,1,0.0,0,1.0,2.0,1,3.0,7,1,0,1,1,0.0,0,1.0,0,210.0,240.0,60.0,240.0,2022
3,D,180.0,40.0,5.0,1.0,25,1.0,1.0,3.0,1,23,1,0.0,0,3.0,1.0,1,0.0,7,1,0,1,1,5.0,0,3.0,0,120.0,120.0,120.0,240.0,2022
2,D,96.0,31.0,4.0,1.0,17,1.0,1.0,0.0,1,15,1,0.0,0,6.0,1.0,1,0.0,7,1,0,1,1,0.0,0,1.0,0,151.0,188.0,60.0,240.0,2022
1,D,30.0,31.0,4.0,1.0,93,1.0,1.0,0.0,1,32,1,0.0,0,3.0,1.0,1,0.0,7,1,0,1,1,0.0,0,1.0,0,78.0,97.0,0.0,240.0,2022
1,D,150.0,42.0,6.0,1.0,93,1.0,0.0,0.0,1,32,1,0.0,0,6.0,1.0,2,2.0,7,1,0,1,1,0.0,0,1.0,0,135.0,168.0,60.0,240.0,2022
2,D,96.0,34.0,4.0,1.0,17,1.0,1.0,0.0,1,15,1,0.0,0,3.0,1.0,1,0.0,7,1,0,1,1,0.0,0,1.0,0,151.0,188.0,60.0,240.0,2022
5,D,60.0,52.0,7.0,1.0,7,1.0,1.0,0.0,1,5,1,0.0,0,6.0,1.0,1,0.0,7,1,0,1,1,0.0,0,1.0,0,121.0,151.0,60.0,240.0,2022
4,D,60.0,58.0,7.0,1.0,39,1.0,0.0,0.0,1,45,1,0.0,0,5.0,1.0,1,0.0,7,1,0,1,1,0.0,0,1.0,0,97.0,121.0,60.0,240.0,2022
5,D,183.0,64.0,8.0,1.0,55,1.0,1.0,0.0,1,62,2,0.0,0,5.0,3.0,1,1.0,7,1,0,1,1,0.0,0,1.0,0,210.0,262.0,180.0,480.0,2022
8,D,72.0,23.0,2.0,1.0,60,1.0,1.0,0.0,1,67,0,0.0,0,3.0,6.0,1,0.0,7,1,0,1,1,0.0,0,1.0,0,151.0,188.0,60.0,240.0,2022
1,D,0.03,50.0,6.0,1.0,10,1.0,0.0,0.0,1,8,1,0.0,0,3.0,1.0,1,0.0,7,1,0,2,1,0.0,0,1.0,0,78.0,97.0,0.0,240.0,2022
4,D,60.0,70.0,8.0,1.0,58,1.0,0.0,0.0,1,65,1,0.0,0,5.0,1.0,1,1.0,7,1,0,1,1,0.0,0,1.0,0,78.0,97.0,0.0,240.0,2022
4,D,72.0,47.0,6.0,1.0,58,1.0,0.0,0.0,1,65,1,0.0,0,5.0,1.0,1,1.0,7,1,0,1,1,0.0,0,1.0,0,151.0,188.0,60.0,240.0,2022
4,D,28.0,31.0,4.0,1.0,58,1.0,1.0,1.0,1,65,1,0.0,0,5.0,1.0,1,0.0,7,1,0,1,1,1.0,0,1.0,0,78.0,97.0,0.0,240.0,2022
A,D,120.0,47.0,6.0,1.0,61,1.0,1.0,7.0,1,68,1,0.0,0,5.0,1.0,1,0.0,7,1,0,1,1,9.0,0,4.0,0,120.0,137.0,120.0,240.0,2022
1,D,60.0,24.0,2.0,1.0,4,1.0,1.0,0.0,1,2,1,0.0,0,3.0,1.0,1,0.0,7,1,0,1,1,0.0,0,1.0,0,97.0,121.0,0.0,240.0,2022
1,D,112.0,38.0,5.0,1.0,1,1.0,0.0,0.0,1,90,1,0.0,0,3.0,1.0,1,0.0,7,1,0,1,1,0.0,0,1.0,0,151.0,188.0,60.0,240.0,2022
1,D,120.0,39.0,5.0,1.0,16,1.0,1.0,13.0,1,14,1,0.0,0,5.0,1.0,1,1.0,7,1,0,1,1,13.0,0,6.0,0,120.0,150.0,60.0,240.0,2022
3,D,190.0,23.0,2.0,1.0,56,1.0,1.0,0.0,1,63,1,0.0,0,3.0,1.0,1,0.0,7,1,0,1,1,0.0,0,1.0,0,210.0,240.0,60.0,240.0,2022
8,D,60.0,25.0,2.0,1.0,89,1.0,1.0,0.0,1,30,1,0.0,0,3.0,1.0,1,0.0,7,1,0,1,1,0.0,0,1.0,0,97.0,121.0,0.0,240.0,2022
4,D,235.0,22.0,2.0,1.0,21,1.0,1.0,0.0,1,18,1,0.0,0,3.0,1.0,1,4.0,7,1,0,1,1,0.0,0,1.0,0,235.0,240.0,60.0,240.0,2022
2,D,180.0,71.0,8.0,1.0,21,1.0,0.0,0.0,1,18,1,0.0,0,6.0,1.0,1,0.0,7,1,0,1,1,0.0,0,1.0,0,168.0,210.0,60.0,240.0,2022
1,D,120.0,61.0,8.0,1.0,91,1.0,0.0,0.0,1,31,2,0.0,0,5.0,3.0,2,0.0,7,1,0,1,1,0.0,0,1.0,0,168.0,210.0,60.0,240.0,2022
1,D,120.0,29.0,3.0,1.0,51,1.0,1.0,3.0,1,57,1,0.0,0,3.0,1.0,1,0.0,7,1,0,1,1,5.0,0,3.0,0,97.0,121.0,0.0,240.0,2022
1,D,120.0,53.0,7.0,1.0,51,1.0,1.0,6.0,1,57,1,0.0,0,5.0,1.0,1,0.0,7,1,0,1,1,8.0,0,4.0,0,120.0,125.0,120.0,240.0,2022
1,D,96.0,24.0,2.0,1.0,50,1.0,1.0,0.0,1,56,1,0.0,0,1.0,1.0,1,0.0,7,1,0,1,1,0.0,0,1.0,0,151.0,188.0,60.0,240.0,2022
2,D,110.0,25.0,2.0,1.0,15,1.0,0.0,0.0,1,13,1,1.0,0,6.0,2.0,1,0.0,7,1,0,1,1,0.0,0,1.0,0,135.0,168.0,60.0,240.0,2022
1,D,142.0,37.0,5.0,1.0,51,1.0,1.0,13.0,1,57,1,0.0,0,5.0,1.0,2,2.0,7,1,0,1,1,15.0,0,6.0,0,130.0,162.0,0.0,120.0,2022
3,D,240.0,42.0,6.0,1.0,43,1.0,1.0,3.0,1,49,1,0.0,0,3.0,1.0,2,0.0,7,1,0,1,1,5.0,0,3.0,0,235.0,293.0,60.0,240.0,2022
3,D,60.0,33.0,4.0,1.0,42,1.0,1.0,4.0,1,48,1,0.0,0,3.0,1.0,1,1.0,7,1,0,1,1,4.0,0,3.0,0,121.0,151.0,0.0,240.0,2022
6,D,30.0,39.0,5.0,1.0,11,1.0,1.0,1.0,1,9,1,0.0,0,5.0,1.0,1,0.0,7,1,0,1,1,1.0,0,1.0,0,70.0,87.0,0.0,240.0,2022
1,D,75.0,24.0,2.0,1.0,43,1.0,1.0,0.0,1,49,1,0.0,0,3.0,1.0,1,0.0,7,1,0,1,1,0.0,0,1.0,0,188.0,235.0,60.0,240.0,2022
1,D,65.0,51.0,7.0,1.0,93,1.0,1.0,0.0,1,32,1,0.0,0,6.0,1.0,2,0.0,7,1,0,1,1,0.0,0,1.0,0,188.0,235.0,0.0,240.0,2022
2,D,120.0,38.0,5.0,1.0,39,1.0,1.0,4.0,1,45,1,0.0,0,3.0,1.0,1,1.0,7,1,0,1,1,6.0,0,3.0,0,120.0,120.0,120.0,240.0,2022
2,D,204.0,29.0,3.0,1.0,34,1.0,0.0,0.0,1,39,1,0.0,0,6.0,1.0,1,5.0,7,1,0,1,1,0.0,0,1.0,0,121.0,151.0,0.0,240.0,2022
2,D,36.0,67.0,8.0,1.0,24,1.0,1.0,0.0,1,22,1,0.0,0,3.0,2.0,1,0.0,7,1,0,1,1,0.0,0,1.0,0,97.0,121.0,0.0,240.0,2022
1,D,6.0,39.0,5.0,1.0,1,1.0,1.0,0.0,1,90,1,0.0,0,6.0,1.0,1,0.0,7,1,0,1,1,0.0,0,1.0,0,41.0,51.0,0.0,240.0,2022
2,D,120.0,50.0,6.0,1.0,17,1.0,1.0,1.0,1,15,1,0.0,0,3.0,1.0,1,0.0,7,1,0,1,1,1.0,0,1.0,0,151.0,188.0,60.0,240.0,2022
1,D,198.0,50.0,6.0,1.0,9,1.0,1.0,3.0,1,6,1,0.0,0,5.0,1.0,3,2.0,7,1,0,1,1,5.0,0,3.0,0,180.0,210.0,120.0,240.0,2022
2,D,60.0,28.0,3.0,1.0,2,1.0,0.0,0.0,1,0,1,0.0,0,5.0,1.0,1,0.0,7,1,0,1,1,0.0,0,1.0,0,78.0,97.0,0.0,240.0,2022
3,D,0.99,49.0,6.0,1.0,77,1.0,1.0,0.0,1,81,1,0.0,0,1.0,1.0,3,0.0,7,1,0,1,1,0.0,0,1.0,0,63.0,78.0,0.0,240.0,2022
1,D,120.0,56.0,7.0,1.0,4,1.0,1.0,0.0,1,2,0,0.0,0,5.0,1.0,2,1.0,7,1,0,1,1,0.0,0,1.0,0,151.0,188.0,60.0,240.0,2022
3,D,120.0,44.0,6.0,1.0,77,1.0,1.0,1.0,1,81,1,0.0,0,5.0,1.0,1,0.0,7,1,0,1,1,1.0,0,1.0,0,120.0,120.0,120.0,240.0,2022
4,D,84.0,67.0,8.0,1.0,82,1.0,0.0,0.0,1,85,1,0.0,0,6.0,6.0,2,0.0,7,1,0,1,1,0.0,0,1.0,0,121.0,151.0,60.0,240.0,2022
1,D,65.0,23.0,2.0,1.0,69,1.0,0.0,0.0,1,93,1,0.0,0,3.0,1.0,1,0.0,7,1,0,1,1,0.0,0,1.0,0,78.0,97.0,60.0,240.0,2022
2,D,210.0,51.0,7.0,1.0,87,1.0,1.0,0.0,1,26,1,0.0,0,5.0,1.0,2,0.0,7,1,0,1,1,0.0,0,1.0,0,210.0,262.0,60.0,240.0,2022
6,D,60.0,42.0,6.0,1.0,8,1.0,1.0,0.0,1,7,2,0.0,0,1.0,3.0,1,0.0,7,1,0,1,1,0.0,0,1.0,0,210.0,240.0,60.0,240.0,2022
5,D,72.0,28.0,3.0,1.0,9,1.0,1.0,1.0,1,6,2,0.0,0,5.0,3.0,2,0.0,7,1,0,1,1,1.0,0,1.0,0,210.0,262.0,60.0,240.0,2022
4,D,180.0,33.0,4.0,1.0,58,1.0,1.0,5.0,1,65,1,0.0,0,5.0,1.0,2,0.0,7,1,0,1,1,7.0,0,4.0,0,235.0,293.0,120.0,9996.0,2022
3,D,30.0,44.0,6.0,1.0,75,1.0,0.0,0.0,1,79,1,0.0,0,3.0,1.0,1,0.0,7,1,0,1,1,0.0,0,1.0,0,60.0,71.0,60.0,240.0,2022
3,D,60.0,50.0,6.0,1.0,16,1.0,0.0,0.0,1,14,1,0.0,0,3.0,1.0,1,0.0,7,1,0,1,1,0.0,0,1.0,0,135.0,168.0,60.0,240.0,2022
4,D,60.0,39.0,5.0,1.0,58,1.0,0.0,0.0,1,65,1,0.0,0,6.0,1.0,1,4.0,7,1,0,1,1,0.0,0,1.0,0,108.0,135.0,0.0,240.0,2022
3,D,48.0,33.0,4.0,1.0,73,1.0,0.0,0.0,1,78,1,0.0,0,5.0,1.0,1,1.0,7,1,0,1,1,0.0,0,1.0,0,78.0,97.0,0.0,240.0,2022
3,D,240.0,42.0,6.0,1.0,89,1.0,1.0,0.0,1,30,1,0.0,0,5.0,1.0,1,2.0,7,1,0,1,1,0.0,0,1.0,0,210.0,240.0,60.0,240.0,2022
3,D,60.0,51.0,7.0,1.0,46,1.0,1.0,10.0,1,53,1,0.0,0,5.0,1.0,1,0.0,7,1,0,1,1,10.0,0,5.0,0,120.0,137.0,120.0,240.0,2022
2,D,135.0,57.0,7.0,1.0,2,1.0,1.0,0.0,1,0,1,0.0,0,6.0,1.0,1,0.0,7,1,0,1,1,0.0,0,1.0,0,135.0,168.0,0.0,240.0,2022
2,D,72.0,35.0,4.0,1.0,17,1.0,1.0,1.0,1,15,1,0.0,0,5.0,1.0,1,0.0,7,1,0,1,1,1.0,0,1.0,0,97.0,121.0,0.0,240.0,2022
3,D,72.0,46.0,6.0,1.0,77,1.0,1.0,0.0,1,81,1,0.0,0,5.0,1.0,2,3.0,7,1,0,1,1,0.0,0,1.0,0,78.0,97.0,0.0,240.0,2022
1,B,,51.0,7.0,1.0,10,1.0,0.0,0.0,1,8,1,0.0,0,3.0,1.0,1,3.0,8,0,1,4,0,0.0,0,1.0,0,6.0,12.0,0.0,60.0,2022
2,D,76.0,67.0,8.0,1.0,15,1.0,0.0,0.0,1,13,1,0.0,0,6.0,1.0,3,0.0,7,1,0,1,1,0.0,0,1.0,0,151.0,188.0,0.0,240.0,2022
4,D,60.0,40.0,5.0,1.0,38,1.0,1.0,2.0,1,44,1,0.0,0,5.0,1.0,2,1.0,7,1,0,1,1,4.0,0,3.0,0,121.0,151.0,60.0,240.0,2022
2,D,96.0,32.0,4.0,1.0,84,1.0,1.0,0.0,1,88,1,0.0,0,5.0,1.0,1,0.0,7,1,0,1,1,0.0,0,1.0,0,151.0,188.0,60.0,240.0,2022
7,D,63.0,34.0,4.0,1.0,17,1.0,1.0,1.0,1,15,1,0.0,0,3.0,1.0,1,2.0,7,1,0,1,1,1.0,0,1.0,0,87.0,108.0,0.0,240.0,2022
2,D,87.0,59.0,7.0,1.0,17,1.0,1.0,3.0,1,15,1,0.0,0,3.0,1.0,1,0.0,7,1,0,1,1,3.0,0,2.0,0,87.0,108.0,0.0,240.0,2022
3,D,60.0,28.0,3.0,1.0,5,1.0,0.0,0.0,1,4,2,0.0,0,3.0,3.0,1,0.0,7,1,0,1,1,0.0,0,1.0,0,151.0,188.0,60.0,240.0,2022
1,D,180.0,69.0,8.0,1.0,22,1.0,1.0,7.0,1,19,1,0.0,0,3.0,1.0,1,,7,1,0,1,1,9.0,0,4.0,0,180.0,180.0,180.0,480.0,2022
3,D,0.03,27.0,3.0,1.0,24,1.0,1.0,0.0,1,22,1,0.0,0,3.0,2.0,1,0.0,7,1,0,1,1,0.0,0,1.0,0,24.0,30.0,0.0,96.0,2022
3,D,84.0,36.0,5.0,1.0,22,1.0,1.0,0.0,1,19,1,0.0,0,6.0,1.0,1,,7,1,0,1,1,0.0,0,1.0,0,78.0,97.0,0.0,240.0,2022
2,D,48.0,27.0,3.0,1.0,35,1.0,1.0,0.0,1,41,2,0.0,0,3.0,3.0,1,0.0,7,1,0,1,1,0.0,0,1.0,0,135.0,168.0,0.0,240.0,2022
1,D,180.0,56.0,7.0,1.0,9,1.0,1.0,0.0,1,6,1,0.0,0,1.0,1.0,4,0.0,7,1,0,1,1,0.0,0,1.0,0,180.0,188.0,0.0,120.0,2022
8,D,140.0,33.0,4.0,1.0,60,1.0,0.0,0.0,1,67,1,0.0,0,5.0,1.0,1,0.0,7,1,0,1,1,0.0,0,1.0,0,151.0,188.0,60.0,240.0,2022
6,D,60.0,38.0,5.0,1.0,75,1.0,1.0,2.0,1,79,2,0.0,0,3.0,3.0,1,3.0,7,1,0,1,1,4.0,0,3.0,0,97.0,121.0,60.0,240.0,2022
2,D,120.0,38.0,5.0,1.0,37,1.0,1.0,4.0,1,43,1,0.0,0,5.0,1.0,1,0.0,7,1,0,1,1,4.0,0,3.0,0,120.0,120.0,120.0,240.0,2022
1,D,84.0,48.0,6.0,1.0,49,1.0,1.0,0.0,1,55,1,0.0,0,3.0,1.0,1,0.0,7,1,0,1,1,0.0,0,1.0,0,97.0,120.0,0.0,120.0,2022
1,D,87.0,20.0,1.0,1.0,94,1.0,0.0,0.0,1,34,1,0.0,0,1.0,1.0,1,0.0,7,1,0,1,1,0.0,0,1.0,0,87.0,108.0,0.0,240.0,2022
1,D,72.0,39.0,5.0,1.0,49,1.0,1.0,3.0,1,55,1,0.0,0,3.0,1.0,1,0.0,7,1,0,1,1,3.0,0,2.0,0,151.0,188.0,60.0,240.0,2022
1,D,60.0,38.0,5.0,1.0,46,1.0,0.0,0.0,1,53,1,0.0,0,3.0,1.0,1,0.0,7,1,0,1,1,0.0,0,1.0,0,60.0,60.0,60.0,240.0,2022
8,D,60.0,41.0,6.0,1.0,60,1.0,1.0,0.0,1,67,1,0.0,0,1.0,1.0,1,0.0,7,1,0,1,1,0.0,0,1.0,0,63.0,78.0,60.0,240.0,2022
2,D,80.0,35.0,4.0,1.0,42,1.0,1.0,3.0,1,48,1,0.0,0,5.0,1.0,1,2.0,7,1,0,1,1,5.0,0,3.0,0,121.0,151.0,0.0,240.0,2022
1,D,120.0,30.0,3.0,1.0,9,1.0,1.0,4.0,1,6,1,0.0,0,3.0,1.0,3,2.0,7,1,0,1,1,6.0,0,3.0,0,262.0,327.0,60.0,240.0,2022
3,D,135.0,54.0,7.0,1.0,43,1.0,1.0,0.0,1,49,1,0.0,0,3.0,1.0,1,0.0,7,1,0,1,1,0.0,0,1.0,0,240.0,240.0,60.0,240.0,2022
1,D,180.0,30.0,3.0,1.0,55,1.0,1.0,4.0,1,62,1,0.0,0,3.0,1.0,1,0.0,7,1,0,1,1,4.0,0,3.0,0,180.0,180.0,180.0,480.0,2022
2,D,120.0,63.0,8.0,1.0,59,1.0,1.0,1.0,1,66,0,0.0,0,6.0,1.0,1,0.0,7,1,0,1,1,1.0,0,1.0,0,120.0,120.0,120.0,240.0,2022
4,D,150.0,50.0,6.0,1.0,57,1.0,1.0,3.0,3,64,1,0.0,1,5.0,1.0,1,0.0,7,1,0,1,1,5.0,0,3.0,0,168.0,210.0,120.0,240.0,2022
2,D,135.0,34.0,4.0,1.0,28,1.0,1.0,3.0,1,35,1,0.0,0,3.0,2.0,1,0.0,7,1,0,1,1,3.0,0,2.0,0,120.0,135.0,120.0,240.0,2022
5,D,180.0,51.0,7.0,1.0,9,1.0,1.0,6.0,1,6,1,0.0,0,5.0,1.0,2,0.0,7,1,0,1,1,6.0,0,3.0,0,262.0,327.0,180.0,480.0,2022
4,D,102.0,45.0,6.0,1.0,34,1.0,1.0,0.0,1,39,1,0.0,0,3.0,2.0,1,1.0,7,1,0,1,1,0.0,0,1.0,0,87.0,108.0,60.0,240.0,2022
1,D,84.0,53.0,7.0,1.0,19,1.0,0.0,0.0,1,16,1,0.0,0,5.0,1.0,1,1.0,7,1,0,1,1,0.0,0,1.0,0,78.0,97.0,0.0,240.0,2022
1,D,60.0,59.0,7.0,1.0,24,3.0,1.0,0.0,3,22,1,0.0,1,6.0,6.0,2,4.0,7,1,0,1,1,0.0,0,1.0,0,210.0,262.0,60.0,240.0,2022
5,D,30.0,34.0,4.0,1.0,62,1.0,1.0,0.0,1,69,1,0.0,0,5.0,1.0,1,0.0,7,1,0,1,1,0.0,0,1.0,0,24.0,30.0,0.0,120.0,2022
1,D,82.0,28.0,3.0,1.0,1,1.0,0.0,0.0,1,90,1,0.0,0,3.0,1.0,1,0.0,7,1,0,1,1,0.0,0,1.0,0,188.0,235.0,60.0,240.0,2022
3,D,60.0,21.0,2.0,1.0,16,1.0,0.0,0.0,1,14,1,0.0,0,3.0,1.0,1,0.0,7,1,0,1,1,0.0,0,1.0,0,151.0,188.0,60.0,240.0,2022
2,D,60.0,32.0,4.0,1.0,76,1.0,1.0,3.0,1,80,1,1.0,0,5.0,1.0,1,0.0,7,1,0,1,1,5.0,0,3.0,0,151.0,188.0,60.0,240.0,2022
2,D,48.0,52.0,7.0,1.0,51,1.0,0.0,0.0,1,57,0,0.0,0,6.0,1.0,1,3.0,7,1,0,1,1,0.0,0,1.0,0,46.0,57.0,0.0,240.0,2022
3,D,60.0,45.0,6.0,1.0,5,1.0,0.0,0.0,1,4,2,0.0,0,3.0,3.0,1,0.0,7,1,0,1,1,0.0,0,1.0,0,97.0,121.0,0.0,240.0,2022
3,D,60.0,24.0,2.0,1.0,91,2.0,0.0,0.0,1,31,2,0.0,0,5.0,3.0,1,0.0,7,1,0,1,1,0.0,0,1.0,0,70.0,87.0,60.0,240.0,2022
1,D,60.0,39.0,5.0,1.0,91,,0.0,0.0,1,31,2,0.0,0,5.0,3.0,1,0.0,7,1,0,1,1,0.0,0,1.0,0,60.0,63.0,60.0,240.0,2022
3,D,12.03,34.0,4.0,1.0,77,1.0,0.0,0.0,1,81,1,0.0,0,3.0,1.0,1,2.0,7,1,0,1,1,0.0,0,1.0,0,30.0,37.0,0.0,240.0,2022
4,D,96.0,29.0,3.0,1.0,56,1.0,0.0,0.0,1,63,1,0.0,0,3.0,1.0,1,0.0,7,1,0,1,1,0.0,0,1.0,0,108.0,135.0,0.0,240.0,2022
1,D,120.0,34.0,4.0,1.0,56,1.0,0.0,0.0,3,63,1,0.0,1,1.0,1.0,1,0.0,7,1,0,1,1,0.0,0,1.0,0,135.0,168.0,60.0,240.0,2022
2,D,36.0,50.0,6.0,1.0,84,1.0,0.0,0.0,1,88,1,0.0,0,5.0,1.0,1,0.0,7,1,0,1,1,0.0,0,1.0,0,97.0,121.0,0.0,240.0,2022
1,D,324.0,51.0,7.0,1.0,71,1.0,1.0,17.0,1,76,1,0.0,0,5.0,1.0,2,0.0,7,1,0,1,1,19.0,0,6.0,0,360.0,480.0,120.0,240.0,2022
8,D,150.0,23.0,2.0,1.0,60,1.0,1.0,3.0,1,67,1,0.0,0,3.0,1.0,1,0.0,7,1,0,1,1,3.0,0,2.0,0,240.0,240.0,60.0,240.0,2022
1,D,168.0,24.0,2.0,1.0,93,1.0,0.0,0.0,1,32,1,0.0,0,1.0,1.0,1,0.0,7,1,0,1,1,0.0,0,1.0,0,235.0,240.0,60.0,240.0,2022
1,D,72.0,40.0,5.0,1.0,8,1.0,1.0,0.0,1,7,1,0.0,0,5.0,1.0,1,0.0,7,1,0,1,1,0.0,0,1.0,0,151.0,188.0,60.0,240.0,2022
0,D,151.0,29.0,3.0,1.0,91,1.0,1.0,2.0,1,31,1,0.0,0,3.0,2.0,1,0.0,7,1,0,1,1,4.0,0,3.0,0,151.0,188.0,60.0,240.0,2022
2,D,120.0,65.0,8.0,1.0,65,1.0,1.0,3.0,1,73,1,0.0,0,6.0,1.0,1,3.0,7,1,0,1,1,3.0,0,2.0,0,120.0,120.0,120.0,240.0,2022
1,D,240.0,35.0,4.0,1.0,62,1.0,1.0,9.0,1,69,1,0.0,0,3.0,1.0,1,1.0,7,1,0,1,1,11.0,0,5.0,0,151.0,188.0,120.0,240.0,2022
8,D,293.0,33.0,4.0,1.0,89,1.0,1.0,2.0,1,30,1,0.0,0,3.0,1.0,2,0.0,7,1,0,1,1,2.0,0,2.0,0,235.0,293.0,60.0,240.0,2022
3,D,72.0,48.0,6.0,1.0,14,1.0,0.0,0.0,1,12,1,0.0,0,6.0,1.0,2,1.0,7,1,0,1,1,0.0,0,1.0,0,78.0,97.0,60.0,240.0,2022
6,D,27.0,65.0,8.0,1.0,89,2.0,0.0,0.0,1,30,1,0.0,0,6.0,1.0,1,0.0,7,1,0,1,1,0.0,0,1.0,0,51.0,63.0,0.0,240.0,2022
1,D,87.0,58.0,7.0,1.0,9,1.0,1.0,0.0,1,6,1,0.0,0,5.0,1.0,2,2.0,7,1,0,1,1,0.0,0,1.0,0,151.0,188.0,60.0,240.0,2022
1,D,120.0,48.0,6.0,1.0,41,1.0,1.0,4.0,1,47,1,0.0,0,5.0,1.0,1,0.0,7,1,0,1,1,6.0,0,3.0,0,120.0,120.0,120.0,240.0,2022
3,D,78.0,42.0,6.0,1.0,34,1.0,0.0,0.0,1,39,1,0.0,0,5.0,1.0,1,1.0,7,1,0,1,1,0.0,0,1.0,0,70.0,87.0,0.0,240.0,2022
5,D,100.0,59.0,7.0,1.0,36,1.0,0.0,0.0,1,42,1,0.0,0,5.0,1.0,1,0.0,7,1,0,1,1,0.0,0,1.0,0,97.0,121.0,60.0,240.0,2022
1,B,,36.0,5.0,1.0,70,1.0,0.0,0.0,1,75,1,0.0,0,3.0,6.0,1,6.0,8,0,1,4,0,0.0,0,1.0,0,6.0,12.0,0.0,60.0,2022
2,D,300.0,39.0,5.0,1.0,49,1.0,1.0,0.0,1,55,1,0.0,0,3.0,1.0,4,0.0,7,1,0,1,1,0.0,0,1.0,0,9996.0,9996.0,120.0,9996.0,2022
1,D,78.0,28.0,3.0,1.0,91,1.0,1.0,6.0,1,31,1,0.0,0,3.0,1.0,1,0.0,7,1,0,1,1,8.0,0,4.0,0,92.0,115.0,0.0,240.0,2022
4,D,136.0,69.0,8.0,1.0,34,1.0,1.0,3.0,1,39,1,0.0,0,3.0,1.0,1,0.0,7,1,0,1,1,5.0,0,3.0,0,120.0,120.0,120.0,240.0,2022
4,D,120.0,29.0,3.0,1.0,58,1.0,0.0,0.0,1,65,2,0.0,0,5.0,3.0,2,0.0,7,1,0,1,1,0.0,0,1.0,0,210.0,262.0,60.0,240.0,2022
2,D,42.0,30.0,3.0,1.0,65,1.0,0.0,0.0,1,73,1,0.0,0,5.0,1.0,1,0.0,7,1,0,1,1,0.0,0,1.0,0,78.0,97.0,0.0,240.0,2022
3,D,97.0,47.0,6.0,1.0,91,1.0,1.0,0.0,1,31,1,0.0,0,6.0,1.0,1,0.0,7,1,0,1,1,0.0,0,1.0,0,97.0,121.0,0.0,240.0,2022
1,D,40.0,41.0,6.0,1.0,10,1.0,1.0,13.0,1,8,1,0.0,0,3.0,2.0,1,2.0,8,1,0,1,1,15.0,0,6.0,0,41.0,51.0,0.0,60.0,2022
3,D,70.0,39.0,5.0,1.0,75,1.0,1.0,3.0,1,79,2,0.0,0,1.0,3.0,1,2.0,7,1,0,1,1,3.0,0,2.0,0,135.0,168.0,60.0,240.0,2022
7,D,120.0,34.0,4.0,1.0,17,1.0,1.0,2.0,1,15,1,0.0,0,3.0,1.0,1,0.0,7,1,0,1,1,4.0,0,3.0,0,121.0,151.0,120.0,240.0,2022
4,D,120.0,45.0,6.0,1.0,58,1.0,1.0,8.0,1,65,1,0.0,0,3.0,1.0,1,1.0,7,1,0,1,1,8.0,0,4.0,0,120.0,120.0,120.0,240.0,2022
5,D,0.03,33.0,4.0,1.0,15,1.0,1.0,1.0,1,13,1,0.0,0,3.0,1.0,1,0.0,7,1,0,1,1,1.0,0,1.0,0,108.0,135.0,0.0,240.0,2022
1,D,120.0,69.0,8.0,1.0,25,1.0,1.0,0.0,1,23,1,0.0,0,3.0,1.0,2,0.0,7,1,0,1,1,0.0,0,1.0,0,210.0,262.0,0.0,240.0,2022
5,D,180.0,42.0,6.0,1.0,92,1.0,1.0,0.0,1,33,1,0.0,0,6.0,1.0,1,0.0,7,1,0,1,1,0.0,0,1.0,0,151.0,188.0,60.0,240.0,2022
2,D,60.0,24.0,2.0,1.0,85,1.0,1.0,1.0,1,89,1,0.0,0,3.0,1.0,1,0.0,7,1,0,1,1,1.0,0,1.0,0,151.0,188.0,60.0,240.0,2022
1,D,20.0,39.0,5.0,1.0,10,1.0,1.0,8.0,1,8,1,1.0,0,5.0,1.0,1,2.0,8,1,0,1,1,8.0,0,4.0,0,30.0,37.0,0.0,60.0,2022
2,D,66.0,21.0,2.0,1.0,24,1.0,0.0,0.0,1,22,2,0.0,0,5.0,3.0,1,0.0,7,1,0,1,1,0.0,0,1.0,0,121.0,151.0,60.0,240.0,2022
1,D,60.0,24.0,2.0,1.0,6,1.0,1.0,0.0,1,3,1,0.0,0,3.0,1.0,3,0.0,7,1,0,1,1,0.0,0,1.0,0,151.0,188.0,60.0,240.0,2022
5,D,124.0,36.0,5.0,1.0,33,1.0,1.0,0.0,1,40,1,0.0,0,3.0,1.0,1,3.0,7,1,0,1,1,0.0,0,1.0,0,135.0,168.0,0.0,240.0,2022
1,D,48.0,33.0,4.0,1.0,2,1.0,1.0,0.0,1,0,1,0.0,0,5.0,1.0,1,4.0,7,1,0,1,1,0.0,0,1.0,0,121.0,151.0,0.0,240.0,2022
5,D,65.0,39.0,5.0,1.0,83,1.0,0.0,0.0,1,87,1,0.0,0,5.0,1.0,1,0.0,7,1,0,1,1,0.0,0,1.0,0,78.0,97.0,0.0,240.0,2022
5,D,240.0,62.0,8.0,1.0,34,1.0,1.0,0.0,1,39,1,0.0,0,3.0,1.0,1,0.0,7,1,0,1,1,0.0,0,1.0,0,240.0,240.0,60.0,240.0,2022
2,D,42.0,21.0,2.0,1.0,84,1.0,1.0,0.0,1,88,1,0.0,0,3.0,1.0,1,0.0,7,1,0,1,1,0.0,0,1.0,0,70.0,87.0,0.0,120.0,2022
1,D,120.0,76.0,8.0,1.0,71,1.0,1.0,3.0,1,76,1,0.0,0,3.0,1.0,1,0.0,7,1,0,1,1,3.0,0,1.0,0,120.0,120.0,120.0,240.0,2022
2,D,120.0,44.0,6.0,1.0,84,1.0,1.0,2.0,1,88,1,0.0,0,5.0,1.0,1,0.0,7,1,0,1,1,2.0,0,2.0,0,120.0,120.0,120.0,240.0,2022
4,D,135.0,54.0,7.0,1.0,53,1.0,1.0,9.0,1,60,1,0.0,0,5.0,1.0,1,0.0,7,1,0,1,1,9.0,0,4.0,0,120.0,120.0,120.0,240.0,2022
6,D,130.0,43.0,6.0,1.0,79,1.0,1.0,9.0,1,83,1,0.0,0,5.0,1.0,1,0.0,7,1,0,1,1,11.0,0,5.0,0,130.0,162.0,120.0,240.0,2022
3,D,168.0,45.0,6.0,1.0,34,1.0,1.0,0.0,1,39,2,0.0,0,1.0,3.0,1,0.0,7,1,0,1,1,0.0,0,1.0,0,135.0,168.0,0.0,240.0,2022
9,D,60.0,58.0,7.0,1.0,91,1.0,0.0,0.0,1,31,1,0.0,0,6.0,1.0,1,0.0,7,1,0,1,1,0.0,0,1.0,0,97.0,121.0,60.0,240.0,2022
2,D,84.0,26.0,3.0,1.0,17,1.0,0.0,0.0,1,15,1,0.0,0,5.0,1.0,2,0.0,7,1,0,1,1,0.0,0,1.0,0,151.0,188.0,60.0,240.0,2022
3,D,46.0,51.0,7.0,1.0,68,1.0,0.0,0.0,1,74,1,0.0,0,6.0,1.0,1,1.0,7,1,0,1,1,0.0,0,1.0,0,78.0,97.0,0.0,240.0,2022
1,D,60.0,19.0,1.0,1.0,71,1.0,1.0,0.0,1,76,2,0.0,0,3.0,3.0,1,0.0,7,1,0,1,1,0.0,0,1.0,0,63.0,78.0,60.0,9996.0,2022
1,D,120.0,51.0,7.0,1.0,19,1.0,1.0,13.0,1,16,1,0.0,0,3.0,1.0,1,3.0,7,1,0,1,1,15.0,0,6.0,0,130.0,162.0,120.0,240.0,2022
5,D,48.0,37.0,5.0,1.0,20,1.0,1.0,0.0,1,17,1,0.0,0,3.0,2.0,1,3.0,7,1,0,1,1,0.0,0,1.0,0,78.0,97.0,0.0,240.0,2022
3,D,240.0,23.0,2.0,1.0,34,1.0,1.0,0.0,1,39,2,0.0,0,3.0,3.0,1,0.0,7,1,0,1,1,0.0,0,1.0,0,97.0,121.0,60.0,240.0,2022
8,D,95.0,40.0,5.0,1.0,89,1.0,0.0,0.0,1,30,1,0.0,0,6.0,1.0,1,0.0,7,1,0,1,1,0.0,0,1.0,0,151.0,188.0,60.0,240.0,2022
6,D,180.0,35.0,4.0,1.0,89,1.0,1.0,3.0,1,30,1,0.0,0,5.0,1.0,1,0.0,7,1,0,1,1,5.0,0,3.0,0,180.0,180.0,180.0,480.0,2022
1,D,300.0,42.0,6.0,1.0,9,1.0,1.0,0.0,1,6,1,0.0,0,5.0,1.0,4,0.0,7,1,0,1,1,0.0,0,1.0,0,292.0,365.0,120.0,9996.0,2022
6,D,240.0,44.0,6.0,1.0,34,1.0,1.0,2.0,1,39,1,0.0,0,3.0,1.0,1,1.0,7,1,0,1,1,2.0,0,2.0,0,240.0,240.0,60.0,240.0,2022
1,D,,42.0,6.0,1.0,47,1.0,1.0,1.0,1,52,1,0.0,0,3.0,1.0,1,2.0,8,0,1,3,0,3.0,0,2.0,0,15.0,21.0,0.0,60.0,2022
1,D,48.0,45.0,6.0,1.0,41,1.0,1.0,1.0,1,47,0,0.0,0,3.0,2.0,1,0.0,7,1,0,1,1,1.0,0,1.0,0,63.0,78.0,0.0,240.0,2022
3,D,24.0,23.0,2.0,1.0,63,1.0,1.0,0.0,1,95,1,0.0,0,3.0,6.0,2,0.0,7,1,0,1,1,0.0,0,1.0,0,41.0,51.0,0.0,120.0,2022
1,D,48.0,21.0,2.0,1.0,55,1.0,0.0,0.0,1,62,2,0.0,0,5.0,3.0,2,0.0,7,1,0,1,1,0.0,0,1.0,0,97.0,121.0,0.0,240.0,2022
1,D,60.0,29.0,3.0,1.0,46,1.0,1.0,0.0,1,53,1,0.0,0,3.0,1.0,1,0.0,7,1,0,1,1,0.0,0,1.0,0,60.0,60.0,60.0,240.0,2022
1,D,192.0,38.0,5.0,1.0,9,1.0,1.0,0.0,1,6,1,0.0,0,3.0,1.0,2,0.0,7,1,0,1,1,0.0,0,1.0,0,210.0,262.0,60.0,240.0,2022
3,D,60.0,24.0,2.0,1.0,22,1.0,1.0,0.0,1,19,1,0.0,0,5.0,1.0,1,0.0,7,1,0,1,1,0.0,0,1.0,0,210.0,240.0,60.0,240.0,2022
1,D,60.0,32.0,4.0,1.0,88,1.0,0.0,0.0,1,28,1,0.0,0,3.0,1.0,1,3.0,7,1,0,1,1,0.0,0,1.0,0,151.0,188.0,60.0,240.0,2022
2,D,30.0,28.0,3.0,1.0,84,1.0,0.0,0.0,1,88,1,0.0,0,5.0,6.0,1,0.0,7,1,0,1,1,0.0,0,1.0,0,78.0,97.0,0.0,240.0,2022
1,D,132.0,31.0,4.0,1.0,47,1.0,1.0,0.0,1,52,2,0.0,0,5.0,3.0,2,0.0,7,1,0,1,1,0.0,0,2.0,0,168.0,210.0,60.0,240.0,2022
G,D,48.0,25.0,2.0,1.0,20,1.0,1.0,0.0,1,17,1,0.0,0,3.0,2.0,1,0.0,7,1,0,1,1,0.0,0,1.0,0,97.0,121.0,0.0,240.0,2022
1,D,100.0,58.0,7.0,1.0,43,1.0,1.0,0.0,1,49,1,0.0,0,5.0,1.0,1,1.0,7,1,0,1,1,0.0,0,1.0,0,151.0,188.0,60.0,240.0,2022
1,D,120.0,55.0,7.0,1.0,46,1.0,1.0,2.0,1,53,1,0.0,0,3.0,1.0,1,0.0,7,1,0,1,1,2.0,0,2.0,0,120.0,120.0,120.0,240.0,2022
3,D,400.0,39.0,5.0,1.0,57,1.0,1.0,0.0,1,64,1,0.0,0,1.0,1.0,3,0.0,7,1,0,1,1,0.0,0,1.0,0,960.0,960.0,180.0,360.0,2022
3,D,144.0,32.0,4.0,1.0,52,1.0,1.0,3.0,1,58,1,0.0,0,3.0,1.0,1,0.0,7,1,0,1,1,5.0,0,3.0,0,168.0,210.0,120.0,240.0,2022
2,D,120.72,52.0,7.0,1.0,51,1.0,1.0,8.0,1,57,0,0.0,0,3.0,1.0,1,0.0,7,1,0,1,1,10.0,0,5.0,0,130.0,162.0,120.0,240.0,2022
4,D,151.0,25.0,2.0,1.0,62,1.0,1.0,10.0,1,69,1,0.0,0,1.0,6.0,1,2.0,7,1,0,2,1,12.0,0,5.0,0,188.0,235.0,60.0,240.0,2022
2,D,97.0,57.0,7.0,1.0,73,1.0,1.0,0.0,1,78,1,0.0,0,3.0,1.0,1,0.0,7,1,0,1,1,0.0,0,1.0,0,121.0,151.0,60.0,240.0,2022
8,D,96.0,40.0,5.0,1.0,60,1.0,1.0,2.0,1,67,1,0.0,0,3.0,1.0,1,1.0,7,1,0,1,1,4.0,0,3.0,0,151.0,188.0,60.0,240.0,2022
1,D,97.0,25.0,2.0,1.0,91,3.0,1.0,0.0,1,31,2,0.0,0,1.0,3.0,1,1.0,7,1,0,1,1,0.0,0,1.0,0,97.0,121.0,0.0,240.0,2022
3,D,69.0,56.0,7.0,1.0,63,1.0,0.0,0.0,1,95,1,0.0,0,6.0,1.0,1,0.0,7,1,0,1,1,0.0,0,1.0,0,97.0,121.0,60.0,240.0,2022
5,D,120.0,55.0,7.0,1.0,67,1.0,1.0,5.0,3,71,1,0.0,1,3.0,1.0,1,0.0,7,1,0,1,1,5.0,0,3.0,0,135.0,168.0,120.0,240.0,2022
6,D,84.0,31.0,4.0,1.0,59,1.0,1.0,1.0,1,66,0,0.0,0,5.0,1.0,1,0.0,7,1,0,1,1,1.0,0,1.0,0,210.0,240.0,60.0,240.0,2022
1,B,,40.0,5.0,1.0,47,1.0,1.0,0.0,1,52,2,0.0,0,6.0,3.0,1,1.0,8,0,1,4,0,0.0,0,1.0,0,6.0,12.0,0.0,60.0,2022
1,D,33.0,32.0,4.0,1.0,71,1.0,1.0,1.0,1,76,1,0.0,0,6.0,1.0,1,0.0,7,1,0,1,1,3.0,0,2.0,0,33.0,41.0,0.0,120.0,2022
2,D,40.0,30.0,3.0,1.0,65,1.0,0.0,0.0,1,73,2,0.0,0,3.0,3.0,1,0.0,7,1,0,1,1,0.0,0,1.0,0,51.0,63.0,0.0,240.0,2022
1,D,60.0,73.0,8.0,1.0,8,1.0,0.0,0.0,1,7,1,0.0,0,6.0,1.0,1,0.0,7,1,0,1,1,0.0,0,1.0,0,97.0,121.0,60.0,240.0,2022
2,D,60.0,56.0,7.0,1.0,24,1.0,1.0,0.0,1,22,0,0.0,0,5.0,1.0,1,0.0,7,1,0,1,1,0.0,0,1.0,0,135.0,168.0,60.0,240.0,2022
8,D,60.0,25.0,2.0,1.0,60,1.0,1.0,1.0,1,67,1,0.0,0,5.0,1.0,1,0.0,7,1,0,1,1,1.0,0,1.0,0,151.0,188.0,60.0,240.0,2022
1,D,132.0,37.0,5.0,1.0,55,1.0,1.0,2.0,1,62,1,0.0,0,5.0,1.0,1,0.0,7,1,0,1,1,2.0,0,2.0,0,135.0,168.0,0.0,240.0,2022
3,D,300.0,38.0,5.0,1.0,77,1.0,1.0,0.0,1,81,1,0.0,0,3.0,1.0,5,0.0,7,1,0,1,1,0.0,0,1.0,0,210.0,262.0,0.0,360.0,2022
2,D,32.0,32.0,4.0,1.0,21,1.0,1.0,0.0,1,18,1,0.0,0,5.0,1.0,1,2.0,7,1,0,1,1,0.0,0,1.0,0,63.0,78.0,0.0,240.0,2022
1,D,120.0,56.0,7.0,1.0,41,1.0,1.0,6.0,3,47,1,0.0,1,5.0,1.0,1,0.0,7,1,0,1,1,6.0,0,3.0,0,240.0,240.0,60.0,240.0,2022
2,D,200.0,64.0,8.0,1.0,17,1.0,1.0,0.0,1,15,1,0.0,0,6.0,1.0,1,0.0,7,1,0,1,1,0.0,0,1.0,0,168.0,210.0,60.0,240.0,2022
9,D,300.0,68.0,8.0,1.0,91,1.0,1.0,0.0,1,31,1,0.0,0,3.0,1.0,4,0.0,7,1,0,1,1,0.0,0,1.0,0,9996.0,9996.0,120.0,9996.0,2022
6,D,70.0,41.0,6.0,1.0,33,1.0,0.0,0.0,1,40,2,0.0,0,5.0,3.0,1,2.0,7,1,0,1,1,0.0,0,1.0,0,87.0,108.0,60.0,240.0,2022
1,D,63.0,44.0,6.0,1.0,19,1.0,1.0,3.0,1,16,1,0.0,0,6.0,1.0,1,4.0,7,1,0,1,1,5.0,0,3.0,0,63.0,78.0,0.0,120.0,2022
4,D,72.0,29.0,3.0,1.0,57,2.0,0.0,0.0,1,64,2,0.0,0,6.0,3.0,1,0.0,7,1,0,1,1,0.0,0,1.0,0,87.0,108.0,60.0,240.0,2022
1,D,120.0,35.0,4.0,1.0,9,1.0,1.0,3.0,1,6,1,0.0,0,5.0,1.0,1,0.0,7,1,0,1,1,5.0,0,3.0,0,120.0,121.0,120.0,240.0,2022
8,D,60.0,34.0,4.0,1.0,60,1.0,1.0,0.0,1,67,1,0.0,0,6.0,2.0,1,0.0,7,1,0,1,1,0.0,0,1.0,0,151.0,188.0,60.0,240.0,2022
1,D,60.0,52.0,7.0,1.0,50,1.0,1.0,0.0,1,56,1,0.0,0,5.0,1.0,1,0.0,7,1,0,1,1,0.0,0,1.0,0,63.0,78.0,0.0,240.0,2022
3,D,72.0,21.0,2.0,1.0,48,1.0,0.0,0.0,1,54,1,0.0,0,3.0,2.0,2,0.0,7,1,0,1,1,0.0,0,1.0,0,188.0,235.0,60.0,240.0,2022
2,D,0.03,40.0,5.0,1.0,7,1.0,0.0,0.0,1,5,1,0.0,0,5.0,1.0,1,0.0,7,1,0,1,1,0.0,0,1.0,0,78.0,97.0,0.0,240.0,2022
3,D,240.0,30.0,3.0,1.0,34,1.0,0.0,0.0,1,39,1,0.0,0,6.0,2.0,1,0.0,7,1,0,1,1,0.0,0,1.0,0,240.0,240.0,60.0,240.0,2022
3,D,96.0,61.0,8.0,1.0,22,1.0,1.0,0.0,1,19,1,0.0,0,3.0,1.0,1,0.0,7,1,0,1,1,0.0,0,1.0,0,240.0,240.0,60.0,240.0,2022
6,D,204.0,35.0,4.0,1.0,11,1.0,1.0,0.0,1,9,1,0.0,0,1.0,1.0,2,0.0,7,1,0,1,1,0.0,0,1.0,0,262.0,327.0,60.0,240.0,2022
3,D,120.0,33.0,4.0,1.0,52,1.0,1.0,3.0,1,58,1,0.0,0,3.0,1.0,1,0.0,7,1,0,1,1,5.0,0,3.0,0,120.0,120.0,120.0,240.0,2022
3,D,,21.0,2.0,1.0,31,1.0,1.0,1.0,1,37,1,0.0,0,3.0,1.0,1,0.0,7,0,1,4,0,1.0,0,1.0,0,51.0,63.0,0.0,240.0,2022
3,D,132.0,48.0,6.0,1.0,42,1.0,1.0,0.0,1,48,1,0.0,0,5.0,1.0,1,0.0,7,1,0,1,1,0.0,0,1.0,0,151.0,188.0,60.0,240.0,2022
2,D,30.0,54.0,7.0,1.0,50,1.0,0.0,0.0,1,56,1,0.0,0,3.0,1.0,1,0.0,7,1,0,1,1,0.0,0,1.0,0,33.0,41.0,0.0,240.0,2022
6,D,14.0,21.0,2.0,1.0,59,1.0,0.0,0.0,1,66,0,0.0,0,1.0,1.0,1,0.0,7,1,0,1,1,0.0,0,1.0,0,121.0,151.0,0.0,240.0,2022
6,D,120.0,23.0,2.0,1.0,21,1.0,1.0,0.0,1,18,1,0.0,0,3.0,1.0,3,0.0,7,1,0,1,1,0.0,0,1.0,0,188.0,235.0,60.0,240.0,2022
3,D,48.0,36.0,5.0,1.0,38,1.0,0.0,0.0,1,44,1,0.0,0,5.0,1.0,1,4.0,7,1,0,1,1,0.0,0,1.0,0,63.0,78.0,0.0,120.0,2022
2,D,50.0,34.0,4.0,1.0,17,1.0,1.0,0.0,1,15,1,0.0,0,5.0,1.0,2,0.0,7,1,0,1,1,0.0,0,1.0,0,78.0,97.0,0.0,240.0,2022
2,D,63.0,38.0,5.0,1.0,17,1.0,1.0,0.0,1,15,1,0.0,0,5.0,1.0,1,1.0,7,1,0,1,1,0.0,0,1.0,0,97.0,121.0,0.0,240.0,2022
8,D,156.0,61.0,8.0,1.0,60,1.0,1.0,3.0,1,67,1,0.0,0,3.0,1.0,1,0.0,7,1,0,1,1,5.0,0,3.0,0,210.0,240.0,120.0,240.0,2022
5,D,48.0,63.0,8.0,1.0,83,1.0,1.0,0.0,1,87,1,0.0,0,5.0,1.0,1,1.0,7,1,0,1,1,0.0,0,1.0,0,78.0,97.0,0.0,240.0,2022
1,D,60.0,25.0,2.0,1.0,17,1.0,0.0,0.0,1,15,1,0.0,0,3.0,1.0,1,0.0,7,1,0,1,1,0.0,0,1.0,0,60.0,60.0,60.0,240.0,2022
4,D,87.0,74.0,8.0,1.0,67,1.0,1.0,0.0,1,71,1,0.0,0,6.0,1.0,1,1.0,7,1,0,1,1,0.0,0,1.0,0,87.0,108.0,0.0,240.0,2022
4,D,78.0,19.0,1.0,1.0,35,1.0,1.0,0.0,1,41,1,0.0,0,1.0,1.0,1,0.0,7,1,0,1,1,0.0,0,1.0,0,78.0,97.0,0.0,240.0,2022
1,D,292.0,40.0,5.0,1.0,71,1.0,1.0,3.0,1,76,1,0.0,0,5.0,1.0,2,0.0,7,1,0,1,1,3.0,0,2.0,0,292.0,365.0,60.0,240.0,2022
1,D,0.13,50.0,6.0,1.0,11,1.0,1.0,0.0,1,9,1,0.0,0,3.0,1.0,1,0.0,7,1,0,2,1,0.0,0,1.0,0,24.0,30.0,0.0,120.0,2022
4,D,60.0,32.0,4.0,1.0,35,1.0,0.0,0.0,1,41,1,0.0,0,3.0,1.0,1,0.0,7,1,0,1,1,0.0,0,1.0,0,97.0,121.0,60.0,240.0,2022
1,D,84.0,74.0,8.0,1.0,90,1.0,1.0,0.0,1,29,1,0.0,0,6.0,1.0,1,0.0,7,1,0,1,1,0.0,0,1.0,0,151.0,188.0,60.0,240.0,2022
5,D,97.0,39.0,5.0,1.0,33,1.0,0.0,0.0,1,40,1,0.0,0,5.0,1.0,1,0.0,7,1,0,1,1,0.0,0,1.0,0,97.0,121.0,0.0,240.0,2022
2,D,60.0,43.0,6.0,1.0,73,1.0,1.0,0.0,1,78,1,0.0,0,5.0,1.0,1,1.0,7,1,0,1,1,0.0,0,1.0,0,151.0,188.0,60.0,240.0,2022
1,D,84.0,63.0,8.0,1.0,80,1.0,0.0,0.0,1,84,1,0.0,0,5.0,1.0,2,0.0,7,1,0,1,1,0.0,0,1.0,0,151.0,188.0,60.0,240.0,2022
3,D,120.0,36.0,5.0,1.0,57,1.0,1.0,7.0,1,64,2,0.0,0,5.0,3.0,1,3.0,7,1,0,1,1,9.0,0,4.0,0,240.0,240.0,60.0,240.0,2022
4,D,121.0,27.0,3.0,1.0,71,1.0,1.0,6.0,1,76,1,0.0,0,5.0,1.0,1,0.0,7,1,0,1,1,8.0,0,4.0,0,188.0,235.0,120.0,240.0,2022
4,D,18.0,42.0,6.0,1.0,56,1.0,1.0,0.0,1,63,1,0.0,0,6.0,1.0,1,0.0,7,1,0,1,1,0.0,0,1.0,0,30.0,37.0,0.0,120.0,2022
4,D,48.0,35.0,4.0,1.0,82,1.0,0.0,0.0,1,85,1,0.0,0,5.0,1.0,1,3.0,7,1,0,1,1,0.0,0,1.0,0,78.0,97.0,0.0,240.0,2022
4,D,87.0,28.0,3.0,1.0,56,1.0,1.0,1.0,1,63,1,0.0,0,5.0,1.0,1,0.0,7,1,0,1,1,1.0,0,1.0,0,87.0,108.0,60.0,240.0,2022
3,D,120.0,26.0,3.0,1.0,5,1.0,0.0,0.0,1,4,2,0.0,0,5.0,3.0,1,0.0,7,1,0,1,1,0.0,0,1.0,0,210.0,240.0,60.0,240.0,2022
1,D,32.0,49.0,6.0,1.0,93,1.0,0.0,0.0,1,32,1,0.0,0,6.0,1.0,1,2.0,7,1,0,1,1,0.0,0,1.0,0,78.0,97.0,0.0,240.0,2022
3,D,121.0,45.0,6.0,1.0,48,1.0,1.0,3.0,1,54,1,0.0,0,5.0,1.0,1,0.0,7,1,0,1,1,5.0,0,3.0,0,121.0,151.0,120.0,240.0,2022
3,D,57.0,58.0,7.0,1.0,5,1.0,0.0,0.0,1,4,2,0.0,0,6.0,3.0,1,0.0,7,1,0,1,1,0.0,0,1.0,0,78.0,97.0,0.0,240.0,2022
4,D,51.0,22.0,2.0,1.0,71,1.0,0.0,0.0,1,76,1,0.0,0,3.0,1.0,1,0.0,7,1,0,1,1,0.0,0,1.0,0,63.0,78.0,0.0,240.0,2022
4,D,109.0,33.0,4.0,1.0,59,1.0,1.0,2.0,1,66,1,0.0,0,3.0,1.0,2,0.0,7,1,0,1,1,2.0,0,2.0,0,235.0,293.0,60.0,240.0,2022
1,D,151.0,39.0,5.0,1.0,85,1.0,1.0,3.0,1,89,1,0.0,0,3.0,1.0,1,0.0,7,1,0,1,1,3.0,0,2.0,0,188.0,235.0,0.0,240.0,2022
1,D,180.0,31.0,4.0,1.0,50,1.0,1.0,6.0,1,56,1,0.0,0,3.0,1.0,1,3.0,7,1,0,1,1,6.0,0,3.0,0,180.0,180.0,180.0,480.0,2022
6,D,78.0,30.0,3.0,1.0,75,1.0,1.0,2.0,1,79,1,0.0,0,3.0,1.0,1,1.0,7,1,0,1,1,2.0,0,2.0,0,168.0,210.0,60.0,240.0,2022
3,D,151.0,55.0,7.0,1.0,34,1.0,1.0,4.0,1,39,1,0.0,0,3.0,1.0,1,0.0,7,1,0,1,1,4.0,0,3.0,0,121.0,151.0,120.0,240.0,2022
3,D,120.0,60.0,7.0,1.0,22,1.0,1.0,3.0,1,19,1,0.0,0,3.0,1.0,1,0.0,7,1,0,1,1,3.0,0,2.0,0,120.0,120.0,120.0,240.0,2022
1,D,240.0,38.0,5.0,1.0,8,1.0,0.0,0.0,1,7,2,0.0,0,6.0,3.0,1,0.0,7,1,0,1,1,0.0,0,1.0,0,240.0,240.0,60.0,240.0,2022
5,D,188.0,61.0,8.0,1.0,92,1.0,1.0,0.0,1,33,1,0.0,0,1.0,1.0,1,0.0,7,1,0,1,1,0.0,0,1.0,0,151.0,188.0,60.0,240.0,2022
4,D,120.0,30.0,3.0,1.0,58,1.0,1.0,7.0,1,65,1,0.0,0,3.0,1.0,1,0.0,7,1,0,1,1,9.0,0,4.0,0,135.0,168.0,120.0,240.0,2022
1,D,121.0,30.0,3.0,1.0,41,1.0,0.0,0.0,1,47,2,0.0,0,5.0,3.0,2,0.0,7,1,0,1,1,0.0,0,1.0,0,151.0,188.0,0.0,360.0,2022
4,D,120.0,39.0,5.0,1.0,58,1.0,0.0,0.0,1,65,1,0.0,0,6.0,1.0,1,2.0,7,1,0,1,1,0.0,0,1.0,0,97.0,121.0,60.0,240.0,2022
2,D,78.0,63.0,8.0,1.0,65,1.0,1.0,0.0,1,73,1,0.0,0,3.0,1.0,2,1.0,7,1,0,1,1,0.0,0,1.0,0,97.0,121.0,60.0,240.0,2022
4,A,,60.0,7.0,1.0,56,1.0,1.0,1.0,1,63,1,0.0,0,3.0,1.0,1,1.0,8,0,1,4,0,1.0,0,1.0,0,0.0,6.0,0.0,60.0,2022
1,D,120.0,36.0,5.0,1.0,14,1.0,1.0,3.0,1,12,1,0.0,0,5.0,1.0,1,0.0,7,1,0,1,1,3.0,0,2.0,0,120.0,120.0,120.0,240.0,2022
3,D,151.0,55.0,7.0,1.0,75,1.0,0.0,0.0,1,79,1,0.0,0,5.0,1.0,1,0.0,7,1,0,1,1,0.0,0,1.0,0,151.0,188.0,60.0,240.0,2022
2,D,198.0,71.0,8.0,1.0,64,1.0,1.0,3.0,1,70,1,0.0,0,6.0,1.0,1,2.0,7,1,0,1,1,5.0,0,3.0,0,210.0,262.0,180.0,480.0,2022
2,D,41.0,55.0,7.0,1.0,50,1.0,1.0,0.0,1,56,1,0.0,0,3.0,1.0,1,0.0,7,1,0,1,1,0.0,0,1.0,0,41.0,51.0,0.0,240.0,2022
1,D,60.0,22.0,2.0,1.0,9,1.0,0.0,0.0,1,6,1,0.0,0,3.0,1.0,1,0.0,7,1,0,1,1,0.0,0,1.0,0,121.0,151.0,60.0,240.0,2022
1,D,60.0,25.0,2.0,1.0,6,1.0,1.0,0.0,1,3,1,1.0,0,5.0,1.0,1,1.0,7,1,0,2,1,0.0,0,1.0,0,70.0,87.0,60.0,240.0,2022
1,D,42.0,33.0,4.0,1.0,11,1.0,0.0,0.0,1,9,1,0.0,0,6.0,1.0,1,0.0,7,1,0,1,1,0.0,0,1.0,0,78.0,97.0,0.0,240.0,2022
7,D,87.0,38.0,5.0,1.0,25,1.0,1.0,0.0,1,23,1,0.0,0,3.0,1.0,1,1.0,7,1,0,1,1,0.0,0,1.0,0,87.0,108.0,60.0,240.0,2022
4,D,0.03,69.0,8.0,1.0,72,1.0,1.0,6.0,1,77,1,1.0,0,3.0,6.0,1,2.0,8,1,0,1,1,6.0,0,3.0,0,15.0,21.0,0.0,240.0,2022
1,C,0.03,28.0,3.0,1.0,72,1.0,1.0,2.0,1,77,1,1.0,0,3.0,1.0,1,2.0,8,1,0,1,1,4.0,0,3.0,0,10.0,16.0,0.0,120.0,2022
6,D,220.0,78.0,8.0,1.0,59,1.0,1.0,0.0,1,66,0,0.0,0,3.0,1.0,2,0.0,7,1,0,1,1,0.0,0,1.0,0,600.0,600.0,180.0,360.0,2022
3,D,37.0,57.0,7.0,1.0,5,1.0,0.0,0.0,1,4,2,0.0,0,6.0,3.0,1,2.0,7,1,0,1,1,0.0,0,1.0,0,70.0,87.0,0.0,240.0,2022
1,D,46.0,37.0,5.0,1.0,8,1.0,1.0,11.0,1,7,1,0.0,0,3.0,2.0,1,2.0,7,1,0,1,1,11.0,0,5.0,0,77.0,96.0,0.0,120.0,2022
6,D,96.0,64.0,8.0,1.0,8,2.0,0.0,0.0,1,7,1,0.0,0,5.0,1.0,1,0.0,7,1,0,1,1,0.0,0,1.0,0,151.0,188.0,60.0,240.0,2022
1,D,24.0,42.0,6.0,1.0,93,1.0,0.0,0.0,1,32,1,0.0,0,6.0,1.0,1,1.0,7,1,0,1,1,0.0,0,1.0,0,51.0,63.0,0.0,240.0,2022
2,D,120.0,52.0,7.0,1.0,17,1.0,1.0,3.0,1,15,1,0.0,0,3.0,1.0,1,0.0,7,1,0,1,1,3.0,0,2.0,0,78.0,97.0,0.0,120.0,2022
1,D,60.0,46.0,6.0,1.0,93,1.0,1.0,0.0,1,32,1,0.0,0,3.0,1.0,1,0.0,7,1,0,1,1,0.0,0,1.0,0,78.0,97.0,0.0,240.0,2022
1,D,80.0,34.0,4.0,1.0,94,1.0,1.0,1.0,1,34,1,0.0,0,5.0,1.0,1,0.0,7,1,0,1,1,1.0,0,1.0,0,78.0,97.0,0.0,240.0,2022
1,D,44.0,39.0,5.0,1.0,66,1.0,1.0,3.0,1,72,1,0.0,0,3.0,1.0,1,0.0,7,1,0,1,1,5.0,0,3.0,0,51.0,63.0,0.0,240.0,2022
8,D,240.0,23.0,2.0,1.0,89,1.0,1.0,0.0,1,30,1,0.0,0,3.0,1.0,1,0.0,7,1,0,1,1,0.0,0,1.0,0,240.0,240.0,60.0,240.0,2022
8,D,240.0,55.0,7.0,1.0,60,1.0,1.0,2.0,1,67,1,0.0,0,3.0,1.0,1,0.0,7,1,0,1,1,2.0,0,2.0,0,292.0,365.0,180.0,480.0,2022
2,D,108.0,31.0,4.0,1.0,39,1.0,1.0,3.0,1,45,1,0.0,0,1.0,2.0,1,0.0,7,1,0,1,1,3.0,0,2.0,0,135.0,168.0,60.0,240.0,2022
4,D,188.0,48.0,6.0,1.0,34,1.0,1.0,0.0,1,39,1,0.0,0,5.0,2.0,1,1.0,7,1,0,1,1,0.0,0,1.0,0,151.0,188.0,60.0,240.0,2022
5,D,240.0,72.0,8.0,1.0,36,1.0,1.0,0.0,1,42,1,0.0,0,5.0,1.0,1,0.0,7,1,0,1,1,0.0,0,1.0,0,240.0,240.0,60.0,240.0,2022
6,D,60.0,38.0,5.0,1.0,32,1.0,1.0,2.0,1,38,1,0.0,0,1.0,1.0,1,0.0,7,1,0,1,1,2.0,0,2.0,0,168.0,210.0,60.0,240.0,2022
2,D,87.0,34.0,4.0,1.0,12,1.0,1.0,2.0,1,10,1,0.0,0,5.0,1.0,1,0.0,7,1,0,1,1,4.0,0,3.0,0,63.0,78.0,0.0,180.0,2022
2,D,240.0,24.0,2.0,1.0,66,1.0,1.0,0.0,1,72,2,0.0,0,3.0,3.0,3,0.0,7,1,0,1,1,0.0,0,1.0,0,151.0,188.0,0.0,240.0,2022
3,D,84.0,26.0,3.0,1.0,41,1.0,1.0,0.0,1,47,1,0.0,0,6.0,1.0,2,0.0,7,1,0,1,1,0.0,0,1.0,0,135.0,168.0,60.0,240.0,2022
1,D,87.0,65.0,8.0,1.0,41,1.0,1.0,0.0,1,47,0,0.0,0,6.0,1.0,1,0.0,7,1,0,1,1,0.0,0,1.0,0,121.0,151.0,60.0,240.0,2022
1,D,78.0,36.0,5.0,1.0,4,1.0,0.0,0.0,1,2,1,0.0,0,3.0,1.0,1,2.0,7,1,0,1,1,0.0,0,1.0,0,78.0,97.0,0.0,240.0,2022
5,D,121.0,27.0,3.0,1.0,62,1.0,1.0,0.0,1,69,1,0.0,0,5.0,6.0,1,0.0,7,1,0,1,1,0.0,0,1.0,0,121.0,151.0,60.0,240.0,2022
3,D,120.0,31.0,4.0,1.0,48,1.0,1.0,3.0,1,54,1,0.0,0,5.0,1.0,1,0.0,7,1,0,1,1,3.0,0,2.0,0,120.0,120.0,120.0,240.0,2022
3,D,48.0,27.0,3.0,1.0,67,1.0,1.0,2.0,1,71,1,0.0,0,5.0,1.0,1,1.0,7,1,0,1,1,2.0,0,2.0,0,97.0,121.0,0.0,240.0,2022
2,D,96.0,23.0,2.0,1.0,24,1.0,1.0,4.0,1,22,2,0.0,0,1.0,3.0,1,1.0,7,1,0,1,1,4.0,0,3.0,0,188.0,235.0,60.0,240.0,2022
8,D,60.0,25.0,2.0,1.0,35,1.0,1.0,4.0,1,41,2,0.0,0,3.0,3.0,1,0.0,7,1,0,1,1,6.0,0,3.0,0,60.0,60.0,60.0,240.0,2022
2,D,8.0,31.0,4.0,1.0,14,1.0,1.0,0.0,1,12,2,0.0,0,6.0,3.0,1,0.0,7,1,0,1,1,0.0,0,1.0,0,63.0,78.0,0.0,240.0,2022
1,D,300.0,29.0,3.0,1.0,47,1.0,1.0,0.0,1,52,1,0.0,0,3.0,1.0,3,0.0,7,1,0,1,1,0.0,0,1.0,0,660.0,660.0,60.0,240.0,2022
1,D,262.0,37.0,5.0,1.0,62,1.0,1.0,10.0,3,69,2,0.0,1,3.0,3.0,2,2.0,7,1,0,1,1,12.0,0,5.0,0,262.0,327.0,180.0,480.0,2022
2,D,78.0,40.0,5.0,1.0,73,1.0,1.0,6.0,1,78,1,0.0,0,5.0,1.0,1,0.0,7,1,0,1,1,6.0,0,3.0,0,97.0,121.0,0.0,240.0,2022
1,D,120.0,58.0,7.0,1.0,50,1.0,1.0,6.0,1,56,1,0.0,0,3.0,1.0,1,0.0,7,1,0,1,1,6.0,0,3.0,0,120.0,120.0,120.0,240.0,2022
3,D,240.0,52.0,7.0,1.0,34,1.0,1.0,7.0,1,39,1,0.0,0,3.0,1.0,1,0.0,7,1,0,1,1,7.0,0,4.0,0,240.0,240.0,60.0,240.0,2022
6,D,97.0,55.0,7.0,1.0,33,1.0,1.0,0.0,1,40,1,0.0,0,5.0,6.0,1,2.0,7,1,0,1,1,0.0,0,1.0,0,97.0,121.0,0.0,240.0,2022
1,D,130.0,66.0,8.0,1.0,19,1.0,1.0,3.0,1,16,1,0.0,0,3.0,1.0,1,2.0,7,1,0,1,1,3.0,0,2.0,0,168.0,210.0,120.0,240.0,2022
1,C,,42.0,6.0,1.0,8,1.0,1.0,2.0,1,7,1,0.0,0,1.0,1.0,1,1.0,8,0,1,4,0,4.0,0,3.0,0,10.0,16.0,0.0,60.0,2022
2,D,42.0,64.0,8.0,1.0,65,1.0,1.0,3.0,1,73,1,0.0,0,5.0,1.0,1,0.0,7,1,0,1,1,3.0,0,2.0,0,87.0,108.0,0.0,240.0,2022
4,D,168.0,35.0,4.0,1.0,48,1.0,1.0,2.0,1,54,1,0.0,0,1.0,1.0,7,0.0,7,1,0,1,1,4.0,0,3.0,0,168.0,210.0,60.0,240.0,2022
1,D,63.0,33.0,4.0,1.0,3,1.0,0.0,0.0,1,1,1,0.0,0,3.0,1.0,3,1.0,7,1,0,1,1,0.0,0,1.0,0,63.0,78.0,60.0,240.0,2022
1,D,36.0,35.0,4.0,1.0,93,1.0,1.0,0.0,1,32,1,0.0,0,5.0,1.0,1,0.0,7,1,0,1,1,0.0,0,1.0,0,78.0,97.0,0.0,240.0,2022
1,D,72.0,37.0,5.0,1.0,11,1.0,0.0,0.0,1,9,1,0.0,0,3.0,1.0,1,0.0,7,1,0,1,1,0.0,0,1.0,0,78.0,97.0,0.0,240.0,2022
1,D,120.0,38.0,5.0,1.0,9,1.0,1.0,2.0,1,6,1,0.0,0,1.0,1.0,1,4.0,7,1,0,1,1,2.0,0,2.0,0,120.0,120.0,120.0,240.0,2022
2,D,120.0,36.0,5.0,1.0,64,1.0,1.0,0.0,1,70,2,0.0,0,1.0,3.0,1,1.0,7,1,0,1,1,0.0,0,1.0,0,151.0,188.0,60.0,240.0,2022
2,D,135.0,28.0,3.0,1.0,15,1.0,1.0,1.0,1,13,1,0.0,0,3.0,2.0,1,0.0,7,1,0,1,1,3.0,0,2.0,0,120.0,135.0,120.0,240.0,2022
6,D,60.0,45.0,6.0,1.0,8,1.0,0.0,0.0,1,7,1,0.0,0,6.0,1.0,1,2.0,7,1,0,1,1,0.0,0,1.0,0,121.0,151.0,60.0,240.0,2022
1,D,,47.0,6.0,1.0,8,1.0,1.0,1.0,1,7,1,0.0,0,3.0,1.0,1,0.0,7,0,1,4,0,3.0,0,2.0,0,108.0,120.0,0.0,120.0,2022
3,D,84.0,41.0,6.0,1.0,22,1.0,1.0,4.0,1,19,1,0.0,0,3.0,1.0,1,,7,1,0,1,1,4.0,0,3.0,0,121.0,151.0,60.0,240.0,2022
1,D,120.0,59.0,7.0,1.0,24,1.0,1.0,3.0,3,22,1,0.0,1,3.0,1.0,1,0.0,7,1,0,1,1,5.0,0,3.0,0,120.0,120.0,120.0,240.0,2022
2,D,36.0,69.0,8.0,1.0,77,1.0,1.0,6.0,1,81,1,0.0,0,6.0,1.0,1,5.0,7,1,0,1,1,6.0,0,3.0,0,46.0,57.0,0.0,240.0,2022
3,D,100.0,31.0,4.0,1.0,42,1.0,0.0,0.0,1,48,1,0.0,0,6.0,1.0,1,1.0,7,1,0,1,1,0.0,0,1.0,0,120.0,120.0,0.0,120.0,2022
1,D,151.0,37.0,5.0,1.0,46,1.0,1.0,3.0,1,53,1,0.0,0,3.0,1.0,1,0.0,7,1,0,1,1,5.0,0,3.0,0,120.0,121.0,120.0,240.0,2022
6,D,0.03,22.0,2.0,1.0,30,1.0,1.0,0.0,1,36,1,0.0,0,5.0,1.0,1,0.0,7,1,0,1,1,0.0,0,1.0,0,97.0,121.0,0.0,240.0,2022
4,D,120.0,46.0,6.0,1.0,58,1.0,1.0,3.0,1,65,1,0.0,0,5.0,1.0,1,1.0,7,1,0,1,1,3.0,0,2.0,0,120.0,120.0,120.0,240.0,2022
6,D,38.0,30.0,3.0,1.0,72,1.0,1.0,0.0,1,77,2,0.0,0,3.0,3.0,1,1.0,7,1,0,1,1,0.0,0,1.0,0,63.0,78.0,0.0,240.0,2022
1,D,0.03,51.0,7.0,1.0,8,1.0,1.0,3.0,1,7,1,0.0,0,3.0,1.0,1,5.0,7,1,0,1,1,3.0,0,2.0,0,60.0,60.0,0.0,60.0,2022
2,D,60.0,42.0,6.0,1.0,84,1.0,1.0,2.0,1,88,1,0.0,0,6.0,1.0,1,3.0,7,1,0,1,1,2.0,0,2.0,0,168.0,210.0,60.0,240.0,2022
2,D,97.0,32.0,4.0,1.0,26,1.0,1.0,0.0,1,24,1,0.0,0,6.0,1.0,1,1.0,7,1,0,1,1,0.0,0,1.0,0,97.0,121.0,0.0,240.0,2022
5,D,180.0,24.0,2.0,1.0,41,1.0,1.0,1.0,1,47,1,0.0,0,3.0,1.0,1,0.0,7,1,0,1,1,3.0,0,2.0,0,180.0,180.0,180.0,480.0,2022
5,D,10.0,77.0,8.0,1.0,20,1.0,1.0,0.0,1,17,1,0.0,0,6.0,1.0,1,0.0,7,1,0,1,1,0.0,0,1.0,0,78.0,97.0,0.0,240.0,2022
1,D,36.0,56.0,7.0,1.0,19,1.0,1.0,0.0,1,16,1,0.0,0,5.0,1.0,1,2.0,7,1,0,1,1,0.0,0,1.0,0,78.0,97.0,0.0,240.0,2022
6,D,60.0,29.0,3.0,1.0,33,1.0,1.0,0.0,1,40,1,0.0,0,3.0,1.0,1,0.0,7,1,0,1,1,0.0,0,1.0,0,135.0,168.0,0.0,240.0,2022
1,D,10.2,40.0,5.0,1.0,94,3.0,0.0,0.0,1,34,2,0.0,0,3.0,3.0,1,4.0,7,1,0,1,1,0.0,0,1.0,0,70.0,87.0,0.0,240.0,2022
4,D,20.0,32.0,4.0,1.0,3,1.0,1.0,3.0,1,1,1,0.0,0,3.0,1.0,1,1.0,7,1,0,1,1,3.0,0,2.0,0,41.0,51.0,0.0,240.0,2022
2,D,120.0,35.0,4.0,1.0,23,1.0,1.0,6.0,1,20,1,0.0,0,3.0,1.0,1,0.0,7,1,0,1,1,6.0,0,3.0,0,120.0,120.0,120.0,240.0,2022
5,D,156.0,39.0,5.0,1.0,9,1.0,1.0,0.0,3,6,1,0.0,1,5.0,1.0,6,0.0,7,1,0,1,1,0.0,0,1.0,0,292.0,365.0,60.0,240.0,2022
1,D,300.0,29.0,3.0,1.0,50,1.0,1.0,1.0,1,56,2,0.0,0,5.0,3.0,6,0.0,7,1,0,1,1,1.0,0,1.0,0,2040.0,2040.0,60.0,240.0,2022
4,D,60.0,53.0,7.0,1.0,58,1.0,1.0,0.0,1,65,1,0.0,0,3.0,1.0,1,0.0,7,1,0,1,1,0.0,0,1.0,0,97.0,120.0,0.0,120.0,2022
2,D,60.0,63.0,8.0,1.0,51,1.0,1.0,4.0,1,57,1,0.0,0,5.0,1.0,1,0.0,7,1,0,1,1,4.0,0,3.0,0,63.0,78.0,0.0,240.0,2022
5,D,204.0,36.0,5.0,1.0,34,1.0,0.0,0.0,1,39,1,0.0,0,3.0,1.0,1,2.0,7,1,0,1,1,0.0,0,1.0,0,151.0,188.0,60.0,240.0,2022
3,D,41.0,33.0,4.0,1.0,27,1.0,1.0,1.0,1,25,1,0.0,0,3.0,1.0,1,0.0,7,1,0,1,1,1.0,0,1.0,0,78.0,97.0,0.0,240.0,2022
4,D,180.0,34.0,4.0,1.0,59,1.0,1.0,3.0,1,66,1,0.0,0,3.0,1.0,1,1.0,7,1,0,1,1,3.0,0,2.0,0,180.0,180.0,180.0,480.0,2022
3,D,240.0,35.0,4.0,1.0,52,1.0,1.0,1.0,1,58,1,0.0,0,6.0,1.0,2,0.0,7,1,0,1,1,1.0,0,1.0,0,360.0,600.0,180.0,360.0,2022
1,D,135.0,48.0,6.0,1.0,19,1.0,1.0,7.0,1,16,1,0.0,0,1.0,1.0,1,2.0,7,1,0,1,1,7.0,0,4.0,0,135.0,168.0,120.0,240.0,2022
4,D,110.0,34.0,4.0,1.0,24,1.0,1.0,1.0,1,22,2,0.0,0,5.0,3.0,2,1.0,7,1,0,1,1,1.0,0,1.0,0,97.0,121.0,0.0,120.0,2022
4,D,72.0,35.0,4.0,1.0,67,1.0,0.0,0.0,1,71,1,0.0,0,5.0,1.0,1,0.0,7,1,0,1,1,0.0,0,1.0,0,151.0,188.0,60.0,240.0,2022
8,D,100.0,26.0,3.0,1.0,60,1.0,0.0,0.0,1,67,1,0.0,0,3.0,1.0,1,0.0,7,1,0,1,1,0.0,0,1.0,0,151.0,188.0,60.0,240.0,2022
3,D,95.0,27.0,3.0,1.0,67,1.0,1.0,4.0,1,71,1,0.0,0,1.0,2.0,1,1.0,7,1,0,1,1,4.0,0,3.0,0,135.0,168.0,60.0,240.0,2022
7,D,108.0,67.0,8.0,1.0,25,1.0,0.0,0.0,1,23,0,0.0,0,6.0,1.0,2,0.0,7,1,0,1,1,0.0,0,1.0,0,151.0,188.0,60.0,240.0,2022
1,D,168.0,68.0,8.0,1.0,19,1.0,0.0,0.0,1,16,1,0.0,0,5.0,1.0,1,0.0,7,1,0,1,1,0.0,0,1.0,0,210.0,240.0,60.0,240.0,2022
3,D,160.0,32.0,4.0,1.0,22,1.0,1.0,0.0,1,19,1,0.0,0,5.0,1.0,1,0.0,7,1,0,1,1,0.0,0,1.0,0,151.0,188.0,60.0,240.0,2022
1,D,30.0,23.0,2.0,1.0,8,1.0,1.0,0.0,1,7,2,0.0,0,3.0,3.0,1,0.0,7,1,0,1,1,0.0,0,1.0,0,78.0,97.0,0.0,240.0,2022
2,D,120.0,40.0,5.0,1.0,84,1.0,1.0,0.0,1,88,1,0.0,0,6.0,1.0,1,2.0,7,1,0,1,1,0.0,0,1.0,0,120.0,120.0,120.0,240.0,2022
2,D,180.0,30.0,3.0,1.0,84,1.0,1.0,2.0,1,88,1,0.0,0,6.0,1.0,1,1.0,7,1,0,1,1,2.0,0,2.0,0,235.0,293.0,180.0,480.0,2022
2,D,97.0,23.0,2.0,1.0,64,1.0,0.0,0.0,1,70,1,0.0,0,1.0,1.0,1,0.0,7,1,0,1,1,0.0,0,1.0,0,97.0,121.0,60.0,240.0,2022
1,D,188.0,35.0,4.0,1.0,16,1.0,1.0,4.0,1,14,1,0.0,0,3.0,1.0,2,1.0,7,1,0,1,1,6.0,0,3.0,0,188.0,235.0,60.0,240.0,2022
1,D,151.0,46.0,6.0,1.0,91,1.0,1.0,0.0,1,31,2,0.0,0,6.0,3.0,1,1.0,7,1,0,1,1,0.0,0,1.0,0,121.0,151.0,60.0,240.0,2022
6,D,120.0,63.0,8.0,1.0,11,1.0,1.0,1.0,1,9,1,0.0,0,6.0,1.0,1,0.0,7,1,0,1,1,3.0,0,2.0,0,120.0,120.0,120.0,240.0,2022
6,D,135.0,37.0,5.0,1.0,59,1.0,1.0,4.0,1,66,0,0.0,0,3.0,1.0,1,0.0,7,1,0,1,1,6.0,0,3.0,0,108.0,135.0,60.0,240.0,2022
2,D,66.0,38.0,5.0,1.0,64,1.0,0.0,0.0,1,70,1,0.0,0,5.0,1.0,2,2.0,7,1,0,1,1,0.0,0,1.0,0,78.0,97.0,60.0,240.0,2022
1,D,60.0,35.0,4.0,1.0,8,1.0,1.0,0.0,1,7,2,0.0,0,3.0,3.0,4,0.0,7,1,0,1,1,0.0,0,1.0,0,151.0,188.0,60.0,240.0,2022
1,D,120.0,57.0,7.0,1.0,3,1.0,1.0,0.0,1,1,1,0.0,0,5.0,1.0,1,0.0,7,1,0,1,1,0.0,0,1.0,0,151.0,188.0,120.0,240.0,2022
4,D,70.0,51.0,7.0,1.0,64,1.0,1.0,0.0,1,70,1,0.0,0,3.0,1.0,1,0.0,7,1,0,1,1,0.0,0,1.0,0,46.0,57.0,0.0,240.0,2022
3,D,120.0,38.0,5.0,1.0,68,1.0,1.0,9.0,1,74,1,0.0,0,3.0,1.0,1,2.0,7,1,0,1,0,11.0,0,5.0,0,120.0,120.0,120.0,240.0,2022
2,D,235.0,36.0,5.0,1.0,36,1.0,1.0,1.0,1,42,1,0.0,0,3.0,1.0,1,0.0,7,1,0,1,1,3.0,0,2.0,0,235.0,240.0,60.0,240.0,2022
2,D,120.0,55.0,7.0,1.0,84,1.0,1.0,0.0,1,88,1,0.0,0,5.0,1.0,1,0.0,7,1,0,1,1,0.0,0,1.0,0,121.0,151.0,120.0,240.0,2022
6,D,120.0,43.0,6.0,1.0,11,1.0,1.0,3.0,1,9,1,0.0,0,3.0,1.0,1,0.0,7,1,0,1,1,3.0,0,2.0,0,120.0,120.0,120.0,240.0,2022
4,D,97.0,40.0,5.0,1.0,35,1.0,1.0,1.0,1,41,1,0.0,0,3.0,1.0,2,1.0,7,1,0,1,1,1.0,0,1.0,0,97.0,121.0,60.0,240.0,2022
5,D,36.0,46.0,6.0,1.0,92,1.0,1.0,0.0,1,33,1,0.0,0,5.0,1.0,1,1.0,7,1,0,1,1,0.0,0,1.0,0,70.0,87.0,0.0,240.0,2022
3,D,180.0,52.0,7.0,1.0,43,1.0,1.0,0.0,1,49,1,0.0,0,5.0,1.0,1,1.0,7,1,0,1,1,0.0,0,1.0,0,262.0,327.0,180.0,480.0,2022
4,D,60.0,36.0,5.0,1.0,24,2.0,0.0,0.0,1,22,1,0.0,0,3.0,1.0,1,3.0,7,1,0,1,1,0.0,0,1.0,0,151.0,188.0,60.0,240.0,2022
3,D,24.0,48.0,6.0,1.0,77,1.0,0.0,0.0,1,81,1,0.0,0,3.0,1.0,1,0.0,7,1,0,1,1,0.0,0,1.0,0,97.0,121.0,0.0,240.0,2022
4,D,84.0,36.0,5.0,1.0,58,1.0,1.0,0.0,1,65,1,0.0,0,6.0,1.0,3,0.0,7,1,0,1,1,0.0,0,1.0,0,97.0,121.0,60.0,240.0,2022
2,D,60.0,23.0,2.0,1.0,64,1.0,1.0,0.0,1,70,1,0.0,0,3.0,2.0,3,0.0,7,1,0,1,1,0.0,0,1.0,0,70.0,87.0,0.0,120.0,2022
2,D,63.0,44.0,6.0,1.0,21,1.0,0.0,0.0,1,18,1,0.0,0,3.0,1.0,1,1.0,7,1,0,1,1,0.0,0,1.0,0,97.0,121.0,60.0,240.0,2022
2,D,120.0,40.0,5.0,1.0,21,1.0,1.0,3.0,1,18,1,0.0,0,5.0,1.0,1,0.0,7,1,0,1,1,5.0,0,3.0,0,120.0,120.0,120.0,240.0,2022
3,D,420.0,58.0,7.0,1.0,90,1.0,1.0,2.0,1,29,1,0.0,0,3.0,1.0,3,0.0,7,1,0,1,1,2.0,0,5.0,0,412.0,485.0,180.0,360.0,2022
1,D,240.0,39.0,5.0,1.0,93,1.0,1.0,0.0,1,32,1,0.0,0,5.0,6.0,1,0.0,7,1,0,1,1,0.0,0,1.0,0,240.0,240.0,60.0,240.0,2022
1,D,87.0,43.0,6.0,1.0,46,1.0,1.0,0.0,1,53,1,0.0,0,5.0,1.0,2,0.0,7,1,0,1,1,0.0,0,1.0,0,108.0,135.0,60.0,240.0,2022
C,D,102.0,38.0,5.0,1.0,46,1.0,1.0,0.0,1,53,1,0.0,0,5.0,1.0,1,0.0,7,1,0,1,1,0.0,0,1.0,0,97.0,121.0,0.0,240.0,2022
1,D,138.0,43.0,6.0,1.0,66,1.0,1.0,0.0,1,72,1,0.0,0,5.0,1.0,1,1.0,7,1,0,2,1,0.0,0,1.0,0,168.0,210.0,60.0,240.0,2022
6,D,100.0,52.0,7.0,1.0,33,1.0,1.0,1.0,1,40,1,0.0,0,6.0,1.0,1,1.0,7,1,0,1,1,1.0,0,1.0,0,87.0,108.0,60.0,240.0,2022
2,D,72.0,44.0,6.0,1.0,2,1.0,0.0,0.0,1,0,1,0.0,0,5.0,1.0,1,3.0,7,1,0,1,1,0.0,0,1.0,0,97.0,121.0,60.0,240.0,2022
4,D,240.0,32.0,4.0,1.0,59,1.0,1.0,0.0,1,66,1,0.0,0,5.0,1.0,2,1.0,7,1,0,1,1,0.0,0,1.0,0,600.0,600.0,180.0,360.0,2022
2,D,144.0,24.0,2.0,1.0,42,1.0,1.0,0.0,1,48,1,0.0,0,5.0,1.0,4,0.0,7,1,0,1,1,0.0,0,1.0,0,9996.0,9996.0,120.0,9996.0,2022
1,D,480.0,60.0,7.0,1.0,61,1.0,1.0,3.0,1,68,1,0.0,0,5.0,1.0,5,0.0,7,1,0,1,1,3.0,0,5.0,0,412.0,485.0,0.0,120.0,2022
2,C,36.0,62.0,8.0,1.0,28,1.0,1.0,0.0,1,35,1,0.0,0,3.0,1.0,1,0.0,8,1,0,1,1,0.0,0,1.0,0,12.0,18.0,0.0,60.0,2022
3,D,120.0,42.0,6.0,1.0,23,1.0,1.0,3.0,1,20,1,0.0,0,3.0,1.0,1,0.0,7,1,0,1,1,5.0,0,3.0,0,120.0,121.0,120.0,240.0,2022
2,D,108.0,23.0,2.0,1.0,77,1.0,1.0,0.0,1,81,1,0.0,0,3.0,1.0,4,0.0,7,1,0,1,1,0.0,0,1.0,0,108.0,135.0,60.0,240.0,2022
4,D,63.0,32.0,4.0,1.0,53,1.0,0.0,0.0,1,60,1,0.0,0,5.0,1.0,1,1.0,7,1,0,1,1,0.0,0,1.0,0,60.0,63.0,60.0,240.0,2022
1,D,120.0,37.0,5.0,1.0,11,1.0,1.0,12.0,1,9,2,0.0,0,3.0,3.0,1,3.0,7,1,0,1,1,12.0,0,5.0,0,120.0,120.0,120.0,240.0,2022
2,D,70.0,34.0,4.0,1.0,24,1.0,1.0,2.0,1,22,1,0.0,0,5.0,1.0,1,0.0,7,1,0,1,1,2.0,0,2.0,0,87.0,108.0,60.0,240.0,2022
3,D,70.0,31.0,4.0,1.0,34,1.0,1.0,0.0,1,39,1,0.0,0,3.0,1.0,1,0.0,7,1,0,1,1,0.0,0,1.0,0,121.0,151.0,60.0,240.0,2022
3,D,240.0,34.0,4.0,1.0,68,1.0,0.0,0.0,1,74,2,0.0,0,5.0,3.0,1,0.0,7,1,0,1,1,0.0,0,1.0,0,240.0,240.0,60.0,240.0,2022
4,D,72.0,60.0,7.0,1.0,90,1.0,1.0,0.0,1,29,1,0.0,0,6.0,1.0,2,0.0,7,1,0,1,1,0.0,0,1.0,0,188.0,235.0,60.0,240.0,2022
5,D,50.0,27.0,3.0,1.0,83,1.0,0.0,0.0,1,87,1,0.0,0,3.0,1.0,1,0.0,7,1,0,1,1,0.0,0,1.0,0,57.0,71.0,0.0,240.0,2022
5,D,110.0,21.0,2.0,1.0,36,1.0,0.0,0.0,1,42,1,0.0,0,3.0,1.0,1,0.0,7,1,0,1,1,0.0,0,1.0,0,97.0,121.0,0.0,240.0,2022
4,D,51.0,31.0,4.0,1.0,58,1.0,0.0,0.0,1,65,1,0.0,0,5.0,1.0,1,0.0,7,1,0,1,1,0.0,0,1.0,0,78.0,97.0,0.0,240.0,2022
6,D,72.0,32.0,4.0,1.0,59,1.0,0.0,0.0,1,66,0,0.0,0,3.0,1.0,1,0.0,7,1,0,1,1,0.0,0,1.0,0,151.0,188.0,60.0,240.0,2022
2,D,72.0,33.0,4.0,1.0,59,1.0,1.0,3.0,1,66,0,0.0,0,6.0,1.0,1,0.0,7,1,0,1,1,3.0,0,2.0,0,168.0,210.0,60.0,240.0,2022
4,D,210.0,31.0,4.0,1.0,56,1.0,1.0,0.0,1,63,1,0.0,0,5.0,1.0,1,1.0,7,1,0,1,1,0.0,0,1.0,0,210.0,240.0,60.0,240.0,2022
3,D,36.0,48.0,6.0,1.0,42,1.0,1.0,3.0,1,48,1,0.0,0,5.0,1.0,1,3.0,7,1,0,1,1,5.0,0,3.0,0,120.0,120.0,0.0,120.0,2022
1,D,168.0,58.0,7.0,1.0,26,1.0,1.0,0.0,1,24,1,0.0,0,6.0,1.0,1,0.0,7,1,0,1,1,0.0,0,1.0,0,135.0,168.0,0.0,240.0,2022
2,D,180.0,51.0,7.0,1.0,39,1.0,1.0,3.0,1,45,1,0.0,0,5.0,1.0,1,0.0,7,1,0,1,1,5.0,0,3.0,0,262.0,327.0,180.0,480.0,2022
1,D,30.0,48.0,6.0,1.0,8,1.0,0.0,0.0,3,7,1,0.0,1,5.0,2.0,1,0.0,7,1,0,1,1,0.0,0,1.0,0,108.0,135.0,0.0,240.0,2022
1,D,120.0,53.0,7.0,1.0,8,1.0,1.0,0.0,1,7,1,0.0,0,5.0,2.0,1,0.0,7,1,0,1,1,0.0,0,1.0,0,151.0,188.0,60.0,240.0,2022
6,D,144.0,44.0,6.0,1.0,59,1.0,1.0,7.0,1,66,0,0.0,0,3.0,1.0,1,0.0,7,1,0,1,1,7.0,0,4.0,0,210.0,240.0,60.0,240.0,2022
1,D,120.0,55.0,7.0,1.0,50,1.0,1.0,2.0,1,56,1,0.0,0,1.0,1.0,2,0.0,7,1,0,1,1,2.0,0,2.0,0,108.0,135.0,60.0,240.0,2022
2,D,120.0,57.0,7.0,1.0,77,1.0,1.0,3.0,1,81,1,0.0,0,3.0,1.0,1,0.0,7,1,0,1,1,5.0,0,3.0,0,120.0,121.0,120.0,240.0,2022
2,D,168.0,41.0,6.0,1.0,39,1.0,1.0,2.0,1,45,1,0.0,0,1.0,1.0,1,0.0,7,1,0,1,1,2.0,0,2.0,0,168.0,210.0,60.0,240.0,2022
2,D,96.0,26.0,3.0,1.0,65,1.0,1.0,0.0,1,73,2,0.0,0,3.0,3.0,2,2.0,7,1,0,1,1,0.0,0,1.0,0,151.0,188.0,60.0,240.0,2022
1,D,121.0,33.0,4.0,1.0,85,1.0,1.0,0.0,1,89,1,0.0,0,1.0,1.0,2,0.0,7,1,0,1,1,0.0,0,1.0,0,151.0,188.0,60.0,240.0,2022
1,D,151.0,29.0,3.0,1.0,1,1.0,1.0,0.0,1,90,2,0.0,0,5.0,3.0,1,0.0,7,1,0,1,1,0.0,0,1.0,0,151.0,188.0,60.0,240.0,2022
1,D,97.0,44.0,6.0,1.0,26,1.0,1.0,0.0,1,24,1,0.0,0,6.0,1.0,1,0.0,7,1,0,1,1,0.0,0,1.0,0,97.0,121.0,0.0,240.0,2022
4,D,180.0,31.0,4.0,1.0,62,1.0,1.0,20.0,3,69,1,0.0,1,5.0,1.0,1,0.0,7,1,0,2,1,22.0,0,6.0,0,188.0,235.0,0.0,240.0,2022
3,D,12.03,72.0,8.0,1.0,5,1.0,0.0,0.0,1,4,2,0.0,0,6.0,3.0,1,1.0,7,1,0,1,1,0.0,0,1.0,0,37.0,46.0,0.0,240.0,2022
2,D,108.0,35.0,4.0,1.0,73,1.0,1.0,0.0,1,78,1,0.0,0,3.0,1.0,1,0.0,7,1,0,1,1,0.0,0,1.0,0,151.0,188.0,60.0,240.0,2022
3,D,158.0,54.0,7.0,1.0,68,1.0,1.0,0.0,1,74,1,0.0,0,3.0,1.0,1,0.0,7,1,0,1,1,0.0,0,1.0,0,168.0,210.0,60.0,240.0,2022
1,D,60.0,54.0,7.0,1.0,6,1.0,1.0,0.0,1,3,1,0.0,0,3.0,1.0,2,0.0,7,1,0,2,1,0.0,0,1.0,0,97.0,121.0,60.0,240.0,2022
5,D,172.0,55.0,7.0,1.0,30,1.0,1.0,0.0,1,36,1,0.0,0,6.0,1.0,1,0.0,7,1,0,1,1,0.0,0,1.0,0,151.0,188.0,60.0,240.0,2022
4,D,135.0,57.0,7.0,1.0,35,1.0,0.0,0.0,1,41,1,0.0,0,6.0,1.0,2,0.0,7,1,0,1,1,0.0,0,1.0,0,210.0,262.0,60.0,240.0,2022
5,D,70.0,36.0,5.0,1.0,20,1.0,0.0,0.0,1,17,1,0.0,0,5.0,1.0,1,0.0,7,1,0,1,1,0.0,0,1.0,0,151.0,188.0,60.0,240.0,2022
8,D,60.0,22.0,2.0,1.0,89,1.0,0.0,0.0,1,30,2,0.0,0,5.0,3.0,2,0.0,7,1,0,1,1,0.0,0,1.0,0,63.0,78.0,60.0,240.0,2022
3,D,,24.0,2.0,1.0,67,1.0,1.0,0.0,1,71,1,0.0,0,6.0,6.0,1,0.0,7,0,1,4,0,0.0,0,1.0,0,97.0,121.0,0.0,240.0,2022
2,D,190.0,43.0,6.0,1.0,35,1.0,1.0,4.0,1,41,1,0.0,0,3.0,1.0,1,1.0,7,1,0,1,1,4.0,0,3.0,0,168.0,210.0,0.0,240.0,2022
8,D,144.0,51.0,7.0,1.0,89,1.0,0.0,0.0,1,30,1,0.0,0,3.0,1.0,2,0.0,7,1,0,1,1,0.0,0,1.0,0,210.0,262.0,60.0,240.0,2022
6,D,120.0,43.0,6.0,1.0,81,1.0,1.0,5.0,1,86,1,0.0,0,3.0,6.0,2,0.0,7,1,0,1,1,5.0,0,3.0,0,120.0,121.0,120.0,240.0,2022
1,D,210.0,48.0,6.0,1.0,80,1.0,1.0,0.0,1,84,2,0.0,0,5.0,3.0,4,0.0,7,1,0,1,1,0.0,0,1.0,0,210.0,262.0,60.0,240.0,2022
2,D,18.0,71.0,8.0,1.0,65,1.0,1.0,0.0,1,73,1,0.0,0,6.0,1.0,1,2.0,7,1,0,1,1,0.0,0,1.0,0,78.0,97.0,0.0,240.0,2022
1,D,97.0,32.0,4.0,1.0,93,1.0,0.0,0.0,1,32,1,0.0,0,5.0,1.0,1,0.0,7,1,0,1,1,0.0,0,1.0,0,210.0,240.0,60.0,240.0,2022
3,D,61.0,32.0,4.0,1.0,22,1.0,1.0,0.0,1,19,1,0.0,0,3.0,1.0,1,0.0,7,1,0,1,1,0.0,0,1.0,0,121.0,151.0,60.0,240.0,2022
4,D,36.0,51.0,7.0,1.0,58,1.0,1.0,0.0,1,65,1,0.0,0,5.0,1.0,1,3.0,7,1,0,1,1,0.0,0,1.0,0,87.0,108.0,0.0,240.0,2022
5,D,240.0,45.0,6.0,1.0,34,2.0,0.0,0.0,1,39,2,0.0,0,3.0,3.0,1,0.0,7,1,0,1,1,0.0,0,1.0,0,240.0,240.0,60.0,240.0,2022
6,D,240.0,34.0,4.0,1.0,34,1.0,1.0,11.0,1,39,1,0.0,0,3.0,1.0,1,0.0,7,1,0,1,1,11.0,0,5.0,0,240.0,240.0,60.0,240.0,2022
2,D,108.0,31.0,4.0,1.0,64,1.0,1.0,2.0,1,70,1,0.0,0,3.0,1.0,1,3.0,7,1,0,1,1,2.0,0,2.0,0,108.0,135.0,60.0,240.0,2022
4,D,120.0,65.0,8.0,1.0,39,1.0,1.0,6.0,1,45,1,0.0,0,6.0,1.0,1,0.0,7,1,0,1,1,8.0,0,4.0,0,120.0,120.0,120.0,240.0,2022
4,D,480.0,26.0,3.0,1.0,57,1.0,0.0,0.0,1,64,1,0.0,0,6.0,1.0,3,0.0,7,1,0,1,1,0.0,0,1.0,0,744.0,744.0,180.0,360.0,2022
6,D,300.0,42.0,6.0,1.0,89,1.0,1.0,6.0,1,30,1,0.0,0,5.0,1.0,2,2.0,7,1,0,1,1,6.0,0,3.0,0,262.0,327.0,180.0,480.0,2022
2,D,188.0,57.0,7.0,1.0,12,1.0,1.0,6.0,1,10,1,0.0,0,3.0,1.0,1,0.0,7,1,0,1,1,6.0,0,3.0,0,180.0,188.0,180.0,480.0,2022
2,D,12.0,59.0,7.0,1.0,65,1.0,0.0,0.0,1,73,1,0.0,0,5.0,1.0,1,0.0,7,1,0,2,1,0.0,0,1.0,0,97.0,121.0,0.0,240.0,2022
1,D,18.0,65.0,8.0,1.0,10,1.0,0.0,0.0,1,8,2,0.0,0,6.0,3.0,1,0.0,7,1,0,1,1,0.0,0,1.0,0,120.0,120.0,0.0,120.0,2022
2,D,108.0,36.0,5.0,1.0,64,1.0,1.0,1.0,1,70,2,0.0,0,1.0,3.0,1,0.0,7,1,0,1,1,1.0,0,1.0,0,97.0,121.0,60.0,240.0,2022
4,D,120.0,45.0,6.0,1.0,64,1.0,1.0,3.0,1,70,1,0.0,0,5.0,1.0,1,0.0,7,1,0,1,1,5.0,0,3.0,0,120.0,120.0,120.0,240.0,2022
1,D,180.0,45.0,6.0,1.0,91,1.0,1.0,5.0,1,31,0,0.0,0,3.0,1.0,2,2.0,7,1,0,1,1,5.0,0,3.0,0,180.0,180.0,180.0,480.0,2022
4,D,84.0,70.0,8.0,1.0,24,1.0,0.0,0.0,1,22,1,0.0,0,6.0,1.0,1,0.0,7,1,0,1,1,0.0,0,1.0,0,121.0,151.0,60.0,240.0,2022
9,D,300.0,28.0,3.0,1.0,91,3.0,1.0,0.0,1,31,2,0.0,0,3.0,3.0,6,0.0,7,1,0,1,1,0.0,0,1.0,0,1344.0,1344.0,180.0,360.0,2022
2,D,60.0,21.0,2.0,1.0,24,1.0,0.0,0.0,1,22,1,0.0,0,5.0,6.0,1,0.0,7,1,0,1,1,0.0,0,1.0,0,97.0,121.0,0.0,240.0,2022
4,D,90.0,64.0,8.0,1.0,35,1.0,0.0,0.0,3,41,1,0.0,1,5.0,1.0,2,2.0,7,1,0,1,1,0.0,0,1.0,0,135.0,168.0,60.0,240.0,2022
1,D,24.0,39.0,5.0,1.0,42,1.0,1.0,0.0,1,48,1,0.0,0,3.0,2.0,1,0.0,7,1,0,1,1,0.0,0,1.0,0,97.0,120.0,0.0,120.0,2022
1,D,240.0,32.0,4.0,1.0,91,1.0,0.0,0.0,3,31,1,0.0,1,1.0,1.0,7,2.0,7,1,0,1,1,0.0,0,1.0,0,235.0,293.0,60.0,240.0,2022
1,D,96.0,31.0,4.0,1.0,41,1.0,1.0,0.0,1,47,1,0.0,0,5.0,1.0,2,0.0,7,1,0,1,1,0.0,0,1.0,0,151.0,188.0,60.0,240.0,2022
2,D,96.0,44.0,6.0,1.0,84,1.0,1.0,10.0,1,88,1,0.0,0,5.0,1.0,1,2.0,7,1,0,1,1,10.0,0,5.0,0,235.0,240.0,60.0,240.0,2022
2,D,72.0,28.0,3.0,1.0,76,1.0,0.0,0.0,1,80,1,0.0,0,3.0,1.0,1,2.0,7,1,0,1,1,0.0,0,1.0,0,151.0,188.0,60.0,240.0,2022
3,D,97.0,63.0,8.0,1.0,38,1.0,0.0,0.0,1,44,1,0.0,0,5.0,1.0,3,0.0,7,1,0,1,1,0.0,0,1.0,0,97.0,121.0,60.0,240.0,2022
3,D,100.0,25.0,2.0,1.0,34,1.0,1.0,0.0,1,39,2,0.0,0,1.0,3.0,1,0.0,7,1,0,1,1,0.0,0,1.0,0,97.0,121.0,0.0,240.0,2022
1,D,840.0,28.0,3.0,1.0,2,1.0,1.0,0.0,1,0,1,0.0,0,1.0,1.0,5,0.0,7,1,0,1,1,0.0,0,1.0,0,1440.0,1440.0,180.0,360.0,2022
3,D,102.0,51.0,7.0,1.0,42,1.0,1.0,0.0,1,48,1,0.0,0,3.0,1.0,1,0.0,7,1,0,1,1,0.0,0,1.0,0,121.0,151.0,60.0,240.0,2022
4,D,65.0,73.0,8.0,1.0,34,1.0,1.0,3.0,1,39,1,0.0,0,3.0,1.0,1,4.0,7,1,0,1,1,5.0,0,3.0,0,57.0,71.0,0.0,240.0,2022
5,D,91.0,27.0,3.0,1.0,36,1.0,1.0,4.0,1,42,1,0.0,0,5.0,2.0,1,0.0,8,1,0,1,1,6.0,0,3.0,0,15.0,21.0,0.0,120.0,2022
1,D,121.0,29.0,3.0,1.0,9,1.0,1.0,0.0,1,6,1,0.0,0,3.0,1.0,4,0.0,7,1,0,1,1,0.0,0,1.0,0,210.0,262.0,60.0,240.0,2022
1,D,168.0,63.0,8.0,1.0,93,1.0,1.0,0.0,1,32,1,0.0,0,5.0,1.0,4,0.0,7,1,0,1,1,0.0,0,1.0,0,168.0,210.0,60.0,240.0,2022
1,D,24.0,23.0,2.0,1.0,93,1.0,1.0,0.0,1,32,1,0.0,0,5.0,2.0,1,0.0,7,1,0,1,1,0.0,0,1.0,0,57.0,71.0,0.0,240.0,2022
1,D,360.0,46.0,6.0,1.0,80,1.0,1.0,0.0,1,84,1,0.0,0,3.0,1.0,8,0.0,7,1,0,2,1,0.0,0,1.0,0,9996.0,9996.0,180.0,360.0,2022
3,D,120.0,46.0,6.0,1.0,34,1.0,1.0,0.0,1,39,1,0.0,0,5.0,1.0,1,0.0,7,1,0,1,1,0.0,0,1.0,0,97.0,121.0,60.0,240.0,2022
4,D,42.0,22.0,2.0,1.0,94,1.0,0.0,0.0,1,34,1,0.0,0,1.0,1.0,1,0.0,7,1,0,1,1,0.0,0,1.0,0,41.0,51.0,0.0,240.0,2022
3,C,12.62,34.0,4.0,1.0,68,1.0,1.0,4.0,1,74,1,1.0,0,3.0,1.0,1,4.0,8,1,0,1,1,4.0,0,3.0,0,10.0,16.0,0.0,60.0,2022
1,D,120.0,50.0,6.0,1.0,93,1.0,1.0,3.0,1,32,1,0.0,0,5.0,1.0,1,0.0,7,1,0,1,1,5.0,0,3.0,0,120.0,120.0,120.0,240.0,2022
1,D,48.0,53.0,7.0,1.0,1,1.0,1.0,1.0,1,90,1,0.0,0,5.0,1.0,1,0.0,7,1,0,1,1,1.0,0,1.0,0,87.0,108.0,0.0,240.0,2022
2,D,180.0,44.0,6.0,1.0,66,1.0,1.0,8.0,1,72,1,0.0,0,,1.0,1,0.0,7,1,0,1,1,10.0,0,5.0,0,240.0,240.0,60.0,240.0,2022
1,C,16.0,74.0,8.0,1.0,66,1.0,1.0,0.0,1,72,1,0.0,0,3.0,1.0,1,0.0,8,1,0,1,1,0.0,0,1.0,0,12.0,18.0,0.0,60.0,2022
6,D,85.0,49.0,6.0,1.0,37,1.0,1.0,13.0,1,43,1,0.0,0,1.0,1.0,1,0.0,7,1,0,1,1,13.0,0,6.0,0,100.0,125.0,60.0,240.0,2022
3,D,80.0,31.0,4.0,1.0,92,1.0,1.0,0.0,1,33,1,0.0,0,3.0,1.0,1,2.0,7,1,0,1,1,0.0,0,1.0,0,70.0,87.0,0.0,240.0,2022
4,D,60.0,40.0,5.0,1.0,48,1.0,0.0,0.0,1,54,1,0.0,0,3.0,1.0,1,1.0,7,1,0,1,1,0.0,0,1.0,0,87.0,108.0,60.0,240.0,2022
8,D,12.03,48.0,6.0,1.0,60,1.0,1.0,4.0,1,67,1,1.0,0,3.0,6.0,1,2.0,8,1,0,1,1,4.0,0,3.0,0,27.0,33.0,0.0,60.0,2022
8,D,12.03,61.0,8.0,1.0,60,1.0,0.0,0.0,1,67,1,0.0,0,6.0,6.0,1,0.0,8,1,0,1,1,0.0,0,1.0,0,21.0,27.0,0.0,60.0,2022
2,D,60.0,51.0,7.0,1.0,17,1.0,0.0,0.0,1,15,1,0.0,0,5.0,1.0,1,0.0,7,1,0,1,1,0.0,0,1.0,0,97.0,121.0,60.0,240.0,2022
4,D,72.0,25.0,2.0,1.0,63,1.0,0.0,0.0,1,95,1,0.0,0,3.0,6.0,1,0.0,7,1,0,1,1,0.0,0,1.0,0,97.0,121.0,0.0,240.0,2022
3,D,120.0,39.0,5.0,1.0,16,1.0,1.0,0.0,1,14,1,0.0,0,5.0,1.0,1,0.0,7,1,0,1,1,0.0,0,1.0,0,120.0,120.0,120.0,240.0,2022
2,D,60.0,56.0,7.0,1.0,17,1.0,0.0,0.0,1,15,1,0.0,0,5.0,1.0,1,0.0,7,1,0,1,1,0.0,0,1.0,0,97.0,121.0,0.0,240.0,2022
3,D,109.0,37.0,5.0,1.0,43,1.0,1.0,1.0,1,49,1,0.0,0,3.0,1.0,3,2.0,7,1,0,1,1,1.0,0,1.0,0,97.0,121.0,0.0,240.0,2022
8,D,84.0,43.0,6.0,1.0,60,1.0,0.0,0.0,1,67,1,0.0,0,5.0,2.0,2,2.0,7,1,0,1,1,0.0,0,1.0,0,151.0,188.0,0.0,240.0,2022
2,D,96.0,39.0,5.0,1.0,24,1.0,1.0,0.0,1,22,1,0.0,0,3.0,2.0,1,1.0,7,1,0,1,1,0.0,0,1.0,0,151.0,188.0,60.0,240.0,2022
3,D,63.0,34.0,4.0,1.0,48,1.0,1.0,0.0,1,54,1,0.0,0,5.0,1.0,1,0.0,7,1,0,1,1,0.0,0,1.0,0,63.0,78.0,60.0,240.0,2022
8,D,108.0,30.0,3.0,1.0,65,2.0,1.0,0.0,1,73,2,0.0,0,5.0,3.0,2,0.0,7,1,0,1,1,0.0,0,1.0,0,151.0,188.0,0.0,240.0,2022
2,C,,36.0,5.0,1.0,64,1.0,1.0,0.0,1,70,1,0.0,0,5.0,1.0,1,0.0,8,0,1,4,0,0.0,0,1.0,0,10.0,16.0,0.0,120.0,2022
2,D,165.0,36.0,5.0,1.0,85,1.0,1.0,8.0,1,89,1,0.0,0,3.0,1.0,1,0.0,7,1,0,1,1,8.0,0,4.0,0,188.0,235.0,120.0,240.0,2022
1,D,18.0,62.0,8.0,1.0,8,1.0,1.0,0.0,1,7,1,0.0,0,6.0,1.0,1,0.0,7,1,0,1,1,0.0,0,1.0,0,78.0,97.0,0.0,240.0,2022
1,C,16.0,39.0,5.0,1.0,8,3.0,1.0,0.0,1,7,2,0.0,0,1.0,3.0,1,3.0,8,1,0,1,1,0.0,0,1.0,0,10.0,16.0,0.0,120.0,2022
2,D,48.0,25.0,2.0,1.0,84,1.0,1.0,6.0,1,88,1,0.0,0,1.0,1.0,1,0.0,7,1,0,1,1,8.0,0,4.0,0,92.0,115.0,0.0,240.0,2022
4,D,48.0,54.0,7.0,1.0,58,1.0,0.0,0.0,1,65,1,0.0,0,3.0,2.0,1,0.0,7,1,0,2,1,0.0,0,1.0,0,97.0,121.0,0.0,240.0,2022
4,D,30.0,59.0,7.0,1.0,58,1.0,1.0,0.0,1,65,1,0.0,0,1.0,1.0,1,4.0,7,1,0,1,1,0.0,0,1.0,0,97.0,121.0,0.0,240.0,2022
3,D,180.0,61.0,8.0,1.0,43,1.0,1.0,0.0,1,49,1,0.0,0,3.0,1.0,2,0.0,7,1,0,1,1,0.0,0,1.0,0,180.0,180.0,120.0,240.0,2022
1,D,151.0,23.0,2.0,1.0,41,1.0,0.0,0.0,1,47,1,0.0,0,5.0,1.0,7,0.0,7,1,0,1,1,0.0,0,1.0,0,151.0,188.0,0.0,120.0,2022
4,D,292.0,34.0,4.0,1.0,90,1.0,1.0,9.0,3,29,1,0.0,1,1.0,2.0,2,2.0,7,1,0,1,1,9.0,0,4.0,0,292.0,365.0,60.0,240.0,2022
1,D,126.0,44.0,6.0,1.0,3,1.0,1.0,1.0,1,1,1,0.0,0,5.0,1.0,3,0.0,7,1,0,1,1,1.0,0,1.0,0,121.0,151.0,120.0,240.0,2022
3,D,3.0,33.0,4.0,1.0,75,1.0,1.0,2.0,1,79,1,0.0,0,3.0,1.0,1,0.0,7,1,0,1,1,2.0,0,2.0,0,51.0,63.0,0.0,240.0,2022
3,D,210.0,41.0,6.0,1.0,43,1.0,1.0,0.0,1,49,1,0.0,0,6.0,1.0,1,0.0,7,1,0,1,1,0.0,0,1.0,0,210.0,240.0,60.0,240.0,2022
1,D,60.0,54.0,7.0,1.0,93,1.0,1.0,0.0,1,32,1,0.0,0,6.0,1.0,1,0.0,7,1,0,1,1,0.0,0,1.0,0,151.0,188.0,60.0,240.0,2022
1,D,80.0,76.0,8.0,1.0,93,1.0,0.0,0.0,1,32,1,0.0,0,3.0,1.0,1,0.0,7,1,0,1,1,0.0,0,1.0,0,121.0,151.0,60.0,240.0,2022
1,D,72.0,55.0,7.0,1.0,11,1.0,1.0,0.0,1,9,1,0.0,0,3.0,1.0,1,0.0,7,1,0,1,1,0.0,0,1.0,0,97.0,121.0,0.0,240.0,2022
1,D,42.0,34.0,4.0,1.0,56,1.0,0.0,0.0,1,63,1,0.0,0,6.0,1.0,1,0.0,7,1,0,1,1,0.0,0,1.0,0,57.0,71.0,0.0,240.0,2022
4,D,37.0,44.0,6.0,1.0,58,1.0,1.0,16.0,1,65,1,0.0,0,5.0,1.0,1,1.0,8,1,0,1,1,18.0,0,6.0,0,30.0,37.0,0.0,60.0,2022
3,D,78.0,55.0,7.0,1.0,92,1.0,1.0,0.0,1,33,1,0.0,0,3.0,1.0,1,0.0,7,1,0,1,1,0.0,0,1.0,0,78.0,97.0,0.0,240.0,2022
1,D,78.0,24.0,2.0,1.0,9,1.0,0.0,0.0,1,6,1,0.0,0,6.0,1.0,4,0.0,7,1,0,1,1,0.0,0,1.0,0,97.0,121.0,60.0,240.0,2022
3,D,120.0,52.0,7.0,1.0,68,1.0,1.0,3.0,1,74,1,0.0,0,6.0,1.0,1,,7,1,0,1,1,5.0,0,3.0,0,120.0,120.0,120.0,240.0,2022
4,D,125.0,34.0,4.0,1.0,57,1.0,1.0,2.0,1,64,1,0.0,0,5.0,1.0,1,0.0,7,1,0,1,1,4.0,0,3.0,0,121.0,151.0,120.0,240.0,2022
8,D,27.0,69.0,8.0,1.0,65,1.0,1.0,0.0,1,73,1,0.0,0,3.0,1.0,1,0.0,7,1,0,1,1,0.0,0,1.0,0,78.0,97.0,0.0,240.0,2022
2,D,74.0,34.0,4.0,1.0,64,1.0,1.0,15.0,1,70,1,0.0,0,3.0,2.0,1,1.0,8,1,0,1,1,17.0,0,6.0,0,30.0,37.0,0.0,120.0,2022
1,D,120.0,59.0,7.0,1.0,6,1.0,1.0,3.0,1,3,1,0.0,0,3.0,1.0,1,0.0,7,1,0,1,1,5.0,0,3.0,0,135.0,168.0,120.0,240.0,2022
5,D,60.0,46.0,6.0,1.0,62,3.0,1.0,0.0,1,69,2,0.0,0,1.0,3.0,1,0.0,7,1,0,1,1,0.0,0,1.0,0,151.0,188.0,60.0,240.0,2022
8,D,121.0,43.0,6.0,1.0,35,1.0,0.0,0.0,1,41,2,0.0,0,5.0,3.0,1,0.0,7,1,0,1,1,0.0,0,1.0,0,121.0,151.0,60.0,480.0,2022
2,D,60.0,27.0,3.0,1.0,64,1.0,0.0,0.0,1,70,1,0.0,0,1.0,1.0,1,0.0,7,1,0,1,1,0.0,0,1.0,0,121.0,151.0,60.0,240.0,2022
6,D,120.0,31.0,4.0,1.0,79,1.0,1.0,0.0,1,83,1,0.0,0,5.0,1.0,1,0.0,7,1,0,1,1,0.0,0,1.0,0,151.0,188.0,60.0,240.0,2022
3,D,72.0,51.0,7.0,1.0,89,1.0,1.0,0.0,1,30,1,1.0,0,5.0,1.0,1,0.0,7,1,0,1,1,0.0,0,1.0,0,63.0,78.0,0.0,120.0,2022
4,D,144.0,45.0,6.0,1.0,71,1.0,1.0,3.0,1,76,1,0.0,0,5.0,1.0,1,0.0,7,1,0,1,1,5.0,0,3.0,0,188.0,235.0,60.0,240.0,2022
5,D,72.0,24.0,2.0,1.0,38,1.0,1.0,0.0,1,44,1,0.0,0,3.0,1.0,2,0.0,7,1,0,1,1,0.0,0,1.0,0,210.0,262.0,0.0,240.0,2022
5,D,120.0,64.0,8.0,1.0,38,1.0,1.0,3.0,1,44,1,0.0,0,3.0,1.0,2,0.0,7,1,0,1,1,3.0,0,2.0,0,120.0,120.0,120.0,240.0,2022
4,D,90.0,32.0,4.0,1.0,59,1.0,1.0,0.0,1,66,0,0.0,0,3.0,1.0,1,0.0,7,1,0,1,1,0.0,0,1.0,0,151.0,188.0,60.0,240.0,2022
6,D,60.0,57.0,7.0,1.0,59,1.0,1.0,1.0,1,66,1,0.0,0,6.0,1.0,1,0.0,7,1,0,1,1,1.0,0,1.0,0,78.0,97.0,60.0,240.0,2022
3,D,120.0,54.0,7.0,1.0,34,1.0,1.0,0.0,1,39,1,0.0,0,6.0,1.0,1,0.0,7,1,0,1,1,0.0,0,1.0,0,210.0,240.0,60.0,240.0,2022
1,D,60.0,33.0,4.0,1.0,3,1.0,0.0,0.0,1,1,1,0.0,0,6.0,6.0,2,0.0,7,1,0,1,1,0.0,0,1.0,0,151.0,188.0,60.0,240.0,2022
4,D,180.0,52.0,7.0,1.0,35,1.0,1.0,0.0,1,41,1,0.0,0,1.0,1.0,2,0.0,7,1,0,1,1,0.0,0,1.0,0,151.0,188.0,60.0,240.0,2022
2,D,235.0,49.0,6.0,1.0,39,1.0,1.0,9.0,3,45,1,0.0,1,5.0,1.0,5,0.0,7,1,0,1,1,9.0,0,4.0,0,188.0,235.0,120.0,240.0,2022
2,D,37.0,37.0,5.0,1.0,54,1.0,0.0,0.0,1,61,1,0.0,0,3.0,2.0,1,0.0,7,1,0,1,1,0.0,0,1.0,0,70.0,87.0,0.0,240.0,2022
3,D,46.0,33.0,4.0,1.0,29,1.0,1.0,2.0,1,96,1,0.0,0,5.0,1.0,1,0.0,7,1,0,1,1,2.0,0,2.0,0,108.0,135.0,0.0,240.0,2022
1,D,63.0,62.0,8.0,1.0,91,1.0,1.0,0.0,1,31,1,0.0,0,3.0,1.0,1,0.0,7,1,0,1,1,0.0,0,1.0,0,78.0,97.0,0.0,240.0,2022
1,D,111.0,26.0,3.0,1.0,9,1.0,1.0,0.0,1,6,1,0.0,0,6.0,6.0,3,0.0,7,1,0,1,1,0.0,0,1.0,0,111.0,132.0,24.0,24.0,2022
5,D,216.0,40.0,5.0,1.0,7,1.0,1.0,0.0,1,5,1,0.0,0,5.0,1.0,4,0.0,7,1,0,1,1,0.0,0,1.0,0,1200.0,1200.0,180.0,360.0,2022
5,D,,32.0,4.0,1.0,36,1.0,0.0,0.0,1,42,1,0.0,0,5.0,1.0,1,2.0,7,0,1,4,0,0.0,0,1.0,0,78.0,97.0,0.0,240.0,2022
1,D,63.0,37.0,5.0,1.0,50,1.0,1.0,1.0,1,56,1,0.0,0,5.0,1.0,1,4.0,7,1,0,1,1,1.0,0,1.0,0,63.0,78.0,0.0,240.0,2022
2,D,60.0,50.0,6.0,1.0,76,1.0,1.0,0.0,1,80,1,0.0,0,5.0,1.0,1,0.0,7,1,0,1,1,0.0,0,1.0,0,97.0,121.0,60.0,240.0,2022
4,D,120.0,27.0,3.0,1.0,94,1.0,0.0,0.0,3,34,1,0.0,1,3.0,1.0,1,0.0,7,1,0,1,1,0.0,0,1.0,0,108.0,135.0,0.0,240.0,2022
4,D,188.0,28.0,3.0,1.0,35,1.0,1.0,1.0,1,41,1,0.0,0,3.0,1.0,2,0.0,7,1,0,1,1,3.0,0,2.0,0,188.0,235.0,180.0,480.0,2022
4,D,66.0,31.0,4.0,1.0,46,1.0,0.0,0.0,1,53,1,0.0,0,3.0,1.0,1,1.0,7,1,0,1,1,0.0,0,1.0,0,97.0,121.0,0.0,240.0,2022
5,D,87.0,21.0,2.0,1.0,55,1.0,1.0,3.0,1,62,1,0.0,0,3.0,1.0,4,0.0,7,1,0,1,1,3.0,0,2.0,0,108.0,135.0,60.0,240.0,2022
1,D,0.03,33.0,4.0,1.0,41,1.0,1.0,1.0,1,47,1,0.0,0,5.0,1.0,1,0.0,7,1,0,1,1,1.0,0,1.0,0,120.0,120.0,120.0,240.0,2022
2,C,18.0,53.0,7.0,1.0,36,1.0,1.0,0.0,1,42,1,0.0,0,3.0,2.0,1,0.0,8,1,0,1,1,0.0,0,1.0,0,12.0,18.0,0.0,60.0,2022
8,D,135.0,42.0,6.0,1.0,60,1.0,1.0,3.0,1,67,1,0.0,0,6.0,1.0,1,0.0,7,1,0,1,1,3.0,0,2.0,0,151.0,188.0,120.0,240.0,2022
1,B,,39.0,5.0,1.0,47,1.0,1.0,0.0,1,52,1,0.0,0,5.0,1.0,1,0.0,8,0,1,4,0,0.0,0,1.0,0,6.0,12.0,0.0,60.0,2022
5,D,120.0,29.0,3.0,1.0,36,2.0,0.0,0.0,1,42,2,0.0,0,5.0,3.0,1,0.0,7,1,0,1,1,0.0,0,1.0,0,97.0,121.0,60.0,240.0,2022
5,D,235.0,22.0,2.0,1.0,36,1.0,0.0,0.0,1,42,2,0.0,0,3.0,3.0,2,0.0,7,1,0,1,1,0.0,0,1.0,0,188.0,235.0,0.0,240.0,2022
1,D,120.0,70.0,8.0,1.0,80,1.0,1.0,3.0,1,84,1,0.0,0,6.0,1.0,1,0.0,7,1,0,1,1,5.0,0,3.0,0,120.0,121.0,120.0,240.0,2022
3,D,97.0,65.0,8.0,1.0,31,1.0,0.0,0.0,1,37,1,0.0,0,6.0,1.0,1,0.0,7,1,0,1,1,0.0,0,1.0,0,97.0,121.0,0.0,240.0,2022
1,D,144.0,36.0,5.0,1.0,11,1.0,1.0,10.0,1,9,1,0.0,0,3.0,1.0,1,1.0,7,1,0,1,1,12.0,0,5.0,0,188.0,235.0,0.0,240.0,2022
1,D,3.0,22.0,2.0,1.0,10,1.0,0.0,0.0,1,8,1,0.0,0,3.0,1.0,1,0.0,7,1,0,2,1,0.0,0,1.0,0,97.0,121.0,0.0,240.0,2022
2,D,87.0,49.0,6.0,1.0,84,1.0,1.0,3.0,1,88,2,0.0,0,3.0,3.0,1,1.0,7,1,0,1,1,5.0,0,3.0,0,120.0,121.0,120.0,240.0,2022
4,D,120.0,36.0,5.0,1.0,58,1.0,1.0,2.0,1,65,1,0.0,0,3.0,2.0,1,0.0,7,1,0,1,1,4.0,0,3.0,0,120.0,120.0,120.0,240.0,2022
4,D,150.0,38.0,5.0,1.0,53,1.0,1.0,7.0,1,60,1,0.0,0,3.0,1.0,1,0.0,7,1,0,1,1,9.0,0,4.0,0,135.0,168.0,60.0,240.0,2022
6,D,170.0,43.0,6.0,1.0,21,1.0,1.0,0.0,1,18,1,0.0,0,5.0,1.0,1,0.0,7,1,0,1,1,0.0,0,1.0,0,240.0,240.0,60.0,240.0,2022
3,D,12.03,40.0,5.0,1.0,75,1.0,0.0,0.0,1,79,1,0.0,0,6.0,1.0,1,0.0,7,1,0,1,1,0.0,0,1.0,0,30.0,37.0,0.0,120.0,2022
1,D,180.0,65.0,8.0,1.0,22,1.0,1.0,3.0,1,19,1,0.0,0,5.0,1.0,1,0.0,7,1,0,1,1,5.0,0,3.0,0,180.0,180.0,180.0,480.0,2022
1,D,324.0,37.0,5.0,1.0,46,1.0,1.0,23.0,1,53,1,0.0,0,3.0,1.0,3,1.0,7,1,0,1,1,23.0,0,6.0,0,324.0,405.0,60.0,240.0,2022
4,D,300.0,24.0,2.0,1.0,58,1.0,1.0,0.0,1,65,1,0.0,0,3.0,1.0,2,0.0,7,1,0,2,1,0.0,0,1.0,0,600.0,600.0,60.0,240.0,2022
2,D,96.0,49.0,6.0,1.0,51,1.0,1.0,7.0,1,57,1,0.0,0,5.0,1.0,1,2.0,7,1,0,1,1,7.0,0,4.0,0,168.0,210.0,60.0,240.0,2022
2,C,18.0,55.0,7.0,1.0,36,1.0,1.0,0.0,1,42,1,0.0,0,5.0,2.0,1,0.0,8,1,0,1,1,0.0,0,1.0,0,12.0,18.0,0.0,60.0,2022
5,D,151.0,34.0,4.0,1.0,54,1.0,0.0,0.0,3,61,1,0.0,1,3.0,1.0,1,7.0,7,1,0,1,1,0.0,0,1.0,0,240.0,240.0,60.0,240.0,2022
1,D,80.0,47.0,6.0,1.0,35,1.0,1.0,0.0,1,41,2,0.0,0,6.0,3.0,1,3.0,7,1,0,1,1,0.0,0,1.0,0,87.0,108.0,60.0,240.0,2022
2,D,120.0,64.0,8.0,1.0,42,1.0,1.0,3.0,1,48,1,0.0,0,3.0,1.0,1,0.0,7,1,0,1,1,5.0,0,3.0,0,210.0,240.0,120.0,240.0,2022
3,D,240.0,32.0,4.0,1.0,43,1.0,1.0,8.0,1,49,1,0.0,0,3.0,1.0,2,0.0,7,1,0,1,1,8.0,0,4.0,0,210.0,262.0,180.0,480.0,2022
5,D,97.0,68.0,8.0,1.0,20,1.0,0.0,0.0,1,17,1,0.0,0,3.0,1.0,1,0.0,7,1,0,1,1,0.0,0,1.0,0,97.0,121.0,60.0,240.0,2022
3,D,188.0,27.0,3.0,1.0,22,1.0,1.0,3.0,1,19,1,0.0,0,3.0,1.0,1,0.0,7,1,0,1,1,5.0,0,3.0,0,262.0,327.0,180.0,480.0,2022
2,D,120.0,29.0,3.0,1.0,73,1.0,1.0,0.0,1,78,1,0.0,0,1.0,2.0,1,0.0,7,1,0,1,1,0.0,0,1.0,0,210.0,240.0,60.0,240.0,2022
4,D,210.0,51.0,7.0,1.0,59,1.0,1.0,0.0,1,66,0,0.0,0,5.0,1.0,1,0.0,7,1,0,1,1,0.0,0,1.0,0,210.0,262.0,180.0,360.0,2022
1,D,180.0,38.0,5.0,1.0,19,1.0,1.0,3.0,1,16,1,0.0,0,5.0,1.0,1,0.0,7,1,0,1,1,5.0,0,3.0,0,180.0,188.0,180.0,480.0,2022
2,D,72.0,41.0,6.0,1.0,65,1.0,1.0,0.0,1,73,2,0.0,0,5.0,3.0,1,0.0,7,1,0,1,1,0.0,0,1.0,0,151.0,188.0,60.0,240.0,2022
4,D,660.0,62.0,8.0,1.0,56,1.0,1.0,3.0,1,63,1,0.0,0,6.0,1.0,3,0.0,7,1,0,1,1,5.0,0,3.0,0,720.0,720.0,180.0,360.0,2022
3,D,121.0,46.0,6.0,1.0,42,1.0,1.0,4.0,1,48,1,0.0,0,5.0,1.0,1,0.0,7,1,0,1,1,4.0,0,3.0,0,120.0,120.0,120.0,240.0,2022
3,D,70.0,51.0,7.0,1.0,5,1.0,0.0,0.0,1,4,2,0.0,0,5.0,3.0,1,0.0,7,1,0,1,1,0.0,0,1.0,0,70.0,87.0,0.0,240.0,2022
8,D,210.0,32.0,4.0,1.0,35,1.0,1.0,0.0,1,41,2,0.0,0,1.0,3.0,1,3.0,7,1,0,1,1,0.0,0,1.0,0,210.0,240.0,60.0,240.0,2022
4,D,78.0,24.0,2.0,1.0,35,1.0,1.0,0.0,1,41,1,0.0,0,3.0,1.0,2,0.0,7,1,0,1,1,0.0,0,1.0,0,97.0,121.0,60.0,240.0,2022
1,D,78.0,34.0,4.0,1.0,71,1.0,1.0,0.0,1,76,1,0.0,0,1.0,1.0,1,0.0,7,1,0,1,1,0.0,0,1.0,0,97.0,121.0,0.0,240.0,2022
5,D,156.0,62.0,8.0,1.0,7,1.0,1.0,1.0,1,5,1,0.0,0,3.0,1.0,2,0.0,7,1,0,1,1,1.0,0,1.0,0,168.0,210.0,60.0,240.0,2022
3,D,0.03,34.0,4.0,1.0,7,1.0,1.0,3.0,1,5,1,0.0,0,3.0,1.0,1,0.0,7,1,0,1,1,5.0,0,3.0,0,180.0,180.0,180.0,480.0,2022
4,D,37.0,55.0,7.0,1.0,58,1.0,0.0,0.0,1,65,1,0.0,0,3.0,1.0,1,0.0,7,1,0,1,1,0.0,0,1.0,0,37.0,46.0,0.0,120.0,2022
2,D,135.0,35.0,4.0,1.0,73,1.0,1.0,3.0,1,78,1,0.0,0,3.0,1.0,1,1.0,7,1,0,1,1,3.0,0,2.0,0,135.0,168.0,60.0,240.0,2022
4,D,210.0,45.0,6.0,1.0,56,1.0,1.0,0.0,1,63,1,0.0,0,1.0,1.0,1,0.0,7,1,0,1,1,0.0,0,1.0,0,168.0,210.0,60.0,240.0,2022
5,D,75.0,70.0,8.0,1.0,36,1.0,0.0,0.0,1,42,1,0.0,0,3.0,1.0,1,0.0,7,1,0,2,1,0.0,0,1.0,0,97.0,121.0,60.0,240.0,2022
2,D,136.0,51.0,7.0,1.0,21,1.0,1.0,4.0,1,18,1,0.0,0,6.0,1.0,1,0.0,7,1,0,1,1,4.0,0,3.0,0,151.0,188.0,120.0,240.0,2022
2,D,120.0,41.0,6.0,1.0,39,1.0,0.0,0.0,1,45,1,0.0,0,5.0,1.0,2,0.0,7,1,0,1,1,0.0,0,1.0,0,78.0,97.0,60.0,240.0,2022
3,D,33.0,52.0,7.0,1.0,38,1.0,1.0,3.0,1,44,1,0.0,0,1.0,1.0,1,0.0,7,1,0,1,1,5.0,0,3.0,0,60.0,71.0,60.0,240.0,2022
7,D,120.0,47.0,6.0,1.0,17,1.0,1.0,3.0,1,15,1,0.0,0,3.0,1.0,1,0.0,7,1,0,1,1,5.0,0,3.0,0,120.0,121.0,120.0,240.0,2022
5,D,108.0,46.0,6.0,1.0,83,1.0,1.0,0.0,1,87,1,0.0,0,3.0,1.0,1,2.0,7,1,0,1,1,0.0,0,1.0,0,121.0,151.0,60.0,240.0,2022
4,D,72.0,68.0,8.0,1.0,48,1.0,1.0,0.0,1,54,1,0.0,0,5.0,1.0,3,0.0,7,1,0,1,1,0.0,0,1.0,0,121.0,151.0,0.0,240.0,2022
3,D,70.0,30.0,3.0,1.0,67,1.0,1.0,2.0,1,71,1,0.0,0,5.0,2.0,1,0.0,7,1,0,1,1,4.0,0,3.0,0,121.0,151.0,60.0,240.0,2022
2,D,60.0,31.0,4.0,1.0,65,1.0,1.0,0.0,1,73,2,0.0,0,5.0,3.0,1,0.0,7,1,0,1,1,0.0,0,1.0,0,151.0,188.0,60.0,240.0,2022
1,D,120.0,48.0,6.0,1.0,11,1.0,1.0,4.0,1,9,1,0.0,0,3.0,1.0,1,0.0,7,1,0,1,1,6.0,0,3.0,0,120.0,120.0,120.0,240.0,2022
1,D,78.0,44.0,6.0,1.0,71,1.0,1.0,3.0,1,76,1,0.0,0,3.0,1.0,1,0.0,7,1,0,1,1,5.0,0,3.0,0,97.0,121.0,0.0,240.0,2022
1,D,120.0,57.0,7.0,1.0,14,1.0,1.0,3.0,1,12,1,0.0,0,3.0,1.0,1,0.0,7,1,0,1,1,5.0,0,3.0,0,120.0,120.0,120.0,240.0,2022
2,D,240.0,58.0,7.0,1.0,35,1.0,1.0,0.0,1,41,1,0.0,0,5.0,1.0,1,1.0,7,1,0,1,1,0.0,0,1.0,0,240.0,240.0,60.0,240.0,2022
3,D,90.0,27.0,3.0,1.0,75,1.0,1.0,2.0,1,79,1,0.0,0,3.0,2.0,2,1.0,7,1,0,1,1,2.0,0,1.0,0,121.0,151.0,0.0,120.0,2022
5,D,37.0,40.0,5.0,1.0,92,1.0,1.0,4.0,1,33,1,0.0,0,1.0,2.0,1,0.0,8,1,0,1,1,4.0,0,3.0,0,18.0,24.0,0.0,60.0,2022
1,D,96.0,49.0,6.0,1.0,3,1.0,1.0,0.0,1,1,1,0.0,0,5.0,1.0,2,2.0,7,1,0,1,1,0.0,0,1.0,0,30.0,37.0,0.0,120.0,2022
2,D,60.0,69.0,8.0,1.0,39,1.0,1.0,0.0,1,45,1,0.0,0,6.0,1.0,1,0.0,8,1,0,1,1,0.0,0,1.0,0,57.0,71.0,0.0,180.0,2022
2,D,48.0,44.0,6.0,1.0,39,1.0,0.0,0.0,1,45,1,0.0,0,6.0,1.0,1,1.0,7,1,0,1,1,0.0,0,1.0,0,78.0,97.0,0.0,240.0,2022
2,D,150.0,33.0,4.0,1.0,94,1.0,1.0,1.0,1,34,1,0.0,0,5.0,1.0,1,2.0,7,1,0,1,1,1.0,0,1.0,0,135.0,168.0,60.0,240.0,2022
4,D,84.0,24.0,2.0,1.0,56,1.0,0.0,0.0,1,63,1,0.0,0,3.0,2.0,1,1.0,7,1,0,1,1,0.0,0,1.0,0,135.0,168.0,0.0,240.0,2022
4,D,60.0,55.0,7.0,1.0,58,1.0,1.0,1.0,1,65,1,0.0,0,1.0,2.0,1,0.0,7,1,0,1,1,1.0,0,1.0,0,60.0,63.0,60.0,240.0,2022
2,D,72.0,32.0,4.0,1.0,39,1.0,0.0,0.0,1,45,1,0.0,0,5.0,1.0,1,0.0,7,1,0,1,1,0.0,0,1.0,0,97.0,121.0,60.0,240.0,2022
4,D,51.0,22.0,2.0,1.0,58,1.0,0.0,0.0,1,65,1,0.0,0,3.0,1.0,1,0.0,7,1,0,1,1,0.0,0,1.0,0,78.0,97.0,0.0,240.0,2022
4,D,48.0,26.0,3.0,1.0,58,1.0,1.0,1.0,1,65,1,0.0,0,3.0,1.0,2,0.0,7,1,0,1,1,1.0,0,1.0,0,70.0,87.0,0.0,240.0,2022
1,D,235.0,47.0,6.0,1.0,71,1.0,1.0,6.0,1,76,1,0.0,0,3.0,1.0,1,0.0,7,1,0,1,1,8.0,0,4.0,0,292.0,365.0,180.0,480.0,2022
1,D,150.0,43.0,6.0,1.0,93,1.0,1.0,0.0,3,32,1,0.0,1,5.0,1.0,2,0.0,7,1,0,1,1,0.0,0,1.0,0,188.0,235.0,60.0,240.0,2022
1,D,360.0,24.0,2.0,1.0,88,1.0,1.0,0.0,1,28,1,0.0,0,1.0,1.0,3,2.0,7,1,0,1,1,0.0,0,1.0,0,324.0,405.0,180.0,360.0,2022
1,D,72.0,41.0,6.0,1.0,75,1.0,1.0,1.0,1,79,1,0.0,0,1.0,1.0,1,0.0,7,1,0,1,1,1.0,0,1.0,0,151.0,188.0,60.0,240.0,2022
1,D,144.0,36.0,5.0,1.0,3,1.0,1.0,3.0,1,1,1,0.0,0,5.0,1.0,1,2.0,7,1,0,1,1,5.0,0,3.0,0,120.0,120.0,120.0,240.0,2022
3,D,54.0,61.0,8.0,1.0,63,1.0,1.0,0.0,1,95,1,0.0,0,6.0,1.0,1,0.0,7,1,0,1,1,0.0,0,1.0,0,78.0,97.0,0.0,240.0,2022
1,D,50.0,58.0,7.0,1.0,93,3.0,1.0,0.0,1,32,2,0.0,0,3.0,3.0,1,0.0,7,1,0,1,1,0.0,0,1.0,0,70.0,87.0,0.0,240.0,2022
5,D,78.0,49.0,6.0,1.0,54,1.0,1.0,3.0,1,61,1,0.0,0,3.0,1.0,1,0.0,7,1,0,1,1,3.0,0,2.0,0,108.0,135.0,60.0,240.0,2022
3,D,24.0,50.0,6.0,1.0,75,2.0,0.0,0.0,1,79,1,0.0,0,6.0,6.0,1,2.0,8,1,0,1,1,0.0,0,1.0,0,33.0,41.0,0.0,60.0,2022
3,C,14.0,36.0,5.0,1.0,29,1.0,1.0,0.0,1,96,1,0.0,0,5.0,2.0,1,3.0,8,1,0,1,1,0.0,0,1.0,0,12.0,18.0,0.0,60.0,2022
2,D,120.0,44.0,6.0,1.0,15,1.0,1.0,1.0,1,13,1,0.0,0,3.0,2.0,3,0.0,7,1,0,1,1,3.0,0,1.0,0,9996.0,9996.0,120.0,9996.0,2022
3,D,324.0,42.0,6.0,1.0,61,1.0,1.0,8.0,1,68,1,0.0,0,5.0,1.0,3,0.0,7,1,0,1,1,10.0,0,5.0,0,324.0,405.0,180.0,480.0,2022
4,D,120.0,31.0,4.0,1.0,53,1.0,1.0,2.0,1,60,1,0.0,0,3.0,1.0,1,0.0,7,1,0,1,1,4.0,0,3.0,0,108.0,120.0,0.0,120.0,2022
4,D,180.0,40.0,5.0,1.0,53,1.0,1.0,3.0,1,60,1,0.0,0,6.0,1.0,1,0.0,7,1,0,1,1,5.0,0,3.0,0,120.0,120.0,120.0,240.0,2022
1,D,180.0,39.0,5.0,1.0,50,1.0,1.0,2.0,1,56,1,0.0,0,3.0,1.0,2,1.0,7,1,0,1,1,2.0,0,2.0,0,180.0,188.0,180.0,480.0,2022
9,D,96.0,50.0,6.0,1.0,91,1.0,1.0,0.0,1,31,1,0.0,0,6.0,1.0,1,1.0,7,1,0,1,1,0.0,0,1.0,0,57.0,71.0,0.0,240.0,2022
1,D,96.0,48.0,6.0,1.0,1,1.0,0.0,0.0,1,90,1,0.0,0,3.0,1.0,1,0.0,7,1,0,1,1,0.0,0,1.0,0,108.0,135.0,60.0,240.0,2022
3,D,60.0,25.0,2.0,1.0,68,1.0,0.0,0.0,1,74,1,0.0,0,5.0,1.0,1,,7,1,0,2,1,0.0,0,1.0,0,78.0,97.0,0.0,240.0,2022
2,D,54.0,69.0,8.0,1.0,65,1.0,1.0,1.0,1,73,1,0.0,0,5.0,1.0,1,0.0,7,1,0,1,1,3.0,0,2.0,0,108.0,135.0,0.0,240.0,2022
4,D,144.0,47.0,6.0,1.0,56,1.0,1.0,6.0,1,63,1,0.0,0,5.0,1.0,1,3.0,7,1,0,1,1,6.0,0,3.0,0,168.0,210.0,60.0,240.0,2022
4,D,84.0,30.0,3.0,1.0,56,1.0,1.0,0.0,1,63,1,0.0,0,5.0,1.0,1,0.0,7,1,0,1,1,0.0,0,1.0,0,97.0,121.0,60.0,240.0,2022
6,D,66.0,38.0,5.0,1.0,59,1.0,1.0,0.0,1,66,0,0.0,0,3.0,1.0,1,0.0,7,1,0,1,1,0.0,0,1.0,0,97.0,121.0,60.0,240.0,2022
1,D,,22.0,2.0,1.0,93,1.0,0.0,0.0,1,32,2,0.0,0,5.0,3.0,1,0.0,7,0,1,3,0,0.0,0,1.0,0,97.0,121.0,0.0,240.0,2022
2,D,121.0,40.0,5.0,1.0,94,1.0,0.0,0.0,1,34,2,0.0,0,3.0,3.0,1,0.0,7,1,0,1,1,0.0,0,1.0,0,121.0,151.0,60.0,240.0,2022
5,D,94.0,51.0,7.0,1.0,36,1.0,1.0,0.0,1,42,2,0.0,0,1.0,3.0,1,0.0,7,1,0,1,1,0.0,0,1.0,0,78.0,97.0,0.0,240.0,2022
2,D,60.0,69.0,8.0,1.0,76,1.0,1.0,0.0,1,80,1,0.0,0,6.0,1.0,1,0.0,7,1,0,1,1,0.0,0,1.0,0,60.0,71.0,60.0,240.0,2022
1,D,96.0,36.0,5.0,1.0,11,1.0,1.0,1.0,1,9,1,0.0,0,5.0,1.0,1,0.0,7,1,0,1,1,1.0,0,1.0,0,188.0,235.0,0.0,240.0,2022
1,D,18.66,30.0,3.0,1.0,8,2.0,0.0,0.0,1,7,1,0.0,0,3.0,6.0,1,0.0,7,1,0,1,1,0.0,0,1.0,0,78.0,97.0,0.0,240.0,2022
1,D,72.0,33.0,4.0,1.0,8,1.0,0.0,0.0,1,7,2,0.0,0,6.0,3.0,1,2.0,7,1,0,1,1,0.0,0,1.0,0,97.0,121.0,60.0,240.0,2022
1,D,60.0,39.0,5.0,1.0,8,1.0,0.0,0.0,1,7,1,0.0,0,6.0,2.0,1,3.0,7,1,0,1,1,0.0,0,1.0,0,97.0,121.0,60.0,240.0,2022
1,D,125.0,43.0,6.0,1.0,39,1.0,1.0,5.0,1,45,1,0.0,0,5.0,1.0,1,0.0,7,1,0,1,1,7.0,0,4.0,0,120.0,137.0,120.0,240.0,2022
1,D,189.0,56.0,7.0,1.0,9,1.0,1.0,3.0,1,6,1,0.0,0,5.0,1.0,1,2.0,7,1,0,1,1,5.0,0,3.0,0,168.0,210.0,120.0,240.0,2022
4,D,78.0,48.0,6.0,1.0,58,1.0,0.0,0.0,1,65,1,0.0,0,6.0,2.0,1,1.0,7,1,0,1,1,0.0,0,1.0,0,78.0,97.0,0.0,240.0,2022
4,D,32.0,41.0,6.0,1.0,58,1.0,0.0,0.0,1,65,1,0.0,0,5.0,1.0,1,2.0,7,1,0,1,1,0.0,0,1.0,0,70.0,87.0,0.0,240.0,2022
1,D,360.0,34.0,4.0,1.0,41,1.0,1.0,2.0,1,47,1,0.0,0,3.0,1.0,4,2.0,7,1,0,1,1,2.0,0,2.0,0,324.0,405.0,60.0,240.0,2022
4,D,66.0,43.0,6.0,1.0,72,1.0,0.0,0.0,1,77,1,0.0,0,6.0,1.0,1,0.0,7,1,0,1,1,0.0,0,1.0,0,70.0,87.0,60.0,240.0,2022
1,D,175.0,31.0,4.0,1.0,50,1.0,0.0,0.0,1,56,1,0.0,0,6.0,1.0,4,0.0,7,1,0,1,1,0.0,0,1.0,0,210.0,262.0,60.0,240.0,2022
3,D,180.0,28.0,3.0,1.0,90,1.0,1.0,2.0,1,29,1,0.0,0,5.0,1.0,1,0.0,7,1,0,1,1,4.0,0,3.0,0,180.0,180.0,180.0,480.0,2022
6,D,60.0,49.0,6.0,1.0,8,1.0,0.0,0.0,1,7,1,0.0,0,5.0,1.0,1,1.0,7,1,0,1,1,0.0,0,1.0,0,121.0,151.0,60.0,240.0,2022
4,D,,24.0,2.0,1.0,53,1.0,1.0,0.0,1,60,1,0.0,0,3.0,1.0,1,0.0,7,0,1,4,0,0.0,0,1.0,0,78.0,97.0,0.0,120.0,2022
1,D,72.0,51.0,7.0,1.0,19,1.0,1.0,0.0,1,16,2,0.0,0,6.0,3.0,1,1.0,7,1,0,1,1,0.0,0,1.0,0,97.0,121.0,60.0,240.0,2022
2,D,72.0,34.0,4.0,1.0,15,1.0,1.0,0.0,1,13,1,0.0,0,5.0,1.0,2,0.0,7,1,0,1,1,0.0,0,1.0,0,121.0,151.0,60.0,240.0,2022
2,D,60.0,36.0,5.0,1.0,17,1.0,0.0,0.0,1,15,1,0.0,0,3.0,1.0,1,0.0,7,1,0,1,1,0.0,0,1.0,0,151.0,188.0,60.0,240.0,2022
4,D,120.0,45.0,6.0,1.0,59,1.0,1.0,4.0,1,66,1,0.0,0,3.0,1.0,1,0.0,7,1,0,1,1,4.0,0,3.0,0,120.0,120.0,0.0,120.0,2022
2,D,27.0,26.0,3.0,1.0,64,1.0,1.0,8.0,1,70,1,0.0,0,1.0,2.0,1,1.0,8,1,0,1,1,8.0,0,4.0,0,24.0,30.0,0.0,120.0,2022
2,D,46.0,26.0,3.0,1.0,73,1.0,0.0,0.0,1,78,1,0.0,0,5.0,1.0,1,0.0,7,1,0,2,1,0.0,0,1.0,0,78.0,97.0,0.0,240.0,2022
1,D,72.0,35.0,4.0,1.0,91,2.0,0.0,0.0,1,31,2,0.0,0,6.0,3.0,1,0.0,7,1,0,1,1,0.0,0,1.0,0,97.0,121.0,60.0,240.0,2022
2,D,120.0,57.0,7.0,1.0,27,1.0,1.0,0.0,1,25,0,0.0,0,3.0,1.0,1,1.0,7,1,0,1,1,0.0,0,1.0,0,70.0,87.0,60.0,240.0,2022
2,D,87.0,66.0,8.0,1.0,89,1.0,1.0,0.0,1,30,1,0.0,0,5.0,1.0,1,0.0,7,1,0,1,1,0.0,0,1.0,0,78.0,97.0,0.0,240.0,2022
2,D,84.0,47.0,6.0,1.0,76,1.0,1.0,4.0,1,80,1,0.0,0,3.0,1.0,1,1.0,7,1,0,1,1,4.0,0,3.0,0,210.0,240.0,0.0,240.0,2022
5,D,30.0,21.0,2.0,1.0,62,1.0,1.0,0.0,1,69,1,0.0,0,5.0,2.0,1,0.0,7,1,0,1,1,0.0,0,1.0,0,24.0,30.0,0.0,120.0,2022
6,D,78.0,72.0,8.0,1.0,59,1.0,1.0,0.0,1,66,0,0.0,0,5.0,1.0,1,0.0,7,1,0,1,1,0.0,0,1.0,0,108.0,135.0,60.0,240.0,2022
8,D,90.0,27.0,3.0,1.0,60,1.0,0.0,0.0,1,67,1,0.0,0,5.0,1.0,1,0.0,7,1,0,1,1,0.0,0,1.0,0,121.0,151.0,60.0,240.0,2022
1,D,192.0,47.0,6.0,1.0,6,1.0,1.0,0.0,1,3,1,0.0,0,3.0,1.0,3,1.0,7,1,0,1,1,0.0,0,1.0,0,188.0,235.0,120.0,9996.0,2022
4,D,180.0,45.0,6.0,1.0,35,1.0,1.0,2.0,1,41,2,0.0,0,5.0,3.0,1,0.0,7,1,0,1,1,4.0,0,3.0,0,180.0,180.0,180.0,480.0,2022
4,D,96.0,27.0,3.0,1.0,35,1.0,0.0,0.0,1,41,2,0.0,0,3.0,3.0,2,0.0,7,1,0,1,1,0.0,0,1.0,0,188.0,235.0,60.0,240.0,2022
2,D,120.0,31.0,4.0,1.0,59,1.0,1.0,1.0,1,66,0,0.0,0,3.0,1.0,1,0.0,7,1,0,1,1,1.0,0,1.0,0,240.0,240.0,60.0,240.0,2022
2,D,132.0,32.0,4.0,1.0,15,1.0,0.0,0.0,1,13,1,0.0,0,5.0,2.0,3,0.0,7,1,0,1,1,0.0,0,1.0,0,210.0,262.0,60.0,240.0,2022
3,D,24.0,38.0,5.0,1.0,67,1.0,1.0,0.0,1,71,1,0.0,0,6.0,6.0,1,1.0,7,1,0,1,1,0.0,0,1.0,0,70.0,87.0,0.0,240.0,2022
3,D,110.0,50.0,6.0,1.0,67,1.0,0.0,0.0,1,71,1,0.0,0,6.0,1.0,1,0.0,7,1,0,1,1,0.0,0,1.0,0,97.0,121.0,0.0,240.0,2022
1,D,63.0,55.0,7.0,1.0,22,1.0,1.0,0.0,1,19,1,0.0,0,3.0,1.0,1,0.0,7,1,0,1,1,0.0,0,1.0,0,78.0,97.0,0.0,240.0,2022
1,D,120.0,53.0,7.0,1.0,11,1.0,1.0,1.0,1,9,1,0.0,0,3.0,1.0,1,0.0,7,1,0,1,1,3.0,0,2.0,0,120.0,120.0,120.0,240.0,2022
1,D,540.0,36.0,5.0,1.0,50,1.0,1.0,2.0,1,56,1,0.0,0,1.0,1.0,4,2.0,7,1,0,1,1,2.0,0,2.0,0,1320.0,1320.0,180.0,360.0,2022
8,D,48.0,27.0,3.0,1.0,65,1.0,1.0,1.0,1,73,1,0.0,0,5.0,1.0,1,1.0,7,1,0,1,1,1.0,0,1.0,0,78.0,97.0,0.0,240.0,2022
8,D,36.0,40.0,5.0,1.0,60,1.0,1.0,0.0,1,67,1,0.0,0,5.0,1.0,1,0.0,7,1,0,1,1,0.0,0,1.0,0,57.0,71.0,0.0,240.0,2022
3,D,60.0,39.0,5.0,1.0,62,1.0,1.0,1.0,1,69,1,0.0,0,5.0,6.0,1,5.0,7,1,0,1,1,1.0,0,1.0,0,57.0,71.0,0.0,120.0,2022
3,D,96.0,54.0,7.0,1.0,27,1.0,1.0,0.0,1,25,1,0.0,0,6.0,1.0,1,1.0,7,1,0,1,1,0.0,0,1.0,0,151.0,188.0,60.0,240.0,2022
1,D,60.0,44.0,6.0,1.0,24,1.0,0.0,0.0,1,22,2,0.0,0,6.0,3.0,1,2.0,7,1,0,1,1,0.0,0,1.0,0,121.0,151.0,60.0,240.0,2022
4,D,144.0,35.0,4.0,1.0,59,1.0,1.0,4.0,1,66,1,0.0,0,3.0,1.0,1,0.0,7,1,0,1,1,6.0,0,3.0,0,120.0,121.0,120.0,240.0,2022
4,D,60.0,55.0,7.0,1.0,35,1.0,1.0,6.0,1,41,1,0.0,0,5.0,1.0,1,0.0,7,1,0,1,1,6.0,0,3.0,0,60.0,60.0,0.0,60.0,2022
1,D,87.0,37.0,5.0,1.0,1,1.0,1.0,18.0,1,90,1,0.0,0,3.0,1.0,1,0.0,7,1,0,1,1,20.0,0,6.0,0,240.0,240.0,60.0,240.0,2022
2,D,210.0,42.0,6.0,1.0,35,1.0,1.0,0.0,1,41,2,0.0,0,3.0,3.0,1,2.0,7,1,0,1,1,0.0,0,1.0,0,210.0,240.0,60.0,240.0,2022
5,D,90.0,42.0,6.0,1.0,9,1.0,1.0,0.0,1,6,1,0.0,0,1.0,1.0,4,0.0,7,1,0,1,1,0.0,0,1.0,0,121.0,151.0,0.0,240.0,2022
1,D,145.0,44.0,6.0,1.0,2,1.0,1.0,14.0,1,0,1,0.0,0,3.0,1.0,1,0.0,7,1,0,1,1,14.0,0,6.0,0,140.0,175.0,120.0,240.0,2022
4,D,,38.0,5.0,1.0,82,1.0,1.0,4.0,1,85,1,0.0,0,5.0,6.0,1,2.0,7,0,1,4,0,4.0,0,3.0,0,57.0,71.0,0.0,240.0,2022
4,D,240.0,57.0,7.0,1.0,34,2.0,1.0,0.0,1,39,2,0.0,0,6.0,3.0,1,1.0,7,1,0,1,1,0.0,0,1.0,0,210.0,240.0,60.0,240.0,2022
1,D,210.0,23.0,2.0,1.0,46,1.0,0.0,0.0,1,53,1,0.0,0,3.0,1.0,1,0.0,7,1,0,1,1,0.0,0,1.0,0,168.0,210.0,0.0,240.0,2022
1,D,0.03,78.0,8.0,1.0,8,1.0,0.0,0.0,1,7,1,0.0,0,6.0,1.0,1,0.0,7,1,0,1,1,0.0,0,1.0,0,97.0,121.0,0.0,240.0,2022
2,D,54.0,41.0,6.0,1.0,39,1.0,0.0,0.0,1,45,1,0.0,0,5.0,2.0,1,0.0,7,1,0,1,1,0.0,0,1.0,0,97.0,121.0,0.0,240.0,2022
2,D,210.0,31.0,4.0,1.0,86,1.0,1.0,2.0,1,27,1,0.0,0,3.0,1.0,2,0.0,7,1,0,1,1,4.0,0,3.0,0,210.0,262.0,0.0,120.0,2022
2,D,78.0,31.0,4.0,1.0,27,1.0,1.0,1.0,1,25,1,0.0,0,3.0,1.0,1,1.0,7,1,0,1,1,1.0,0,1.0,0,121.0,151.0,60.0,480.0,2022
4,D,96.0,49.0,6.0,1.0,59,1.0,0.0,0.0,1,66,0,0.0,0,5.0,1.0,1,0.0,7,1,0,1,1,0.0,0,1.0,0,121.0,151.0,60.0,240.0,2022
3,D,120.0,28.0,3.0,1.0,32,1.0,0.0,0.0,1,38,1,0.0,0,3.0,1.0,1,2.0,7,1,0,1,1,0.0,0,1.0,0,120.0,120.0,0.0,120.0,2022
6,D,180.0,50.0,6.0,1.0,79,1.0,1.0,3.0,1,83,1,0.0,0,3.0,1.0,1,0.0,7,1,0,1,1,5.0,0,3.0,0,168.0,210.0,120.0,240.0,2022
3,D,150.0,45.0,6.0,1.0,52,1.0,1.0,5.0,1,58,1,0.0,0,3.0,1.0,1,0.0,7,1,0,1,1,7.0,0,4.0,0,120.0,137.0,120.0,240.0,2022
3,D,65.0,35.0,4.0,1.0,62,1.0,1.0,1.0,1,69,2,0.0,0,5.0,3.0,1,0.0,7,1,0,1,1,1.0,0,1.0,0,60.0,60.0,60.0,240.0,2022
1,D,,29.0,3.0,1.0,6,1.0,0.0,0.0,1,3,1,0.0,0,3.0,1.0,1,0.0,7,0,1,4,0,0.0,0,1.0,0,37.0,46.0,0.0,240.0,2022
2,D,97.0,44.0,6.0,1.0,24,1.0,1.0,0.0,1,22,1,0.0,0,6.0,1.0,1,2.0,7,1,0,1,1,0.0,0,1.0,0,97.0,121.0,60.0,240.0,2022
1,D,120.0,67.0,8.0,1.0,3,1.0,1.0,6.0,1,1,1,0.0,0,6.0,1.0,1,0.0,7,1,0,1,1,8.0,0,4.0,0,120.0,120.0,120.0,240.0,2022
1,D,30.0,23.0,2.0,1.0,8,1.0,0.0,0.0,1,7,2,0.0,0,5.0,3.0,1,0.0,7,1,0,1,1,0.0,0,1.0,0,70.0,87.0,0.0,240.0,2022
1,D,84.0,20.0,1.0,1.0,8,1.0,,,1,7,1,0.0,0,,2.0,1,,7,1,0,1,1,,0,1.0,0,151.0,188.0,0.0,240.0,2022
4,D,86.0,35.0,4.0,1.0,72,1.0,0.0,0.0,1,77,1,0.0,0,3.0,1.0,1,0.0,7,1,0,1,1,0.0,0,1.0,0,78.0,97.0,60.0,240.0,2022
5,D,230.0,59.0,7.0,1.0,36,1.0,0.0,0.0,1,42,1,0.0,0,6.0,1.0,1,0.0,7,1,0,1,1,0.0,0,1.0,0,210.0,240.0,60.0,240.0,2022
4,D,12.03,21.0,2.0,1.0,58,1.0,0.0,0.0,1,65,1,0.0,0,3.0,1.0,1,0.0,7,1,0,1,1,0.0,0,1.0,0,108.0,120.0,0.0,120.0,2022
2,D,121.0,44.0,6.0,1.0,65,5.0,1.0,2.0,1,73,1,0.0,0,5.0,1.0,2,0.0,7,1,0,1,1,2.0,0,2.0,0,135.0,168.0,60.0,240.0,2022
8,D,120.0,34.0,4.0,1.0,60,1.0,0.0,0.0,1,67,1,0.0,0,3.0,2.0,2,0.0,7,1,0,1,1,0.0,0,1.0,0,210.0,262.0,60.0,240.0,2022
4,D,121.0,35.0,4.0,1.0,35,1.0,1.0,0.0,1,41,1,0.0,0,5.0,1.0,1,0.0,7,1,0,1,1,0.0,0,1.0,0,121.0,151.0,60.0,240.0,2022
2,D,,26.0,3.0,1.0,26,1.0,0.0,0.0,1,24,1,0.0,0,3.0,1.0,1,0.0,7,0,1,4,0,0.0,0,1.0,0,51.0,63.0,0.0,240.0,2022
1,D,84.0,54.0,7.0,1.0,41,1.0,0.0,0.0,1,47,1,0.0,0,5.0,1.0,2,0.0,7,1,0,1,1,0.0,0,1.0,0,97.0,121.0,60.0,240.0,2022
2,C,,41.0,6.0,1.0,28,3.0,1.0,1.0,1,35,2,1.0,0,3.0,3.0,1,2.0,8,0,1,4,0,1.0,0,1.0,0,10.0,16.0,0.0,120.0,2022
2,D,210.33,47.0,6.0,1.0,17,1.0,1.0,0.0,1,15,1,0.0,0,5.0,1.0,1,0.0,7,1,0,1,1,0.0,0,1.0,0,210.0,240.0,60.0,240.0,2022
5,D,44.0,27.0,3.0,1.0,83,1.0,1.0,0.0,1,87,1,0.0,0,3.0,6.0,1,0.0,7,1,0,1,1,0.0,0,1.0,0,37.0,46.0,0.0,120.0,2022
3,D,60.0,45.0,6.0,1.0,23,1.0,1.0,1.0,1,20,1,0.0,0,5.0,1.0,1,0.0,7,1,0,1,1,1.0,0,1.0,0,60.0,60.0,0.0,60.0,2022
4,D,60.0,29.0,3.0,1.0,23,1.0,1.0,2.0,1,20,1,0.0,0,5.0,6.0,1,1.0,7,1,0,1,1,2.0,0,2.0,0,60.0,60.0,0.0,60.0,2022
1,D,240.0,60.0,7.0,1.0,10,1.0,1.0,0.0,3,8,1,1.0,1,6.0,1.0,3,0.0,8,1,0,1,1,0.0,0,1.0,0,188.0,235.0,0.0,60.0,2022
3,D,96.0,52.0,7.0,1.0,41,1.0,0.0,0.0,1,47,1,0.0,0,6.0,1.0,1,3.0,7,1,0,1,1,0.0,0,1.0,0,108.0,135.0,60.0,240.0,2022
1,D,275.0,51.0,7.0,1.0,11,1.0,1.0,6.0,1,9,1,0.0,0,3.0,1.0,1,1.0,7,1,0,1,1,6.0,0,3.0,0,262.0,327.0,180.0,480.0,2022
4,D,199.0,33.0,4.0,1.0,56,1.0,1.0,2.0,1,63,2,0.0,0,5.0,3.0,1,3.0,7,1,0,1,1,2.0,0,2.0,0,235.0,240.0,60.0,240.0,2022
1,D,188.0,41.0,6.0,1.0,41,1.0,1.0,0.0,1,47,1,0.0,0,3.0,1.0,1,0.0,7,1,0,1,1,0.0,0,1.0,0,151.0,188.0,60.0,240.0,2022
1,D,180.0,65.0,8.0,1.0,3,1.0,1.0,0.0,1,1,1,0.0,0,6.0,1.0,11,0.0,7,1,0,1,1,0.0,0,1.0,0,180.0,188.0,180.0,480.0,2022
8,D,105.0,30.0,3.0,1.0,60,1.0,0.0,0.0,1,67,1,0.0,0,3.0,1.0,1,0.0,7,1,0,1,1,0.0,0,1.0,0,97.0,121.0,0.0,240.0,2022
6,D,166.0,31.0,4.0,1.0,35,1.0,1.0,6.0,1,41,0,0.0,0,3.0,1.0,4,3.0,7,1,0,1,1,6.0,0,3.0,60,188.0,235.0,60.0,480.0,2022
2,D,2.53,81.0,8.0,1.0,80,1.0,0.0,0.0,1,84,1,0.0,0,6.0,1.0,1,0.0,7,1,0,1,1,0.0,0,1.0,0,37.0,46.0,0.0,120.0,2022
1,D,144.0,51.0,7.0,1.0,3,1.0,1.0,0.0,1,1,1,0.0,0,3.0,2.0,1,0.0,7,1,0,1,1,0.0,0,1.0,0,70.0,87.0,60.0,240.0,2022
3,D,36.0,48.0,6.0,1.0,68,1.0,0.0,0.0,1,74,1,0.0,0,6.0,1.0,1,,7,1,0,1,1,0.0,0,1.0,0,78.0,97.0,0.0,240.0,2022
5,D,151.0,40.0,5.0,1.0,36,1.0,1.0,4.0,1,42,2,0.0,0,1.0,3.0,1,0.0,7,1,0,1,1,4.0,0,3.0,0,240.0,240.0,60.0,240.0,2022
2,D,144.0,43.0,6.0,1.0,28,1.0,1.0,2.0,1,35,1,0.0,0,1.0,2.0,1,2.0,7,1,0,1,1,2.0,0,2.0,0,235.0,240.0,60.0,240.0,2022
1,D,87.0,35.0,4.0,1.0,41,1.0,1.0,0.0,1,47,1,0.0,0,5.0,1.0,2,1.0,7,1,0,1,1,0.0,0,1.0,0,97.0,121.0,60.0,240.0,2022
2,D,,25.0,2.0,1.0,28,1.0,0.0,0.0,1,35,1,0.0,0,3.0,1.0,1,0.0,7,0,1,4,0,0.0,0,1.0,0,41.0,51.0,0.0,240.0,2022
5,D,60.0,24.0,2.0,1.0,20,1.0,1.0,0.0,1,17,1,0.0,0,5.0,1.0,1,0.0,7,1,0,1,1,0.0,0,1.0,0,60.0,63.0,60.0,240.0,2022
5,D,84.0,29.0,3.0,1.0,62,1.0,1.0,0.0,1,69,1,0.0,0,3.0,1.0,1,3.0,7,1,0,1,1,0.0,0,1.0,0,60.0,60.0,60.0,240.0,2022
3,D,0.03,74.0,8.0,1.0,5,1.0,1.0,0.0,1,4,2,0.0,0,3.0,3.0,1,0.0,7,1,0,1,1,0.0,0,1.0,0,97.0,121.0,0.0,240.0,2022
5,D,24.0,23.0,2.0,1.0,62,1.0,0.0,0.0,1,69,1,0.0,0,5.0,1.0,1,0.0,7,1,0,1,1,0.0,0,1.0,0,24.0,30.0,0.0,120.0,2022
4,D,210.0,37.0,5.0,1.0,34,1.0,1.0,0.0,4,39,1,0.0,1,5.0,1.0,1,3.0,7,1,0,1,1,0.0,0,1.0,0,168.0,210.0,60.0,240.0,2022
2,D,48.0,56.0,7.0,1.0,77,1.0,0.0,0.0,1,81,1,0.0,0,5.0,1.0,1,1.0,7,1,0,1,1,0.0,0,1.0,0,63.0,78.0,0.0,240.0,2022
5,D,60.0,60.0,7.0,1.0,62,1.0,1.0,0.0,1,69,1,0.0,0,3.0,1.0,1,0.0,7,1,0,1,1,0.0,0,1.0,0,97.0,121.0,60.0,240.0,2022
2,D,114.0,33.0,4.0,1.0,17,1.0,1.0,0.0,1,15,1,0.0,0,6.0,1.0,3,0.0,7,1,0,1,1,0.0,0,1.0,0,121.0,151.0,0.0,360.0,2022
3,D,60.0,44.0,6.0,1.0,32,1.0,1.0,1.0,1,38,1,0.0,0,3.0,1.0,1,1.0,7,1,0,1,1,1.0,0,1.0,0,97.0,120.0,0.0,120.0,2022
4,D,63.0,24.0,2.0,1.0,53,1.0,0.0,0.0,1,60,2,0.0,0,5.0,3.0,1,0.0,7,1,0,1,1,0.0,0,1.0,0,63.0,78.0,0.0,120.0,2022
4,D,78.0,63.0,8.0,1.0,53,1.0,1.0,0.0,1,60,1,0.0,0,5.0,1.0,1,2.0,7,1,0,1,1,0.0,0,1.0,0,78.0,97.0,0.0,240.0,2022
3,D,120.0,33.0,4.0,1.0,34,1.0,1.0,2.0,1,39,1,0.0,0,5.0,2.0,1,10.0,7,1,0,1,1,2.0,0,2.0,0,46.0,57.0,0.0,120.0,2022
1,D,33.0,68.0,8.0,1.0,14,2.0,0.0,0.0,1,12,1,0.0,0,6.0,6.0,1,1.0,8,1,0,1,1,0.0,0,1.0,0,33.0,41.0,0.0,60.0,2022
1,D,97.0,24.0,2.0,1.0,46,1.0,0.0,0.0,1,53,1,0.0,0,1.0,1.0,1,0.0,7,1,0,1,1,0.0,0,1.0,0,121.0,151.0,60.0,240.0,2022
2,D,97.0,52.0,7.0,1.0,71,1.0,0.0,0.0,1,76,1,0.0,0,5.0,1.0,1,2.0,7,1,0,1,1,0.0,0,1.0,0,135.0,168.0,0.0,240.0,2022
8,D,54.0,28.0,3.0,1.0,65,1.0,1.0,0.0,1,73,1,0.0,0,5.0,1.0,1,0.0,7,1,0,1,1,0.0,0,1.0,0,78.0,97.0,0.0,240.0,2022
5,D,66.0,57.0,7.0,1.0,22,1.0,1.0,0.0,1,19,1,0.0,0,5.0,1.0,2,,7,1,0,1,1,0.0,0,1.0,0,97.0,121.0,60.0,240.0,2022
3,D,40.0,46.0,6.0,1.0,31,1.0,0.0,0.0,1,37,1,0.0,0,3.0,1.0,1,0.0,7,1,0,1,1,0.0,0,1.0,0,70.0,87.0,0.0,240.0,2022
8,D,180.0,64.0,8.0,1.0,35,1.0,1.0,6.0,1,41,1,0.0,0,5.0,1.0,1,0.0,7,1,0,1,1,8.0,0,4.0,0,180.0,210.0,180.0,480.0,2022
4,D,120.0,30.0,3.0,1.0,58,1.0,1.0,1.0,1,65,1,0.0,0,5.0,1.0,1,0.0,7,1,0,1,1,3.0,0,2.0,0,120.0,120.0,120.0,240.0,2022
2,D,108.0,33.0,4.0,1.0,2,1.0,1.0,3.0,1,0,1,0.0,0,3.0,1.0,1,0.0,7,1,0,1,1,3.0,0,2.0,0,151.0,188.0,0.0,240.0,2022
3,D,144.0,48.0,6.0,1.0,75,1.0,1.0,1.0,1,79,1,0.0,0,5.0,1.0,1,0.0,7,1,0,1,1,1.0,0,1.0,0,121.0,151.0,60.0,480.0,2022
1,D,420.0,53.0,7.0,1.0,80,1.0,1.0,3.0,1,84,1,0.0,0,5.0,1.0,12,0.0,7,1,0,2,1,5.0,0,3.0,0,360.0,5280.0,180.0,480.0,2022
4,D,135.0,40.0,5.0,1.0,82,1.0,1.0,0.0,3,85,1,0.0,1,5.0,2.0,2,0.0,7,1,0,1,1,0.0,0,1.0,0,262.0,327.0,60.0,240.0,2022
4,D,180.0,36.0,5.0,1.0,82,1.0,1.0,2.0,1,85,1,0.0,0,6.0,1.0,1,0.0,7,1,0,1,1,4.0,0,3.0,0,324.0,405.0,180.0,480.0,2022
3,D,27.0,43.0,6.0,1.0,91,1.0,1.0,0.0,1,31,1,0.0,0,5.0,1.0,1,0.0,7,1,0,1,1,0.0,0,1.0,0,97.0,121.0,0.0,240.0,2022
6,D,121.0,24.0,2.0,1.0,36,1.0,1.0,0.0,1,42,2,0.0,0,3.0,3.0,1,0.0,7,1,0,1,1,0.0,0,1.0,0,97.0,121.0,0.0,240.0,2022
2,D,78.0,26.0,3.0,1.0,73,1.0,1.0,5.0,1,78,1,0.0,0,1.0,2.0,2,2.0,7,1,0,1,1,7.0,0,4.0,0,100.0,125.0,0.0,120.0,2022
5,D,78.0,41.0,6.0,1.0,79,1.0,0.0,0.0,1,83,1,0.0,0,6.0,1.0,1,3.0,7,1,0,1,1,0.0,0,1.0,0,97.0,120.0,0.0,120.0,2022
4,D,180.0,40.0,5.0,1.0,35,1.0,1.0,3.0,1,41,1,0.0,0,5.0,1.0,1,0.0,7,1,0,1,1,5.0,0,3.0,0,180.0,180.0,180.0,480.0,2022
2,D,120.0,39.0,5.0,1.0,66,1.0,1.0,6.0,1,72,1,0.0,0,5.0,1.0,1,0.0,7,1,0,1,1,8.0,0,4.0,0,120.0,120.0,120.0,240.0,2022
3,D,36.0,57.0,7.0,1.0,67,1.0,1.0,0.0,1,71,1,0.0,0,3.0,1.0,1,0.0,7,1,0,1,1,0.0,0,1.0,0,97.0,121.0,0.0,240.0,2022
4,D,120.0,26.0,3.0,1.0,59,1.0,1.0,3.0,1,66,1,0.0,0,5.0,1.0,1,0.0,7,1,0,1,1,3.0,0,2.0,0,168.0,210.0,60.0,240.0,2022
1,D,120.0,27.0,3.0,1.0,6,1.0,0.0,0.0,1,3,2,0.0,0,5.0,3.0,3,1.0,7,1,0,1,1,0.0,0,1.0,0,151.0,188.0,60.0,480.0,2022
2,D,168.0,55.0,7.0,1.0,65,1.0,1.0,0.0,1,73,1,0.0,0,1.0,1.0,4,0.0,7,1,0,1,1,0.0,0,1.0,0,210.0,262.0,60.0,240.0,2022
2,D,120.0,54.0,7.0,1.0,37,1.0,1.0,0.0,1,43,1,0.0,0,6.0,1.0,1,4.0,7,1,0,1,1,0.0,0,1.0,0,97.0,121.0,60.0,240.0,2022
4,D,97.0,24.0,2.0,1.0,33,3.0,0.0,0.0,1,40,1,0.0,0,6.0,6.0,1,0.0,7,1,0,1,1,0.0,0,1.0,0,97.0,121.0,0.0,240.0,2022
3,D,84.0,75.0,8.0,1.0,46,1.0,1.0,0.0,3,53,1,0.0,1,6.0,1.0,4,0.0,7,1,0,1,1,0.0,0,1.0,0,168.0,210.0,60.0,240.0,2022
9,D,300.0,28.0,3.0,1.0,91,1.0,1.0,1.0,1,31,1,0.0,0,3.0,1.0,3,0.0,7,1,0,1,1,1.0,0,1.0,0,210.0,262.0,60.0,240.0,2022
3,D,60.0,38.0,5.0,1.0,43,1.0,1.0,0.0,1,49,1,0.0,0,5.0,1.0,1,0.0,7,1,0,1,1,0.0,0,1.0,0,120.0,120.0,0.0,120.0,2022
2,D,29.0,53.0,7.0,1.0,84,1.0,1.0,3.0,1,88,1,0.0,0,3.0,1.0,1,3.0,7,1,0,1,1,5.0,0,3.0,0,70.0,87.0,0.0,120.0,2022
2,D,60.0,23.0,2.0,1.0,84,3.0,0.0,0.0,1,88,2,0.0,0,3.0,3.0,1,0.0,7,1,0,1,1,0.0,0,1.0,0,151.0,188.0,60.0,240.0,2022
1,D,60.0,55.0,7.0,1.0,51,1.0,1.0,0.0,1,57,1,0.0,0,3.0,1.0,1,0.0,7,1,0,1,1,0.0,0,1.0,0,87.0,108.0,60.0,240.0,2022
5,D,240.0,27.0,3.0,1.0,92,1.0,1.0,0.0,1,33,1,0.0,0,1.0,6.0,1,0.0,7,1,0,1,1,0.0,0,1.0,0,240.0,240.0,60.0,240.0,2022
3,D,180.0,70.0,8.0,1.0,56,1.0,1.0,4.0,1,63,1,0.0,0,6.0,1.0,1,0.0,7,1,0,1,1,4.0,0,3.0,0,180.0,180.0,180.0,480.0,2022
3,D,138.0,39.0,5.0,1.0,89,1.0,0.0,0.0,1,30,1,0.0,0,5.0,1.0,3,3.0,7,1,0,1,1,0.0,0,1.0,0,151.0,188.0,60.0,240.0,2022
1,D,36.0,41.0,6.0,1.0,93,1.0,1.0,0.0,1,32,1,0.0,0,3.0,1.0,1,2.0,7,1,0,1,1,0.0,0,1.0,0,87.0,108.0,0.0,240.0,2022
1,D,192.0,20.0,1.0,1.0,40,1.0,1.0,2.0,1,46,1,0.0,0,3.0,1.0,1,0.0,7,1,0,1,1,4.0,0,3.0,0,188.0,235.0,60.0,240.0,2022
1,D,24.0,44.0,6.0,1.0,6,1.0,1.0,1.0,1,3,1,0.0,0,5.0,1.0,1,2.0,7,1,0,1,1,1.0,0,1.0,0,51.0,63.0,0.0,240.0,2022
4,D,87.0,44.0,6.0,1.0,48,1.0,0.0,0.0,1,54,1,0.0,0,6.0,1.0,1,0.0,7,1,0,1,1,0.0,0,1.0,0,108.0,135.0,0.0,240.0,2022
3,D,78.0,45.0,6.0,1.0,29,1.0,0.0,0.0,1,96,1,0.0,0,6.0,1.0,1,0.0,7,1,0,1,1,0.0,0,1.0,0,97.0,121.0,60.0,240.0,2022
3,D,48.0,59.0,7.0,1.0,22,1.0,1.0,0.0,1,19,1,0.0,0,3.0,1.0,1,0.0,7,1,0,1,1,0.0,0,1.0,0,63.0,78.0,0.0,240.0,2022
3,D,470.0,31.0,4.0,1.0,36,1.0,1.0,0.0,1,42,2,0.0,0,6.0,3.0,4,0.0,7,1,0,1,1,0.0,0,1.0,0,9996.0,9996.0,120.0,9996.0,2022
2,D,72.0,40.0,5.0,1.0,27,1.0,1.0,0.0,1,25,1,0.0,0,6.0,1.0,1,0.0,7,1,0,1,1,0.0,0,1.0,0,151.0,188.0,60.0,240.0,2022
4,D,24.0,24.0,2.0,1.0,58,1.0,0.0,0.0,1,65,1,0.0,0,3.0,2.0,2,0.0,7,1,0,1,1,0.0,0,1.0,0,70.0,87.0,0.0,240.0,2022
1,D,9.0,60.0,7.0,1.0,10,1.0,1.0,0.0,1,8,1,0.0,0,6.0,1.0,1,0.0,7,1,0,1,1,0.0,0,1.0,0,97.0,121.0,0.0,240.0,2022
4,D,66.0,25.0,2.0,1.0,46,1.0,0.0,0.0,1,53,2,0.0,0,5.0,3.0,1,0.0,7,1,0,1,1,0.0,0,1.0,0,87.0,108.0,0.0,240.0,2022
3,D,48.0,22.0,2.0,1.0,43,1.0,0.0,0.0,1,49,1,0.0,0,5.0,1.0,1,0.0,7,1,0,1,1,0.0,0,1.0,0,78.0,97.0,0.0,240.0,2022
3,D,108.0,40.0,5.0,1.0,49,1.0,1.0,0.0,1,55,1,0.0,0,1.0,1.0,1,0.0,7,1,0,1,1,0.0,0,1.0,0,108.0,135.0,60.0,240.0,2022
2,D,240.0,30.0,3.0,1.0,34,1.0,1.0,0.0,1,39,1,0.0,0,3.0,1.0,1,0.0,7,1,0,1,1,0.0,0,1.0,0,235.0,240.0,60.0,240.0,2022
3,D,0.03,23.0,2.0,1.0,5,1.0,0.0,0.0,1,4,2,0.0,0,6.0,3.0,1,0.0,7,1,0,1,1,0.0,0,1.0,0,70.0,87.0,0.0,240.0,2022
2,D,168.0,30.0,3.0,1.0,37,1.0,1.0,2.0,1,43,1,0.0,0,3.0,2.0,1,4.0,7,1,0,1,1,2.0,0,2.0,0,168.0,210.0,60.0,240.0,2022
1,D,180.0,27.0,3.0,1.0,9,1.0,1.0,1.0,1,6,1,0.0,0,5.0,1.0,8,0.0,7,1,0,1,1,3.0,0,2.0,0,235.0,293.0,180.0,480.0,2022
1,D,96.0,42.0,6.0,1.0,41,1.0,0.0,0.0,1,47,0,0.0,0,5.0,1.0,2,0.0,7,1,0,1,1,0.0,0,1.0,0,121.0,151.0,60.0,240.0,2022
8,D,60.0,34.0,4.0,1.0,60,1.0,1.0,0.0,1,67,1,0.0,0,5.0,1.0,1,0.0,7,1,0,1,1,0.0,0,1.0,0,108.0,135.0,0.0,240.0,2022
3,D,36.0,43.0,6.0,1.0,77,1.0,1.0,6.0,1,81,1,0.0,0,5.0,1.0,1,1.0,7,1,0,1,1,6.0,0,3.0,0,57.0,71.0,0.0,240.0,2022
1,D,60.0,36.0,5.0,1.0,47,1.0,1.0,0.0,1,52,1,0.0,0,3.0,1.0,1,0.0,7,1,0,1,1,0.0,0,1.0,0,97.0,121.0,60.0,240.0,2022
4,D,78.0,24.0,2.0,1.0,62,1.0,1.0,0.0,1,69,1,0.0,0,5.0,1.0,1,0.0,7,1,0,1,1,0.0,0,1.0,0,97.0,121.0,60.0,240.0,2022
1,D,60.0,30.0,3.0,1.0,55,1.0,0.0,0.0,1,62,1,0.0,0,3.0,1.0,1,0.0,7,1,0,1,1,0.0,0,1.0,0,97.0,121.0,0.0,240.0,2022
2,D,108.0,38.0,5.0,1.0,73,1.0,1.0,0.0,1,78,1,0.0,0,6.0,1.0,1,0.0,7,1,0,1,1,0.0,0,1.0,0,151.0,188.0,60.0,240.0,2022
2,D,360.0,27.0,3.0,1.0,21,1.0,1.0,1.0,1,18,1,0.0,0,3.0,1.0,1,0.0,7,1,0,1,1,3.0,0,2.0,0,360.0,480.0,180.0,480.0,2022
2,D,180.0,48.0,6.0,1.0,39,1.0,1.0,9.0,1,45,1,0.0,0,3.0,1.0,1,0.0,7,1,0,1,1,13.0,0,6.0,0,188.0,235.0,180.0,480.0,2022
2,D,60.0,25.0,2.0,1.0,65,2.0,0.0,0.0,1,73,2,0.0,0,5.0,3.0,1,0.0,7,1,0,1,1,0.0,0,1.0,0,210.0,240.0,60.0,240.0,2022
1,D,168.0,33.0,4.0,1.0,80,1.0,1.0,6.0,1,84,1,0.0,0,3.0,1.0,4,0.0,7,1,0,1,1,8.0,0,4.0,0,121.0,151.0,120.0,240.0,2022
2,D,151.0,29.0,3.0,1.0,15,1.0,0.0,0.0,1,13,1,0.0,0,5.0,2.0,1,0.0,7,1,0,1,1,0.0,0,1.0,0,121.0,151.0,60.0,240.0,2022
1,D,148.0,58.0,7.0,1.0,9,1.0,1.0,0.0,1,6,1,0.0,0,6.0,1.0,3,0.0,7,1,0,1,1,0.0,0,1.0,0,168.0,210.0,60.0,240.0,2022
2,D,36.0,64.0,8.0,1.0,17,1.0,1.0,0.0,1,15,1,0.0,0,3.0,1.0,1,0.0,7,1,0,1,1,0.0,0,1.0,0,51.0,63.0,0.0,240.0,2022
1,D,78.0,56.0,7.0,1.0,27,1.0,1.0,0.0,1,25,1,0.0,0,6.0,1.0,1,1.0,7,1,0,1,1,0.0,0,1.0,0,78.0,97.0,0.0,240.0,2022
2,D,120.0,49.0,6.0,1.0,36,1.0,1.0,6.0,1,42,2,0.0,0,3.0,3.0,1,0.0,7,1,0,1,1,8.0,0,4.0,0,120.0,120.0,120.0,240.0,2022
2,D,70.0,57.0,7.0,1.0,65,1.0,1.0,0.0,1,73,1,0.0,0,5.0,1.0,1,0.0,7,1,0,1,1,0.0,0,1.0,0,70.0,87.0,60.0,240.0,2022
5,D,200.0,56.0,7.0,1.0,9,1.0,1.0,0.0,1,6,1,0.0,0,6.0,1.0,4,0.0,7,1,0,1,1,0.0,0,1.0,0,188.0,235.0,0.0,240.0,2022
6,D,168.0,47.0,6.0,1.0,89,1.0,1.0,0.0,1,30,1,0.0,0,5.0,1.0,1,1.0,7,1,0,1,1,0.0,0,1.0,0,151.0,188.0,60.0,240.0,2022
5,D,120.0,62.0,8.0,1.0,92,1.0,1.0,0.0,4,33,1,0.0,1,5.0,1.0,1,0.0,7,1,0,1,1,0.0,0,1.0,0,108.0,135.0,0.0,240.0,2022
1,D,60.0,24.0,2.0,1.0,61,1.0,1.0,0.0,1,68,1,0.0,0,5.0,1.0,1,0.0,7,1,0,1,1,0.0,0,1.0,0,121.0,151.0,60.0,240.0,2022
2,D,0.03,41.0,6.0,1.0,39,1.0,0.0,0.0,1,45,1,0.0,0,1.0,1.0,1,0.0,7,1,0,1,1,0.0,0,1.0,0,97.0,121.0,0.0,240.0,2022
3,D,120.0,26.0,3.0,1.0,43,1.0,0.0,0.0,3,49,1,0.0,1,5.0,1.0,1,0.0,7,1,0,1,1,0.0,0,1.0,0,120.0,120.0,0.0,120.0,2022
5,D,60.0,25.0,2.0,1.0,55,1.0,0.0,0.0,1,62,1,0.0,0,5.0,1.0,1,0.0,7,1,0,1,1,0.0,0,1.0,0,97.0,121.0,0.0,240.0,2022
1,D,60.0,65.0,8.0,1.0,11,1.0,1.0,0.0,1,9,1,0.0,0,6.0,1.0,1,0.0,7,1,0,1,1,0.0,0,1.0,0,78.0,97.0,0.0,240.0,2022
5,D,108.0,43.0,6.0,1.0,87,3.0,1.0,0.0,1,26,2,0.0,0,3.0,3.0,2,2.0,7,1,0,1,1,0.0,0,1.0,0,97.0,121.0,0.0,120.0,2022
1,D,210.0,35.0,4.0,1.0,50,1.0,1.0,1.0,1,56,1,0.0,0,5.0,1.0,1,4.0,7,1,0,1,1,1.0,0,1.0,0,168.0,210.0,60.0,240.0,2022
5,D,204.0,61.0,8.0,1.0,41,1.0,1.0,3.0,1,47,1,0.0,0,5.0,1.0,2,0.0,7,1,0,1,1,3.0,0,2.0,0,180.0,180.0,180.0,480.0,2022
1,D,60.0,29.0,3.0,1.0,46,1.0,1.0,0.0,1,53,1,0.0,0,1.0,1.0,2,0.0,7,1,0,1,1,0.0,0,1.0,0,51.0,63.0,0.0,120.0,2022
3,D,84.0,48.0,6.0,1.0,52,1.0,0.0,0.0,1,58,1,0.0,0,1.0,1.0,1,0.0,7,1,0,1,1,0.0,0,1.0,0,151.0,188.0,60.0,240.0,2022
3,D,78.0,35.0,4.0,1.0,5,1.0,0.0,0.0,1,4,2,0.0,0,5.0,3.0,1,0.0,7,1,0,1,1,0.0,0,1.0,0,78.0,97.0,0.0,240.0,2022
3,D,39.0,49.0,6.0,1.0,22,1.0,1.0,0.0,1,19,1,0.0,0,6.0,1.0,1,,7,1,0,1,1,0.0,0,1.0,0,51.0,63.0,0.0,240.0,2022
3,D,210.0,65.0,8.0,1.0,67,1.0,0.0,0.0,3,71,1,0.0,1,1.0,1.0,3,0.0,7,1,0,1,1,0.0,0,1.0,0,9996.0,9996.0,180.0,360.0,2022
4,D,78.0,49.0,6.0,1.0,58,1.0,1.0,0.0,1,65,1,0.0,0,6.0,1.0,1,1.0,7,1,0,1,1,0.0,0,1.0,0,78.0,97.0,0.0,120.0,2022
2,D,60.0,20.0,1.0,1.0,24,1.0,1.0,0.0,1,22,2,0.0,0,5.0,3.0,1,0.0,7,1,0,1,1,0.0,0,1.0,0,210.0,240.0,60.0,240.0,2022
1,D,96.0,50.0,6.0,1.0,11,1.0,0.0,0.0,1,9,1,0.0,0,5.0,1.0,1,3.0,7,1,0,1,1,0.0,0,1.0,0,168.0,210.0,0.0,240.0,2022
3,D,21.0,67.0,8.0,1.0,63,1.0,1.0,0.0,1,95,1,0.0,0,6.0,1.0,1,0.0,7,1,0,1,1,0.0,0,1.0,0,24.0,30.0,0.0,120.0,2022
3,D,60.0,41.0,6.0,1.0,24,1.0,1.0,1.0,1,22,1,0.0,0,3.0,1.0,1,0.0,7,1,0,1,1,1.0,0,1.0,0,210.0,240.0,60.0,240.0,2022
1,D,120.0,57.0,7.0,1.0,43,1.0,1.0,3.0,1,49,1,0.0,0,1.0,1.0,1,0.0,7,1,0,1,1,5.0,0,3.0,0,120.0,120.0,120.0,240.0,2022
3,C,9.33,30.0,3.0,1.0,68,1.0,1.0,3.0,1,74,2,0.0,0,3.0,3.0,1,,8,1,0,1,1,5.0,0,3.0,0,10.0,16.0,0.0,60.0,2022
1,D,84.0,26.0,3.0,1.0,13,1.0,0.0,0.0,1,11,1,0.0,0,5.0,2.0,1,0.0,7,1,0,1,1,0.0,0,1.0,0,151.0,188.0,60.0,240.0,2022
5,D,144.0,49.0,6.0,1.0,62,1.0,1.0,3.0,1,69,1,0.0,0,5.0,1.0,2,0.0,7,1,0,1,1,3.0,0,2.0,0,168.0,210.0,60.0,240.0,2022
5,D,150.0,59.0,7.0,1.0,20,2.0,1.0,2.0,1,17,1,0.0,0,3.0,1.0,3,0.0,7,1,0,1,1,2.0,0,2.0,0,168.0,210.0,60.0,240.0,2022
3,D,14.89,38.0,5.0,1.0,68,1.0,1.0,13.0,1,74,1,0.0,0,5.0,6.0,1,0.0,8,1,0,1,1,15.0,0,6.0,0,18.0,24.0,0.0,60.0,2022
1,D,42.0,41.0,6.0,1.0,6,1.0,1.0,2.0,1,3,1,0.0,0,5.0,1.0,1,0.0,7,1,0,2,1,4.0,0,3.0,0,121.0,151.0,0.0,240.0,2022
2,D,78.0,26.0,3.0,1.0,64,1.0,0.0,0.0,1,70,1,0.0,0,3.0,2.0,1,0.0,7,1,0,1,1,0.0,0,1.0,0,78.0,97.0,0.0,240.0,2022
5,D,175.0,41.0,6.0,1.0,55,1.0,1.0,28.0,1,62,1,0.0,0,5.0,1.0,1,0.0,7,1,0,1,1,30.0,0,6.0,0,168.0,210.0,0.0,240.0,2022
1,D,60.0,42.0,6.0,1.0,55,1.0,1.0,0.0,1,62,1,0.0,0,6.0,6.0,1,0.0,7,1,0,1,1,0.0,0,1.0,0,97.0,121.0,60.0,240.0,2022
2,D,60.0,62.0,8.0,1.0,17,1.0,1.0,1.0,1,15,1,0.0,0,5.0,1.0,1,0.0,7,1,0,1,1,1.0,0,1.0,0,63.0,78.0,0.0,240.0,2022
1,D,180.0,50.0,6.0,1.0,9,1.0,1.0,6.0,1,6,1,0.0,0,3.0,1.0,2,0.0,7,1,0,1,1,6.0,0,3.0,0,180.0,188.0,180.0,480.0,2022
1,D,57.0,51.0,7.0,1.0,71,1.0,1.0,0.0,1,76,1,0.0,0,5.0,1.0,1,0.0,7,1,0,1,1,0.0,0,1.0,0,78.0,97.0,0.0,240.0,2022
1,D,96.0,28.0,3.0,1.0,41,1.0,0.0,0.0,1,47,1,0.0,0,3.0,1.0,1,1.0,7,1,0,1,1,0.0,0,1.0,0,151.0,188.0,60.0,240.0,2022
2,D,36.0,45.0,6.0,1.0,84,1.0,0.0,0.0,1,88,1,0.0,0,6.0,1.0,1,2.0,7,1,0,1,1,0.0,0,1.0,0,78.0,97.0,0.0,120.0,2022
1,D,96.0,56.0,7.0,1.0,1,1.0,1.0,0.0,1,90,1,0.0,0,5.0,1.0,1,0.0,7,1,0,1,1,0.0,0,1.0,0,87.0,108.0,60.0,240.0,2022
0,D,72.0,30.0,3.0,1.0,91,1.0,1.0,0.0,1,31,2,0.0,0,3.0,3.0,1,0.0,7,1,0,1,1,0.0,0,1.0,0,97.0,121.0,0.0,240.0,2022
1,D,72.0,54.0,7.0,1.0,46,1.0,1.0,0.0,1,53,1,0.0,0,1.0,1.0,2,0.0,7,1,0,1,1,0.0,0,1.0,0,97.0,121.0,60.0,240.0,2022
2,D,60.0,29.0,3.0,1.0,23,1.0,1.0,2.0,1,20,0,0.0,0,1.0,1.0,1,0.0,7,1,0,1,1,2.0,0,2.0,0,108.0,135.0,0.0,240.0,2022
5,D,180.0,29.0,3.0,1.0,40,1.0,1.0,2.0,1,46,1,0.0,0,5.0,1.0,1,0.0,7,1,0,1,1,2.0,0,2.0,0,151.0,188.0,0.0,240.0,2022
2,D,30.0,60.0,7.0,1.0,77,1.0,0.0,0.0,1,81,1,0.0,0,6.0,1.0,1,0.0,7,1,0,1,1,0.0,0,1.0,0,97.0,121.0,0.0,240.0,2022
1,D,300.0,27.0,3.0,1.0,41,1.0,1.0,1.0,1,47,1,0.0,0,3.0,2.0,3,0.0,7,1,0,1,1,1.0,0,1.0,0,960.0,960.0,60.0,240.0,2022
1,D,180.0,34.0,4.0,1.0,39,1.0,1.0,14.0,3,45,1,0.0,1,5.0,1.0,1,3.0,7,1,0,1,1,14.0,0,6.0,0,168.0,210.0,120.0,240.0,2022
3,D,63.0,34.0,4.0,1.0,31,1.0,1.0,0.0,1,37,1,0.0,0,5.0,1.0,1,6.0,7,1,0,1,1,0.0,0,1.0,0,63.0,78.0,0.0,240.0,2022
3,D,60.0,38.0,5.0,1.0,31,1.0,1.0,9.0,1,37,1,0.0,0,3.0,1.0,1,0.0,7,1,0,1,1,12.0,0,5.0,0,120.0,120.0,0.0,120.0,2022
1,D,84.0,42.0,6.0,1.0,19,1.0,1.0,0.0,1,16,1,0.0,0,6.0,1.0,1,2.0,7,1,0,1,1,0.0,0,1.0,0,240.0,240.0,60.0,240.0,2022
1,D,132.0,24.0,2.0,1.0,46,1.0,1.0,0.0,1,53,1,0.0,0,3.0,2.0,1,0.0,7,1,0,1,1,0.0,0,1.0,0,210.0,240.0,60.0,240.0,2022
4,D,120.0,41.0,6.0,1.0,58,1.0,1.0,3.0,1,65,1,0.0,0,5.0,1.0,2,0.0,7,1,0,1,1,5.0,0,3.0,0,120.0,121.0,120.0,240.0,2022
3,D,0.03,46.0,6.0,1.0,68,3.0,1.0,10.0,1,74,1,0.0,0,5.0,6.0,1,0.0,8,1,0,1,1,12.0,0,5.0,0,21.0,27.0,0.0,60.0,2022
0,D,40.0,43.0,6.0,1.0,91,1.0,1.0,0.0,1,31,1,0.0,0,6.0,2.0,1,0.0,7,1,0,1,1,0.0,0,1.0,0,78.0,97.0,0.0,240.0,2022
2,D,78.0,56.0,7.0,1.0,73,1.0,1.0,0.0,1,78,1,0.0,0,6.0,1.0,1,0.0,7,1,0,1,1,0.0,0,1.0,0,108.0,135.0,60.0,240.0,2022
2,D,240.0,38.0,5.0,1.0,42,1.0,1.0,0.0,1,48,1,1.0,0,1.0,1.0,1,0.0,7,1,0,1,1,0.0,0,1.0,0,188.0,235.0,60.0,240.0,2022
3,D,60.0,44.0,6.0,1.0,34,1.0,1.0,2.0,1,39,2,0.0,0,5.0,3.0,1,0.0,8,1,0,1,1,2.0,0,2.0,0,51.0,60.0,0.0,60.0,2022
8,D,360.0,31.0,4.0,1.0,89,1.0,0.0,0.0,1,30,1,0.0,0,3.0,1.0,2,1.0,7,1,0,1,1,0.0,0,1.0,0,262.0,327.0,180.0,360.0,2022
1,D,108.0,45.0,6.0,1.0,47,1.0,1.0,0.0,1,52,1,0.0,0,5.0,1.0,2,2.0,7,1,0,1,1,0.0,0,1.0,0,210.0,262.0,0.0,240.0,2022
2,D,180.0,28.0,3.0,1.0,39,1.0,0.0,0.0,1,45,2,0.0,0,3.0,3.0,1,5.0,7,1,0,1,1,0.0,0,1.0,0,210.0,262.0,180.0,360.0,2022
4,D,121.0,25.0,2.0,1.0,35,1.0,1.0,0.0,1,41,1,0.0,0,3.0,1.0,2,0.0,7,1,0,1,1,0.0,0,1.0,0,121.0,151.0,60.0,240.0,2022
4,D,156.0,40.0,5.0,1.0,58,1.0,1.0,3.0,1,65,1,0.0,0,5.0,1.0,1,0.0,7,1,0,1,1,5.0,0,3.0,0,120.0,121.0,120.0,240.0,2022
5,D,230.0,57.0,7.0,1.0,34,1.0,1.0,0.0,1,39,1,0.0,0,6.0,1.0,1,0.0,7,1,0,1,1,0.0,0,1.0,0,188.0,235.0,60.0,480.0,2022
4,D,324.0,38.0,5.0,1.0,56,1.0,1.0,0.0,1,63,1,0.0,0,5.0,1.0,2,1.0,7,1,0,1,1,0.0,0,1.0,0,210.0,262.0,60.0,240.0,2022
1,D,120.0,63.0,8.0,1.0,9,1.0,1.0,3.0,1,6,1,0.0,0,3.0,1.0,1,1.0,7,1,0,1,1,3.0,0,2.0,0,120.0,120.0,120.0,240.0,2022
4,D,28.13,24.0,2.0,1.0,64,1.0,0.0,0.0,1,70,2,0.0,0,5.0,3.0,1,0.0,7,1,0,1,1,0.0,0,1.0,0,97.0,121.0,0.0,240.0,2022
4,D,188.0,39.0,5.0,1.0,67,1.0,1.0,3.0,1,71,1,0.0,0,5.0,1.0,2,0.0,7,1,0,1,1,5.0,0,3.0,0,188.0,235.0,180.0,480.0,2022
1,D,60.0,29.0,3.0,1.0,19,1.0,0.0,0.0,1,16,1,0.0,0,3.0,1.0,1,0.0,7,1,0,1,1,0.0,0,1.0,0,108.0,135.0,60.0,240.0,2022
6,D,66.0,45.0,6.0,1.0,59,1.0,1.0,0.0,1,66,0,0.0,0,5.0,1.0,1,1.0,7,1,0,1,1,0.0,0,1.0,0,87.0,108.0,60.0,240.0,2022
3,D,15.76,40.0,5.0,1.0,68,3.0,1.0,17.0,1,74,1,0.0,0,1.0,6.0,1,1.0,8,1,0,1,1,19.0,0,6.0,0,24.0,30.0,0.0,60.0,2022
2,D,121.0,39.0,5.0,1.0,28,1.0,1.0,3.0,1,35,1,0.0,0,5.0,1.0,1,0.0,7,1,0,1,1,5.0,0,3.0,0,120.0,121.0,120.0,240.0,2022
3,D,60.0,32.0,4.0,1.0,75,1.0,0.0,0.0,1,79,1,0.0,0,3.0,1.0,2,0.0,7,1,0,1,1,0.0,0,1.0,0,121.0,151.0,60.0,240.0,2022
1,D,30.0,58.0,7.0,1.0,10,1.0,0.0,0.0,1,8,1,0.0,0,6.0,1.0,1,2.0,7,1,0,1,1,0.0,0,1.0,0,78.0,97.0,0.0,240.0,2022
1,D,200.0,32.0,4.0,1.0,8,1.0,1.0,3.0,1,7,1,0.0,0,6.0,1.0,1,0.0,7,1,0,1,1,5.0,0,3.0,0,262.0,327.0,180.0,480.0,2022
3,D,120.0,55.0,7.0,1.0,23,1.0,1.0,1.0,1,20,1,0.0,0,3.0,1.0,1,0.0,7,1,0,1,1,3.0,0,2.0,0,120.0,120.0,120.0,240.0,2022
5,D,210.0,41.0,6.0,1.0,62,1.0,1.0,0.0,1,69,2,0.0,0,6.0,3.0,1,0.0,7,1,0,1,1,0.0,0,1.0,0,210.0,240.0,60.0,240.0,2022
2,D,84.0,52.0,7.0,1.0,24,1.0,0.0,0.0,1,22,1,0.0,0,5.0,1.0,1,0.0,7,1,0,1,1,0.0,0,1.0,0,97.0,121.0,60.0,240.0,2022
1,D,120.0,39.0,5.0,1.0,46,1.0,0.0,0.0,1,53,1,0.0,0,5.0,1.0,6,2.0,7,1,0,1,1,0.0,0,1.0,0,121.0,151.0,60.0,240.0,2022
1,D,120.0,64.0,8.0,1.0,71,1.0,1.0,3.0,1,76,1,0.0,0,3.0,1.0,1,0.0,7,1,0,1,1,5.0,0,3.0,0,120.0,120.0,120.0,240.0,2022
3,D,240.0,43.0,6.0,1.0,46,1.0,1.0,0.0,1,53,1,0.0,0,6.0,1.0,2,0.0,7,1,0,1,1,0.0,0,1.0,0,600.0,600.0,180.0,360.0,2022
5,D,188.0,35.0,4.0,1.0,54,1.0,1.0,3.0,1,61,1,0.0,0,5.0,1.0,1,0.0,7,1,0,1,1,5.0,0,3.0,0,188.0,235.0,180.0,480.0,2022
2,D,136.0,36.0,5.0,1.0,21,1.0,1.0,3.0,1,18,1,0.0,0,3.0,1.0,1,0.0,7,1,0,1,1,5.0,0,3.0,0,121.0,151.0,120.0,240.0,2022
3,D,80.0,25.0,2.0,1.0,61,1.0,1.0,0.0,1,68,1,0.0,0,5.0,1.0,1,0.0,7,1,0,1,1,0.0,0,1.0,0,210.0,240.0,60.0,240.0,2022
4,D,228.0,52.0,7.0,1.0,53,1.0,1.0,18.0,1,60,1,0.0,0,3.0,1.0,1,0.0,7,1,0,1,1,20.0,0,6.0,0,180.0,180.0,180.0,480.0,2022
6,D,63.0,43.0,6.0,1.0,79,1.0,1.0,0.0,1,83,1,0.0,0,5.0,1.0,1,0.0,7,1,0,1,1,0.0,0,1.0,0,63.0,78.0,0.0,120.0,2022
5,D,121.0,40.0,5.0,1.0,79,1.0,0.0,0.0,1,83,2,0.0,0,1.0,3.0,1,0.0,7,1,0,1,1,0.0,0,1.0,0,97.0,121.0,0.0,240.0,2022
4,D,100.0,24.0,2.0,1.0,35,1.0,0.0,0.0,1,41,2,1.0,0,3.0,3.0,1,0.0,7,1,0,1,1,0.0,0,1.0,0,168.0,210.0,60.0,240.0,2022
4,D,180.0,30.0,3.0,1.0,94,1.0,0.0,0.0,1,34,1,0.0,0,5.0,2.0,1,0.0,7,1,0,1,1,0.0,0,1.0,0,210.0,240.0,60.0,240.0,2022
2,D,90.0,49.0,6.0,1.0,24,1.0,1.0,0.0,1,22,1,0.0,0,5.0,1.0,2,0.0,7,1,0,1,1,0.0,0,1.0,0,63.0,78.0,0.0,120.0,2022
1,D,120.0,51.0,7.0,1.0,51,1.0,1.0,0.0,1,57,1,0.0,0,3.0,1.0,1,0.0,7,1,0,1,1,0.0,0,1.0,0,120.0,120.0,120.0,240.0,2022
3,D,97.0,50.0,6.0,1.0,29,1.0,1.0,0.0,1,96,1,0.0,0,3.0,1.0,1,0.0,7,1,0,1,1,0.0,0,1.0,0,97.0,121.0,60.0,240.0,2022
3,D,120.0,23.0,2.0,1.0,67,1.0,0.0,0.0,1,71,2,0.0,0,1.0,3.0,1,0.0,7,1,0,1,1,0.0,0,1.0,0,240.0,240.0,60.0,240.0,2022
3,D,37.0,38.0,5.0,1.0,34,1.0,1.0,13.0,1,39,1,0.0,0,5.0,2.0,1,3.0,8,1,0,1,1,15.0,0,6.0,0,30.0,37.0,0.0,120.0,2022
3,D,56.0,42.0,6.0,1.0,61,1.0,1.0,0.0,1,68,1,0.0,0,1.0,6.0,1,0.0,7,1,0,1,1,0.0,0,1.0,0,46.0,57.0,0.0,240.0,2022
1,D,120.0,22.0,2.0,1.0,19,1.0,1.0,1.0,1,16,1,0.0,0,3.0,1.0,1,0.0,7,1,0,1,1,3.0,0,2.0,0,120.0,120.0,120.0,240.0,2022
6,D,57.0,23.0,2.0,1.0,35,1.0,0.0,0.0,1,41,2,0.0,0,3.0,3.0,1,0.0,7,1,0,1,1,0.0,0,1.0,0,78.0,97.0,0.0,240.0,2022
1,D,92.0,30.0,3.0,1.0,41,1.0,0.0,0.0,1,47,1,0.0,0,5.0,1.0,2,0.0,7,1,0,1,1,0.0,0,1.0,0,121.0,151.0,60.0,240.0,2022
9,D,84.0,35.0,4.0,1.0,72,1.0,0.0,0.0,1,77,1,0.0,0,6.0,1.0,1,2.0,7,1,0,1,1,0.0,0,1.0,0,97.0,121.0,60.0,240.0,2022
1,D,151.0,52.0,7.0,1.0,41,1.0,1.0,1.0,1,47,1,0.0,0,6.0,1.0,2,0.0,7,1,0,1,1,1.0,0,1.0,0,151.0,188.0,60.0,240.0,2022
3,D,97.0,29.0,3.0,1.0,22,1.0,1.0,0.0,1,19,1,0.0,0,6.0,1.0,1,0.0,7,1,0,1,1,0.0,0,1.0,0,97.0,121.0,0.0,240.0,2022
3,D,96.0,34.0,4.0,1.0,42,1.0,0.0,0.0,1,48,1,0.0,0,3.0,1.0,1,2.0,7,1,0,1,1,0.0,0,1.0,0,135.0,168.0,0.0,240.0,2022
2,D,180.0,59.0,7.0,1.0,43,1.0,1.0,3.0,1,49,1,0.0,0,3.0,1.0,1,0.0,7,1,0,1,1,5.0,0,3.0,0,180.0,180.0,180.0,480.0,2022
2,D,120.0,45.0,6.0,1.0,24,1.0,1.0,3.0,1,22,1,0.0,0,3.0,1.0,1,0.0,7,1,0,1,1,5.0,0,3.0,0,120.0,120.0,120.0,240.0,2022
2,D,300.0,47.0,6.0,1.0,39,1.0,1.0,3.0,1,45,1,0.0,0,3.0,1.0,3,0.0,7,1,0,1,1,5.0,0,3.0,0,382.0,447.0,120.0,9996.0,2022
5,D,36.0,31.0,4.0,1.0,62,1.0,0.0,0.0,1,69,2,0.0,0,3.0,3.0,1,1.0,7,1,0,1,1,0.0,0,1.0,0,78.0,97.0,0.0,240.0,2022
4,D,42.0,25.0,2.0,1.0,56,1.0,1.0,1.0,1,63,1,0.0,0,3.0,1.0,1,0.0,7,1,0,1,1,1.0,0,1.0,0,78.0,97.0,0.0,240.0,2022
4,D,142.0,39.0,5.0,1.0,56,1.0,1.0,2.0,1,63,1,0.0,0,5.0,1.0,1,0.0,7,1,0,1,1,2.0,0,2.0,0,168.0,210.0,60.0,240.0,2022
1,D,84.0,21.0,2.0,1.0,91,1.0,1.0,0.0,1,31,1,0.0,0,3.0,2.0,1,0.0,7,1,0,1,1,0.0,0,1.0,0,210.0,240.0,60.0,240.0,2022
3,D,60.0,29.0,3.0,1.0,73,1.0,1.0,0.0,1,78,2,0.0,0,5.0,3.0,1,0.0,7,1,0,1,1,0.0,0,1.0,0,121.0,151.0,60.0,240.0,2022
5,D,48.0,28.0,3.0,1.0,83,1.0,0.0,0.0,1,87,1,0.0,0,5.0,2.0,1,0.0,7,1,0,1,1,0.0,0,1.0,0,78.0,97.0,0.0,120.0,2022
E,D,72.0,54.0,7.0,1.0,24,1.0,1.0,0.0,1,22,1,0.0,0,5.0,1.0,2,2.0,7,1,0,1,1,0.0,0,1.0,0,97.0,121.0,60.0,240.0,2022
3,D,72.0,71.0,8.0,1.0,34,1.0,0.0,0.0,1,39,1,0.0,0,6.0,1.0,1,0.0,7,1,0,1,1,0.0,0,1.0,0,97.0,121.0,60.0,240.0,2022
4,D,98.0,38.0,5.0,1.0,58,1.0,0.0,0.0,1,65,1,0.0,0,5.0,1.0,1,1.0,7,1,0,1,1,0.0,0,1.0,0,151.0,188.0,60.0,240.0,2022
2,D,98.0,27.0,3.0,1.0,64,1.0,0.0,0.0,1,70,1,0.0,0,3.0,1.0,1,0.0,7,1,0,1,1,0.0,0,1.0,0,151.0,188.0,60.0,240.0,2022
3,D,49.0,30.0,3.0,1.0,38,1.0,0.0,0.0,1,44,1,0.0,0,5.0,1.0,1,0.0,7,1,0,1,1,0.0,0,1.0,0,57.0,71.0,0.0,120.0,2022
3,D,84.0,65.0,8.0,1.0,90,1.0,1.0,8.0,1,29,1,0.0,0,5.0,1.0,8,0.0,7,1,0,1,1,8.0,0,3.0,60,2040.0,2040.0,0.0,240.0,2022
3,D,60.0,48.0,6.0,1.0,38,1.0,0.0,0.0,1,44,1,0.0,0,5.0,1.0,1,2.0,7,1,0,1,1,0.0,0,1.0,0,60.0,60.0,60.0,240.0,2022
3,D,210.0,41.0,6.0,1.0,89,1.0,1.0,11.0,1,30,1,0.0,0,1.0,1.0,1,1.0,7,1,0,1,1,11.0,0,5.0,0,210.0,240.0,60.0,240.0,2022
4,D,151.0,50.0,6.0,1.0,64,1.0,1.0,6.0,3,70,1,0.0,1,3.0,6.0,1,0.0,7,1,0,1,1,8.0,0,4.0,0,121.0,151.0,120.0,240.0,2022
4,D,84.0,49.0,6.0,1.0,53,1.0,1.0,0.0,1,60,1,0.0,0,5.0,1.0,1,0.0,7,1,0,2,1,0.0,0,1.0,0,78.0,97.0,0.0,120.0,2022
5,D,240.0,56.0,7.0,1.0,36,1.0,0.0,0.0,4,42,2,0.0,1,6.0,3.0,5,0.0,7,1,0,1,1,0.0,0,1.0,0,151.0,188.0,60.0,240.0,2022
8,D,131.0,23.0,2.0,1.0,35,1.0,0.0,0.0,1,41,2,0.0,0,5.0,3.0,1,0.0,7,1,0,1,1,0.0,0,1.0,0,151.0,188.0,60.0,240.0,2022
6,D,,27.0,3.0,1.0,36,1.0,1.0,0.0,1,42,1,0.0,0,5.0,1.0,1,0.0,7,0,1,4,0,0.0,0,1.0,0,97.0,121.0,0.0,240.0,2022
2,D,135.0,51.0,7.0,1.0,14,1.0,0.0,0.0,1,12,2,0.0,0,3.0,3.0,1,3.0,7,1,0,1,1,0.0,0,1.0,0,151.0,188.0,60.0,240.0,2022
2,D,48.0,27.0,3.0,1.0,77,1.0,1.0,1.0,1,81,1,0.0,0,3.0,1.0,1,0.0,7,1,0,1,1,1.0,0,1.0,0,78.0,97.0,0.0,240.0,2022
4,D,36.0,43.0,6.0,1.0,58,1.0,0.0,0.0,1,65,1,0.0,0,6.0,1.0,1,2.0,7,1,0,1,1,0.0,0,1.0,0,78.0,97.0,0.0,240.0,2022
6,D,97.0,54.0,7.0,1.0,11,1.0,1.0,3.0,1,9,1,0.0,0,5.0,1.0,1,0.0,7,1,0,1,1,5.0,0,3.0,0,97.0,121.0,0.0,240.0,2022
2,D,0.03,38.0,5.0,1.0,12,1.0,1.0,0.0,1,10,1,0.0,0,3.0,1.0,1,2.0,7,1,0,1,1,0.0,0,1.0,0,51.0,63.0,0.0,120.0,2022
3,D,87.0,22.0,2.0,1.0,48,1.0,1.0,0.0,1,54,1,0.0,0,5.0,1.0,1,0.0,7,1,0,1,1,0.0,0,1.0,0,151.0,188.0,60.0,240.0,2022
2,D,151.0,36.0,5.0,1.0,14,1.0,1.0,2.0,1,12,1,0.0,0,3.0,2.0,1,0.0,7,1,0,1,1,4.0,0,3.0,0,121.0,151.0,120.0,240.0,2022
2,D,42.0,64.0,8.0,1.0,65,1.0,0.0,0.0,1,73,1,0.0,0,5.0,1.0,1,0.0,7,1,0,1,1,0.0,0,1.0,0,78.0,97.0,0.0,240.0,2022
4,D,85.0,62.0,8.0,1.0,58,1.0,0.0,0.0,1,65,1,0.0,0,5.0,1.0,1,4.0,7,1,0,1,1,0.0,0,1.0,0,97.0,121.0,0.0,240.0,2022
1,D,36.0,42.0,6.0,1.0,72,1.0,0.0,0.0,1,77,1,0.0,0,5.0,1.0,1,2.0,7,1,0,1,1,0.0,0,1.0,0,78.0,97.0,0.0,240.0,2022
4,D,48.0,30.0,3.0,1.0,58,1.0,1.0,0.0,1,65,1,0.0,0,5.0,1.0,1,1.0,7,1,0,1,1,0.0,0,1.0,0,78.0,97.0,0.0,240.0,2022
1,D,135.0,22.0,2.0,1.0,91,1.0,1.0,0.0,1,31,2,0.0,0,5.0,3.0,1,0.0,7,1,0,1,1,0.0,0,1.0,0,210.0,240.0,60.0,240.0,2022
2,D,63.0,61.0,8.0,1.0,79,1.0,0.0,0.0,1,83,1,0.0,0,5.0,1.0,1,0.0,7,1,0,1,1,0.0,0,1.0,0,97.0,121.0,0.0,240.0,2022
2,D,78.0,25.0,2.0,1.0,27,1.0,1.0,0.0,1,25,1,0.0,0,5.0,1.0,1,1.0,7,1,0,1,1,0.0,0,1.0,0,78.0,97.0,0.0,240.0,2022
1,D,100.0,29.0,3.0,1.0,91,1.0,0.0,0.0,1,31,2,0.0,0,5.0,3.0,1,0.0,7,1,0,1,1,0.0,0,1.0,0,151.0,188.0,60.0,240.0,2022
1,D,36.0,27.0,3.0,1.0,61,1.0,1.0,0.0,1,68,1,0.0,0,1.0,1.0,1,0.0,7,1,0,1,1,0.0,0,1.0,0,78.0,97.0,0.0,240.0,2022
4,D,6.0,28.0,3.0,1.0,41,1.0,0.0,0.0,1,47,1,0.0,0,3.0,1.0,1,0.0,7,1,0,1,1,0.0,0,1.0,0,57.0,71.0,0.0,240.0,2022
4,D,60.0,20.0,1.0,1.0,90,1.0,1.0,0.0,1,29,1,0.0,0,3.0,1.0,1,0.0,7,1,0,1,1,0.0,0,1.0,0,70.0,87.0,60.0,240.0,2022
4,D,180.0,52.0,7.0,1.0,59,1.0,1.0,6.0,1,66,0,0.0,0,3.0,1.0,1,0.0,7,1,0,1,1,6.0,0,3.0,0,188.0,235.0,180.0,480.0,2022
1,D,136.0,28.0,3.0,1.0,71,1.0,1.0,3.0,1,76,2,0.0,0,3.0,3.0,1,0.0,7,1,0,1,1,3.0,0,2.0,0,151.0,188.0,0.0,240.0,2022
4,D,97.0,39.0,5.0,1.0,59,1.0,1.0,1.0,1,66,0,0.0,0,3.0,1.0,1,2.0,7,1,0,1,1,1.0,0,1.0,0,151.0,188.0,60.0,240.0,2022
2,D,180.0,36.0,5.0,1.0,50,1.0,1.0,3.0,1,56,1,0.0,0,3.0,1.0,1,1.0,7,1,0,1,1,5.0,0,3.0,0,188.0,235.0,60.0,240.0,2022
1,D,240.0,27.0,3.0,1.0,71,1.0,1.0,1.0,1,76,1,0.0,0,5.0,1.0,1,0.0,7,1,0,1,1,1.0,0,1.0,0,480.0,480.0,180.0,480.0,2022
1,D,120.0,34.0,4.0,1.0,91,1.0,0.0,0.0,1,31,2,0.0,0,5.0,3.0,1,0.0,7,1,0,1,1,0.0,0,1.0,0,151.0,188.0,60.0,240.0,2022
4,D,72.0,27.0,3.0,1.0,71,1.0,1.0,0.0,1,76,1,0.0,0,3.0,1.0,1,1.0,7,1,0,1,1,0.0,0,1.0,0,135.0,168.0,0.0,240.0,2022
4,D,120.0,41.0,6.0,1.0,57,1.0,1.0,2.0,1,64,1,0.0,0,5.0,1.0,1,1.0,7,1,0,1,1,2.0,0,2.0,0,120.0,135.0,120.0,240.0,2022
3,D,70.0,39.0,5.0,1.0,5,1.0,1.0,0.0,1,4,2,0.0,0,5.0,3.0,1,1.0,7,1,0,1,1,0.0,0,1.0,0,60.0,60.0,60.0,240.0,2022
1,D,27.0,57.0,7.0,1.0,8,1.0,1.0,1.0,1,7,1,0.0,0,5.0,2.0,1,0.0,7,1,0,1,1,1.0,0,1.0,0,78.0,97.0,0.0,120.0,2022
3,D,60.0,36.0,5.0,1.0,49,1.0,1.0,0.0,1,55,1,0.0,0,3.0,1.0,1,2.0,7,1,0,1,1,0.0,0,1.0,0,60.0,71.0,60.0,240.0,2022
1,D,36.0,48.0,6.0,1.0,6,1.0,0.0,0.0,1,3,1,0.0,0,6.0,1.0,1,0.0,7,1,0,1,1,0.0,0,1.0,0,78.0,97.0,0.0,240.0,2022
3,D,70.0,65.0,8.0,1.0,89,1.0,0.0,0.0,1,30,1,0.0,0,6.0,1.0,1,0.0,7,1,0,1,1,0.0,0,1.0,0,78.0,97.0,0.0,240.0,2022
1,D,240.0,52.0,7.0,1.0,49,1.0,1.0,2.0,1,55,1,0.0,0,5.0,1.0,1,0.0,7,1,0,1,1,2.0,0,2.0,0,135.0,168.0,60.0,240.0,2022
4,D,90.0,23.0,2.0,1.0,90,1.0,1.0,0.0,1,29,1,1.0,0,5.0,1.0,1,0.0,7,1,0,1,1,0.0,0,1.0,0,151.0,188.0,60.0,240.0,2022
4,D,48.0,31.0,4.0,1.0,58,1.0,0.0,0.0,1,65,1,0.0,0,3.0,1.0,1,1.0,7,1,0,1,1,0.0,0,1.0,0,78.0,97.0,0.0,240.0,2022
4,D,84.0,35.0,4.0,1.0,58,1.0,0.0,0.0,1,65,1,0.0,0,5.0,1.0,1,0.0,7,1,0,1,1,0.0,0,1.0,0,151.0,188.0,60.0,240.0,2022
3,D,120.0,42.0,6.0,1.0,44,1.0,0.0,0.0,1,50,1,0.0,0,5.0,1.0,2,3.0,7,1,0,1,1,0.0,0,1.0,0,70.0,87.0,60.0,240.0,2022
6,D,240.0,50.0,6.0,1.0,34,1.0,1.0,0.0,1,39,1,0.0,0,3.0,1.0,1,0.0,7,1,0,1,1,0.0,0,1.0,0,210.0,240.0,60.0,240.0,2022
4,D,12.03,56.0,7.0,1.0,58,1.0,1.0,0.0,1,65,1,0.0,0,5.0,1.0,1,0.0,7,1,0,1,1,0.0,0,1.0,0,30.0,37.0,0.0,120.0,2022
4,D,48.0,23.0,2.0,1.0,58,1.0,0.0,0.0,1,65,1,0.0,0,5.0,1.0,1,0.0,7,1,0,1,1,0.0,0,1.0,0,97.0,121.0,0.0,240.0,2022
E,D,18.0,45.0,6.0,1.0,24,3.0,0.0,0.0,1,22,2,0.0,0,3.0,3.0,1,2.0,8,1,0,1,1,0.0,0,1.0,0,15.0,21.0,0.0,120.0,2022
2,D,12.03,27.0,3.0,1.0,51,1.0,1.0,1.0,1,57,1,0.0,0,5.0,2.0,1,0.0,7,1,0,1,1,1.0,0,1.0,0,78.0,97.0,0.0,240.0,2022
3,D,108.0,58.0,7.0,1.0,7,1.0,1.0,0.0,1,5,1,0.0,0,6.0,1.0,1,0.0,7,1,0,1,1,0.0,0,1.0,0,240.0,240.0,60.0,240.0,2022
3,D,0.03,56.0,7.0,1.0,23,1.0,0.0,0.0,1,20,1,0.0,0,5.0,1.0,1,0.0,7,1,0,1,0,0.0,0,1.0,0,37.0,46.0,0.0,240.0,2022
2,A,,30.0,3.0,1.0,66,2.0,0.0,0.0,1,72,1,0.0,0,1.0,1.0,1,1.0,8,0,1,4,0,0.0,0,1.0,0,0.0,6.0,0.0,60.0,2022
2,D,70.0,28.0,3.0,1.0,73,1.0,1.0,0.0,1,78,1,0.0,0,6.0,6.0,1,0.0,7,1,0,1,1,0.0,0,1.0,0,97.0,121.0,60.0,240.0,2022
3,D,51.0,32.0,4.0,1.0,75,1.0,1.0,5.0,1,79,1,0.0,0,3.0,1.0,1,0.0,7,1,0,1,1,7.0,0,4.0,0,110.0,137.0,0.0,240.0,2022
1,D,120.0,30.0,3.0,1.0,85,1.0,1.0,3.0,1,89,1,0.0,0,3.0,1.0,1,0.0,7,1,0,1,1,5.0,0,3.0,0,121.0,151.0,120.0,240.0,2022
1,D,170.0,49.0,6.0,1.0,41,1.0,1.0,0.0,1,47,1,0.0,0,3.0,1.0,1,1.0,7,1,0,1,1,0.0,0,1.0,0,168.0,210.0,0.0,240.0,2022
1,D,120.0,27.0,3.0,1.0,3,1.0,1.0,3.0,1,1,1,0.0,0,5.0,1.0,1,0.0,7,1,0,1,1,5.0,0,3.0,0,121.0,151.0,120.0,240.0,2022
2,D,120.0,61.0,8.0,1.0,77,1.0,0.0,0.0,1,81,1,0.0,0,5.0,1.0,1,0.0,7,1,0,1,1,0.0,0,1.0,0,240.0,240.0,0.0,240.0,2022
4,D,84.0,53.0,7.0,1.0,56,1.0,1.0,0.0,1,63,1,0.0,0,3.0,1.0,1,1.0,7,1,0,1,1,0.0,0,1.0,0,97.0,121.0,60.0,240.0,2022
2,D,84.0,46.0,6.0,1.0,54,1.0,1.0,0.0,1,61,1,0.0,0,5.0,1.0,1,0.0,7,1,0,1,1,0.0,0,1.0,0,151.0,188.0,60.0,240.0,2022
1,D,144.0,30.0,3.0,1.0,50,1.0,1.0,4.0,1,56,1,0.0,0,1.0,1.0,1,0.0,7,1,0,1,1,6.0,0,3.0,0,151.0,188.0,60.0,240.0,2022
4,D,78.0,23.0,2.0,1.0,46,1.0,1.0,0.0,1,53,1,0.0,0,5.0,1.0,1,0.0,7,1,0,1,1,0.0,0,1.0,0,78.0,97.0,0.0,120.0,2022
2,D,168.0,44.0,6.0,1.0,76,1.0,1.0,3.0,1,80,1,0.0,0,5.0,1.0,1,0.0,7,1,0,1,1,5.0,0,3.0,0,180.0,188.0,180.0,480.0,2022
5,D,150.0,38.0,5.0,1.0,9,1.0,1.0,1.0,1,6,1,0.0,0,3.0,1.0,3,4.0,7,1,0,1,1,1.0,0,1.0,0,210.0,262.0,60.0,240.0,2022
5,D,144.0,43.0,6.0,1.0,34,1.0,0.0,0.0,1,39,1,0.0,0,6.0,1.0,1,3.0,7,1,0,1,1,0.0,0,1.0,0,135.0,168.0,60.0,240.0,2022
2,D,60.0,57.0,7.0,1.0,76,1.0,1.0,0.0,1,80,1,0.0,0,3.0,1.0,1,0.0,7,1,0,1,1,0.0,0,1.0,0,151.0,188.0,60.0,240.0,2022
3,D,30.0,34.0,4.0,1.0,75,1.0,0.0,0.0,1,79,1,1.0,0,5.0,6.0,1,2.0,7,1,0,1,1,0.0,0,1.0,0,60.0,71.0,60.0,240.0,2022
1,D,290.0,29.0,3.0,1.0,41,1.0,1.0,0.0,1,47,1,0.0,0,3.0,1.0,3,0.0,7,1,0,1,1,0.0,0,1.0,0,840.0,840.0,60.0,240.0,2022
5,D,30.0,33.0,4.0,1.0,34,1.0,1.0,0.0,1,39,1,0.0,0,5.0,1.0,1,0.0,7,1,0,1,1,0.0,0,1.0,0,24.0,30.0,0.0,120.0,2022
6,D,168.0,29.0,3.0,1.0,34,1.0,1.0,1.0,1,39,1,0.0,0,1.0,1.0,1,0.0,7,1,0,1,1,1.0,0,1.0,0,135.0,168.0,0.0,240.0,2022
2,D,204.0,27.0,3.0,1.0,24,1.0,1.0,2.0,1,22,1,0.0,0,3.0,1.0,1,0.0,7,1,0,1,1,4.0,0,3.0,0,240.0,240.0,60.0,240.0,2022
2,D,84.0,26.0,3.0,1.0,39,1.0,0.0,0.0,1,45,1,0.0,0,6.0,1.0,1,0.0,7,1,0,1,1,0.0,0,1.0,0,151.0,188.0,60.0,240.0,2022
2,D,144.0,38.0,5.0,1.0,73,1.0,1.0,0.0,1,78,1,0.0,0,3.0,1.0,1,1.0,7,1,0,1,1,0.0,0,1.0,0,168.0,210.0,60.0,240.0,2022
6,D,78.0,25.0,2.0,1.0,35,1.0,0.0,0.0,1,41,1,0.0,0,3.0,1.0,1,1.0,7,1,0,1,1,0.0,0,1.0,0,97.0,121.0,0.0,240.0,2022
1,D,5.0,49.0,6.0,1.0,10,3.0,1.0,0.0,1,8,2,0.0,0,1.0,3.0,1,1.0,7,1,0,1,1,0.0,0,1.0,0,70.0,87.0,0.0,240.0,2022
2,D,240.0,58.0,7.0,1.0,2,1.0,1.0,0.0,1,0,1,0.0,0,3.0,1.0,2,0.0,7,1,0,1,1,0.0,0,1.0,0,210.0,262.0,180.0,360.0,2022
8,D,60.0,53.0,7.0,1.0,60,1.0,1.0,0.0,1,67,1,0.0,0,6.0,1.0,1,0.0,7,1,0,1,1,0.0,0,1.0,0,57.0,71.0,0.0,240.0,2022
2,D,97.0,38.0,5.0,1.0,87,1.0,1.0,1.0,1,26,1,0.0,0,3.0,1.0,1,2.0,7,1,0,1,1,1.0,0,1.0,0,97.0,121.0,0.0,240.0,2022
1,D,78.0,32.0,4.0,1.0,50,1.0,0.0,0.0,1,56,1,0.0,0,3.0,2.0,1,0.0,7,1,0,1,1,0.0,0,1.0,0,151.0,188.0,60.0,240.0,2022
4,D,470.0,60.0,7.0,1.0,40,1.0,1.0,3.0,1,46,1,0.0,0,3.0,1.0,5,0.0,7,1,0,1,1,3.0,0,2.0,0,9996.0,9996.0,120.0,9996.0,2022
1,D,120.0,72.0,8.0,1.0,91,2.0,0.0,0.0,3,31,2,0.0,1,6.0,3.0,2,0.0,7,1,0,1,1,0.0,0,1.0,0,168.0,210.0,60.0,240.0,2022
3,D,21.0,49.0,6.0,1.0,68,1.0,1.0,11.0,1,74,1,0.0,0,3.0,1.0,1,,8,1,0,2,1,13.0,0,6.0,0,24.0,30.0,0.0,60.0,2022
1,D,0.03,61.0,8.0,1.0,8,1.0,0.0,0.0,1,7,1,0.0,0,5.0,1.0,1,0.0,7,1,0,1,1,0.0,0,1.0,0,78.0,97.0,0.0,240.0,2022
3,D,84.0,30.0,3.0,1.0,68,1.0,0.0,0.0,1,74,2,0.0,0,5.0,3.0,1,3.0,7,1,0,1,1,0.0,0,1.0,0,151.0,188.0,60.0,240.0,2022
3,D,78.0,43.0,6.0,1.0,14,1.0,1.0,1.0,1,12,1,0.0,0,3.0,6.0,2,0.0,7,1,0,1,1,1.0,0,1.0,0,97.0,121.0,60.0,240.0,2022
3,D,120.0,32.0,4.0,1.0,34,1.0,0.0,0.0,1,39,1,0.0,0,5.0,6.0,1,0.0,7,1,0,1,1,0.0,0,1.0,0,240.0,240.0,60.0,240.0,2022
2,D,0.03,31.0,4.0,1.0,39,1.0,0.0,0.0,1,45,1,0.0,0,6.0,1.0,1,0.0,7,1,0,1,1,0.0,0,1.0,0,24.0,30.0,0.0,120.0,2022
1,D,60.0,75.0,8.0,1.0,3,1.0,0.0,0.0,1,1,1,0.0,0,6.0,1.0,1,0.0,7,1,0,1,1,0.0,0,1.0,0,97.0,121.0,0.0,240.0,2022
2,D,72.0,31.0,4.0,1.0,2,1.0,1.0,0.0,1,0,1,0.0,0,5.0,1.0,2,1.0,7,1,0,1,1,0.0,0,1.0,0,135.0,168.0,60.0,240.0,2022
2,D,96.0,32.0,4.0,1.0,39,1.0,0.0,0.0,2,45,1,0.0,0,5.0,1.0,1,0.0,7,1,0,1,1,0.0,0,1.0,0,151.0,188.0,60.0,240.0,2022
1,D,132.0,34.0,4.0,1.0,41,1.0,1.0,1.0,1,47,1,0.0,0,3.0,1.0,1,2.0,7,1,0,1,1,1.0,0,1.0,0,151.0,188.0,60.0,240.0,2022
7,D,,32.0,4.0,1.0,17,1.0,0.0,0.0,1,15,1,0.0,0,3.0,1.0,1,0.0,7,0,1,4,0,0.0,0,1.0,0,63.0,78.0,0.0,240.0,2022
2,B,,43.0,6.0,1.0,65,1.0,0.0,0.0,1,73,1,0.0,0,5.0,1.0,2,0.0,8,0,1,4,0,0.0,0,1.0,0,6.0,12.0,0.0,60.0,2022
2,D,42.0,57.0,7.0,1.0,65,1.0,0.0,0.0,1,73,1,0.0,0,5.0,1.0,1,0.0,7,1,0,1,1,0.0,0,1.0,0,78.0,97.0,0.0,240.0,2022
6,D,72.0,63.0,8.0,1.0,8,1.0,1.0,1.0,1,7,1,0.0,0,5.0,1.0,1,0.0,7,1,0,1,1,1.0,0,1.0,0,97.0,121.0,60.0,240.0,2022
3,D,84.0,52.0,7.0,1.0,22,1.0,1.0,0.0,1,19,1,0.0,0,3.0,1.0,1,0.0,7,1,0,1,1,0.0,0,1.0,0,78.0,97.0,0.0,240.0,2022
2,D,96.0,47.0,6.0,1.0,84,1.0,1.0,2.0,1,88,1,0.0,0,5.0,1.0,1,0.0,7,1,0,1,1,2.0,0,2.0,0,120.0,135.0,120.0,240.0,2022
1,D,180.0,39.0,5.0,1.0,46,1.0,1.0,3.0,1,53,1,0.0,0,3.0,1.0,1,0.0,7,1,0,1,1,5.0,0,3.0,0,180.0,180.0,180.0,480.0,2022
1,D,480.0,57.0,7.0,1.0,14,1.0,1.0,6.0,3,12,1,0.0,1,5.0,1.0,5,0.0,7,1,0,1,1,8.0,0,4.0,0,360.0,1920.0,180.0,480.0,2022
1,D,,35.0,4.0,1.0,3,1.0,1.0,3.0,1,1,1,1.0,0,5.0,1.0,1,1.0,8,0,1,4,0,3.0,0,2.0,0,30.0,37.0,0.0,60.0,2022
1,D,66.0,26.0,3.0,1.0,1,1.0,0.0,0.0,1,90,1,0.0,0,6.0,1.0,1,0.0,7,1,0,1,1,0.0,0,1.0,0,151.0,188.0,60.0,240.0,2022
3,D,75.0,33.0,4.0,1.0,43,1.0,0.0,0.0,1,49,1,0.0,0,5.0,2.0,1,0.0,7,1,0,1,1,0.0,0,1.0,0,210.0,240.0,60.0,240.0,2022
5,D,162.0,39.0,5.0,1.0,37,1.0,1.0,0.0,1,43,1,0.0,0,6.0,2.0,1,0.0,7,1,0,1,1,0.0,0,1.0,0,240.0,240.0,60.0,240.0,2022
1,D,120.0,50.0,6.0,1.0,43,1.0,1.0,3.0,1,49,1,0.0,0,3.0,1.0,2,0.0,7,1,0,1,1,5.0,0,3.0,0,120.0,121.0,120.0,240.0,2022
2,D,116.49,38.0,5.0,1.0,51,1.0,1.0,9.0,1,57,1,0.0,0,3.0,1.0,1,0.0,7,1,0,1,1,11.0,0,5.0,0,151.0,188.0,60.0,240.0,2022
1,D,36.0,38.0,5.0,1.0,50,1.0,0.0,0.0,1,56,1,0.0,0,3.0,1.0,1,1.0,7,1,0,1,1,0.0,0,1.0,0,41.0,51.0,0.0,240.0,2022
1,D,78.0,48.0,6.0,1.0,46,1.0,0.0,0.0,1,53,1,0.0,0,5.0,1.0,2,0.0,7,1,0,1,1,0.0,0,1.0,0,70.0,87.0,60.0,240.0,2022
5,D,32.66,30.0,3.0,1.0,36,1.0,0.0,0.0,1,42,2,0.0,0,3.0,3.0,1,0.0,7,1,0,1,1,0.0,0,1.0,0,78.0,97.0,0.0,240.0,2022
1,D,60.0,46.0,6.0,1.0,36,1.0,1.0,1.0,1,42,1,0.0,0,1.0,1.0,1,1.0,7,1,0,1,1,3.0,0,2.0,0,151.0,188.0,0.0,240.0,2022
2,D,84.0,48.0,6.0,1.0,84,1.0,1.0,5.0,1,88,1,0.0,0,3.0,1.0,1,0.0,7,1,0,1,1,5.0,0,3.0,0,97.0,121.0,0.0,240.0,2022
4,D,300.0,40.0,5.0,1.0,56,1.0,1.0,8.0,1,63,1,0.0,0,5.0,1.0,3,0.0,7,1,0,1,1,8.0,0,4.0,0,9996.0,9996.0,60.0,240.0,2022
3,D,18.0,32.0,4.0,1.0,90,1.0,1.0,5.0,1,29,1,0.0,0,5.0,1.0,2,1.0,8,1,0,1,1,5.0,0,3.0,0,18.0,24.0,0.0,60.0,2022
1,D,96.0,57.0,7.0,1.0,10,1.0,1.0,0.0,1,8,1,0.0,0,5.0,1.0,1,0.0,7,1,0,1,1,0.0,0,1.0,0,151.0,188.0,60.0,240.0,2022
1,C,,49.0,6.0,1.0,19,3.0,1.0,1.0,1,16,2,0.0,0,3.0,3.0,1,0.0,8,0,1,3,0,1.0,0,1.0,0,10.0,16.0,0.0,240.0,2022
6,D,180.0,70.0,8.0,1.0,59,1.0,1.0,3.0,1,66,1,0.0,0,3.0,1.0,1,0.0,7,1,0,1,1,5.0,0,3.0,0,180.0,180.0,180.0,480.0,2022
6,D,60.0,46.0,6.0,1.0,59,1.0,1.0,0.0,1,66,0,0.0,0,3.0,1.0,1,3.0,7,1,0,1,1,0.0,0,1.0,0,97.0,121.0,60.0,240.0,2022
6,D,96.0,41.0,6.0,1.0,59,1.0,1.0,0.0,1,66,0,0.0,0,3.0,1.0,1,0.0,7,1,0,1,1,0.0,0,1.0,0,151.0,188.0,60.0,240.0,2022
4,D,84.0,53.0,7.0,1.0,35,1.0,1.0,0.0,1,41,1,0.0,0,5.0,2.0,2,0.0,7,1,0,1,1,0.0,0,1.0,0,151.0,188.0,60.0,240.0,2022
2,D,44.0,37.0,5.0,1.0,24,1.0,1.0,0.0,1,22,1,0.0,0,5.0,2.0,1,3.0,8,1,0,1,1,0.0,0,1.0,0,37.0,46.0,0.0,120.0,2022
4,D,65.0,67.0,8.0,1.0,59,1.0,1.0,0.0,1,66,1,0.0,0,5.0,1.0,1,0.0,7,1,0,1,1,0.0,0,1.0,0,78.0,97.0,0.0,240.0,2022
C,D,180.0,34.0,4.0,1.0,46,1.0,1.0,2.0,1,53,2,0.0,0,1.0,3.0,3,0.0,7,1,0,1,1,4.0,0,3.0,0,210.0,262.0,60.0,240.0,2022
4,D,108.0,30.0,3.0,1.0,64,1.0,0.0,0.0,3,70,1,0.0,1,5.0,2.0,3,0.0,7,1,0,1,1,0.0,0,1.0,0,262.0,327.0,60.0,240.0,2022
2,D,97.0,33.0,4.0,1.0,65,1.0,0.0,0.0,1,73,2,0.0,0,5.0,3.0,1,0.0,7,1,0,1,1,0.0,0,1.0,0,210.0,240.0,60.0,240.0,2022
2,D,46.0,45.0,6.0,1.0,65,1.0,0.0,0.0,1,73,1,0.0,0,5.0,1.0,2,2.0,7,1,0,1,1,0.0,0,1.0,0,46.0,57.0,0.0,120.0,2022
3,D,240.0,39.0,5.0,1.0,34,1.0,1.0,0.0,1,39,2,0.0,0,5.0,3.0,1,0.0,7,1,0,1,1,0.0,0,1.0,0,360.0,360.0,180.0,360.0,2022
2,D,87.0,47.0,6.0,1.0,61,1.0,1.0,2.0,1,68,1,0.0,0,3.0,1.0,1,0.0,7,1,0,1,1,2.0,0,2.0,0,87.0,108.0,0.0,240.0,2022
4,D,60.0,25.0,2.0,1.0,59,1.0,0.0,0.0,1,66,1,0.0,0,5.0,1.0,1,0.0,7,1,0,1,1,0.0,0,1.0,0,151.0,188.0,60.0,240.0,2022
2,D,84.0,49.0,6.0,1.0,14,1.0,0.0,0.0,1,12,1,0.0,0,5.0,1.0,2,0.0,7,1,0,1,1,0.0,0,1.0,0,108.0,135.0,0.0,240.0,2022
2,D,60.0,36.0,5.0,1.0,21,1.0,1.0,0.0,1,18,1,0.0,0,6.0,1.0,1,0.0,7,1,0,1,1,0.0,0,1.0,0,151.0,188.0,60.0,240.0,2022
3,D,48.0,37.0,5.0,1.0,67,1.0,0.0,0.0,1,71,1,0.0,0,6.0,6.0,1,3.0,7,1,0,1,1,0.0,0,1.0,0,97.0,121.0,0.0,240.0,2022
4,D,188.0,33.0,4.0,1.0,35,1.0,1.0,4.0,1,41,2,0.0,0,3.0,3.0,2,1.0,7,1,0,1,1,4.0,0,3.0,0,188.0,235.0,180.0,480.0,2022
2,D,140.0,49.0,6.0,1.0,39,1.0,1.0,6.0,1,45,1,0.0,0,5.0,1.0,1,0.0,7,1,0,1,1,8.0,0,4.0,0,121.0,151.0,120.0,240.0,2022
2,D,97.0,70.0,8.0,1.0,54,1.0,1.0,0.0,1,61,1,0.0,0,5.0,1.0,1,0.0,7,1,0,1,1,0.0,0,1.0,0,121.0,151.0,60.0,240.0,2022
4,D,151.0,38.0,5.0,1.0,35,1.0,0.0,0.0,1,41,1,0.0,0,5.0,1.0,2,0.0,7,1,0,1,1,0.0,0,1.0,0,151.0,188.0,60.0,240.0,2022
2,D,42.0,44.0,6.0,1.0,17,1.0,1.0,0.0,1,15,1,0.0,0,3.0,1.0,1,2.0,7,1,0,1,1,0.0,0,1.0,0,63.0,78.0,0.0,240.0,2022
4,D,120.0,35.0,4.0,1.0,35,1.0,0.0,0.0,1,41,2,0.0,0,6.0,3.0,3,2.0,7,1,0,1,1,0.0,0,1.0,0,151.0,188.0,60.0,240.0,2022
6,D,240.0,40.0,5.0,1.0,21,1.0,1.0,15.0,1,18,1,0.0,0,3.0,1.0,1,1.0,7,1,0,1,1,17.0,0,6.0,0,235.0,240.0,0.0,240.0,2022
4,C,12.03,63.0,8.0,1.0,35,1.0,0.0,0.0,1,41,2,0.0,0,5.0,3.0,1,0.0,8,1,0,1,1,0.0,0,1.0,0,10.0,16.0,0.0,240.0,2022
2,D,125.0,43.0,6.0,1.0,94,1.0,1.0,8.0,1,34,1,0.0,0,5.0,1.0,1,0.0,7,1,0,1,1,10.0,0,5.0,0,120.0,150.0,120.0,240.0,2022
3,D,183.0,47.0,6.0,1.0,43,1.0,0.0,0.0,1,49,1,1.0,0,5.0,1.0,2,0.0,7,1,0,1,1,0.0,0,1.0,0,262.0,327.0,60.0,240.0,2022
3,D,38.03,40.0,5.0,1.0,5,1.0,0.0,0.0,1,4,2,0.0,0,6.0,3.0,1,0.0,7,1,0,1,1,0.0,0,1.0,0,60.0,60.0,0.0,60.0,2022
4,D,180.0,64.0,8.0,1.0,56,1.0,0.0,0.0,1,63,1,0.0,0,3.0,1.0,1,0.0,7,1,0,1,1,0.0,0,1.0,0,210.0,240.0,60.0,240.0,2022
4,D,300.0,39.0,5.0,1.0,56,1.0,1.0,0.0,1,63,1,0.0,0,5.0,1.0,2,1.0,7,1,0,1,1,0.0,0,1.0,0,292.0,365.0,180.0,360.0,2022
3,D,180.0,33.0,4.0,1.0,56,1.0,1.0,0.0,1,63,1,0.0,0,5.0,1.0,1,0.0,7,1,0,1,1,0.0,0,1.0,0,210.0,240.0,60.0,240.0,2022
6,A,,48.0,6.0,1.0,37,1.0,1.0,0.0,1,43,1,0.0,0,3.0,1.0,1,1.0,8,0,1,4,0,0.0,0,1.0,0,0.0,6.0,0.0,36.0,2022
4,D,60.0,50.0,6.0,1.0,58,1.0,1.0,0.0,1,65,1,0.0,0,3.0,1.0,1,0.0,7,1,0,1,1,0.0,0,1.0,0,78.0,97.0,0.0,240.0,2022
6,D,2.0,55.0,7.0,1.0,37,1.0,1.0,0.0,1,43,1,0.0,0,1.0,1.0,1,1.0,8,1,0,1,1,0.0,0,1.0,0,21.0,27.0,0.0,60.0,2022
2,D,120.0,26.0,3.0,1.0,24,1.0,1.0,4.0,1,22,1,0.0,0,3.0,2.0,1,0.0,7,1,0,1,1,6.0,0,3.0,0,120.0,120.0,120.0,240.0,2022
2,D,120.0,59.0,7.0,1.0,27,1.0,1.0,3.0,1,25,1,0.0,0,3.0,2.0,1,0.0,7,1,0,1,1,5.0,0,3.0,0,120.0,120.0,120.0,240.0,2022
2,D,121.0,27.0,3.0,1.0,80,1.0,1.0,0.0,1,84,1,0.0,0,3.0,1.0,1,0.0,7,1,0,1,1,0.0,0,1.0,0,121.0,151.0,60.0,240.0,2022
3,D,60.0,49.0,6.0,1.0,56,1.0,1.0,0.0,1,63,1,0.0,0,6.0,1.0,1,1.0,7,1,0,1,1,0.0,0,1.0,0,70.0,87.0,60.0,240.0,2022
2,D,92.0,30.0,3.0,1.0,24,1.0,0.0,0.0,1,22,1,0.0,0,1.0,1.0,1,0.0,7,1,0,1,1,0.0,0,1.0,0,151.0,188.0,60.0,240.0,2022
3,D,24.0,39.0,5.0,1.0,77,1.0,1.0,3.0,1,81,1,0.0,0,5.0,1.0,1,0.0,7,1,0,1,1,3.0,0,2.0,0,108.0,135.0,0.0,240.0,2022
2,D,,21.0,2.0,1.0,72,1.0,0.0,0.0,1,77,1,0.0,0,1.0,1.0,1,0.0,7,0,1,3,0,0.0,0,1.0,0,135.0,168.0,0.0,240.0,2022
3,D,120.0,58.0,7.0,1.0,77,1.0,1.0,11.0,1,81,1,0.0,0,3.0,2.0,1,0.0,7,1,0,1,1,13.0,0,6.0,0,235.0,240.0,120.0,240.0,2022
1,D,180.0,57.0,7.0,1.0,50,1.0,1.0,3.0,1,56,1,0.0,0,5.0,1.0,1,0.0,7,1,0,1,1,3.0,0,2.0,0,180.0,180.0,180.0,480.0,2022
3,D,120.0,45.0,6.0,1.0,34,1.0,1.0,2.0,1,39,1,0.0,0,3.0,1.0,1,0.0,7,1,0,1,1,2.0,0,2.0,0,235.0,240.0,60.0,240.0,2022
2,D,12.03,22.0,2.0,1.0,21,1.0,1.0,0.0,1,18,1,0.0,0,3.0,1.0,1,0.0,7,1,0,1,1,0.0,0,1.0,0,97.0,121.0,0.0,240.0,2022
1,D,90.0,33.0,4.0,1.0,70,1.0,0.0,0.0,1,75,1,0.0,0,5.0,6.0,1,0.0,7,1,0,1,1,0.0,0,1.0,0,168.0,210.0,60.0,240.0,2022
5,D,240.0,22.0,2.0,1.0,22,1.0,1.0,0.0,1,19,1,0.0,0,3.0,1.0,1,0.0,7,1,0,1,1,0.0,0,1.0,0,240.0,240.0,60.0,240.0,2022
1,D,72.0,50.0,6.0,1.0,46,1.0,0.0,0.0,1,53,1,0.0,0,6.0,1.0,1,2.0,7,1,0,1,1,0.0,0,1.0,0,97.0,121.0,60.0,240.0,2022
6,D,97.0,29.0,3.0,1.0,79,1.0,0.0,0.0,1,83,1,0.0,0,3.0,1.0,1,0.0,7,1,0,1,1,0.0,0,1.0,0,135.0,168.0,0.0,240.0,2022
1,D,24.0,32.0,4.0,1.0,49,1.0,0.0,0.0,1,55,1,0.0,0,6.0,1.0,1,0.0,7,1,0,1,1,0.0,0,1.0,0,78.0,97.0,0.0,240.0,2022
3,D,120.0,57.0,7.0,1.0,52,1.0,1.0,10.0,1,58,1,0.0,0,5.0,1.0,1,0.0,7,1,0,1,1,12.0,0,5.0,0,235.0,240.0,60.0,240.0,2022
4,D,180.0,39.0,5.0,1.0,58,1.0,1.0,3.0,1,65,1,0.0,0,5.0,1.0,1,0.0,7,1,0,1,1,5.0,0,3.0,0,180.0,180.0,180.0,9996.0,2022
1,D,120.0,33.0,4.0,1.0,93,1.0,1.0,1.0,1,32,1,0.0,0,5.0,1.0,2,0.0,7,1,0,1,1,1.0,0,1.0,0,121.0,151.0,60.0,240.0,2022
4,D,120.0,41.0,6.0,1.0,56,1.0,1.0,6.0,1,63,1,0.0,0,5.0,2.0,1,1.0,7,1,0,1,1,8.0,0,4.0,0,120.0,120.0,120.0,240.0,2022
4,D,84.0,58.0,7.0,1.0,82,1.0,0.0,0.0,1,85,1,0.0,0,3.0,1.0,1,0.0,7,1,0,1,1,0.0,0,1.0,0,60.0,60.0,60.0,240.0,2022
5,D,60.0,31.0,4.0,1.0,36,1.0,0.0,0.0,1,42,2,0.0,0,5.0,3.0,1,2.0,7,1,0,1,1,0.0,0,1.0,0,151.0,188.0,60.0,240.0,2022
3,D,87.0,42.0,6.0,1.0,89,1.0,1.0,0.0,1,30,1,0.0,0,6.0,1.0,1,0.0,7,1,0,1,1,0.0,0,1.0,0,151.0,188.0,60.0,240.0,2022
6,C,1.0,33.0,4.0,1.0,37,1.0,0.0,0.0,1,43,1,0.0,0,1.0,1.0,1,1.0,8,1,0,2,1,0.0,0,1.0,0,10.0,16.0,0.0,60.0,2022
5,D,190.0,64.0,8.0,1.0,36,1.0,0.0,0.0,1,42,2,0.0,0,6.0,3.0,1,0.0,7,1,0,1,1,0.0,0,1.0,0,240.0,240.0,60.0,240.0,2022
6,D,121.0,39.0,5.0,1.0,33,1.0,0.0,0.0,1,40,1,0.0,0,5.0,1.0,1,5.0,7,1,0,1,1,0.0,0,1.0,0,97.0,121.0,0.0,240.0,2022
4,D,36.0,24.0,2.0,1.0,58,1.0,0.0,0.0,1,65,1,0.0,0,3.0,1.0,1,0.0,7,1,0,1,1,0.0,0,1.0,0,51.0,63.0,0.0,240.0,2022
4,D,42.0,50.0,6.0,1.0,58,1.0,1.0,4.0,1,65,2,0.0,0,5.0,3.0,1,0.0,7,1,0,1,1,4.0,0,3.0,0,97.0,121.0,0.0,240.0,2022
5,D,60.0,29.0,3.0,1.0,36,1.0,1.0,2.0,1,42,1,0.0,0,3.0,1.0,1,0.0,7,1,0,1,1,4.0,0,3.0,0,240.0,240.0,60.0,240.0,2022
4,D,18.0,72.0,8.0,1.0,53,1.0,1.0,0.0,1,60,1,0.0,0,6.0,1.0,1,0.0,7,1,0,1,1,0.0,0,1.0,0,37.0,46.0,0.0,120.0,2022
1,D,,63.0,8.0,1.0,93,1.0,1.0,0.0,1,32,1,1.0,0,6.0,1.0,1,0.0,7,0,1,3,0,0.0,0,1.0,0,78.0,97.0,0.0,240.0,2022
6,D,240.0,38.0,5.0,1.0,21,1.0,1.0,15.0,1,18,1,0.0,0,1.0,1.0,1,3.0,7,1,0,1,1,17.0,0,6.0,0,240.0,240.0,120.0,240.0,2022
2,D,70.0,33.0,4.0,1.0,21,1.0,1.0,0.0,1,18,1,0.0,0,5.0,1.0,1,0.0,7,1,0,1,1,0.0,0,1.0,0,151.0,188.0,60.0,240.0,2022
3,D,63.0,35.0,4.0,1.0,67,1.0,1.0,1.0,1,71,1,0.0,0,3.0,1.0,1,0.0,7,1,0,1,1,1.0,0,1.0,0,63.0,78.0,60.0,240.0,2022
1,D,24.0,67.0,8.0,1.0,10,1.0,0.0,0.0,1,8,1,0.0,0,5.0,1.0,1,0.0,7,1,0,1,1,0.0,0,1.0,0,78.0,97.0,0.0,240.0,2022
3,D,85.0,29.0,3.0,1.0,32,1.0,0.0,0.0,1,38,1,0.0,0,3.0,1.0,1,0.0,7,1,0,1,1,0.0,0,1.0,0,78.0,97.0,0.0,240.0,2022
8,D,210.0,51.0,7.0,1.0,89,1.0,1.0,0.0,1,30,2,0.0,0,5.0,3.0,2,1.0,7,1,0,1,1,0.0,0,1.0,0,210.0,262.0,60.0,240.0,2022
2,D,60.0,38.0,5.0,1.0,80,1.0,0.0,0.0,1,84,2,0.0,0,6.0,3.0,1,0.0,7,1,0,2,1,0.0,0,1.0,0,151.0,188.0,60.0,240.0,2022
3,D,240.0,33.0,4.0,1.0,36,1.0,0.0,0.0,1,42,2,0.0,0,3.0,3.0,1,0.0,7,1,0,1,1,0.0,0,1.0,0,240.0,240.0,60.0,240.0,2022
2,D,180.0,43.0,6.0,1.0,94,1.0,1.0,0.0,3,34,1,0.0,1,6.0,1.0,2,0.0,7,1,0,1,1,0.0,0,1.0,0,210.0,262.0,60.0,240.0,2023
6,D,48.0,35.0,4.0,1.0,59,1.0,1.0,0.0,1,66,0,0.0,0,3.0,1.0,1,2.0,7,1,0,1,1,0.0,0,1.0,0,78.0,97.0,0.0,240.0,2023
2,D,120.0,34.0,4.0,1.0,14,1.0,1.0,3.0,1,12,1,0.0,0,3.0,1.0,1,0.0,7,1,0,1,1,5.0,0,3.0,0,120.0,120.0,120.0,240.0,2023
1,D,144.0,58.0,7.0,1.0,45,1.0,1.0,0.0,1,51,1,0.0,0,6.0,1.0,3,0.0,7,1,0,1,1,0.0,0,1.0,0,168.0,210.0,60.0,240.0,2023
4,D,72.0,66.0,8.0,1.0,35,1.0,1.0,0.0,1,41,1,0.0,0,5.0,1.0,2,0.0,7,1,0,1,1,0.0,0,1.0,0,97.0,121.0,60.0,240.0,2023
1,D,70.0,43.0,6.0,1.0,75,1.0,1.0,0.0,1,79,2,0.0,0,5.0,3.0,2,0.0,7,1,0,1,1,0.0,0,1.0,0,78.0,97.0,0.0,240.0,2023
4,D,120.0,35.0,4.0,1.0,59,1.0,1.0,12.0,1,66,0,0.0,0,3.0,1.0,1,0.0,7,1,0,1,1,15.0,0,6.0,0,240.0,240.0,60.0,240.0,2023
1,D,240.0,64.0,8.0,1.0,66,1.0,1.0,6.0,1,72,1,0.0,0,5.0,1.0,1,0.0,7,1,0,1,1,8.0,0,4.0,0,235.0,293.0,180.0,480.0,2023
9,D,108.0,50.0,6.0,1.0,91,1.0,1.0,0.0,1,31,1,0.0,0,6.0,1.0,2,0.0,7,1,0,1,1,0.0,0,1.0,0,151.0,188.0,0.0,240.0,2023
5,D,20.0,29.0,3.0,1.0,20,1.0,1.0,0.0,1,17,1,0.0,0,5.0,2.0,1,0.0,7,1,0,1,1,0.0,0,1.0,0,78.0,97.0,0.0,240.0,2023
1,D,96.0,48.0,6.0,1.0,50,1.0,1.0,0.0,1,56,1,0.0,0,3.0,1.0,2,5.0,7,1,0,1,1,0.0,0,1.0,0,151.0,188.0,60.0,240.0,2023
1,D,132.0,45.0,6.0,1.0,4,1.0,1.0,0.0,1,2,1,0.0,0,6.0,1.0,2,0.0,7,1,0,1,1,0.0,0,1.0,0,121.0,151.0,0.0,120.0,2023
1,D,,33.0,4.0,1.0,6,1.0,1.0,0.0,1,3,1,0.0,0,6.0,1.0,1,0.0,7,0,1,4,0,0.0,0,1.0,0,37.0,46.0,0.0,120.0,2023
3,D,60.0,35.0,4.0,1.0,42,1.0,1.0,0.0,1,48,1,0.0,0,5.0,1.0,1,4.0,7,1,0,1,1,0.0,0,1.0,0,78.0,97.0,60.0,240.0,2023
2,D,108.0,35.0,4.0,1.0,39,1.0,1.0,1.0,1,45,1,0.0,0,6.0,1.0,1,1.0,7,1,0,1,1,1.0,0,1.0,0,151.0,188.0,60.0,240.0,2023
2,D,72.0,75.0,8.0,1.0,59,1.0,1.0,0.0,1,66,0,0.0,0,5.0,1.0,1,0.0,7,1,0,1,1,0.0,0,1.0,0,121.0,151.0,60.0,240.0,2023
4,D,120.0,26.0,3.0,1.0,59,1.0,1.0,2.0,1,66,0,0.0,0,3.0,1.0,1,0.0,7,1,0,1,1,2.0,0,2.0,0,120.0,135.0,120.0,240.0,2023
1,D,144.0,37.0,5.0,1.0,41,1.0,1.0,1.0,1,47,1,0.0,0,6.0,1.0,2,2.0,7,1,0,1,1,3.0,0,2.0,0,168.0,210.0,60.0,240.0,2023
6,D,108.0,43.0,6.0,1.0,33,1.0,1.0,0.0,1,40,1,0.0,0,1.0,2.0,1,0.0,7,1,0,1,1,0.0,0,1.0,0,97.0,121.0,0.0,240.0,2023
1,D,120.0,42.0,6.0,1.0,4,1.0,1.0,3.0,1,2,1,0.0,0,5.0,1.0,1,1.0,7,1,0,1,1,5.0,0,3.0,0,120.0,120.0,120.0,240.0,2023
1,D,102.0,46.0,6.0,1.0,94,1.0,1.0,3.0,1,34,1,0.0,0,5.0,1.0,1,0.0,7,1,0,1,1,5.0,0,3.0,0,97.0,121.0,0.0,240.0,2023
A,D,84.0,36.0,5.0,1.0,61,1.0,1.0,4.0,1,68,1,0.0,0,3.0,1.0,1,1.0,7,1,0,1,1,6.0,0,3.0,0,188.0,235.0,60.0,240.0,2023
1,D,60.0,29.0,3.0,1.0,17,1.0,0.0,0.0,1,15,1,0.0,0,1.0,1.0,1,0.0,7,1,0,1,1,0.0,0,1.0,0,121.0,151.0,60.0,240.0,2023
5,D,78.0,31.0,4.0,1.0,36,1.0,1.0,2.0,1,42,1,0.0,0,3.0,1.0,1,0.0,7,1,0,1,1,2.0,0,2.0,0,78.0,97.0,60.0,240.0,2023
3,C,0.03,40.0,5.0,1.0,90,3.0,1.0,0.0,1,29,2,0.0,0,1.0,3.0,4,3.0,8,1,0,1,1,0.0,0,1.0,0,12.0,18.0,0.0,60.0,2023
3,D,120.0,35.0,4.0,1.0,52,1.0,1.0,4.0,1,58,1,0.0,0,5.0,1.0,1,0.0,7,1,0,1,1,6.0,0,3.0,0,120.0,120.0,120.0,240.0,2023
8,D,78.0,62.0,8.0,1.0,60,1.0,0.0,0.0,1,67,1,0.0,0,3.0,1.0,1,0.0,7,1,0,1,1,0.0,0,1.0,0,78.0,97.0,60.0,240.0,2023
2,D,72.0,28.0,3.0,1.0,39,1.0,1.0,0.0,1,45,1,0.0,0,3.0,1.0,1,2.0,7,1,0,1,1,0.0,0,1.0,0,151.0,188.0,60.0,240.0,2023
2,D,120.0,28.0,3.0,1.0,64,1.0,0.0,0.0,1,70,1,0.0,0,1.0,6.0,1,2.0,7,1,0,1,1,0.0,0,1.0,0,151.0,188.0,60.0,240.0,2023
4,D,80.0,66.0,8.0,1.0,38,1.0,1.0,0.0,1,44,1,0.0,0,3.0,1.0,3,0.0,7,1,0,1,1,0.0,0,1.0,0,121.0,151.0,60.0,240.0,2023
2,D,12.03,28.0,3.0,1.0,2,1.0,0.0,0.0,1,0,0,0.0,0,5.0,1.0,1,1.0,7,1,0,1,1,0.0,0,1.0,0,37.0,46.0,0.0,240.0,2023
8,D,180.0,35.0,4.0,1.0,35,3.0,1.0,1.0,1,41,2,0.0,0,5.0,3.0,2,0.0,7,1,0,1,1,3.0,0,2.0,0,180.0,210.0,180.0,480.0,2023
5,D,82.0,57.0,7.0,1.0,54,1.0,1.0,0.0,1,61,1,0.0,0,3.0,1.0,2,0.0,7,1,0,1,1,0.0,0,1.0,0,121.0,151.0,60.0,240.0,2023
1,D,151.0,48.0,6.0,1.0,88,1.0,1.0,12.0,1,28,1,0.0,0,3.0,1.0,1,0.0,7,1,0,1,1,14.0,0,6.0,0,151.0,188.0,60.0,240.0,2023
4,D,144.0,31.0,4.0,1.0,59,1.0,1.0,0.0,1,66,1,0.0,0,3.0,1.0,2,0.0,7,1,0,1,1,0.0,0,1.0,0,210.0,262.0,60.0,240.0,2023
3,D,48.0,43.0,6.0,1.0,14,1.0,1.0,0.0,1,12,1,0.0,0,5.0,1.0,1,2.0,7,1,0,1,1,0.0,0,1.0,0,78.0,97.0,0.0,240.0,2023
2,D,48.0,24.0,2.0,1.0,64,1.0,0.0,0.0,1,70,1,0.0,0,6.0,1.0,1,0.0,7,1,0,1,1,0.0,0,1.0,0,78.0,97.0,0.0,240.0,2023
4,D,84.0,42.0,6.0,1.0,60,1.0,1.0,9.0,1,67,1,0.0,0,5.0,1.0,1,1.0,7,1,0,1,1,9.0,0,4.0,0,135.0,168.0,60.0,240.0,2023
2,D,36.0,48.0,6.0,1.0,24,1.0,0.0,0.0,1,22,1,0.0,0,5.0,1.0,1,1.0,7,1,0,1,1,0.0,0,1.0,0,78.0,97.0,0.0,240.0,2023
2,D,15.0,62.0,8.0,1.0,51,1.0,0.0,0.0,1,57,1,0.0,0,1.0,1.0,2,1.0,8,1,0,1,1,0.0,0,1.0,0,37.0,46.0,0.0,60.0,2023
3,D,60.0,41.0,6.0,1.0,7,1.0,0.0,0.0,1,5,1,0.0,0,6.0,1.0,1,3.0,7,1,0,1,1,0.0,0,1.0,0,87.0,108.0,60.0,240.0,2023
4,D,84.0,29.0,3.0,1.0,58,2.0,1.0,0.0,1,65,1,0.0,0,5.0,6.0,1,0.0,7,1,0,1,1,0.0,0,1.0,0,97.0,120.0,0.0,120.0,2023
1,D,70.0,27.0,3.0,1.0,46,1.0,1.0,0.0,1,53,1,0.0,0,6.0,1.0,3,0.0,7,1,0,1,1,0.0,0,1.0,0,108.0,135.0,60.0,240.0,2023
C,D,108.0,38.0,5.0,1.0,46,1.0,1.0,6.0,1,53,1,0.0,0,3.0,1.0,6,0.0,7,1,0,1,1,6.0,0,3.0,0,168.0,210.0,60.0,240.0,2023
1,D,72.0,32.0,4.0,1.0,55,1.0,0.0,0.0,1,62,1,0.0,0,5.0,1.0,1,0.0,7,1,0,1,1,0.0,0,1.0,0,151.0,188.0,60.0,240.0,2023
8,D,120.0,59.0,7.0,1.0,89,1.0,1.0,0.0,1,30,1,0.0,0,6.0,1.0,1,0.0,7,1,0,1,1,0.0,0,1.0,0,151.0,188.0,60.0,240.0,2023
4,D,,29.0,3.0,1.0,59,1.0,1.0,0.0,1,66,1,1.0,0,6.0,1.0,1,1.0,7,0,1,4,0,0.0,0,1.0,0,51.0,63.0,0.0,240.0,2023
6,D,66.0,37.0,5.0,1.0,89,1.0,0.0,0.0,1,30,1,0.0,0,5.0,1.0,1,0.0,7,1,0,1,1,0.0,0,1.0,0,97.0,121.0,60.0,240.0,2023
3,D,48.0,32.0,4.0,1.0,42,1.0,0.0,0.0,1,48,1,0.0,0,5.0,1.0,1,2.0,7,1,0,1,1,0.0,0,1.0,0,97.0,120.0,0.0,120.0,2023
1,D,60.0,50.0,6.0,1.0,50,1.0,1.0,0.0,1,56,1,0.0,0,6.0,1.0,1,0.0,7,1,0,1,1,0.0,0,1.0,0,78.0,97.0,60.0,240.0,2023
1,D,,36.0,5.0,1.0,10,1.0,1.0,0.0,1,8,2,0.0,0,6.0,3.0,1,0.0,7,0,1,4,0,0.0,0,1.0,0,70.0,87.0,0.0,240.0,2023
4,D,52.0,54.0,7.0,1.0,57,1.0,0.0,0.0,1,64,1,0.0,0,3.0,1.0,1,0.0,7,1,0,1,1,0.0,0,1.0,0,78.0,97.0,0.0,240.0,2023
1,D,41.0,37.0,5.0,1.0,46,1.0,1.0,0.0,1,53,1,0.0,0,5.0,1.0,1,0.0,7,1,0,1,1,0.0,0,1.0,0,51.0,63.0,0.0,240.0,2023
3,D,120.0,73.0,8.0,1.0,41,1.0,1.0,0.0,1,47,1,0.0,0,3.0,1.0,1,0.0,7,1,0,1,1,0.0,0,1.0,0,63.0,78.0,0.0,240.0,2023
2,D,1200.0,60.0,7.0,1.0,15,1.0,1.0,4.0,1,13,1,0.0,0,3.0,1.0,4,0.0,7,1,0,1,1,4.0,0,3.0,0,1200.0,1200.0,180.0,360.0,2023
5,D,200.0,26.0,3.0,1.0,89,1.0,1.0,1.0,1,30,1,0.0,0,1.0,1.0,2,0.0,7,1,0,1,1,3.0,0,2.0,0,235.0,293.0,60.0,240.0,2023
5,D,188.0,26.0,3.0,1.0,34,1.0,1.0,1.0,1,39,2,0.0,0,1.0,3.0,1,0.0,7,1,0,1,1,1.0,0,1.0,0,151.0,188.0,60.0,240.0,2023
2,D,60.0,47.0,6.0,1.0,76,1.0,1.0,0.0,1,80,1,0.0,0,5.0,1.0,1,0.0,7,1,0,1,1,0.0,0,1.0,0,151.0,188.0,60.0,240.0,2023
3,D,60.0,21.0,2.0,1.0,52,1.0,1.0,0.0,1,58,1,0.0,0,5.0,1.0,1,0.0,7,1,0,1,1,0.0,0,1.0,0,151.0,188.0,60.0,240.0,2023
1,D,60.0,41.0,6.0,1.0,11,1.0,0.0,0.0,1,9,1,0.0,0,5.0,1.0,1,0.0,7,1,0,1,1,0.0,0,1.0,0,60.0,60.0,60.0,240.0,2023
5,D,60.0,57.0,7.0,1.0,37,1.0,1.0,4.0,1,43,1,0.0,0,5.0,1.0,2,0.0,8,1,0,1,1,6.0,0,3.0,0,51.0,63.0,0.0,60.0,2023
4,D,168.0,29.0,3.0,1.0,59,1.0,1.0,8.0,1,66,0,0.0,0,3.0,1.0,1,0.0,7,1,0,1,1,10.0,0,5.0,0,188.0,235.0,60.0,240.0,2023
2,D,120.0,56.0,7.0,1.0,77,1.0,1.0,3.0,1,81,1,0.0,0,5.0,1.0,1,0.0,7,1,0,1,1,5.0,0,3.0,0,135.0,168.0,120.0,9996.0,2023
2,D,0.03,24.0,2.0,1.0,77,1.0,1.0,0.0,1,81,1,0.0,0,5.0,2.0,1,0.0,7,1,0,1,1,0.0,0,1.0,0,87.0,108.0,0.0,240.0,2023
3,D,195.0,47.0,6.0,1.0,34,1.0,1.0,15.0,1,39,1,0.0,0,6.0,1.0,1,0.0,7,1,0,1,1,15.0,0,6.0,0,180.0,210.0,180.0,480.0,2023
4,D,240.0,43.0,6.0,1.0,34,1.0,1.0,3.0,1,39,1,0.0,0,3.0,1.0,1,0.0,7,1,0,1,1,3.0,0,2.0,0,235.0,293.0,180.0,480.0,2023
1,D,96.0,29.0,3.0,1.0,50,1.0,1.0,4.0,1,56,1,0.0,0,1.0,1.0,3,0.0,7,1,0,1,1,4.0,0,3.0,0,121.0,151.0,60.0,240.0,2023
5,D,36.0,64.0,8.0,1.0,62,1.0,1.0,0.0,1,69,1,0.0,0,6.0,1.0,1,0.0,7,1,0,1,1,0.0,0,1.0,0,70.0,87.0,0.0,120.0,2023
1,D,42.0,24.0,2.0,1.0,1,1.0,0.0,0.0,1,90,2,0.0,0,5.0,3.0,1,0.0,7,1,0,1,1,0.0,0,1.0,0,78.0,97.0,0.0,240.0,2023
2,C,,39.0,5.0,1.0,86,1.0,1.0,0.0,1,27,1,1.0,0,3.0,1.0,1,3.0,8,0,1,3,0,0.0,0,1.0,0,10.0,16.0,0.0,60.0,2023
2,B,,24.0,2.0,1.0,86,1.0,0.0,0.0,1,27,1,1.0,0,5.0,1.0,1,0.0,8,0,1,4,0,0.0,0,1.0,0,6.0,12.0,0.0,60.0,2023
2,D,84.0,29.0,3.0,1.0,30,1.0,1.0,3.0,1,36,1,0.0,0,5.0,1.0,2,0.0,7,1,0,1,1,5.0,0,3.0,0,70.0,87.0,0.0,60.0,2023
2,B,,34.0,4.0,1.0,86,1.0,0.0,0.0,1,27,1,0.0,0,1.0,1.0,2,1.0,8,0,1,4,0,0.0,0,1.0,0,8.0,14.0,0.0,60.0,2023
3,D,60.0,55.0,7.0,1.0,90,1.0,1.0,0.0,1,29,1,0.0,0,6.0,1.0,1,5.0,7,1,0,1,1,0.0,0,1.0,0,97.0,121.0,60.0,240.0,2023
2,D,72.0,23.0,2.0,1.0,17,1.0,0.0,0.0,1,15,1,0.0,0,5.0,1.0,1,0.0,7,1,0,1,1,0.0,0,1.0,0,108.0,135.0,60.0,240.0,2023
4,D,120.0,38.0,5.0,1.0,59,1.0,0.0,0.0,1,66,0,0.0,0,3.0,6.0,1,0.0,7,1,0,1,1,0.0,0,1.0,0,210.0,240.0,60.0,240.0,2023
4,D,180.0,32.0,4.0,1.0,59,1.0,1.0,0.0,1,66,0,0.0,0,3.0,1.0,1,1.0,7,1,0,1,1,0.0,0,1.0,0,210.0,262.0,60.0,480.0,2023
3,D,60.0,34.0,4.0,1.0,16,1.0,0.0,0.0,1,14,1,0.0,0,1.0,1.0,1,0.0,7,1,0,1,1,0.0,0,1.0,0,151.0,188.0,60.0,240.0,2023
4,D,97.0,25.0,2.0,1.0,56,1.0,0.0,0.0,1,63,1,0.0,0,5.0,1.0,1,0.0,7,1,0,1,1,0.0,0,1.0,0,78.0,97.0,0.0,240.0,2023
3,D,240.0,38.0,5.0,1.0,34,1.0,1.0,15.0,1,39,1,0.0,0,3.0,1.0,1,2.0,7,1,0,1,1,17.0,0,6.0,0,240.0,240.0,0.0,240.0,2023
1,D,30.0,26.0,3.0,1.0,1,1.0,0.0,0.0,1,90,1,0.0,0,3.0,2.0,1,0.0,7,1,0,1,1,0.0,0,1.0,0,46.0,57.0,0.0,240.0,2023
4,D,260.0,65.0,8.0,1.0,56,1.0,1.0,8.0,1,63,1,0.0,0,5.0,1.0,1,0.0,7,1,0,1,1,10.0,0,5.0,0,235.0,293.0,180.0,480.0,2023
2,D,84.0,21.0,2.0,1.0,24,1.0,1.0,0.0,1,22,1,0.0,0,5.0,1.0,1,0.0,7,1,0,1,1,0.0,0,1.0,0,168.0,210.0,60.0,240.0,2023
1,D,120.0,46.0,6.0,1.0,8,1.0,1.0,0.0,1,7,1,0.0,0,5.0,1.0,1,0.0,7,1,0,1,1,0.0,0,1.0,0,120.0,120.0,120.0,240.0,2023
4,D,108.0,61.0,8.0,1.0,35,1.0,0.0,0.0,1,41,1,0.0,0,6.0,1.0,2,0.0,7,1,0,1,1,0.0,0,1.0,0,210.0,262.0,60.0,240.0,2023
2,D,60.0,53.0,7.0,1.0,65,1.0,1.0,0.0,1,73,1,0.0,0,6.0,1.0,1,0.0,7,1,0,1,1,0.0,0,1.0,0,151.0,188.0,60.0,240.0,2023
3,D,0.03,47.0,6.0,1.0,34,1.0,1.0,7.0,1,39,1,1.0,0,5.0,2.0,1,0.0,8,1,0,1,1,9.0,0,4.0,0,21.0,27.0,0.0,60.0,2023
2,D,54.0,55.0,7.0,1.0,27,1.0,1.0,0.0,3,25,1,0.0,1,6.0,1.0,1,1.0,7,1,0,1,1,0.0,0,1.0,0,108.0,135.0,0.0,240.0,2023
2,D,80.0,27.0,3.0,1.0,39,1.0,1.0,0.0,1,45,1,1.0,0,5.0,1.0,1,0.0,7,1,0,1,1,0.0,0,1.0,0,240.0,240.0,60.0,240.0,2023
2,D,126.0,49.0,6.0,1.0,76,1.0,0.0,0.0,1,80,1,0.0,0,6.0,1.0,1,2.0,7,1,0,1,1,0.0,0,1.0,0,108.0,135.0,0.0,240.0,2023
3,D,125.0,47.0,6.0,1.0,44,1.0,1.0,6.0,1,50,1,0.0,0,3.0,1.0,1,0.0,7,1,0,1,1,8.0,0,4.0,0,120.0,125.0,120.0,240.0,2023
1,D,120.0,34.0,4.0,1.0,39,1.0,1.0,4.0,1,45,1,0.0,0,3.0,1.0,1,2.0,7,1,0,1,1,4.0,0,3.0,0,120.0,121.0,120.0,240.0,2023
2,D,33.0,28.0,3.0,1.0,73,1.0,0.0,0.0,1,78,1,0.0,0,1.0,1.0,1,0.0,7,1,0,1,1,0.0,0,1.0,0,78.0,97.0,0.0,240.0,2023
1,D,84.0,33.0,4.0,1.0,9,1.0,0.0,0.0,1,6,1,0.0,0,3.0,1.0,2,0.0,7,1,0,1,1,0.0,0,1.0,0,97.0,121.0,60.0,240.0,2023
3,D,210.0,30.0,3.0,1.0,56,2.0,0.0,0.0,1,63,1,0.0,0,6.0,6.0,1,0.0,7,1,0,1,1,0.0,0,1.0,0,210.0,240.0,60.0,240.0,2023
2,D,63.0,38.0,5.0,1.0,45,1.0,1.0,1.0,3,51,1,0.0,1,5.0,2.0,1,4.0,7,1,0,1,1,1.0,0,1.0,0,51.0,63.0,0.0,240.0,2023
1,D,180.0,35.0,4.0,1.0,50,1.0,1.0,6.0,1,56,1,0.0,0,5.0,1.0,1,0.0,7,1,0,1,1,8.0,0,4.0,0,180.0,188.0,180.0,480.0,2023
1,D,188.0,41.0,6.0,1.0,40,1.0,1.0,3.0,1,46,1,0.0,0,1.0,1.0,1,2.0,7,1,0,1,1,3.0,0,2.0,0,180.0,188.0,180.0,480.0,2023
4,D,33.0,39.0,5.0,1.0,58,1.0,1.0,34.0,1,65,1,0.0,0,5.0,2.0,1,1.0,8,1,0,1,1,36.0,0,6.0,0,30.0,37.0,0.0,60.0,2023
2,D,121.0,54.0,7.0,1.0,37,1.0,1.0,3.0,1,43,1,0.0,0,6.0,1.0,1,1.0,7,1,0,1,1,5.0,0,3.0,0,120.0,121.0,120.0,240.0,2023
1,D,162.0,46.0,6.0,1.0,75,1.0,1.0,1.0,1,79,1,0.0,0,3.0,1.0,2,1.0,7,1,0,1,1,1.0,0,1.0,0,151.0,188.0,60.0,240.0,2023
8,D,262.0,31.0,4.0,1.0,89,1.0,1.0,0.0,1,30,1,0.0,0,6.0,1.0,3,0.0,7,1,0,1,1,0.0,0,1.0,0,840.0,840.0,180.0,360.0,2023
5,D,136.0,31.0,4.0,1.0,37,1.0,1.0,0.0,1,43,1,0.0,0,1.0,1.0,1,0.0,7,1,0,1,1,0.0,0,1.0,0,151.0,188.0,60.0,240.0,2023
3,D,120.0,36.0,5.0,1.0,90,1.0,1.0,0.0,1,29,1,0.0,0,5.0,1.0,1,0.0,7,1,0,1,1,0.0,0,1.0,0,151.0,188.0,60.0,240.0,2023
4,D,48.0,57.0,7.0,1.0,58,1.0,0.0,0.0,1,65,1,0.0,0,6.0,1.0,1,2.0,7,1,0,2,1,0.0,0,1.0,0,24.0,30.0,0.0,120.0,2023
2,D,144.0,57.0,7.0,1.0,84,1.0,1.0,9.0,1,88,1,0.0,0,5.0,1.0,1,0.0,7,1,0,1,1,11.0,0,5.0,0,130.0,162.0,120.0,240.0,2023
2,B,,58.0,7.0,1.0,14,1.0,1.0,0.0,1,12,1,0.0,0,5.0,1.0,1,0.0,8,0,1,4,0,0.0,0,1.0,0,6.0,12.0,0.0,60.0,2023
2,D,60.0,33.0,4.0,1.0,65,1.0,0.0,0.0,1,73,2,0.0,0,5.0,3.0,2,0.0,7,1,0,1,1,0.0,0,1.0,0,78.0,97.0,0.0,240.0,2023
4,D,120.0,28.0,3.0,1.0,57,1.0,1.0,11.0,1,64,1,0.0,0,5.0,1.0,2,0.0,7,1,0,1,1,13.0,0,6.0,0,140.0,175.0,120.0,240.0,2023
1,D,135.0,27.0,3.0,1.0,58,1.0,1.0,4.0,1,65,1,0.0,0,1.0,1.0,1,0.0,7,1,0,1,1,4.0,0,3.0,0,135.0,168.0,60.0,240.0,2023
6,D,240.0,31.0,4.0,1.0,34,1.0,0.0,0.0,1,39,1,0.0,0,5.0,1.0,1,1.0,7,1,0,1,1,0.0,0,1.0,0,240.0,240.0,60.0,240.0,2023
4,D,210.0,31.0,4.0,1.0,36,1.0,0.0,0.0,3,42,1,0.0,1,5.0,1.0,9,0.0,7,1,0,1,1,0.0,0,1.0,0,210.0,262.0,60.0,240.0,2023
0,D,84.0,75.0,8.0,1.0,91,1.0,1.0,0.0,1,31,1,0.0,0,5.0,1.0,1,0.0,7,1,0,1,1,0.0,0,1.0,0,135.0,168.0,0.0,240.0,2023
4,D,174.0,28.0,3.0,1.0,35,1.0,1.0,0.0,1,41,1,0.0,0,1.0,1.0,2,0.0,7,1,0,1,1,0.0,0,1.0,0,151.0,188.0,60.0,240.0,2023
1,D,224.0,40.0,5.0,1.0,40,1.0,1.0,3.0,1,46,1,0.0,0,3.0,1.0,1,0.0,7,1,0,1,1,3.0,0,2.0,0,324.0,405.0,180.0,480.0,2023
1,D,0.03,53.0,7.0,1.0,10,1.0,1.0,0.0,1,8,1,0.0,0,6.0,1.0,1,0.0,7,1,0,1,1,0.0,0,1.0,0,97.0,121.0,0.0,240.0,2023
1,D,63.0,39.0,5.0,1.0,3,3.0,0.0,0.0,1,1,1,0.0,0,1.0,1.0,2,2.0,7,1,0,1,1,0.0,0,1.0,0,151.0,188.0,0.0,240.0,2023
5,D,120.0,74.0,8.0,1.0,20,1.0,1.0,3.0,1,17,1,0.0,0,6.0,1.0,1,0.0,7,1,0,1,1,3.0,0,2.0,0,120.0,120.0,120.0,240.0,2023
2,D,120.0,64.0,8.0,1.0,77,1.0,1.0,3.0,1,81,1,0.0,0,6.0,1.0,1,0.0,7,1,0,1,1,5.0,0,3.0,0,121.0,151.0,120.0,240.0,2023
8,D,188.0,51.0,7.0,1.0,60,1.0,1.0,3.0,1,67,1,0.0,0,5.0,1.0,1,0.0,7,1,0,1,1,3.0,0,2.0,0,151.0,188.0,120.0,240.0,2023
1,D,37.0,31.0,4.0,1.0,36,2.0,0.0,0.0,1,42,2,0.0,0,5.0,3.0,1,0.0,7,1,0,1,1,0.0,0,1.0,0,78.0,97.0,0.0,240.0,2023
2,D,72.0,47.0,6.0,1.0,24,1.0,1.0,0.0,1,22,1,0.0,0,5.0,1.0,1,0.0,7,1,0,1,1,0.0,0,1.0,0,151.0,188.0,60.0,240.0,2023
4,D,60.0,19.0,1.0,1.0,90,1.0,0.0,0.0,1,29,1,0.0,0,5.0,1.0,1,0.0,7,1,0,1,1,0.0,0,1.0,0,97.0,121.0,60.0,240.0,2023
1,D,51.0,38.0,5.0,1.0,71,1.0,1.0,0.0,1,76,1,0.0,0,5.0,1.0,1,0.0,7,1,0,1,1,0.0,0,1.0,0,63.0,78.0,0.0,240.0,2023
2,D,84.0,28.0,3.0,1.0,84,1.0,1.0,7.0,1,88,1,0.0,0,1.0,1.0,1,0.0,7,1,0,1,1,9.0,0,4.0,0,120.0,137.0,120.0,240.0,2023
3,D,7.56,29.0,3.0,1.0,68,1.0,1.0,11.0,1,74,1,1.0,0,5.0,2.0,1,,8,1,0,1,1,13.0,0,6.0,0,24.0,30.0,0.0,60.0,2023
3,D,48.0,27.0,3.0,1.0,23,1.0,1.0,2.0,1,20,1,0.0,0,5.0,1.0,1,0.0,7,1,0,1,1,2.0,0,2.0,0,41.0,51.0,0.0,240.0,2023
3,D,78.0,65.0,8.0,1.0,22,1.0,1.0,0.0,1,19,1,0.0,0,5.0,2.0,1,,7,1,0,1,1,0.0,0,1.0,0,78.0,97.0,0.0,240.0,2023
2,D,41.0,41.0,6.0,1.0,85,1.0,1.0,0.0,1,89,1,0.0,0,5.0,1.0,1,0.0,7,1,0,1,1,0.0,0,1.0,0,97.0,121.0,0.0,240.0,2023
3,D,180.0,59.0,7.0,1.0,50,1.0,1.0,1.0,1,56,1,0.0,0,5.0,1.0,5,0.0,7,1,0,1,1,1.0,0,1.0,0,180.0,180.0,180.0,480.0,2023
1,D,60.0,25.0,2.0,1.0,93,1.0,1.0,0.0,1,32,2,0.0,0,1.0,3.0,1,0.0,7,1,0,1,1,0.0,0,1.0,0,78.0,97.0,0.0,240.0,2023
3,D,41.0,38.0,5.0,1.0,68,1.0,0.0,0.0,1,74,2,0.0,0,5.0,3.0,1,,7,1,0,1,1,0.0,0,1.0,0,78.0,97.0,0.0,240.0,2023
1,D,120.0,72.0,8.0,1.0,91,4.0,1.0,0.0,1,31,2,0.0,0,3.0,3.0,1,0.0,7,1,0,1,1,0.0,0,1.0,0,120.0,120.0,120.0,240.0,2023
1,C,25.82,51.0,7.0,1.0,1,1.0,1.0,0.0,1,90,1,0.0,0,5.0,2.0,1,11.0,8,1,0,1,1,0.0,0,1.0,0,10.0,16.0,0.0,60.0,2023
1,D,151.0,36.0,5.0,1.0,50,1.0,1.0,1.0,1,56,1,0.0,0,5.0,1.0,1,0.0,7,1,0,1,1,1.0,0,1.0,0,151.0,188.0,60.0,240.0,2023
2,D,300.0,65.0,8.0,1.0,15,1.0,1.0,0.0,1,13,1,0.0,0,3.0,1.0,3,0.0,7,1,0,1,1,0.0,0,1.0,0,262.0,327.0,60.0,240.0,2023
2,D,0.03,44.0,6.0,1.0,76,1.0,0.0,0.0,1,80,1,0.0,0,3.0,1.0,1,0.0,7,1,0,1,1,0.0,0,1.0,0,97.0,121.0,0.0,240.0,2023
2,D,0.03,29.0,3.0,1.0,15,1.0,0.0,0.0,1,13,2,0.0,0,3.0,3.0,1,0.0,7,1,0,2,1,0.0,0,1.0,0,57.0,71.0,0.0,240.0,2023
6,D,600.0,30.0,3.0,1.0,89,1.0,1.0,2.0,1,30,2,0.0,0,5.0,3.0,3,0.0,7,1,0,1,1,2.0,0,2.0,0,960.0,960.0,180.0,360.0,2023
3,D,60.0,38.0,5.0,1.0,5,1.0,0.0,0.0,1,4,2,0.0,0,6.0,3.0,1,2.0,7,1,0,1,1,0.0,0,1.0,0,78.0,97.0,60.0,240.0,2023
1,D,120.0,37.0,5.0,1.0,39,1.0,1.0,4.0,1,45,1,0.0,0,5.0,1.0,1,1.0,7,1,0,1,1,6.0,0,3.0,0,120.0,121.0,120.0,240.0,2023
4,D,60.0,22.0,2.0,1.0,56,1.0,0.0,0.0,1,63,1,0.0,0,3.0,1.0,1,0.0,7,1,0,1,1,0.0,0,1.0,0,97.0,121.0,0.0,240.0,2023
4,D,132.0,56.0,7.0,1.0,20,1.0,1.0,3.0,1,17,1,0.0,0,3.0,1.0,1,0.0,7,1,0,1,1,3.0,0,2.0,0,120.0,135.0,120.0,240.0,2023
1,D,18.0,43.0,6.0,1.0,9,1.0,1.0,0.0,1,6,1,0.0,0,5.0,1.0,1,0.0,7,1,0,1,1,0.0,0,1.0,0,78.0,97.0,0.0,240.0,2023
2,D,120.0,44.0,6.0,1.0,86,1.0,1.0,3.0,1,27,1,0.0,0,3.0,1.0,1,0.0,7,1,0,1,1,5.0,0,3.0,0,120.0,121.0,120.0,240.0,2023
4,D,52.0,26.0,3.0,1.0,58,1.0,0.0,0.0,1,65,1,0.0,0,6.0,1.0,1,0.0,7,1,0,1,1,0.0,0,1.0,0,70.0,87.0,0.0,120.0,2023
8,D,87.0,32.0,4.0,1.0,60,1.0,1.0,3.0,1,67,2,0.0,0,1.0,3.0,1,0.0,7,1,0,1,1,3.0,0,2.0,0,168.0,210.0,60.0,240.0,2023
1,D,46.0,48.0,6.0,1.0,71,1.0,1.0,0.0,1,76,1,0.0,0,3.0,1.0,1,1.0,7,1,0,1,1,0.0,0,1.0,0,51.0,63.0,0.0,240.0,2023
3,D,150.0,25.0,2.0,1.0,61,1.0,1.0,0.0,1,68,1,0.0,0,1.0,1.0,1,0.0,7,1,0,1,1,0.0,0,1.0,0,210.0,240.0,60.0,240.0,2023
3,D,120.0,50.0,6.0,1.0,27,1.0,1.0,0.0,1,25,1,0.0,0,3.0,1.0,1,0.0,7,1,0,1,1,0.0,0,1.0,0,78.0,97.0,0.0,240.0,2023
1,D,78.0,50.0,6.0,1.0,9,1.0,0.0,0.0,1,6,1,0.0,0,6.0,1.0,2,0.0,7,1,0,1,1,0.0,0,1.0,0,78.0,97.0,60.0,240.0,2023
1,D,55.0,39.0,5.0,1.0,62,1.0,1.0,4.0,1,69,1,0.0,0,3.0,1.0,1,4.0,7,1,0,1,1,4.0,0,3.0,0,51.0,63.0,0.0,240.0,2023
2,D,37.0,37.0,5.0,1.0,17,1.0,1.0,0.0,1,15,1,0.0,0,3.0,1.0,1,1.0,7,1,0,1,1,0.0,0,1.0,0,37.0,46.0,0.0,240.0,2023
4,D,188.0,30.0,3.0,1.0,62,1.0,1.0,10.0,1,69,1,0.0,0,3.0,1.0,1,0.0,7,1,0,1,1,12.0,0,5.0,0,235.0,240.0,60.0,240.0,2023
4,D,120.0,29.0,3.0,1.0,35,1.0,1.0,1.0,1,41,2,0.0,0,5.0,3.0,2,0.0,7,1,0,1,1,3.0,0,2.0,0,120.0,120.0,120.0,240.0,2023
8,D,0.85,26.0,3.0,1.0,35,1.0,0.0,0.0,1,41,2,1.0,0,3.0,3.0,1,0.0,7,1,0,1,1,0.0,0,1.0,0,70.0,87.0,0.0,240.0,2023
5,D,96.0,37.0,5.0,1.0,54,1.0,1.0,5.0,1,61,1,0.0,0,3.0,1.0,1,0.0,7,1,0,1,1,7.0,0,4.0,0,135.0,168.0,60.0,480.0,2023
1,D,72.0,62.0,8.0,1.0,11,1.0,0.0,0.0,1,9,0,0.0,0,6.0,1.0,1,0.0,7,1,0,1,1,0.0,0,1.0,0,78.0,97.0,0.0,240.0,2023
9,D,50.0,34.0,4.0,1.0,91,1.0,0.0,0.0,1,31,1,0.0,0,6.0,1.0,1,0.0,7,1,0,1,1,0.0,0,1.0,0,78.0,97.0,0.0,240.0,2023
3,D,78.0,40.0,5.0,1.0,5,1.0,1.0,0.0,1,4,2,0.0,0,3.0,3.0,1,0.0,7,1,0,1,1,0.0,0,1.0,0,97.0,121.0,0.0,240.0,2023
3,D,180.0,63.0,8.0,1.0,50,1.0,1.0,3.0,1,56,1,0.0,0,3.0,1.0,2,0.0,7,1,0,1,1,3.0,0,2.0,0,180.0,188.0,0.0,120.0,2023
3,D,300.0,43.0,6.0,1.0,68,1.0,1.0,3.0,3,74,1,0.0,1,3.0,1.0,2,0.0,7,1,0,1,1,5.0,0,3.0,0,180.0,210.0,180.0,480.0,2023
1,D,2.0,46.0,6.0,1.0,47,1.0,0.0,0.0,1,52,1,0.0,0,6.0,1.0,1,0.0,7,1,0,1,1,0.0,0,1.0,0,24.0,30.0,0.0,120.0,2023
1,D,109.0,35.0,4.0,1.0,80,1.0,1.0,0.0,1,84,2,0.0,0,5.0,3.0,1,0.0,7,1,0,1,1,0.0,0,1.0,0,97.0,121.0,0.0,240.0,2023
2,D,45.0,39.0,5.0,1.0,35,1.0,1.0,0.0,1,41,2,0.0,0,5.0,3.0,1,1.0,7,1,0,1,1,0.0,0,1.0,0,78.0,97.0,0.0,240.0,2023
3,D,180.0,43.0,6.0,1.0,48,1.0,1.0,7.0,1,54,1,0.0,0,1.0,1.0,1,1.0,7,1,0,1,1,7.0,0,5.0,0,180.0,210.0,180.0,480.0,2023
2,D,72.0,35.0,4.0,1.0,45,1.0,1.0,0.0,1,51,1,0.0,0,5.0,1.0,2,0.0,7,1,0,1,1,0.0,0,1.0,0,87.0,108.0,60.0,240.0,2023
1,D,120.0,33.0,4.0,1.0,6,1.0,1.0,8.0,1,3,1,0.0,0,5.0,1.0,1,0.0,7,1,0,1,1,10.0,0,5.0,0,120.0,120.0,120.0,240.0,2023
4,D,87.0,37.0,5.0,1.0,58,1.0,1.0,3.0,1,65,1,0.0,0,1.0,1.0,1,2.0,7,1,0,1,1,3.0,0,2.0,0,87.0,108.0,0.0,120.0,2023
1,D,102.0,50.0,6.0,1.0,41,1.0,1.0,0.0,1,47,1,0.0,0,5.0,1.0,2,0.0,7,1,0,1,1,0.0,0,1.0,0,151.0,188.0,60.0,240.0,2023
6,D,180.0,40.0,5.0,1.0,72,1.0,0.0,0.0,3,77,1,0.0,1,5.0,1.0,8,0.0,7,1,0,1,1,0.0,0,1.0,0,210.0,262.0,60.0,240.0,2023
2,D,121.0,36.0,5.0,1.0,39,1.0,1.0,1.0,1,45,1,0.0,0,3.0,1.0,1,0.0,7,1,0,1,1,3.0,0,2.0,0,120.0,135.0,120.0,240.0,2023
2,D,74.0,22.0,2.0,1.0,39,1.0,0.0,0.0,1,45,1,0.0,0,5.0,1.0,2,0.0,7,1,0,1,1,0.0,0,1.0,0,151.0,188.0,60.0,240.0,2023
1,D,240.0,47.0,6.0,1.0,50,1.0,1.0,1.0,1,56,1,0.0,0,3.0,1.0,1,5.0,7,1,0,1,1,1.0,0,1.0,0,240.0,240.0,60.0,240.0,2023
0,D,78.0,24.0,2.0,1.0,33,1.0,0.0,0.0,1,40,2,0.0,0,5.0,3.0,1,0.0,7,1,0,1,1,0.0,0,1.0,0,97.0,121.0,0.0,240.0,2023
3,C,12.03,36.0,5.0,1.0,29,1.0,1.0,1.0,1,96,1,0.0,0,5.0,2.0,1,0.0,8,1,0,1,1,1.0,0,1.0,0,12.0,18.0,0.0,60.0,2023
1,D,87.0,50.0,6.0,1.0,41,1.0,1.0,2.0,1,47,1,0.0,0,6.0,1.0,1,0.0,7,1,0,1,1,4.0,0,3.0,0,70.0,87.0,0.0,240.0,2023
6,D,120.0,34.0,4.0,1.0,59,1.0,1.0,3.0,1,66,0,0.0,0,3.0,1.0,1,0.0,7,1,0,1,1,5.0,0,3.0,0,120.0,120.0,120.0,240.0,2023
1,D,120.0,23.0,2.0,1.0,1,1.0,0.0,0.0,1,90,2,0.0,0,3.0,3.0,1,0.0,7,1,0,1,1,0.0,0,1.0,0,151.0,188.0,60.0,240.0,2023
4,D,144.0,68.0,8.0,1.0,58,1.0,0.0,0.0,1,65,1,0.0,0,6.0,1.0,1,3.0,7,1,0,1,1,0.0,0,1.0,0,108.0,135.0,0.0,240.0,2023
1,D,235.0,58.0,7.0,1.0,9,1.0,1.0,9.0,1,6,1,0.0,0,3.0,1.0,2,0.0,7,1,0,1,1,11.0,0,5.0,0,235.0,293.0,180.0,480.0,2023
6,D,180.0,47.0,6.0,1.0,36,1.0,1.0,6.0,1,42,1,0.0,0,3.0,1.0,1,0.0,7,1,0,1,1,6.0,0,3.0,0,120.0,121.0,120.0,240.0,2023
1,D,84.0,35.0,4.0,1.0,24,1.0,1.0,0.0,1,22,1,0.0,0,5.0,1.0,2,0.0,7,1,0,1,1,0.0,0,1.0,0,121.0,151.0,60.0,240.0,2023
5,D,84.0,27.0,3.0,1.0,9,1.0,1.0,0.0,1,6,1,0.0,0,3.0,1.0,3,0.0,7,1,0,1,1,0.0,0,1.0,0,188.0,235.0,60.0,240.0,2023
2,D,60.0,44.0,6.0,1.0,24,1.0,0.0,0.0,1,22,1,0.0,0,6.0,6.0,1,0.0,7,1,0,1,1,0.0,0,1.0,0,151.0,188.0,60.0,240.0,2023
3,D,360.0,42.0,6.0,1.0,16,1.0,1.0,0.0,1,14,1,0.0,0,6.0,1.0,1,3.0,7,1,0,1,1,0.0,0,1.0,0,360.0,360.0,180.0,360.0,2023
5,D,156.0,43.0,6.0,1.0,7,1.0,1.0,4.0,1,5,1,0.0,0,3.0,1.0,1,2.0,7,1,0,1,1,6.0,0,3.0,0,168.0,210.0,120.0,240.0,2023
3,D,60.0,30.0,3.0,1.0,36,1.0,0.0,0.0,1,42,2,0.0,0,6.0,3.0,1,0.0,7,1,0,1,1,0.0,0,1.0,0,97.0,121.0,60.0,240.0,2023
5,D,60.0,75.0,8.0,1.0,62,1.0,0.0,0.0,1,69,1,0.0,0,6.0,1.0,1,3.0,7,1,0,1,1,0.0,0,1.0,0,97.0,121.0,60.0,240.0,2023
1,D,151.0,48.0,6.0,1.0,50,4.0,0.0,0.0,1,56,1,0.0,0,1.0,1.0,1,2.0,7,1,0,1,1,0.0,0,1.0,0,151.0,188.0,60.0,240.0,2023
3,D,240.0,48.0,6.0,1.0,41,1.0,1.0,0.0,1,47,1,0.0,0,3.0,1.0,2,0.0,7,1,0,1,1,0.0,0,1.0,0,262.0,327.0,180.0,480.0,2023
8,D,97.0,66.0,8.0,1.0,89,1.0,0.0,0.0,1,30,1,0.0,0,5.0,1.0,2,0.0,7,1,0,1,1,0.0,0,1.0,0,121.0,151.0,60.0,240.0,2023
8,D,96.0,44.0,6.0,1.0,60,1.0,1.0,0.0,1,67,1,0.0,0,6.0,1.0,1,2.0,7,1,0,1,1,0.0,0,1.0,0,121.0,151.0,60.0,240.0,2023
1,D,70.0,43.0,6.0,1.0,50,1.0,1.0,0.0,1,56,1,0.0,0,6.0,1.0,2,1.0,7,1,0,1,1,0.0,0,1.0,0,87.0,108.0,60.0,240.0,2023
2,D,60.0,54.0,7.0,1.0,73,1.0,0.0,0.0,1,78,1,0.0,0,6.0,1.0,1,1.0,7,1,0,1,1,0.0,0,1.0,0,121.0,151.0,60.0,240.0,2023
2,D,74.0,24.0,2.0,1.0,94,1.0,0.0,0.0,1,34,2,0.0,0,3.0,3.0,1,0.0,7,1,0,1,1,0.0,0,1.0,0,188.0,235.0,60.0,240.0,2023
4,D,121.0,31.0,4.0,1.0,62,1.0,1.0,1.0,1,69,1,0.0,0,3.0,1.0,1,4.0,7,1,0,1,1,1.0,0,1.0,0,151.0,188.0,60.0,240.0,2023
3,D,72.0,32.0,4.0,1.0,89,1.0,1.0,0.0,1,30,1,0.0,0,3.0,1.0,1,0.0,7,1,0,1,1,0.0,0,1.0,0,97.0,121.0,60.0,240.0,2023
2,D,121.0,35.0,4.0,1.0,34,1.0,1.0,0.0,1,39,1,0.0,0,3.0,1.0,1,0.0,7,1,0,1,1,0.0,0,1.0,0,97.0,121.0,0.0,240.0,2023
2,D,160.0,37.0,5.0,1.0,21,1.0,1.0,0.0,1,18,1,0.0,0,5.0,1.0,1,1.0,7,1,0,1,1,0.0,0,1.0,0,210.0,240.0,60.0,240.0,2023
6,D,72.0,31.0,4.0,1.0,21,1.0,1.0,0.0,1,18,1,0.0,0,5.0,2.0,1,0.0,7,1,0,1,1,0.0,0,1.0,0,121.0,151.0,60.0,240.0,2023
2,D,121.0,36.0,5.0,1.0,21,1.0,1.0,6.0,1,18,1,0.0,0,3.0,1.0,1,0.0,7,1,0,1,1,8.0,0,4.0,0,120.0,125.0,120.0,240.0,2023
5,D,210.0,23.0,2.0,1.0,20,1.0,0.0,0.0,1,17,1,0.0,0,5.0,1.0,2,0.0,7,1,0,1,1,0.0,0,1.0,0,210.0,262.0,60.0,240.0,2023
3,C,10.0,72.0,8.0,1.0,68,4.0,1.0,1.0,1,74,1,1.0,0,3.0,6.0,1,,8,1,0,1,1,1.0,0,1.0,0,12.0,18.0,0.0,60.0,2023
5,D,36.0,32.0,4.0,1.0,36,1.0,1.0,0.0,1,42,2,0.0,0,5.0,3.0,1,0.0,7,1,0,1,1,0.0,0,1.0,0,78.0,97.0,0.0,240.0,2023
2,D,24.0,38.0,5.0,1.0,84,1.0,1.0,0.0,1,88,1,0.0,0,5.0,1.0,1,2.0,7,1,0,1,1,0.0,0,1.0,0,97.0,121.0,0.0,240.0,2023
5,D,120.0,64.0,8.0,1.0,9,1.0,1.0,3.0,1,6,1,0.0,0,5.0,1.0,3,0.0,7,1,0,1,1,5.0,0,3.0,0,120.0,121.0,120.0,240.0,2023
1,D,120.0,44.0,6.0,1.0,50,1.0,1.0,7.0,1,56,1,0.0,0,3.0,1.0,1,2.0,7,1,0,1,1,9.0,0,4.0,0,121.0,151.0,120.0,240.0,2023
3,D,18.0,52.0,7.0,1.0,68,1.0,1.0,14.0,1,74,1,0.0,0,1.0,2.0,1,0.0,8,1,0,1,1,16.0,0,6.0,0,24.0,30.0,0.0,60.0,2023
1,D,36.0,68.0,8.0,1.0,3,1.0,0.0,0.0,1,1,1,0.0,0,5.0,1.0,1,0.0,7,1,0,1,1,0.0,0,1.0,0,41.0,51.0,0.0,240.0,2023
3,D,168.0,33.0,4.0,1.0,22,1.0,1.0,0.0,1,19,1,0.0,0,3.0,1.0,1,0.0,7,1,0,1,1,0.0,0,1.0,0,240.0,240.0,60.0,240.0,2023
4,D,216.0,30.0,3.0,1.0,56,1.0,1.0,3.0,1,63,1,0.0,0,3.0,1.0,1,0.0,7,1,0,1,1,3.0,0,2.0,0,262.0,327.0,180.0,480.0,2023
3,D,151.0,53.0,7.0,1.0,34,1.0,1.0,3.0,1,39,1,1.0,0,3.0,1.0,1,0.0,7,1,0,1,1,5.0,0,3.0,0,121.0,151.0,120.0,240.0,2023
2,D,60.0,34.0,4.0,1.0,17,1.0,1.0,0.0,1,15,1,0.0,0,5.0,1.0,1,0.0,7,1,0,1,1,0.0,0,1.0,0,51.0,63.0,0.0,120.0,2023
2,D,75.0,20.0,1.0,1.0,54,1.0,1.0,0.0,1,61,2,0.0,0,3.0,3.0,1,0.0,7,1,0,1,1,0.0,0,1.0,0,210.0,240.0,60.0,240.0,2023
3,D,168.0,37.0,5.0,1.0,90,1.0,1.0,3.0,5,29,1,0.0,1,1.0,1.0,2,0.0,7,1,0,1,1,5.0,0,3.0,0,120.0,120.0,120.0,240.0,2023
6,C,0.46,36.0,5.0,1.0,37,1.0,1.0,0.0,1,43,1,0.0,0,1.0,1.0,1,7.0,8,1,0,1,1,0.0,0,1.0,0,12.0,18.0,0.0,60.0,2023
6,C,,43.0,6.0,1.0,37,1.0,0.0,0.0,1,43,1,0.0,0,5.0,1.0,1,0.0,8,0,1,3,0,0.0,0,1.0,0,12.0,18.0,0.0,60.0,2023
1,D,0.03,25.0,2.0,1.0,10,1.0,1.0,0.0,1,8,1,0.0,0,5.0,1.0,1,0.0,7,1,0,1,1,0.0,0,1.0,0,97.0,121.0,0.0,240.0,2023
2,D,120.0,40.0,5.0,1.0,17,1.0,1.0,3.0,1,15,1,0.0,0,5.0,1.0,1,0.0,7,1,0,1,1,5.0,0,3.0,0,120.0,120.0,120.0,240.0,2023
2,D,24.0,44.0,6.0,1.0,64,1.0,0.0,0.0,1,70,1,0.0,0,6.0,1.0,1,4.0,7,1,0,1,1,0.0,0,1.0,0,51.0,63.0,0.0,240.0,2023
4,D,180.0,31.0,4.0,1.0,53,1.0,1.0,2.0,1,60,1,0.0,0,3.0,1.0,1,0.0,7,1,0,1,1,2.0,0,2.0,0,108.0,135.0,60.0,240.0,2023
4,D,63.0,77.0,8.0,1.0,58,1.0,1.0,1.0,1,65,1,0.0,0,1.0,1.0,1,2.0,7,1,0,1,1,1.0,0,1.0,0,60.0,63.0,60.0,240.0,2023
6,D,3.0,37.0,5.0,1.0,37,1.0,1.0,3.0,1,43,1,0.0,0,1.0,1.0,1,2.0,8,1,0,2,1,3.0,0,2.0,0,15.0,21.0,0.0,60.0,2023
3,D,60.0,27.0,3.0,1.0,5,1.0,0.0,0.0,1,4,2,0.0,0,3.0,3.0,1,1.0,7,1,0,1,1,0.0,0,1.0,0,60.0,60.0,60.0,240.0,2023
1,D,0.03,45.0,6.0,1.0,10,1.0,1.0,5.0,1,8,1,0.0,0,1.0,1.0,1,0.0,7,1,0,2,1,7.0,0,4.0,0,135.0,168.0,0.0,240.0,2023
2,D,,77.0,8.0,1.0,86,1.0,1.0,0.0,1,27,1,0.0,0,3.0,1.0,2,0.0,8,0,1,3,0,0.0,0,1.0,0,24.0,30.0,0.0,60.0,2023
2,D,20.0,30.0,3.0,1.0,86,1.0,0.0,0.0,1,27,1,0.0,0,3.0,1.0,3,0.0,8,1,0,1,1,0.0,0,1.0,0,21.0,27.0,0.0,60.0,2023
2,D,24.0,38.0,5.0,1.0,86,1.0,1.0,3.0,1,27,1,0.0,0,5.0,1.0,3,3.0,8,1,0,1,1,3.0,0,2.0,0,24.0,30.0,0.0,60.0,2023
1,D,144.0,34.0,4.0,1.0,41,1.0,1.0,3.0,1,47,1,0.0,0,5.0,1.0,1,0.0,7,1,0,1,1,5.0,0,3.0,0,168.0,210.0,60.0,240.0,2023
3,D,54.0,37.0,5.0,1.0,42,1.0,0.0,0.0,1,48,1,0.0,0,1.0,1.0,1,0.0,7,1,0,1,1,0.0,0,1.0,0,78.0,97.0,0.0,240.0,2023
8,D,108.0,41.0,6.0,1.0,89,1.0,1.0,0.0,1,30,1,0.0,0,6.0,2.0,3,0.0,7,1,0,1,1,0.0,0,1.0,0,151.0,188.0,60.0,240.0,2023
2,D,60.0,26.0,3.0,1.0,64,1.0,1.0,3.0,1,70,1,0.0,0,3.0,1.0,1,0.0,7,1,0,2,1,5.0,0,3.0,0,151.0,188.0,60.0,240.0,2023
4,D,120.0,38.0,5.0,1.0,64,1.0,0.0,0.0,1,70,2,0.0,0,1.0,3.0,3,0.0,7,1,0,2,1,0.0,0,1.0,0,360.0,720.0,60.0,240.0,2023
1,D,188.0,36.0,5.0,1.0,36,1.0,1.0,5.0,1,42,1,0.0,0,3.0,1.0,2,0.0,7,1,0,1,1,7.0,0,4.0,0,188.0,235.0,60.0,240.0,2023
2,D,46.0,51.0,7.0,1.0,87,1.0,1.0,0.0,1,26,1,0.0,0,6.0,1.0,3,2.0,7,1,0,1,1,0.0,0,1.0,0,46.0,57.0,0.0,240.0,2023
3,D,151.0,47.0,6.0,1.0,43,1.0,1.0,0.0,1,49,1,0.0,0,3.0,1.0,2,0.0,7,1,0,1,1,0.0,0,1.0,0,151.0,188.0,60.0,240.0,2023
4,D,90.0,50.0,6.0,1.0,59,1.0,1.0,8.0,1,66,0,0.0,0,1.0,1.0,1,0.0,7,1,0,1,1,8.0,0,4.0,0,210.0,240.0,60.0,240.0,2023
2,D,120.0,43.0,6.0,1.0,24,1.0,1.0,3.0,1,22,1,0.0,0,3.0,1.0,1,0.0,7,1,0,1,1,3.0,0,2.0,0,120.0,120.0,120.0,240.0,2023
4,D,120.0,28.0,3.0,1.0,82,1.0,1.0,0.0,1,85,1,0.0,0,3.0,1.0,2,1.0,7,1,0,1,1,0.0,0,1.0,0,151.0,188.0,0.0,240.0,2023
2,D,240.0,30.0,3.0,1.0,39,1.0,1.0,0.0,1,45,1,0.0,0,5.0,1.0,2,0.0,7,1,0,1,1,0.0,0,1.0,0,262.0,327.0,60.0,240.0,2023
4,D,120.0,37.0,5.0,1.0,60,1.0,1.0,7.0,1,67,1,0.0,0,3.0,1.0,1,0.0,7,1,0,1,1,9.0,0,4.0,0,120.0,120.0,120.0,240.0,2023
3,D,168.0,30.0,3.0,1.0,91,2.0,1.0,0.0,3,31,1,0.0,1,3.0,2.0,2,2.0,7,1,0,1,1,0.0,0,1.0,0,168.0,210.0,60.0,240.0,2023
1,D,45.0,43.0,6.0,1.0,11,1.0,1.0,10.0,1,9,1,0.0,0,5.0,2.0,3,5.0,8,1,0,1,1,10.0,0,5.0,0,70.0,87.0,0.0,120.0,2023
1,D,71.66,40.0,5.0,1.0,93,1.0,1.0,0.0,1,32,2,0.0,0,6.0,3.0,1,3.0,7,1,0,1,1,0.0,0,1.0,0,151.0,188.0,60.0,240.0,2023
1,D,,34.0,4.0,1.0,69,1.0,0.0,0.0,1,93,1,0.0,0,6.0,6.0,1,0.0,7,0,1,4,0,0.0,0,1.0,0,30.0,37.0,0.0,120.0,2023
3,D,70.0,53.0,7.0,1.0,46,1.0,1.0,0.0,1,53,1,0.0,0,5.0,1.0,1,0.0,7,1,0,1,1,0.0,0,1.0,0,87.0,108.0,0.0,240.0,2023
3,D,24.0,35.0,4.0,1.0,75,1.0,1.0,1.0,1,79,2,0.0,0,1.0,3.0,1,4.0,7,1,0,1,1,1.0,0,1.0,0,78.0,97.0,0.0,240.0,2023
2,D,60.0,41.0,6.0,1.0,65,1.0,0.0,0.0,1,73,1,0.0,0,6.0,1.0,1,0.0,7,1,0,1,1,0.0,0,1.0,0,151.0,188.0,60.0,240.0,2023
3,D,264.0,33.0,4.0,1.0,22,1.0,1.0,2.0,1,19,1,0.0,0,1.0,1.0,1,,7,1,0,1,1,2.0,0,2.0,0,324.0,360.0,180.0,360.0,2023
6,D,87.0,29.0,3.0,1.0,33,1.0,0.0,0.0,1,40,1,0.0,0,5.0,1.0,1,0.0,7,1,0,1,1,0.0,0,1.0,0,87.0,108.0,0.0,240.0,2023
3,D,144.0,25.0,2.0,1.0,36,1.0,0.0,0.0,1,42,1,0.0,0,3.0,1.0,1,0.0,7,1,0,1,1,0.0,0,1.0,0,188.0,235.0,60.0,240.0,2023
2,D,100.0,30.0,3.0,1.0,54,1.0,0.0,0.0,1,61,1,0.0,0,6.0,1.0,1,0.0,7,1,0,1,1,0.0,0,1.0,0,210.0,240.0,60.0,240.0,2023
3,D,85.0,31.0,4.0,1.0,75,1.0,1.0,0.0,1,79,1,0.0,0,5.0,1.0,2,0.0,7,1,0,1,1,0.0,0,1.0,0,151.0,188.0,60.0,240.0,2023
5,D,210.0,38.0,5.0,1.0,36,1.0,0.0,0.0,1,42,1,0.0,0,5.0,2.0,1,0.0,7,1,0,1,1,0.0,0,1.0,0,210.0,240.0,60.0,240.0,2023
1,D,70.0,52.0,7.0,1.0,93,1.0,1.0,0.0,1,32,1,0.0,0,3.0,1.0,1,0.0,7,1,0,1,1,0.0,0,1.0,0,151.0,188.0,60.0,240.0,2023
2,D,60.0,35.0,4.0,1.0,39,1.0,0.0,0.0,1,45,1,0.0,0,5.0,1.0,1,2.0,7,1,0,1,1,0.0,0,1.0,0,121.0,151.0,60.0,240.0,2023
4,D,60.0,43.0,6.0,1.0,59,1.0,1.0,0.0,1,66,0,0.0,0,5.0,1.0,1,0.0,7,1,0,1,1,0.0,0,1.0,0,121.0,151.0,60.0,240.0,2023
5,D,72.0,22.0,2.0,1.0,83,3.0,1.0,0.0,1,87,2,0.0,0,3.0,3.0,2,0.0,7,1,0,1,1,0.0,0,1.0,0,151.0,188.0,60.0,240.0,2023
1,D,120.0,50.0,6.0,1.0,41,1.0,1.0,1.0,1,47,0,0.0,0,5.0,1.0,2,0.0,7,1,0,1,1,3.0,0,2.0,0,120.0,135.0,120.0,9996.0,2023
6,D,72.0,20.0,1.0,1.0,89,2.0,0.0,0.0,1,30,2,0.0,0,5.0,3.0,2,0.0,7,1,0,1,1,0.0,0,1.0,0,151.0,188.0,60.0,240.0,2023
3,D,78.0,29.0,3.0,1.0,42,1.0,1.0,2.0,1,48,1,0.0,0,1.0,1.0,1,0.0,7,1,0,1,1,4.0,0,3.0,0,121.0,151.0,60.0,240.0,2023
8,D,78.0,78.0,8.0,1.0,65,1.0,0.0,0.0,1,73,1,0.0,0,6.0,1.0,2,0.0,7,1,0,1,1,0.0,0,1.0,0,151.0,188.0,60.0,240.0,2023
2,D,70.0,25.0,2.0,1.0,2,1.0,0.0,0.0,1,0,1,0.0,0,3.0,1.0,1,0.0,7,1,0,1,1,0.0,0,1.0,0,97.0,121.0,0.0,240.0,2023
4,D,240.0,68.0,8.0,1.0,20,1.0,1.0,0.0,1,17,1,0.0,0,6.0,1.0,1,0.0,7,1,0,1,1,0.0,0,1.0,0,135.0,168.0,0.0,240.0,2023
2,D,24.0,40.0,5.0,1.0,39,1.0,1.0,1.0,1,45,1,0.0,0,6.0,1.0,1,0.0,7,1,0,1,1,1.0,0,1.0,0,78.0,97.0,0.0,120.0,2023
6,D,60.0,25.0,2.0,1.0,33,1.0,0.0,0.0,1,40,1,0.0,0,6.0,6.0,1,0.0,7,1,0,1,1,0.0,0,1.0,0,78.0,97.0,0.0,240.0,2023
4,D,48.0,27.0,3.0,1.0,34,1.0,0.0,0.0,1,39,1,0.0,0,6.0,2.0,1,0.0,7,1,0,1,1,0.0,0,1.0,0,78.0,97.0,0.0,120.0,2023
3,D,180.0,30.0,3.0,1.0,57,1.0,1.0,4.0,1,64,1,0.0,0,3.0,1.0,1,0.0,7,1,0,1,1,6.0,0,3.0,0,180.0,188.0,180.0,480.0,2023
1,D,120.0,42.0,6.0,1.0,11,1.0,1.0,3.0,1,9,1,0.0,0,5.0,1.0,1,0.0,7,1,0,1,1,3.0,0,2.0,0,120.0,135.0,120.0,240.0,2023
1,D,85.0,73.0,8.0,1.0,9,1.0,1.0,1.0,1,6,1,0.0,0,5.0,1.0,8,0.0,7,1,0,1,1,1.0,0,1.0,0,121.0,151.0,60.0,240.0,2023
1,D,60.0,23.0,2.0,1.0,93,1.0,1.0,0.0,1,32,1,0.0,0,3.0,1.0,1,0.0,7,1,0,1,1,0.0,0,1.0,0,151.0,188.0,60.0,240.0,2023
2,D,22.0,56.0,7.0,1.0,86,1.0,1.0,0.0,1,27,1,0.0,0,1.0,1.0,2,0.0,8,1,0,1,1,0.0,0,1.0,0,21.0,27.0,0.0,60.0,2023
4,D,120.0,60.0,7.0,1.0,57,1.0,1.0,0.0,1,64,1,0.0,0,5.0,1.0,1,1.0,7,1,0,1,1,0.0,0,1.0,0,180.0,180.0,180.0,480.0,2023
1,D,120.0,38.0,5.0,1.0,36,1.0,1.0,5.0,1,42,1,0.0,0,3.0,1.0,1,0.0,7,1,0,1,1,7.0,0,4.0,0,120.0,120.0,120.0,240.0,2023
8,D,120.0,39.0,5.0,1.0,60,1.0,1.0,3.0,1,67,1,0.0,0,6.0,1.0,1,0.0,7,1,0,1,1,5.0,0,3.0,0,120.0,120.0,120.0,240.0,2023
1,D,97.0,67.0,8.0,1.0,78,1.0,1.0,4.0,1,82,1,0.0,0,3.0,1.0,1,0.0,7,1,0,1,1,4.0,0,3.0,0,97.0,120.0,0.0,120.0,2023
8,D,132.0,40.0,5.0,1.0,60,1.0,0.0,0.0,1,67,1,0.0,0,6.0,1.0,2,1.0,7,1,0,1,1,0.0,0,1.0,0,121.0,151.0,60.0,240.0,2023
9,D,336.0,69.0,8.0,1.0,91,1.0,0.0,0.0,1,31,1,0.0,0,6.0,1.0,7,0.0,7,1,0,1,1,0.0,0,1.0,0,292.0,365.0,180.0,360.0,2023
1,D,60.0,49.0,6.0,1.0,72,1.0,1.0,0.0,1,77,1,0.0,0,3.0,1.0,1,4.0,7,1,0,1,1,0.0,0,1.0,0,78.0,97.0,0.0,240.0,2023
1,D,36.0,27.0,3.0,1.0,6,1.0,1.0,0.0,1,3,2,0.0,0,5.0,3.0,1,0.0,7,1,0,1,1,0.0,0,1.0,0,78.0,97.0,0.0,240.0,2023
1,D,24.0,61.0,8.0,1.0,10,1.0,0.0,0.0,1,8,1,0.0,0,6.0,1.0,1,0.0,7,1,0,1,1,0.0,0,1.0,0,78.0,97.0,0.0,240.0,2023
4,D,240.0,30.0,3.0,1.0,35,1.0,1.0,3.0,1,41,1,0.0,0,3.0,1.0,2,0.0,7,1,0,1,1,5.0,0,3.0,0,121.0,151.0,60.0,240.0,2023
2,D,0.03,30.0,3.0,1.0,86,1.0,1.0,0.0,1,27,1,0.0,0,6.0,1.0,1,0.0,7,1,0,1,1,0.0,0,1.0,0,78.0,97.0,0.0,240.0,2023
3,D,42.0,62.0,8.0,1.0,67,1.0,0.0,0.0,1,71,1,0.0,0,6.0,1.0,1,0.0,7,1,0,1,1,0.0,0,1.0,0,97.0,121.0,0.0,240.0,2023
1,D,180.0,25.0,2.0,1.0,50,1.0,0.0,0.0,1,56,1,0.0,0,1.0,1.0,1,0.0,7,1,0,1,1,0.0,0,1.0,0,210.0,240.0,60.0,240.0,2023
4,D,25.39,38.0,5.0,1.0,59,1.0,1.0,4.0,1,66,0,0.0,0,1.0,2.0,1,1.0,8,1,0,1,1,4.0,0,3.0,0,15.0,21.0,0.0,120.0,2023
3,D,168.0,52.0,7.0,1.0,47,1.0,1.0,1.0,1,52,1,0.0,0,3.0,1.0,1,0.0,7,1,0,1,1,1.0,0,1.0,0,151.0,188.0,60.0,240.0,2023
1,D,180.0,67.0,8.0,1.0,47,1.0,1.0,3.0,3,52,1,0.0,1,6.0,1.0,2,0.0,7,1,0,1,1,3.0,0,2.0,0,180.0,188.0,180.0,480.0,2023
4,D,120.0,49.0,6.0,1.0,57,1.0,1.0,2.0,1,64,1,0.0,0,5.0,1.0,1,2.0,7,1,0,1,1,4.0,0,3.0,0,120.0,121.0,120.0,240.0,2023
6,C,0.03,26.0,3.0,1.0,37,1.0,1.0,0.0,1,43,1,0.0,0,3.0,1.0,1,2.0,8,1,0,2,1,0.0,0,1.0,0,10.0,16.0,0.0,60.0,2023
2,D,63.0,44.0,6.0,1.0,77,1.0,1.0,1.0,1,81,1,0.0,0,3.0,1.0,1,3.0,7,1,0,1,1,3.0,0,2.0,0,87.0,108.0,0.0,240.0,2023
1,D,240.0,45.0,6.0,1.0,40,1.0,1.0,3.0,1,46,0,0.0,0,3.0,1.0,1,0.0,7,1,0,1,1,3.0,0,2.0,0,240.0,240.0,60.0,240.0,2023
4,D,41.0,49.0,6.0,1.0,64,1.0,0.0,0.0,1,70,1,0.0,0,6.0,2.0,4,2.0,7,1,0,1,1,0.0,0,1.0,0,97.0,121.0,0.0,240.0,2023
7,C,0.03,57.0,7.0,1.0,37,1.0,0.0,0.0,1,43,1,0.0,0,3.0,1.0,1,0.0,8,1,0,1,1,0.0,0,1.0,0,12.0,18.0,0.0,60.0,2023
1,D,96.0,44.0,6.0,1.0,1,1.0,1.0,0.0,1,90,1,0.0,0,3.0,1.0,1,0.0,7,1,0,1,1,0.0,0,1.0,0,151.0,188.0,60.0,240.0,2023
2,D,70.0,56.0,7.0,1.0,15,1.0,0.0,0.0,1,13,1,0.0,0,3.0,2.0,2,0.0,7,1,0,1,1,0.0,0,1.0,0,87.0,108.0,60.0,240.0,2023
3,D,48.0,30.0,3.0,1.0,50,1.0,1.0,0.0,1,56,1,0.0,0,3.0,1.0,2,0.0,7,1,0,1,1,0.0,0,1.0,0,63.0,78.0,0.0,240.0,2023
1,D,0.03,41.0,6.0,1.0,10,1.0,0.0,0.0,1,8,2,0.0,0,5.0,3.0,1,3.0,7,1,0,1,1,0.0,0,1.0,0,97.0,121.0,0.0,240.0,2023
6,D,144.0,63.0,8.0,1.0,89,1.0,1.0,0.0,1,30,1,0.0,0,3.0,1.0,1,1.0,7,1,0,1,1,0.0,0,1.0,0,121.0,151.0,60.0,240.0,2023
4,D,121.0,37.0,5.0,1.0,56,1.0,1.0,0.0,1,63,1,0.0,0,3.0,1.0,1,1.0,7,1,0,1,1,0.0,0,1.0,0,151.0,188.0,60.0,240.0,2023
2,D,120.0,40.0,5.0,1.0,51,1.0,1.0,3.0,1,57,1,0.0,0,3.0,1.0,1,0.0,7,1,0,1,1,5.0,0,3.0,0,120.0,121.0,120.0,240.0,2023
2,D,22.0,41.0,6.0,1.0,84,1.0,1.0,0.0,1,88,1,0.0,0,5.0,1.0,1,0.0,7,1,0,1,1,0.0,0,1.0,0,78.0,97.0,0.0,240.0,2023
4,D,200.0,36.0,5.0,1.0,35,1.0,1.0,3.0,1,41,1,0.0,0,5.0,2.0,3,0.0,7,1,0,1,1,5.0,0,3.0,0,188.0,235.0,180.0,480.0,2023
1,D,72.0,36.0,5.0,1.0,1,1.0,1.0,3.0,1,90,1,0.0,0,5.0,1.0,1,0.0,7,1,0,1,1,3.0,0,2.0,0,108.0,135.0,60.0,240.0,2023
2,D,96.0,39.0,5.0,1.0,14,1.0,1.0,3.0,1,12,2,0.0,0,1.0,3.0,1,0.0,7,1,0,1,1,3.0,0,2.0,0,108.0,135.0,0.0,240.0,2023
3,D,180.0,20.0,1.0,1.0,34,1.0,1.0,0.0,1,39,1,0.0,0,3.0,1.0,1,0.0,7,1,0,1,1,0.0,0,1.0,0,210.0,240.0,0.0,240.0,2023
1,D,84.0,27.0,3.0,1.0,35,1.0,1.0,0.0,1,41,1,0.0,0,5.0,1.0,1,0.0,7,1,0,1,1,0.0,0,1.0,0,97.0,120.0,0.0,120.0,2023
2,D,120.0,46.0,6.0,1.0,77,1.0,1.0,3.0,1,81,1,0.0,0,3.0,6.0,1,0.0,7,1,0,1,1,5.0,0,3.0,0,120.0,120.0,120.0,240.0,2023
2,D,72.0,37.0,5.0,1.0,24,1.0,0.0,0.0,1,22,1,0.0,0,6.0,1.0,1,0.0,7,1,0,1,1,0.0,0,1.0,0,121.0,151.0,60.0,240.0,2023
1,D,41.0,46.0,6.0,1.0,80,1.0,1.0,0.0,1,84,2,0.0,0,5.0,3.0,29,1.0,7,1,0,1,1,0.0,0,1.0,0,78.0,97.0,0.0,120.0,2023
5,D,240.0,37.0,5.0,1.0,34,1.0,1.0,0.0,1,39,1,0.0,0,5.0,1.0,1,4.0,7,1,0,1,1,0.0,0,1.0,0,240.0,240.0,60.0,240.0,2023
2,D,96.0,43.0,6.0,1.0,76,1.0,1.0,1.0,1,80,1,0.0,0,3.0,6.0,1,2.0,7,1,0,1,1,1.0,0,1.0,0,87.0,108.0,0.0,120.0,2023
6,D,63.0,48.0,6.0,1.0,34,1.0,1.0,0.0,1,39,1,0.0,0,3.0,1.0,1,2.0,7,1,0,1,1,0.0,0,1.0,0,51.0,63.0,0.0,120.0,2023
4,D,108.0,56.0,7.0,1.0,92,1.0,1.0,0.0,1,33,1,0.0,0,3.0,1.0,1,0.0,7,1,0,1,1,0.0,0,1.0,0,97.0,121.0,0.0,240.0,2023
5,D,360.0,48.0,6.0,1.0,36,1.0,1.0,0.0,3,42,1,0.0,1,5.0,1.0,7,0.0,7,1,0,1,1,0.0,0,1.0,0,360.0,1680.0,60.0,240.0,2023
3,D,90.0,43.0,6.0,1.0,75,1.0,1.0,3.0,1,79,1,0.0,0,3.0,1.0,1,1.0,7,1,0,1,1,3.0,0,2.0,0,168.0,210.0,60.0,240.0,2023
1,D,108.0,58.0,7.0,1.0,9,1.0,1.0,0.0,1,6,1,0.0,0,5.0,1.0,6,0.0,7,1,0,1,1,0.0,0,1.0,0,210.0,262.0,60.0,240.0,2023
2,D,72.0,25.0,2.0,1.0,86,1.0,0.0,0.0,1,27,1,0.0,0,5.0,1.0,1,0.0,7,1,0,1,1,0.0,0,1.0,0,97.0,121.0,0.0,240.0,2023
4,D,60.0,21.0,2.0,1.0,53,1.0,1.0,0.0,1,60,1,0.0,0,5.0,1.0,1,0.0,7,1,0,1,1,0.0,0,1.0,0,30.0,37.0,0.0,120.0,2023
4,D,60.0,45.0,6.0,1.0,64,1.0,0.0,0.0,1,70,2,0.0,0,3.0,3.0,1,0.0,7,1,0,1,1,0.0,0,1.0,0,63.0,78.0,0.0,240.0,2023
3,D,24.0,34.0,4.0,1.0,68,1.0,1.0,15.0,1,74,1,0.0,0,5.0,6.0,1,0.0,8,1,0,1,1,17.0,0,6.0,0,24.0,30.0,0.0,60.0,2023
2,D,37.0,41.0,6.0,1.0,59,1.0,1.0,0.0,1,66,0,0.0,0,6.0,1.0,1,0.0,7,1,0,1,1,0.0,0,1.0,0,57.0,71.0,0.0,120.0,2023
1,D,66.0,46.0,6.0,1.0,4,1.0,1.0,0.0,1,2,1,0.0,0,5.0,1.0,2,0.0,7,1,0,1,1,0.0,0,1.0,0,97.0,121.0,60.0,240.0,2023
5,D,60.0,27.0,3.0,1.0,35,3.0,0.0,0.0,1,41,2,1.0,0,3.0,3.0,1,1.0,7,1,0,1,1,0.0,0,1.0,0,41.0,51.0,0.0,240.0,2023
5,D,121.0,55.0,7.0,1.0,7,1.0,1.0,3.0,1,5,1,0.0,0,1.0,6.0,1,0.0,7,1,0,1,1,5.0,0,3.0,0,121.0,151.0,120.0,240.0,2023
6,D,12.03,73.0,8.0,1.0,37,1.0,1.0,3.0,1,43,1,0.0,0,6.0,1.0,1,0.0,8,1,0,2,1,3.0,0,2.0,0,24.0,30.0,0.0,60.0,2023
6,C,4.03,29.0,3.0,1.0,37,1.0,1.0,0.0,1,43,1,0.0,0,3.0,1.0,1,3.0,8,1,0,1,1,0.0,0,1.0,0,10.0,16.0,0.0,60.0,2023
1,D,57.0,53.0,7.0,1.0,47,1.0,1.0,0.0,1,52,1,0.0,0,6.0,1.0,1,1.0,7,1,0,1,1,0.0,0,1.0,0,57.0,71.0,0.0,120.0,2023
5,D,57.0,57.0,7.0,1.0,22,1.0,1.0,0.0,1,19,1,0.0,0,6.0,1.0,1,,7,1,0,1,1,0.0,0,1.0,0,57.0,71.0,0.0,240.0,2023
6,D,120.0,39.0,5.0,1.0,59,1.0,0.0,0.0,1,66,0,0.0,0,3.0,1.0,1,0.0,7,1,0,1,1,0.0,0,1.0,0,210.0,240.0,60.0,240.0,2023
6,D,120.0,28.0,3.0,1.0,59,1.0,1.0,0.0,1,66,1,0.0,0,5.0,1.0,1,0.0,7,1,0,1,1,0.0,0,1.0,0,151.0,188.0,60.0,240.0,2023
3,D,60.0,34.0,4.0,1.0,89,1.0,0.0,0.0,1,30,1,0.0,0,3.0,1.0,1,0.0,7,1,0,1,1,0.0,0,1.0,0,151.0,188.0,60.0,240.0,2023
1,D,60.0,27.0,3.0,1.0,52,1.0,1.0,3.0,1,58,1,0.0,0,3.0,1.0,1,0.0,7,1,0,1,1,5.0,0,3.0,0,97.0,121.0,60.0,240.0,2023
2,D,240.0,21.0,2.0,1.0,34,1.0,0.0,0.0,1,39,1,0.0,0,1.0,1.0,1,0.0,7,1,0,1,1,0.0,0,1.0,0,240.0,240.0,60.0,240.0,2023
4,D,180.0,56.0,7.0,1.0,53,1.0,1.0,7.0,1,60,1,0.0,0,3.0,1.0,1,0.0,7,1,0,1,1,9.0,0,4.0,0,120.0,120.0,120.0,240.0,2023
1,D,84.0,44.0,6.0,1.0,47,1.0,1.0,0.0,1,52,1,0.0,0,5.0,1.0,1,1.0,7,1,0,1,1,0.0,0,1.0,0,135.0,168.0,0.0,240.0,2023
2,D,336.0,38.0,5.0,1.0,94,1.0,1.0,0.0,1,34,1,0.0,0,3.0,2.0,2,4.0,7,1,0,1,1,0.0,0,1.0,0,360.0,600.0,180.0,360.0,2023
3,D,120.0,32.0,4.0,1.0,49,1.0,1.0,3.0,1,55,1,0.0,0,3.0,1.0,1,0.0,7,1,0,1,1,5.0,0,3.0,0,120.0,120.0,120.0,240.0,2023
1,D,121.0,34.0,4.0,1.0,50,2.0,1.0,1.0,1,56,1,0.0,0,6.0,6.0,1,1.0,7,1,0,1,1,1.0,0,1.0,0,151.0,188.0,60.0,240.0,2023
1,C,0.03,35.0,4.0,1.0,10,3.0,0.0,0.0,1,8,1,0.0,0,3.0,1.0,1,0.0,8,1,0,1,1,0.0,0,1.0,0,12.0,18.0,0.0,60.0,2023
3,D,86.0,67.0,8.0,1.0,89,1.0,0.0,0.0,1,30,1,0.0,0,5.0,1.0,1,0.0,7,1,0,1,1,0.0,0,1.0,0,151.0,188.0,60.0,240.0,2023
5,D,60.0,52.0,7.0,1.0,38,1.0,1.0,0.0,1,44,0,0.0,0,3.0,,2,0.0,7,1,0,1,1,0.0,0,1.0,0,63.0,78.0,60.0,240.0,2023
8,D,100.0,36.0,5.0,1.0,60,1.0,0.0,0.0,1,67,1,0.0,0,6.0,1.0,1,0.0,7,1,0,1,1,0.0,0,1.0,0,151.0,188.0,60.0,240.0,2023
1,D,36.0,51.0,7.0,1.0,6,1.0,1.0,0.0,1,3,1,0.0,0,5.0,1.0,1,0.0,7,1,0,1,1,0.0,0,1.0,0,63.0,78.0,0.0,240.0,2023
5,C,15.0,52.0,7.0,1.0,30,1.0,1.0,1.0,1,36,1,0.0,0,1.0,1.0,1,2.0,8,1,0,1,1,1.0,0,1.0,0,12.0,18.0,0.0,60.0,2023
3,D,84.0,31.0,4.0,1.0,14,2.0,1.0,0.0,1,12,2,0.0,0,6.0,3.0,1,0.0,7,1,0,1,1,0.0,0,1.0,0,78.0,97.0,60.0,240.0,2023
9,D,120.0,34.0,4.0,1.0,91,1.0,1.0,3.0,1,31,1,0.0,0,3.0,1.0,1,0.0,7,1,0,1,1,5.0,0,3.0,0,120.0,121.0,120.0,240.0,2023
1,D,210.0,37.0,5.0,1.0,16,1.0,1.0,0.0,1,14,1,0.0,0,5.0,1.0,1,0.0,7,1,0,1,1,0.0,0,1.0,0,210.0,240.0,60.0,240.0,2023
4,D,120.0,41.0,6.0,1.0,58,1.0,1.0,3.0,1,65,1,0.0,0,6.0,1.0,1,0.0,7,1,0,1,1,5.0,0,3.0,0,120.0,121.0,120.0,240.0,2023
1,D,180.0,39.0,5.0,1.0,40,1.0,0.0,0.0,3,46,1,0.0,1,5.0,1.0,5,1.0,7,1,0,1,1,0.0,0,1.0,0,210.0,262.0,60.0,240.0,2023
1,D,312.0,35.0,4.0,1.0,50,1.0,0.0,0.0,1,56,1,0.0,0,5.0,2.0,1,0.0,7,1,0,1,1,0.0,0,1.0,0,360.0,360.0,180.0,360.0,2023
5,D,97.0,38.0,5.0,1.0,79,1.0,1.0,4.0,1,83,1,0.0,0,3.0,2.0,1,0.0,7,1,0,1,1,4.0,0,3.0,0,97.0,121.0,0.0,240.0,2023
2,D,151.0,57.0,7.0,1.0,2,1.0,1.0,3.0,1,0,1,0.0,0,3.0,1.0,1,0.0,7,1,0,1,1,3.0,0,2.0,0,151.0,188.0,120.0,240.0,2023
8,D,120.0,21.0,2.0,1.0,60,1.0,1.0,0.0,1,67,2,0.0,0,3.0,3.0,1,0.0,7,1,0,1,1,0.0,0,1.0,0,210.0,240.0,60.0,240.0,2023
1,D,84.0,61.0,8.0,1.0,41,1.0,0.0,0.0,1,47,1,0.0,0,3.0,1.0,1,0.0,7,1,0,1,1,0.0,0,1.0,0,97.0,121.0,60.0,240.0,2023
4,D,60.0,57.0,7.0,1.0,91,1.0,0.0,0.0,1,31,1,0.0,0,6.0,1.0,1,0.0,7,1,0,1,1,0.0,0,1.0,0,60.0,71.0,60.0,240.0,2023
6,D,210.0,23.0,2.0,1.0,79,1.0,0.0,0.0,1,83,1,0.0,0,3.0,1.0,1,0.0,7,1,0,1,1,0.0,0,1.0,0,210.0,240.0,60.0,240.0,2023
0,D,65.0,36.0,5.0,1.0,91,1.0,0.0,0.0,1,31,2,0.0,0,3.0,3.0,1,0.0,7,1,0,1,1,0.0,0,1.0,0,78.0,97.0,0.0,240.0,2023
2,D,78.0,41.0,6.0,1.0,37,1.0,1.0,0.0,1,43,1,0.0,0,1.0,1.0,1,0.0,7,1,0,1,1,0.0,0,1.0,0,78.0,97.0,0.0,240.0,2023
1,D,135.0,46.0,6.0,1.0,14,1.0,1.0,3.0,1,12,1,0.0,0,5.0,1.0,1,0.0,7,1,0,1,1,3.0,0,2.0,0,120.0,135.0,120.0,240.0,2023
8,D,120.0,24.0,2.0,1.0,60,1.0,0.0,0.0,1,67,1,0.0,0,5.0,1.0,1,0.0,7,1,0,1,1,0.0,0,1.0,0,151.0,188.0,60.0,240.0,2023
5,D,160.0,42.0,6.0,1.0,36,1.0,1.0,0.0,1,42,1,0.0,0,3.0,1.0,1,1.0,7,1,0,1,1,0.0,0,1.0,0,151.0,188.0,60.0,240.0,2023
8,D,240.0,50.0,6.0,1.0,60,1.0,1.0,17.0,3,67,1,0.0,1,3.0,1.0,1,0.0,7,1,0,1,1,19.0,0,6.0,0,240.0,240.0,60.0,240.0,2023
4,D,54.0,38.0,5.0,1.0,58,1.0,0.0,0.0,1,65,1,0.0,0,5.0,1.0,1,0.0,7,1,0,1,1,0.0,0,1.0,0,97.0,121.0,0.0,240.0,2023
6,D,84.0,32.0,4.0,1.0,89,1.0,0.0,0.0,1,30,1,0.0,0,5.0,1.0,1,0.0,7,1,0,1,1,0.0,0,1.0,0,121.0,151.0,60.0,240.0,2023
2,D,84.0,30.0,3.0,1.0,73,1.0,1.0,0.0,1,78,2,0.0,0,1.0,3.0,2,0.0,7,1,0,1,1,0.0,0,1.0,0,78.0,97.0,60.0,240.0,2023
1,D,0.1,37.0,5.0,1.0,8,1.0,0.0,0.0,1,7,2,0.0,0,3.0,3.0,1,0.0,7,1,0,1,1,0.0,0,1.0,0,78.0,97.0,0.0,120.0,2023
5,D,66.0,56.0,7.0,1.0,7,1.0,0.0,0.0,1,5,1,0.0,0,5.0,1.0,1,0.0,7,1,0,1,1,0.0,0,1.0,0,135.0,168.0,60.0,240.0,2023
1,D,72.0,22.0,2.0,1.0,8,1.0,0.0,0.0,1,7,1,0.0,0,5.0,1.0,1,0.0,7,1,0,1,1,0.0,0,1.0,0,63.0,78.0,60.0,240.0,2023
1,D,78.0,28.0,3.0,1.0,41,1.0,0.0,0.0,1,47,1,0.0,0,3.0,1.0,1,0.0,7,1,0,1,1,0.0,0,1.0,0,78.0,97.0,0.0,240.0,2023
2,D,120.0,34.0,4.0,1.0,39,1.0,1.0,6.0,1,45,1,0.0,0,3.0,1.0,1,0.0,7,1,0,1,1,8.0,0,4.0,0,120.0,120.0,120.0,240.0,2023
1,D,135.0,33.0,4.0,1.0,14,1.0,1.0,0.0,1,12,1,0.0,0,6.0,1.0,1,1.0,7,1,0,1,1,0.0,0,1.0,0,108.0,135.0,60.0,240.0,2023
1,D,0.03,31.0,4.0,1.0,11,1.0,1.0,0.0,1,9,1,0.0,0,3.0,1.0,1,0.0,7,1,0,1,1,0.0,0,1.0,0,46.0,57.0,0.0,120.0,2023
4,D,72.0,51.0,7.0,1.0,58,1.0,1.0,10.0,1,65,1,0.0,0,1.0,1.0,3,0.0,7,1,0,1,1,12.0,0,5.0,0,130.0,162.0,0.0,240.0,2023
5,D,144.0,29.0,3.0,1.0,36,1.0,0.0,0.0,1,42,2,0.0,0,3.0,3.0,2,0.0,7,1,0,1,1,0.0,0,1.0,0,135.0,168.0,60.0,240.0,2023
8,D,327.0,32.0,4.0,1.0,89,1.0,1.0,3.0,1,30,1,0.0,0,3.0,1.0,1,0.0,7,1,0,1,1,5.0,0,3.0,0,262.0,327.0,180.0,480.0,2023
1,D,120.0,29.0,3.0,1.0,92,1.0,0.0,0.0,1,33,1,0.0,0,5.0,2.0,1,0.0,7,1,0,1,1,0.0,0,1.0,0,151.0,188.0,60.0,240.0,2023
2,D,220.0,29.0,3.0,1.0,36,1.0,0.0,0.0,1,42,2,0.0,0,6.0,3.0,2,0.0,7,1,0,1,1,0.0,0,1.0,0,210.0,262.0,60.0,240.0,2023
1,D,54.0,81.0,8.0,1.0,1,1.0,0.0,0.0,1,90,1,0.0,0,6.0,1.0,1,0.0,7,1,0,1,1,0.0,0,1.0,0,78.0,97.0,0.0,240.0,2023
5,D,120.0,25.0,2.0,1.0,83,1.0,0.0,0.0,1,87,1,0.0,0,3.0,1.0,1,0.0,7,1,0,1,1,0.0,0,1.0,0,151.0,188.0,60.0,240.0,2023
4,D,60.0,25.0,2.0,1.0,59,1.0,0.0,0.0,1,66,1,0.0,0,5.0,1.0,1,0.0,7,1,0,1,1,0.0,0,1.0,0,78.0,97.0,0.0,240.0,2023
3,D,180.0,58.0,7.0,1.0,91,1.0,1.0,2.0,1,31,2,0.0,0,5.0,3.0,2,0.0,7,1,0,1,1,2.0,0,2.0,0,210.0,262.0,120.0,9996.0,2023
1,D,72.0,30.0,3.0,1.0,91,1.0,1.0,0.0,1,31,2,0.0,0,5.0,3.0,1,0.0,7,1,0,1,1,0.0,0,1.0,0,97.0,121.0,60.0,240.0,2023
5,D,204.0,21.0,2.0,1.0,36,1.0,1.0,0.0,1,42,2,0.0,0,3.0,3.0,3,0.0,7,1,0,1,1,0.0,0,1.0,0,135.0,168.0,0.0,60.0,2023
2,D,44.0,49.0,6.0,1.0,2,1.0,0.0,0.0,1,0,1,0.0,0,6.0,1.0,1,0.0,7,1,0,1,1,0.0,0,1.0,0,78.0,97.0,0.0,240.0,2023
1,D,60.0,33.0,4.0,1.0,8,1.0,0.0,0.0,1,7,1,0.0,0,5.0,1.0,1,0.0,7,1,0,1,1,0.0,0,1.0,0,151.0,188.0,60.0,240.0,2023
4,D,180.0,39.0,5.0,1.0,35,1.0,1.0,3.0,1,41,1,0.0,0,5.0,1.0,1,0.0,7,1,0,1,1,5.0,0,3.0,0,180.0,180.0,180.0,480.0,2023
3,D,60.0,43.0,6.0,1.0,61,1.0,1.0,0.0,1,68,1,0.0,0,5.0,1.0,1,0.0,7,1,0,1,1,0.0,0,1.0,0,151.0,188.0,60.0,240.0,2023
4,D,60.0,72.0,8.0,1.0,58,1.0,0.0,0.0,1,65,1,0.0,0,6.0,1.0,2,0.0,7,1,0,1,1,0.0,0,1.0,0,78.0,97.0,0.0,240.0,2023
4,D,73.0,51.0,7.0,1.0,58,1.0,0.0,0.0,1,65,1,0.0,0,3.0,1.0,1,0.0,7,1,0,1,1,0.0,0,1.0,0,78.0,97.0,0.0,240.0,2023
1,D,135.0,49.0,6.0,1.0,50,1.0,0.0,0.0,1,56,1,0.0,0,5.0,6.0,2,0.0,7,1,0,1,1,0.0,0,1.0,0,135.0,168.0,60.0,240.0,2023
1,D,90.0,50.0,6.0,1.0,91,1.0,1.0,3.0,1,31,2,0.0,0,1.0,3.0,2,2.0,7,1,0,1,1,3.0,0,2.0,0,87.0,108.0,0.0,240.0,2023
4,D,78.0,40.0,5.0,1.0,46,1.0,1.0,0.0,1,53,1,0.0,0,5.0,1.0,2,0.0,7,1,0,1,1,0.0,0,1.0,0,97.0,121.0,60.0,240.0,2023
1,D,180.0,64.0,8.0,1.0,22,1.0,1.0,0.0,1,19,1,0.0,0,3.0,1.0,1,,7,1,0,1,1,0.0,0,1.0,0,210.0,262.0,180.0,480.0,2023
6,D,26.0,43.0,6.0,1.0,37,1.0,1.0,0.0,1,43,1,0.0,0,3.0,1.0,2,1.0,8,1,0,1,1,0.0,0,1.0,0,24.0,30.0,0.0,60.0,2023
5,D,97.0,32.0,4.0,1.0,35,1.0,1.0,0.0,1,41,2,0.0,0,5.0,3.0,2,0.0,7,1,0,1,1,0.0,0,1.0,0,97.0,121.0,0.0,240.0,2023
2,D,72.0,56.0,7.0,1.0,27,1.0,1.0,0.0,1,25,1,0.0,0,3.0,1.0,1,1.0,7,1,0,1,1,0.0,0,1.0,0,151.0,188.0,60.0,240.0,2023
2,D,360.0,33.0,4.0,1.0,15,1.0,1.0,0.0,1,13,1,0.0,0,3.0,2.0,4,0.0,7,1,0,1,1,0.0,0,1.0,0,360.0,960.0,0.0,240.0,2023
1,D,96.0,37.0,5.0,1.0,36,1.0,1.0,0.0,1,42,1,0.0,0,6.0,2.0,1,0.0,8,1,0,1,1,0.0,0,1.0,0,18.0,24.0,0.0,120.0,2023
9,D,120.0,41.0,6.0,1.0,91,1.0,1.0,3.0,1,31,1,0.0,0,5.0,1.0,2,0.0,7,1,0,1,1,3.0,0,2.0,0,120.0,120.0,120.0,240.0,2023
6,D,60.0,74.0,8.0,1.0,8,1.0,0.0,0.0,1,7,1,0.0,0,6.0,1.0,1,0.0,7,1,0,1,1,0.0,0,1.0,0,151.0,188.0,60.0,240.0,2023
1,A,0.03,52.0,7.0,1.0,10,3.0,0.0,0.0,1,8,1,0.0,0,3.0,1.0,1,0.0,8,1,0,1,0,0.0,0,1.0,0,0.0,6.0,0.0,60.0,2023
6,D,360.0,35.0,4.0,1.0,30,1.0,1.0,3.0,1,36,1,0.0,0,3.0,1.0,1,0.0,7,1,0,1,1,5.0,0,3.0,0,360.0,360.0,180.0,360.0,2023
5,D,300.0,52.0,7.0,1.0,7,1.0,1.0,0.0,1,5,1,0.0,0,6.0,1.0,2,1.0,7,1,0,1,1,0.0,0,1.0,0,600.0,600.0,180.0,360.0,2023
4,D,120.0,37.0,5.0,1.0,57,1.0,1.0,8.0,1,64,1,0.0,0,6.0,1.0,1,0.0,7,1,0,1,1,10.0,0,5.0,0,130.0,162.0,120.0,240.0,2023
E,D,84.0,38.0,5.0,1.0,24,3.0,1.0,0.0,1,22,2,0.0,0,3.0,3.0,1,0.0,7,1,0,1,1,0.0,0,1.0,0,151.0,188.0,60.0,240.0,2023
2,D,108.0,39.0,5.0,1.0,84,1.0,1.0,0.0,1,88,1,0.0,0,3.0,1.0,1,3.0,7,1,0,1,1,0.0,0,1.0,0,240.0,240.0,60.0,240.0,2023
3,D,151.0,43.0,6.0,1.0,38,1.0,0.0,0.0,1,44,1,0.0,0,6.0,1.0,3,0.0,7,1,0,1,1,0.0,0,1.0,0,151.0,188.0,60.0,240.0,2023
1,D,78.0,28.0,3.0,1.0,72,4.0,1.0,0.0,1,77,1,0.0,0,6.0,6.0,1,0.0,7,1,0,1,1,0.0,0,1.0,0,78.0,97.0,0.0,240.0,2023
1,D,84.0,57.0,7.0,1.0,1,1.0,1.0,0.0,1,90,1,0.0,0,6.0,1.0,1,0.0,7,1,0,1,1,0.0,0,1.0,0,151.0,188.0,60.0,240.0,2023
3,D,60.0,59.0,7.0,1.0,34,1.0,0.0,0.0,1,39,1,0.0,0,6.0,2.0,1,2.0,7,1,0,1,1,0.0,0,1.0,0,97.0,121.0,60.0,240.0,2023
4,D,97.0,46.0,6.0,1.0,35,1.0,1.0,0.0,1,41,1,0.0,0,6.0,1.0,1,2.0,7,1,0,1,1,0.0,0,1.0,0,97.0,121.0,0.0,240.0,2023
1,D,84.0,63.0,8.0,1.0,93,1.0,1.0,2.0,1,32,1,0.0,0,5.0,1.0,1,1.0,7,1,0,1,1,4.0,0,3.0,0,60.0,60.0,60.0,240.0,2023
4,D,240.0,44.0,6.0,1.0,53,1.0,1.0,6.0,1,60,1,0.0,0,3.0,1.0,1,0.0,7,1,0,1,1,8.0,0,4.0,0,180.0,180.0,180.0,480.0,2023
4,D,97.0,27.0,3.0,1.0,53,1.0,0.0,0.0,1,60,1,0.0,0,5.0,2.0,1,0.0,7,1,0,1,1,0.0,0,1.0,0,97.0,121.0,60.0,240.0,2023
4,D,63.0,32.0,4.0,1.0,53,1.0,1.0,0.0,1,60,1,0.0,0,5.0,1.0,1,0.0,7,1,0,1,1,0.0,0,1.0,0,63.0,78.0,60.0,240.0,2023
8,D,97.0,47.0,6.0,1.0,89,1.0,1.0,0.0,1,30,1,0.0,0,5.0,1.0,2,0.0,7,1,0,1,1,0.0,0,1.0,0,97.0,121.0,0.0,240.0,2023
1,D,132.0,38.0,5.0,1.0,55,1.0,1.0,3.0,1,62,1,0.0,0,3.0,1.0,1,1.0,7,1,0,1,1,3.0,0,2.0,0,151.0,188.0,0.0,240.0,2023
5,D,240.0,19.0,1.0,1.0,34,1.0,0.0,0.0,1,39,1,0.0,0,3.0,1.0,1,0.0,7,1,0,1,1,0.0,0,1.0,0,240.0,240.0,60.0,240.0,2023
1,D,207.0,42.0,6.0,1.0,93,1.0,1.0,3.0,1,32,1,0.0,0,3.0,1.0,1,0.0,7,1,0,1,1,5.0,0,3.0,0,262.0,327.0,180.0,480.0,2023
6,D,72.0,29.0,3.0,1.0,89,1.0,1.0,2.0,1,30,1,0.0,0,6.0,1.0,2,0.0,7,1,0,1,1,2.0,0,2.0,0,108.0,135.0,0.0,120.0,2023
C,D,108.0,29.0,3.0,1.0,46,1.0,0.0,0.0,1,53,1,0.0,0,3.0,1.0,3,1.0,7,1,0,1,1,0.0,0,1.0,0,108.0,135.0,60.0,240.0,2023
4,D,60.0,33.0,4.0,1.0,91,1.0,1.0,0.0,1,31,2,0.0,0,3.0,3.0,1,0.0,7,1,0,1,1,0.0,0,1.0,0,78.0,97.0,0.0,240.0,2023
2,D,29.03,57.0,7.0,1.0,23,1.0,1.0,0.0,1,20,1,0.0,0,6.0,1.0,2,1.0,7,1,0,2,1,0.0,0,1.0,0,97.0,121.0,0.0,240.0,2023
4,D,96.0,55.0,7.0,1.0,56,1.0,1.0,1.0,1,63,1,0.0,0,5.0,1.0,1,0.0,7,1,0,1,1,1.0,0,1.0,0,135.0,168.0,60.0,240.0,2023
3,D,,25.0,2.0,1.0,48,1.0,0.0,0.0,1,54,1,1.0,0,6.0,1.0,1,0.0,7,0,1,4,0,0.0,0,1.0,0,135.0,168.0,0.0,240.0,2023
2,D,96.0,58.0,7.0,1.0,24,1.0,0.0,0.0,1,22,1,0.0,0,3.0,1.0,1,0.0,7,1,0,1,1,0.0,0,1.0,0,151.0,188.0,60.0,240.0,2023
8,D,600.0,38.0,5.0,1.0,89,1.0,1.0,1.0,1,30,1,0.0,0,3.0,1.0,4,0.0,7,1,0,1,1,1.0,0,1.0,0,960.0,960.0,60.0,240.0,2023
2,D,60.0,34.0,4.0,1.0,76,1.0,1.0,0.0,1,80,1,0.0,0,6.0,1.0,1,0.0,7,1,0,1,1,0.0,0,1.0,0,63.0,78.0,60.0,240.0,2023
3,D,60.0,38.0,5.0,1.0,16,1.0,0.0,0.0,1,14,1,0.0,0,5.0,1.0,1,0.0,7,1,0,1,1,0.0,0,1.0,0,151.0,188.0,60.0,240.0,2023
1,D,48.0,25.0,2.0,1.0,72,1.0,0.0,0.0,1,77,1,0.0,0,5.0,1.0,1,0.0,7,1,0,1,1,0.0,0,1.0,0,60.0,60.0,0.0,60.0,2023
1,D,48.0,18.0,1.0,1.0,91,1.0,0.0,0.0,1,31,2,0.0,0,1.0,3.0,1,0.0,7,1,0,1,1,0.0,0,1.0,0,97.0,121.0,0.0,240.0,2023
1,D,72.0,29.0,3.0,1.0,3,1.0,0.0,0.0,1,1,1,0.0,0,5.0,2.0,2,0.0,7,1,0,1,1,0.0,0,1.0,0,210.0,262.0,60.0,240.0,2023
3,D,180.0,32.0,4.0,1.0,91,1.0,1.0,0.0,1,31,1,0.0,0,5.0,6.0,5,1.0,7,1,0,1,1,0.0,0,1.0,0,210.0,262.0,60.0,240.0,2023
3,D,360.0,28.0,3.0,1.0,91,1.0,1.0,3.0,1,31,1,0.0,0,3.0,1.0,4,0.0,7,1,0,1,1,3.0,0,2.0,0,360.0,960.0,60.0,240.0,2023
3,D,180.0,44.0,6.0,1.0,48,1.0,1.0,6.0,1,54,1,0.0,0,3.0,1.0,2,0.0,7,1,0,1,1,6.0,0,5.0,0,180.0,210.0,180.0,480.0,2023
3,D,48.0,29.0,3.0,1.0,36,1.0,0.0,0.0,1,42,2,0.0,0,5.0,3.0,1,0.0,7,1,0,1,1,0.0,0,1.0,0,97.0,121.0,0.0,240.0,2023
6,D,120.0,49.0,6.0,1.0,11,1.0,1.0,2.0,1,9,1,0.0,0,5.0,1.0,1,0.0,7,1,0,1,1,2.0,0,2.0,0,120.0,120.0,120.0,240.0,2023
1,D,120.0,55.0,7.0,1.0,9,1.0,1.0,0.0,1,6,1,0.0,0,1.0,1.0,5,3.0,7,1,0,1,1,0.0,0,1.0,0,151.0,188.0,60.0,240.0,2023
2,D,120.0,30.0,3.0,1.0,23,1.0,1.0,3.0,1,20,1,0.0,0,5.0,1.0,1,0.0,7,1,0,1,1,3.0,0,2.0,0,120.0,135.0,120.0,240.0,2023
2,D,,41.0,6.0,1.0,39,1.0,1.0,6.0,1,45,1,0.0,0,3.0,1.0,1,0.0,7,0,1,4,0,6.0,0,3.0,0,51.0,63.0,0.0,120.0,2023
8,D,41.0,35.0,4.0,1.0,35,1.0,0.0,0.0,1,41,2,0.0,0,6.0,3.0,1,3.0,7,1,0,1,1,0.0,0,1.0,0,41.0,51.0,0.0,120.0,2023
1,D,18.0,68.0,8.0,1.0,42,1.0,1.0,0.0,1,48,1,0.0,0,5.0,1.0,1,0.0,7,1,0,1,1,0.0,0,1.0,0,97.0,121.0,0.0,240.0,2023
4,D,90.0,58.0,7.0,1.0,34,1.0,1.0,2.0,1,39,2,0.0,0,6.0,3.0,2,0.0,7,1,0,1,1,2.0,0,2.0,0,78.0,97.0,60.0,240.0,2023
3,D,120.0,43.0,6.0,1.0,24,1.0,1.0,6.0,1,22,1,0.0,0,1.0,1.0,1,0.0,7,1,0,1,1,8.0,0,4.0,0,120.0,137.0,120.0,240.0,2023
1,D,60.0,32.0,4.0,1.0,3,1.0,1.0,0.0,1,1,1,0.0,0,6.0,2.0,2,0.0,7,1,0,1,1,0.0,0,1.0,0,97.0,121.0,60.0,240.0,2023
2,D,97.0,21.0,2.0,1.0,27,1.0,0.0,0.0,1,25,1,0.0,0,1.0,1.0,1,0.0,7,1,0,1,1,0.0,0,1.0,0,97.0,121.0,0.0,240.0,2023
3,D,160.0,36.0,5.0,1.0,36,1.0,1.0,1.0,1,42,2,0.0,0,5.0,3.0,1,0.0,7,1,0,1,1,1.0,0,1.0,0,240.0,240.0,60.0,240.0,2023
5,D,240.0,25.0,2.0,1.0,37,1.0,1.0,0.0,1,43,1,0.0,0,3.0,1.0,3,0.0,7,1,0,1,1,0.0,0,1.0,0,960.0,960.0,60.0,240.0,2023
4,D,150.0,35.0,4.0,1.0,60,1.0,1.0,3.0,1,67,1,0.0,0,5.0,1.0,1,0.0,7,1,0,1,1,3.0,0,2.0,0,120.0,120.0,120.0,240.0,2023
3,D,78.0,22.0,2.0,1.0,91,1.0,1.0,0.0,1,31,2,0.0,0,3.0,3.0,1,0.0,7,1,0,1,1,0.0,0,1.0,0,78.0,97.0,0.0,240.0,2023
2,D,60.0,67.0,8.0,1.0,89,1.0,0.0,0.0,1,30,0,0.0,0,5.0,1.0,1,0.0,7,1,0,1,1,0.0,0,1.0,0,63.0,78.0,0.0,240.0,2023
4,D,156.0,50.0,6.0,1.0,60,1.0,1.0,3.0,1,67,1,0.0,0,3.0,1.0,1,0.0,7,1,0,1,1,3.0,0,2.0,0,120.0,135.0,120.0,240.0,2023
3,D,2.56,30.0,3.0,1.0,44,1.0,1.0,3.0,1,50,1,1.0,0,3.0,1.0,1,0.0,7,1,0,1,1,5.0,0,3.0,0,46.0,57.0,0.0,240.0,2023
2,D,36.0,33.0,4.0,1.0,84,1.0,0.0,0.0,1,88,1,0.0,0,5.0,1.0,1,0.0,7,1,0,1,1,0.0,0,1.0,0,46.0,57.0,0.0,120.0,2023
3,D,94.0,45.0,6.0,1.0,63,1.0,1.0,6.0,1,95,1,0.0,0,5.0,1.0,1,0.0,7,1,0,1,1,6.0,0,3.0,0,108.0,135.0,0.0,240.0,2023
2,D,78.0,35.0,4.0,1.0,89,1.0,1.0,0.0,1,30,1,0.0,0,3.0,2.0,1,2.0,7,1,0,1,1,0.0,0,1.0,0,97.0,121.0,0.0,240.0,2023
6,D,60.0,40.0,5.0,1.0,23,1.0,1.0,6.0,1,20,1,0.0,0,3.0,1.0,1,0.0,7,1,0,1,1,8.0,0,4.0,0,120.0,120.0,120.0,240.0,2023
2,D,37.0,58.0,7.0,1.0,15,1.0,0.0,0.0,1,13,1,0.0,0,6.0,1.0,1,0.0,7,1,0,1,1,0.0,0,1.0,0,30.0,37.0,0.0,120.0,2023
3,D,0.03,36.0,5.0,1.0,5,1.0,0.0,0.0,1,4,2,0.0,0,5.0,3.0,1,0.0,7,1,0,1,1,0.0,0,1.0,0,60.0,60.0,60.0,240.0,2023
4,D,360.0,27.0,3.0,1.0,35,1.0,1.0,0.0,1,41,1,0.0,0,3.0,1.0,5,0.0,7,1,0,1,1,0.0,0,1.0,0,1320.0,1320.0,180.0,360.0,2023
4,D,130.0,29.0,3.0,1.0,56,1.0,1.0,9.0,1,63,1,0.0,0,3.0,1.0,1,2.0,7,1,0,1,1,11.0,0,5.0,0,130.0,162.0,0.0,240.0,2023
3,D,240.0,39.0,5.0,1.0,24,1.0,1.0,3.0,1,22,1,0.0,0,6.0,1.0,1,3.0,7,1,0,1,1,5.0,0,3.0,0,292.0,365.0,180.0,480.0,2023
3,D,6.0,74.0,8.0,1.0,75,1.0,1.0,0.0,1,79,1,0.0,0,6.0,1.0,1,0.0,7,1,0,1,1,0.0,0,1.0,0,46.0,57.0,0.0,240.0,2023
0,D,160.0,51.0,7.0,1.0,91,1.0,1.0,4.0,3,31,1,0.0,1,3.0,1.0,1,0.0,7,1,0,1,1,4.0,0,3.0,0,135.0,168.0,0.0,240.0,2023
1,D,66.0,22.0,2.0,1.0,66,1.0,1.0,0.0,1,72,0,0.0,0,5.0,1.0,1,0.0,7,1,0,1,1,0.0,0,1.0,0,78.0,97.0,60.0,240.0,2023
4,D,210.0,39.0,5.0,1.0,36,1.0,1.0,5.0,1,42,2,0.0,0,1.0,3.0,1,4.0,7,1,0,1,1,5.0,0,3.0,0,168.0,210.0,0.0,240.0,2023
0,D,240.0,60.0,7.0,1.0,36,1.0,1.0,0.0,1,42,1,0.0,0,6.0,1.0,1,0.0,7,1,0,1,1,0.0,0,1.0,0,240.0,240.0,60.0,240.0,2023
1,D,60.0,32.0,4.0,1.0,56,1.0,0.0,0.0,1,63,1,0.0,0,6.0,1.0,1,1.0,7,1,0,1,1,0.0,0,1.0,0,63.0,78.0,60.0,240.0,2023
1,D,84.0,31.0,4.0,1.0,2,1.0,0.0,0.0,1,0,1,0.0,0,3.0,1.0,1,1.0,7,1,0,1,1,0.0,0,1.0,0,135.0,168.0,0.0,240.0,2023
G,D,168.0,41.0,6.0,1.0,20,1.0,1.0,2.0,1,17,1,0.0,0,3.0,1.0,1,0.0,7,1,0,1,1,2.0,0,2.0,0,168.0,210.0,60.0,240.0,2023
5,D,180.0,54.0,7.0,1.0,9,1.0,1.0,6.0,1,6,1,0.0,0,3.0,2.0,2,0.0,7,1,0,1,1,8.0,0,4.0,0,292.0,365.0,180.0,480.0,2023
4,D,36.0,36.0,5.0,1.0,53,1.0,1.0,1.0,1,60,1,0.0,0,3.0,1.0,1,0.0,7,1,0,1,1,1.0,0,1.0,0,57.0,71.0,0.0,120.0,2023
5,D,294.0,36.0,5.0,1.0,9,1.0,1.0,12.0,1,6,1,0.0,0,3.0,1.0,2,2.0,7,1,0,1,1,12.0,0,5.0,0,324.0,405.0,180.0,480.0,2023
1,D,42.66,49.0,6.0,1.0,6,1.0,1.0,0.0,1,3,1,0.0,0,5.0,1.0,1,3.0,7,1,0,1,1,0.0,0,1.0,0,41.0,51.0,0.0,240.0,2023
1,D,60.0,33.0,4.0,1.0,3,1.0,1.0,3.0,1,1,1,0.0,0,1.0,1.0,5,0.0,7,1,0,1,1,3.0,0,2.0,0,151.0,188.0,60.0,240.0,2023
6,D,0.03,25.0,2.0,1.0,23,1.0,0.0,0.0,1,20,1,0.0,0,3.0,1.0,1,0.0,7,1,0,1,1,0.0,0,1.0,0,97.0,121.0,0.0,240.0,2023
2,D,78.0,37.0,5.0,1.0,24,1.0,0.0,0.0,1,22,1,0.0,0,3.0,6.0,1,2.0,7,1,0,1,1,0.0,0,1.0,0,121.0,151.0,60.0,240.0,2023
3,D,168.0,45.0,6.0,1.0,22,1.0,1.0,0.0,1,19,1,0.0,0,3.0,1.0,1,0.0,7,1,0,1,1,0.0,0,1.0,0,240.0,240.0,60.0,240.0,2023
4,D,84.0,49.0,6.0,1.0,58,1.0,1.0,0.0,1,65,1,0.0,0,1.0,1.0,2,2.0,7,1,0,1,1,0.0,0,1.0,0,97.0,121.0,60.0,240.0,2023
1,D,120.0,34.0,4.0,1.0,91,1.0,1.0,1.0,1,31,1,0.0,0,5.0,1.0,1,0.0,7,1,0,1,1,3.0,0,2.0,0,78.0,97.0,0.0,240.0,2023
4,D,240.0,28.0,3.0,1.0,56,1.0,0.0,0.0,1,63,1,0.0,0,3.0,1.0,1,0.0,7,1,0,1,1,0.0,0,1.0,0,240.0,240.0,60.0,240.0,2023
1,D,420.0,28.0,3.0,1.0,19,1.0,1.0,3.0,1,16,1,0.0,0,3.0,1.0,2,0.0,7,1,0,1,1,5.0,0,3.0,0,1080.0,1080.0,300.0,600.0,2023
6,D,120.0,37.0,5.0,1.0,81,1.0,1.0,3.0,1,86,1,0.0,0,5.0,1.0,1,2.0,7,1,0,1,1,3.0,0,2.0,0,120.0,120.0,120.0,240.0,2023
0,D,70.0,62.0,8.0,1.0,65,1.0,0.0,0.0,5,73,2,0.0,1,5.0,3.0,4,0.0,7,1,0,1,1,0.0,0,1.0,0,210.0,262.0,60.0,240.0,2023
3,D,120.0,24.0,2.0,1.0,67,1.0,0.0,0.0,1,71,1,0.0,0,3.0,2.0,1,0.0,7,1,0,2,1,0.0,0,1.0,0,210.0,240.0,60.0,240.0,2023
3,D,60.0,42.0,6.0,1.0,67,1.0,0.0,0.0,1,71,1,0.0,0,1.0,1.0,1,0.0,7,1,0,1,1,0.0,0,1.0,0,78.0,97.0,0.0,240.0,2023
4,D,30.0,34.0,4.0,1.0,62,4.0,1.0,0.0,1,69,2,0.0,0,1.0,3.0,1,3.0,7,1,0,1,1,0.0,0,1.0,0,30.0,37.0,0.0,240.0,2023
4,D,40.0,30.0,3.0,1.0,72,1.0,1.0,1.0,1,77,1,0.0,0,1.0,1.0,1,0.0,7,1,0,1,1,1.0,0,1.0,0,78.0,97.0,0.0,240.0,2023
2,D,170.0,31.0,4.0,1.0,15,1.0,1.0,1.0,1,13,1,0.0,0,5.0,1.0,4,1.0,7,1,0,1,1,1.0,0,1.0,0,151.0,188.0,60.0,240.0,2023
4,D,108.0,53.0,7.0,1.0,71,1.0,1.0,0.0,1,76,1,0.0,0,6.0,1.0,1,0.0,7,1,0,1,1,0.0,0,1.0,0,135.0,168.0,0.0,240.0,2023
1,D,27.0,27.0,3.0,1.0,41,1.0,0.0,0.0,1,47,1,0.0,0,3.0,1.0,1,0.0,7,1,0,1,1,0.0,0,1.0,0,70.0,87.0,0.0,240.0,2023
2,D,120.0,36.0,5.0,1.0,84,1.0,1.0,1.0,1,88,1,0.0,0,5.0,1.0,1,4.0,7,1,0,1,1,1.0,0,1.0,0,240.0,240.0,60.0,240.0,2023
3,D,78.0,47.0,6.0,1.0,42,1.0,1.0,0.0,1,48,1,0.0,0,5.0,1.0,1,2.0,7,1,0,1,1,0.0,0,1.0,0,97.0,121.0,0.0,240.0,2023
1,D,96.0,39.0,5.0,1.0,41,1.0,1.0,0.0,1,47,1,0.0,0,5.0,1.0,1,0.0,7,1,0,1,1,0.0,0,1.0,0,121.0,151.0,60.0,240.0,2023
1,D,24.0,49.0,6.0,1.0,93,1.0,0.0,0.0,1,32,1,0.0,0,3.0,1.0,1,1.0,7,1,0,1,1,0.0,0,1.0,0,70.0,87.0,0.0,120.0,2023
7,D,78.0,25.0,2.0,1.0,20,1.0,0.0,0.0,1,17,1,0.0,0,5.0,1.0,1,0.0,7,1,0,1,1,0.0,0,1.0,0,78.0,97.0,60.0,240.0,2023
4,D,66.0,58.0,7.0,1.0,58,1.0,1.0,0.0,1,65,1,0.0,0,6.0,1.0,1,0.0,7,1,0,1,1,0.0,0,1.0,0,78.0,97.0,0.0,240.0,2023
3,D,60.0,25.0,2.0,1.0,75,2.0,0.0,0.0,1,79,1,0.0,0,5.0,6.0,1,0.0,7,1,0,1,1,0.0,0,1.0,0,151.0,188.0,60.0,240.0,2023
1,D,48.0,56.0,7.0,1.0,36,1.0,1.0,0.0,1,42,1,0.0,0,6.0,1.0,1,0.0,7,1,0,1,1,0.0,0,1.0,0,97.0,121.0,0.0,240.0,2023
3,D,168.0,43.0,6.0,1.0,22,1.0,1.0,0.0,1,19,1,0.0,0,5.0,1.0,1,0.0,7,1,0,1,1,0.0,0,1.0,0,168.0,210.0,60.0,240.0,2023
5,D,60.0,60.0,7.0,1.0,22,1.0,1.0,0.0,1,19,1,0.0,0,3.0,1.0,1,,7,1,0,1,1,0.0,0,1.0,0,97.0,121.0,60.0,240.0,2023
4,D,151.0,30.0,3.0,1.0,62,1.0,1.0,0.0,1,69,0,0.0,0,3.0,1.0,1,3.0,7,1,0,1,1,0.0,0,1.0,0,151.0,188.0,60.0,240.0,2023
4,D,78.0,44.0,6.0,1.0,56,1.0,1.0,0.0,1,63,1,0.0,0,3.0,1.0,1,0.0,7,1,0,1,1,0.0,0,1.0,0,78.0,97.0,0.0,240.0,2023
4,D,240.0,58.0,7.0,1.0,34,1.0,0.0,0.0,1,39,1,0.0,0,5.0,1.0,1,0.0,7,1,0,1,1,0.0,0,1.0,0,240.0,240.0,60.0,240.0,2023
1,D,156.0,27.0,3.0,1.0,50,1.0,1.0,1.0,1,56,1,0.0,0,5.0,1.0,1,0.0,7,1,0,1,1,1.0,0,1.0,0,210.0,240.0,60.0,240.0,2023
6,D,324.0,51.0,7.0,1.0,30,1.0,1.0,0.0,1,36,1,0.0,0,1.0,1.0,1,0.0,7,1,0,1,1,0.0,0,1.0,0,324.0,360.0,180.0,360.0,2023
8,D,210.0,44.0,6.0,1.0,60,1.0,1.0,3.0,1,67,0,0.0,0,5.0,1.0,1,1.0,7,1,0,1,1,5.0,0,3.0,0,180.0,180.0,180.0,480.0,2023
3,D,96.0,40.0,5.0,1.0,50,1.0,1.0,1.0,1,56,1,0.0,0,3.0,1.0,2,1.0,7,1,0,1,1,3.0,0,2.0,0,135.0,168.0,60.0,240.0,2023
2,D,24.0,56.0,7.0,1.0,71,1.0,0.0,0.0,1,76,1,0.0,0,5.0,1.0,1,0.0,7,1,0,1,1,0.0,0,1.0,0,135.0,168.0,0.0,240.0,2023
1,D,45.0,38.0,5.0,1.0,75,1.0,0.0,0.0,1,79,1,0.0,0,1.0,1.0,1,0.0,7,1,0,1,1,0.0,0,1.0,0,78.0,97.0,0.0,120.0,2023
6,D,120.0,46.0,6.0,1.0,8,1.0,1.0,3.0,1,7,1,0.0,0,6.0,1.0,1,0.0,7,1,0,1,1,5.0,0,3.0,0,120.0,121.0,120.0,240.0,2023
1,D,156.0,31.0,4.0,1.0,3,1.0,1.0,0.0,1,1,1,0.0,0,1.0,1.0,3,3.0,7,1,0,1,1,0.0,0,1.0,0,262.0,327.0,120.0,9996.0,2023
5,D,36.0,23.0,2.0,1.0,62,1.0,1.0,0.0,1,69,2,0.0,0,3.0,3.0,1,0.0,7,1,0,1,1,0.0,0,1.0,0,97.0,121.0,0.0,240.0,2023
2,D,120.0,35.0,4.0,1.0,24,1.0,1.0,4.0,1,22,1,0.0,0,3.0,6.0,1,0.0,7,1,0,1,1,6.0,0,3.0,0,120.0,120.0,120.0,240.0,2023
4,D,120.0,37.0,5.0,1.0,59,1.0,1.0,1.0,1,66,0,0.0,0,1.0,1.0,1,3.0,7,1,0,1,1,1.0,0,1.0,0,240.0,240.0,60.0,240.0,2023
2,D,120.0,63.0,8.0,1.0,15,1.0,1.0,1.0,1,13,0,0.0,0,5.0,1.0,1,0.0,7,1,0,1,1,3.0,0,2.0,0,120.0,120.0,120.0,240.0,2023
1,D,235.0,34.0,4.0,1.0,49,1.0,1.0,1.0,1,55,1,0.0,0,5.0,1.0,1,2.0,7,1,0,1,1,3.0,0,2.0,0,235.0,240.0,60.0,240.0,2023
1,D,88.0,26.0,3.0,1.0,3,1.0,1.0,3.0,1,1,1,0.0,0,3.0,1.0,2,0.0,7,1,0,1,1,5.0,0,3.0,0,188.0,235.0,60.0,240.0,2023
1,D,120.0,36.0,5.0,1.0,3,1.0,1.0,,1,1,1,0.0,0,,1.0,1,,7,1,0,1,1,,0,3.0,0,120.0,120.0,120.0,240.0,2023
3,D,108.0,32.0,4.0,1.0,5,1.0,0.0,0.0,1,4,2,0.0,0,3.0,3.0,1,2.0,7,1,0,1,1,0.0,0,1.0,0,151.0,188.0,60.0,240.0,2023
1,D,120.0,52.0,7.0,1.0,3,1.0,1.0,0.0,1,1,1,0.0,0,3.0,1.0,1,0.0,7,1,0,1,1,0.0,0,1.0,0,120.0,121.0,120.0,240.0,2023
3,D,30.0,36.0,5.0,1.0,42,1.0,1.0,0.0,1,48,1,0.0,0,6.0,1.0,1,1.0,7,1,0,1,1,0.0,0,1.0,0,78.0,97.0,0.0,240.0,2023
2,D,84.0,62.0,8.0,1.0,59,1.0,1.0,22.0,1,66,0,0.0,0,3.0,1.0,1,0.0,7,1,0,1,1,22.0,0,6.0,0,210.0,240.0,60.0,240.0,2023
2,D,96.0,25.0,2.0,1.0,17,1.0,0.0,0.0,1,15,1,0.0,0,6.0,1.0,3,0.0,7,1,0,1,1,0.0,0,1.0,0,151.0,188.0,60.0,240.0,2023
1,D,99.0,31.0,4.0,1.0,93,1.0,1.0,1.0,1,32,1,0.0,0,5.0,2.0,2,0.0,7,1,0,1,1,1.0,0,1.0,0,151.0,188.0,60.0,240.0,2023
9,D,60.0,36.0,5.0,1.0,91,2.0,0.0,0.0,1,31,1,0.0,0,6.0,1.0,1,2.0,7,1,0,1,1,0.0,0,1.0,0,78.0,97.0,0.0,240.0,2023
9,D,144.0,38.0,5.0,1.0,91,1.0,1.0,0.0,1,31,1,0.0,0,5.0,1.0,1,0.0,7,1,0,1,1,0.0,0,1.0,0,120.0,120.0,120.0,240.0,2023
6,D,210.0,28.0,3.0,1.0,79,1.0,1.0,0.0,1,83,1,0.0,0,5.0,1.0,1,0.0,7,1,0,1,1,0.0,0,1.0,0,210.0,240.0,60.0,240.0,2023
2,D,128.0,43.0,6.0,1.0,85,1.0,1.0,0.0,1,89,1,0.0,0,3.0,1.0,2,3.0,7,1,0,1,1,0.0,0,1.0,0,151.0,188.0,60.0,240.0,2023
1,D,210.0,47.0,6.0,1.0,91,1.0,1.0,0.0,4,31,1,0.0,1,5.0,1.0,2,0.0,7,1,0,1,1,0.0,0,1.0,0,210.0,262.0,60.0,240.0,2023
2,D,60.0,43.0,6.0,1.0,45,1.0,0.0,0.0,1,51,1,0.0,0,5.0,1.0,2,1.0,7,1,0,1,1,0.0,0,1.0,0,60.0,60.0,0.0,120.0,2023
2,D,57.0,31.0,4.0,1.0,24,1.0,0.0,0.0,1,22,2,0.0,0,3.0,3.0,1,1.0,7,1,0,1,1,0.0,0,1.0,0,78.0,97.0,0.0,240.0,2023
1,D,60.0,49.0,6.0,1.0,10,1.0,0.0,0.0,1,8,1,0.0,0,5.0,1.0,1,0.0,8,1,0,1,1,0.0,0,1.0,0,21.0,27.0,0.0,60.0,2023
2,D,60.0,28.0,3.0,1.0,2,1.0,0.0,0.0,1,0,1,0.0,0,3.0,1.0,1,0.0,7,1,0,1,1,0.0,0,1.0,0,168.0,210.0,60.0,240.0,2023
1,D,18.0,38.0,5.0,1.0,8,1.0,1.0,0.0,1,7,1,0.0,0,5.0,1.0,1,0.0,7,1,0,1,1,0.0,0,1.0,0,78.0,97.0,0.0,120.0,2023
4,D,90.0,40.0,5.0,1.0,59,1.0,1.0,0.0,1,66,1,0.0,0,6.0,1.0,1,0.0,7,1,0,1,1,0.0,0,1.0,0,151.0,188.0,60.0,240.0,2023
2,D,96.0,34.0,4.0,1.0,79,1.0,1.0,13.0,1,83,1,0.0,0,5.0,1.0,1,0.0,7,1,0,1,1,15.0,0,6.0,0,140.0,175.0,0.0,240.0,2023
2,D,72.0,31.0,4.0,1.0,2,1.0,0.0,0.0,1,0,1,0.0,0,5.0,1.0,2,1.0,7,1,0,1,1,0.0,0,1.0,0,121.0,151.0,60.0,240.0,2023
6,D,24.0,42.0,6.0,1.0,59,1.0,1.0,0.0,1,66,1,0.0,0,5.0,1.0,1,2.0,7,1,0,1,1,0.0,0,1.0,0,63.0,78.0,0.0,240.0,2023
8,D,48.0,51.0,7.0,1.0,60,1.0,1.0,0.0,1,67,1,0.0,0,5.0,1.0,1,1.0,7,1,0,1,1,0.0,0,1.0,0,97.0,121.0,0.0,240.0,2023
6,D,168.0,62.0,8.0,1.0,79,1.0,1.0,3.0,1,83,1,0.0,0,6.0,1.0,1,0.0,7,1,0,1,1,3.0,0,2.0,0,151.0,188.0,120.0,240.0,2023
4,D,120.0,41.0,6.0,1.0,64,1.0,1.0,1.0,1,70,1,0.0,0,5.0,2.0,1,0.0,7,1,0,1,1,3.0,0,2.0,0,120.0,120.0,120.0,240.0,2023
1,D,300.0,33.0,4.0,1.0,55,1.0,1.0,3.0,1,62,1,0.0,0,3.0,1.0,2,0.0,7,1,0,1,1,3.0,0,2.0,0,324.0,360.0,60.0,240.0,2023
4,D,135.0,46.0,6.0,1.0,62,1.0,1.0,3.0,1,69,1,0.0,0,5.0,1.0,1,0.0,7,1,0,1,1,3.0,0,2.0,0,135.0,168.0,60.0,240.0,2023
1,D,136.0,52.0,7.0,1.0,50,1.0,0.0,0.0,1,56,1,0.0,0,5.0,1.0,2,0.0,7,1,0,1,1,0.0,0,1.0,0,151.0,188.0,60.0,240.0,2023
5,D,87.0,36.0,5.0,1.0,20,1.0,1.0,3.0,1,17,1,0.0,0,3.0,1.0,1,0.0,7,1,0,1,1,3.0,0,2.0,0,87.0,108.0,0.0,240.0,2023
G,D,120.0,44.0,6.0,1.0,20,1.0,1.0,3.0,1,17,1,0.0,0,3.0,1.0,1,0.0,7,1,0,1,1,5.0,0,3.0,0,120.0,120.0,120.0,240.0,2023
2,D,120.0,37.0,5.0,1.0,84,1.0,1.0,3.0,1,88,1,0.0,0,5.0,1.0,1,1.0,7,1,0,1,1,5.0,0,3.0,0,121.0,151.0,120.0,240.0,2023
6,D,188.0,54.0,7.0,1.0,89,1.0,1.0,3.0,1,30,1,0.0,0,6.0,1.0,3,0.0,7,1,0,1,1,5.0,0,3.0,0,180.0,188.0,180.0,480.0,2023
3,D,180.0,42.0,6.0,1.0,48,1.0,1.0,4.0,1,54,1,0.0,0,5.0,1.0,1,0.0,7,1,0,1,1,6.0,0,3.0,0,120.0,120.0,120.0,240.0,2023
1,D,175.0,24.0,2.0,1.0,50,1.0,1.0,0.0,1,56,1,0.0,0,5.0,1.0,2,0.0,7,1,0,1,1,0.0,0,1.0,0,168.0,210.0,0.0,240.0,2023
3,D,169.0,51.0,7.0,1.0,47,3.0,1.0,0.0,1,52,2,0.0,0,1.0,3.0,1,0.0,7,1,0,1,1,0.0,0,1.0,0,151.0,188.0,60.0,240.0,2023
1,D,103.0,32.0,4.0,1.0,71,1.0,1.0,6.0,1,76,1,0.0,0,3.0,1.0,1,0.0,7,1,0,1,1,8.0,0,4.0,0,135.0,168.0,60.0,240.0,2023
3,D,600.0,30.0,3.0,1.0,34,1.0,1.0,1.0,1,39,2,0.0,0,3.0,3.0,2,0.0,7,1,0,1,1,3.0,0,2.0,0,600.0,600.0,180.0,360.0,2023
3,D,188.0,55.0,7.0,1.0,34,1.0,0.0,0.0,1,39,1,0.0,0,5.0,1.0,3,0.0,7,1,0,1,1,0.0,0,1.0,0,151.0,188.0,0.0,120.0,2023
2,D,60.0,41.0,6.0,1.0,76,1.0,0.0,0.0,1,80,1,0.0,0,5.0,1.0,1,0.0,7,1,0,1,1,0.0,0,1.0,0,97.0,121.0,60.0,240.0,2023
4,D,198.0,38.0,5.0,1.0,58,1.0,0.0,0.0,1,65,1,0.0,0,3.0,1.0,1,0.0,7,1,0,1,1,0.0,0,1.0,0,240.0,240.0,60.0,240.0,2023
5,D,36.0,31.0,4.0,1.0,89,1.0,1.0,2.0,1,30,1,0.0,0,6.0,1.0,1,0.0,7,1,0,1,1,2.0,0,2.0,0,120.0,120.0,120.0,240.0,2023
4,D,84.0,42.0,6.0,1.0,58,1.0,1.0,0.0,3,65,1,0.0,1,3.0,1.0,2,0.0,7,1,0,1,1,0.0,0,1.0,0,151.0,188.0,60.0,240.0,2023
4,D,97.0,21.0,2.0,1.0,34,1.0,1.0,0.0,1,39,1,0.0,0,3.0,1.0,1,1.0,7,1,0,1,1,0.0,0,1.0,0,97.0,121.0,0.0,240.0,2023
3,D,54.0,32.0,4.0,1.0,68,1.0,0.0,0.0,1,74,2,0.0,0,5.0,3.0,1,3.0,7,1,0,1,1,0.0,0,1.0,0,78.0,97.0,0.0,240.0,2023
2,D,360.0,24.0,2.0,1.0,76,1.0,1.0,0.0,3,80,2,0.0,1,5.0,3.0,4,0.0,7,1,0,1,1,0.0,0,1.0,0,9996.0,9996.0,120.0,9996.0,2023
3,D,240.0,24.0,2.0,1.0,22,1.0,1.0,3.0,1,19,1,0.0,0,3.0,1.0,1,0.0,7,1,0,1,1,3.0,0,2.0,0,240.0,240.0,0.0,240.0,2023
8,D,63.0,67.0,8.0,1.0,60,1.0,1.0,0.0,1,67,1,0.0,0,3.0,1.0,1,3.0,7,1,0,1,1,0.0,0,1.0,0,87.0,108.0,60.0,240.0,2023
2,D,97.0,55.0,7.0,1.0,89,1.0,1.0,0.0,1,30,1,0.0,0,3.0,1.0,1,0.0,7,1,0,1,1,0.0,0,1.0,0,97.0,121.0,0.0,240.0,2023
4,D,96.0,32.0,4.0,1.0,53,1.0,1.0,0.0,1,60,1,0.0,0,6.0,1.0,1,0.0,7,1,0,1,1,0.0,0,1.0,0,46.0,57.0,0.0,120.0,2023
3,D,60.0,43.0,6.0,1.0,48,1.0,1.0,0.0,1,54,1,0.0,0,3.0,1.0,1,1.0,7,1,0,1,1,0.0,0,1.0,0,60.0,60.0,60.0,240.0,2023
3,D,60.0,51.0,7.0,1.0,90,1.0,0.0,0.0,1,29,1,0.0,0,6.0,1.0,1,2.0,7,1,0,1,1,0.0,0,1.0,0,151.0,188.0,60.0,240.0,2023
4,D,120.0,52.0,7.0,1.0,58,1.0,1.0,5.0,1,65,1,0.0,0,1.0,1.0,2,0.0,7,1,0,2,1,5.0,0,3.0,0,135.0,168.0,0.0,60.0,2023
1,C,24.0,50.0,6.0,1.0,24,1.0,1.0,0.0,2,22,1,0.0,0,3.0,2.0,1,1.0,8,1,0,1,1,0.0,0,1.0,0,12.0,18.0,0.0,60.0,2023
2,D,24.0,74.0,8.0,1.0,35,1.0,1.0,0.0,1,41,1,0.0,0,6.0,1.0,1,0.0,7,1,0,1,1,0.0,0,1.0,0,78.0,97.0,0.0,240.0,2023
4,D,60.0,26.0,3.0,1.0,61,1.0,0.0,0.0,1,68,1,0.0,0,5.0,1.0,1,0.0,7,1,0,1,1,0.0,0,1.0,0,151.0,188.0,60.0,240.0,2023
4,D,300.0,39.0,5.0,1.0,24,1.0,1.0,0.0,1,22,1,0.0,0,6.0,1.0,3,2.0,7,1,0,1,1,0.0,0,1.0,0,960.0,960.0,180.0,360.0,2023
6,D,42.0,45.0,6.0,1.0,89,1.0,0.0,0.0,1,30,1,0.0,0,5.0,1.0,1,0.0,7,1,0,1,1,0.0,0,1.0,0,78.0,97.0,0.0,240.0,2023
3,D,240.0,40.0,5.0,1.0,41,1.0,1.0,3.0,1,47,1,0.0,0,5.0,1.0,1,0.0,7,1,0,1,1,5.0,0,3.0,0,324.0,405.0,180.0,480.0,2023
3,D,0.03,74.0,8.0,1.0,35,1.0,0.0,0.0,1,41,1,0.0,0,5.0,1.0,1,0.0,7,1,0,1,1,0.0,0,1.0,0,87.0,108.0,0.0,120.0,2023
2,D,120.0,61.0,8.0,1.0,84,1.0,1.0,3.0,1,88,1,0.0,0,3.0,1.0,1,0.0,7,1,0,1,1,3.0,0,2.0,0,151.0,188.0,120.0,240.0,2023
3,D,36.0,28.0,3.0,1.0,84,1.0,1.0,0.0,1,88,1,0.0,0,3.0,1.0,1,0.0,7,1,0,1,1,0.0,0,1.0,0,78.0,97.0,0.0,240.0,2023
5,D,210.0,22.0,2.0,1.0,35,1.0,0.0,0.0,1,41,2,0.0,0,5.0,3.0,2,1.0,7,1,0,1,1,0.0,0,1.0,0,210.0,262.0,0.0,240.0,2023
3,D,60.0,48.0,6.0,1.0,68,1.0,1.0,1.0,1,74,1,0.0,0,5.0,1.0,1,0.0,7,1,0,1,1,1.0,0,1.0,0,78.0,97.0,0.0,240.0,2023
1,D,210.0,69.0,8.0,1.0,80,1.0,1.0,0.0,1,84,1,0.0,0,6.0,1.0,8,0.0,7,1,0,2,1,0.0,0,1.0,0,151.0,188.0,60.0,240.0,2023
8,D,36.0,30.0,3.0,1.0,35,1.0,0.0,0.0,1,41,2,0.0,0,3.0,3.0,1,0.0,7,1,0,1,1,0.0,0,1.0,0,57.0,71.0,0.0,120.0,2023
2,D,48.0,63.0,8.0,1.0,21,1.0,1.0,0.0,1,18,1,0.0,0,6.0,1.0,1,0.0,7,1,0,1,1,0.0,0,1.0,0,78.0,97.0,0.0,240.0,2023
3,D,240.0,54.0,7.0,1.0,43,1.0,1.0,0.0,3,49,1,0.0,1,3.0,1.0,3,0.0,7,1,0,1,1,0.0,0,1.0,0,210.0,262.0,60.0,240.0,2023
3,D,36.0,27.0,3.0,1.0,68,1.0,0.0,0.0,1,74,2,0.0,0,5.0,3.0,1,,7,1,0,1,1,0.0,0,1.0,0,78.0,97.0,0.0,240.0,2023
1,D,120.0,35.0,4.0,1.0,16,1.0,1.0,2.0,1,14,1,0.0,0,6.0,1.0,1,0.0,7,1,0,1,1,2.0,0,2.0,0,108.0,135.0,60.0,240.0,2023
2,D,108.0,40.0,5.0,1.0,24,1.0,1.0,1.0,1,22,1,0.0,0,6.0,1.0,1,0.0,7,1,0,1,1,1.0,0,1.0,0,210.0,240.0,60.0,240.0,2023
4,D,60.0,32.0,4.0,1.0,58,1.0,0.0,0.0,1,65,1,0.0,0,3.0,1.0,1,0.0,7,1,0,1,1,0.0,0,1.0,0,97.0,121.0,0.0,240.0,2023
1,D,48.0,35.0,4.0,1.0,11,1.0,1.0,1.0,1,9,1,0.0,0,3.0,1.0,1,0.0,7,1,0,1,1,1.0,0,1.0,0,97.0,121.0,0.0,240.0,2023
1,D,97.0,33.0,4.0,1.0,26,1.0,0.0,0.0,1,24,1,1.0,0,5.0,1.0,1,0.0,7,1,0,1,1,0.0,0,1.0,0,97.0,121.0,0.0,240.0,2023
3,D,120.0,40.0,5.0,1.0,68,1.0,1.0,2.0,1,74,1,0.0,0,5.0,1.0,1,2.0,7,1,0,1,1,4.0,0,3.0,0,188.0,235.0,60.0,240.0,2023
3,D,63.0,34.0,4.0,1.0,68,1.0,1.0,0.0,1,74,2,0.0,0,1.0,3.0,1,3.0,7,1,0,1,1,0.0,0,1.0,0,78.0,97.0,0.0,240.0,2023
6,D,180.0,23.0,2.0,1.0,72,1.0,1.0,3.0,1,77,1,0.0,0,5.0,1.0,1,0.0,7,1,0,1,1,5.0,0,3.0,0,292.0,365.0,180.0,480.0,2023
1,D,78.0,45.0,6.0,1.0,4,1.0,0.0,0.0,1,2,1,0.0,0,5.0,1.0,1,0.0,7,1,0,1,1,0.0,0,1.0,0,97.0,121.0,60.0,240.0,2023
1,D,180.0,43.0,6.0,1.0,24,1.0,1.0,14.0,1,22,1,0.0,0,5.0,1.0,1,0.0,7,1,0,1,1,16.0,0,6.0,0,180.0,210.0,180.0,480.0,2023
2,D,85.0,47.0,6.0,1.0,17,1.0,0.0,0.0,1,15,1,0.0,0,5.0,1.0,2,0.0,7,1,0,1,1,0.0,0,1.0,0,97.0,121.0,60.0,240.0,2023
2,D,80.0,66.0,8.0,1.0,24,1.0,0.0,0.0,1,22,1,0.0,0,6.0,1.0,1,0.0,7,1,0,1,1,0.0,0,1.0,0,151.0,188.0,60.0,240.0,2023
3,D,72.0,28.0,3.0,1.0,5,1.0,0.0,0.0,1,4,2,0.0,0,5.0,3.0,1,0.0,7,1,0,1,1,0.0,0,1.0,0,97.0,121.0,60.0,240.0,2023
2,D,93.0,47.0,6.0,1.0,77,1.0,0.0,0.0,1,81,1,0.0,0,6.0,1.0,1,3.0,7,1,0,1,1,0.0,0,1.0,0,108.0,135.0,60.0,240.0,2023
4,D,60.0,27.0,3.0,1.0,35,2.0,0.0,0.0,1,41,2,0.0,0,6.0,3.0,1,0.0,7,1,0,1,1,0.0,0,1.0,0,121.0,151.0,60.0,240.0,2023
4,D,121.0,24.0,2.0,1.0,56,1.0,1.0,0.0,1,63,1,0.0,0,3.0,1.0,1,0.0,7,1,0,1,1,0.0,0,1.0,0,121.0,151.0,0.0,240.0,2023
8,D,144.0,36.0,5.0,1.0,65,1.0,0.0,0.0,3,73,1,0.0,1,5.0,6.0,2,0.0,7,1,0,1,1,0.0,0,1.0,0,168.0,210.0,60.0,240.0,2023
4,D,720.0,31.0,4.0,1.0,56,1.0,1.0,1.0,1,63,1,0.0,0,5.0,1.0,4,0.0,7,1,0,1,1,1.0,0,1.0,0,9996.0,9996.0,0.0,360.0,2023
1,D,120.0,37.0,5.0,1.0,36,1.0,1.0,6.0,1,42,1,0.0,0,3.0,1.0,1,0.0,7,1,0,1,1,6.0,0,3.0,0,97.0,121.0,0.0,240.0,2023
2,D,60.0,22.0,2.0,1.0,24,1.0,1.0,0.0,1,22,1,0.0,0,3.0,1.0,1,0.0,7,1,0,1,1,0.0,0,1.0,0,121.0,151.0,60.0,240.0,2023
2,D,216.0,23.0,2.0,1.0,65,1.0,1.0,3.0,3,73,2,0.0,1,1.0,3.0,2,1.0,7,1,0,1,1,5.0,0,3.0,0,210.0,262.0,60.0,240.0,2023
3,D,97.0,42.0,6.0,1.0,89,1.0,0.0,0.0,1,30,1,0.0,0,3.0,1.0,1,2.0,7,1,0,1,1,0.0,0,1.0,0,97.0,121.0,60.0,240.0,2023
1,D,17.33,41.0,6.0,1.0,8,3.0,0.0,0.0,1,7,2,1.0,0,1.0,3.0,1,2.0,8,1,0,1,1,0.0,0,1.0,0,24.0,30.0,0.0,60.0,2023
5,D,720.0,40.0,5.0,1.0,20,1.0,0.0,0.0,1,17,0,0.0,0,6.0,1.0,3,0.0,7,1,0,1,1,0.0,0,1.0,0,720.0,720.0,60.0,240.0,2023
2,D,96.0,48.0,6.0,1.0,84,1.0,1.0,3.0,1,88,1,0.0,0,6.0,1.0,1,1.0,7,1,0,1,1,5.0,0,3.0,0,120.0,121.0,120.0,240.0,2023
3,D,72.0,22.0,2.0,1.0,27,1.0,0.0,0.0,1,25,1,0.0,0,3.0,1.0,1,1.0,7,1,0,1,1,0.0,0,1.0,0,151.0,188.0,60.0,240.0,2023
4,D,210.0,40.0,5.0,1.0,56,1.0,1.0,5.0,1,63,1,0.0,0,3.0,1.0,2,1.0,7,1,0,1,1,7.0,0,4.0,0,235.0,293.0,60.0,240.0,2023
3,D,41.0,26.0,3.0,1.0,68,1.0,1.0,2.0,1,74,1,0.0,0,5.0,6.0,1,0.0,7,1,0,1,1,2.0,0,2.0,0,87.0,108.0,0.0,240.0,2023
5,D,151.0,36.0,5.0,1.0,34,1.0,1.0,6.0,1,39,2,0.0,0,3.0,3.0,1,0.0,7,1,0,1,1,6.0,0,3.0,0,121.0,151.0,60.0,240.0,2023
4,D,120.0,53.0,7.0,1.0,56,1.0,1.0,0.0,1,63,1,0.0,0,3.0,1.0,1,0.0,7,1,0,1,1,0.0,0,1.0,0,135.0,168.0,0.0,240.0,2023
8,D,60.0,22.0,2.0,1.0,65,1.0,0.0,0.0,1,73,1,0.0,0,5.0,1.0,1,0.0,7,1,0,1,1,0.0,0,1.0,0,151.0,188.0,60.0,240.0,2023
2,D,120.0,37.0,5.0,1.0,64,1.0,1.0,0.0,1,70,1,0.0,0,5.0,6.0,2,2.0,7,1,0,1,1,0.0,0,1.0,0,97.0,121.0,0.0,120.0,2023
1,D,240.0,45.0,6.0,1.0,93,1.0,1.0,3.0,1,32,1,0.0,0,3.0,1.0,3,0.0,7,1,0,1,1,5.0,0,3.0,0,188.0,235.0,180.0,480.0,2023
4,D,108.0,34.0,4.0,1.0,56,1.0,0.0,0.0,1,63,1,0.0,0,6.0,1.0,1,0.0,7,1,0,1,1,0.0,0,1.0,0,151.0,188.0,60.0,240.0,2023
1,D,72.0,21.0,2.0,1.0,71,1.0,1.0,1.0,1,76,1,0.0,0,6.0,1.0,1,0.0,7,1,0,1,1,3.0,0,2.0,0,108.0,135.0,0.0,240.0,2023
5,D,66.0,65.0,8.0,1.0,79,1.0,1.0,0.0,1,83,1,0.0,0,3.0,1.0,1,0.0,7,1,0,1,1,0.0,0,1.0,0,78.0,97.0,0.0,240.0,2023
2,D,180.0,28.0,3.0,1.0,21,1.0,0.0,0.0,1,18,1,0.0,0,5.0,2.0,1,0.0,7,1,0,1,1,0.0,0,1.0,0,240.0,240.0,60.0,240.0,2023
2,D,97.0,40.0,5.0,1.0,66,1.0,1.0,4.0,1,72,1,0.0,0,5.0,1.0,1,0.0,7,1,0,1,1,6.0,0,3.0,0,97.0,121.0,60.0,240.0,2023
2,D,168.0,47.0,6.0,1.0,21,1.0,1.0,4.0,1,18,1,0.0,0,3.0,1.0,1,0.0,7,1,0,1,1,4.0,0,3.0,0,168.0,210.0,120.0,240.0,2023
2,D,60.0,22.0,2.0,1.0,24,1.0,0.0,0.0,1,22,1,0.0,0,1.0,1.0,1,0.0,7,1,0,1,1,0.0,0,1.0,0,135.0,168.0,60.0,240.0,2023
1,D,78.0,54.0,7.0,1.0,71,1.0,0.0,0.0,1,76,1,0.0,0,6.0,1.0,1,0.0,7,1,0,1,1,0.0,0,1.0,0,78.0,97.0,0.0,240.0,2023
2,C,6.0,37.0,5.0,1.0,24,1.0,1.0,1.0,1,22,1,0.0,0,3.0,2.0,1,1.0,8,1,0,1,1,1.0,0,1.0,0,12.0,18.0,0.0,60.0,2023
1,D,33.0,27.0,3.0,1.0,6,1.0,0.0,0.0,1,3,1,0.0,0,6.0,1.0,1,0.0,7,1,0,1,1,0.0,0,1.0,0,63.0,78.0,0.0,240.0,2023
4,D,36.0,36.0,5.0,1.0,58,1.0,1.0,9.0,1,65,1,0.0,0,5.0,1.0,1,0.0,7,1,0,1,1,11.0,0,5.0,0,84.0,105.0,0.0,240.0,2023
4,D,66.0,72.0,8.0,1.0,58,1.0,0.0,0.0,1,65,1,0.0,0,6.0,1.0,1,0.0,7,1,0,1,1,0.0,0,1.0,0,78.0,97.0,0.0,240.0,2023
3,D,210.0,31.0,4.0,1.0,34,1.0,1.0,0.0,1,39,1,0.0,0,5.0,1.0,1,2.0,7,1,0,1,1,0.0,0,1.0,0,210.0,240.0,60.0,240.0,2023
2,D,235.0,24.0,2.0,1.0,34,1.0,1.0,1.0,1,39,1,1.0,0,5.0,1.0,1,0.0,7,1,0,1,1,1.0,0,1.0,0,235.0,240.0,60.0,240.0,2023
4,D,24.0,26.0,3.0,1.0,58,1.0,0.0,0.0,1,65,1,0.0,0,6.0,1.0,1,0.0,7,1,0,1,1,0.0,0,1.0,0,78.0,97.0,0.0,240.0,2023
1,D,12.03,39.0,5.0,1.0,47,1.0,0.0,0.0,1,52,1,0.0,0,6.0,2.0,1,0.0,7,1,0,1,1,0.0,0,1.0,0,108.0,135.0,0.0,240.0,2023
5,D,212.0,28.0,3.0,1.0,54,1.0,1.0,3.0,1,61,1,0.0,0,3.0,1.0,2,0.0,7,1,0,1,1,5.0,0,3.0,0,188.0,235.0,180.0,480.0,2023
1,D,151.0,51.0,7.0,1.0,50,1.0,1.0,0.0,1,56,1,0.0,0,3.0,1.0,1,0.0,7,1,0,1,1,0.0,0,1.0,0,151.0,188.0,60.0,240.0,2023
1,D,120.0,42.0,6.0,1.0,11,1.0,1.0,2.0,1,9,1,0.0,0,3.0,1.0,1,2.0,7,1,0,1,1,4.0,0,3.0,0,120.0,121.0,120.0,240.0,2023
2,D,120.0,40.0,5.0,1.0,39,1.0,1.0,3.0,2,45,1,0.0,0,6.0,1.0,1,2.0,7,1,0,1,1,5.0,0,3.0,0,120.0,120.0,120.0,240.0,2023
3,D,240.0,35.0,4.0,1.0,29,1.0,1.0,0.0,1,96,1,0.0,0,1.0,1.0,1,2.0,7,1,0,1,1,0.0,0,1.0,0,240.0,240.0,60.0,240.0,2023
1,C,16.0,47.0,6.0,1.0,22,1.0,1.0,0.0,1,19,1,0.0,0,5.0,2.0,2,,8,1,0,1,1,0.0,0,1.0,0,12.0,18.0,0.0,60.0,2023
1,D,6.0,48.0,6.0,1.0,22,1.0,1.0,0.0,1,19,1,0.0,0,5.0,2.0,2,5.0,8,1,0,1,1,0.0,0,1.0,0,18.0,24.0,0.0,60.0,2023
4,D,60.0,37.0,5.0,1.0,58,1.0,0.0,0.0,2,65,1,0.0,0,5.0,2.0,2,1.0,7,1,0,1,1,0.0,0,1.0,0,78.0,97.0,0.0,240.0,2023
4,D,97.0,49.0,6.0,1.0,58,1.0,1.0,1.0,1,65,2,0.0,0,6.0,3.0,2,0.0,7,1,0,1,1,1.0,0,1.0,0,151.0,188.0,60.0,240.0,2023
1,D,180.0,34.0,4.0,1.0,19,1.0,1.0,5.0,1,16,2,0.0,0,3.0,3.0,1,0.0,7,1,0,1,1,7.0,0,4.0,0,188.0,235.0,120.0,240.0,2023
6,D,48.0,30.0,3.0,1.0,59,1.0,0.0,0.0,1,66,0,0.0,0,5.0,1.0,1,0.0,7,1,0,1,1,0.0,0,1.0,0,57.0,71.0,0.0,240.0,2023
3,D,60.0,42.0,6.0,1.0,46,1.0,1.0,0.0,1,53,1,0.0,0,5.0,1.0,2,0.0,7,1,0,1,1,0.0,0,1.0,0,210.0,262.0,60.0,240.0,2023
1,D,121.0,23.0,2.0,1.0,54,3.0,0.0,0.0,1,61,2,0.0,0,3.0,3.0,1,0.0,7,1,0,1,1,0.0,0,1.0,0,210.0,240.0,60.0,240.0,2023
4,D,48.0,45.0,6.0,1.0,59,1.0,1.0,0.0,1,66,0,0.0,0,3.0,1.0,1,0.0,7,1,0,1,1,0.0,0,1.0,0,151.0,188.0,60.0,240.0,2023
1,D,12.03,52.0,7.0,1.0,24,1.0,1.0,0.0,1,22,1,0.0,0,6.0,2.0,1,4.0,8,1,0,1,1,0.0,0,1.0,0,15.0,21.0,0.0,60.0,2023
2,D,0.33,40.0,5.0,1.0,24,1.0,0.0,0.0,1,22,2,0.0,0,1.0,3.0,1,2.0,8,1,0,1,1,0.0,0,1.0,0,15.0,21.0,0.0,60.0,2023
4,D,84.0,32.0,4.0,1.0,59,1.0,1.0,1.0,1,66,1,0.0,0,1.0,1.0,1,0.0,7,1,0,1,1,3.0,0,2.0,0,87.0,108.0,0.0,240.0,2023
2,D,77.0,42.0,6.0,1.0,66,1.0,1.0,0.0,1,72,1,0.0,0,5.0,1.0,1,1.0,7,1,0,1,1,0.0,0,1.0,0,121.0,151.0,60.0,240.0,2023
1,B,0.03,35.0,4.0,1.0,10,2.0,0.0,0.0,1,8,1,0.0,0,6.0,1.0,1,0.0,8,1,0,1,1,0.0,0,1.0,0,6.0,12.0,0.0,24.0,2023
5,D,135.0,44.0,6.0,1.0,83,1.0,1.0,1.0,1,87,1,0.0,0,5.0,1.0,1,0.0,7,1,0,1,1,3.0,0,2.0,0,108.0,135.0,60.0,240.0,2023
2,D,87.0,35.0,4.0,1.0,73,1.0,0.0,0.0,1,78,1,0.0,0,1.0,6.0,1,0.0,7,1,0,1,1,0.0,0,1.0,0,121.0,151.0,60.0,240.0,2023
1,D,72.0,52.0,7.0,1.0,22,1.0,1.0,1.0,1,19,1,0.0,0,5.0,1.0,2,0.0,7,1,0,1,1,3.0,0,2.0,0,108.0,135.0,60.0,240.0,2023
1,D,170.0,40.0,5.0,1.0,66,1.0,0.0,0.0,1,72,2,0.0,0,5.0,3.0,1,0.0,7,1,0,1,1,0.0,0,1.0,0,168.0,210.0,60.0,240.0,2023
3,D,63.0,31.0,4.0,1.0,68,1.0,1.0,0.0,1,74,1,0.0,0,6.0,1.0,1,0.0,7,1,0,1,1,0.0,0,1.0,0,78.0,97.0,0.0,240.0,2023
3,D,120.0,26.0,3.0,1.0,67,1.0,0.0,0.0,1,71,2,0.0,0,6.0,3.0,1,0.0,7,1,0,1,1,0.0,0,1.0,0,188.0,235.0,60.0,240.0,2023
2,D,36.0,23.0,2.0,1.0,84,1.0,1.0,1.0,1,88,1,0.0,0,5.0,1.0,1,0.0,7,1,0,1,1,3.0,0,2.0,0,168.0,210.0,0.0,240.0,2023
1,C,0.03,41.0,6.0,1.0,10,1.0,0.0,0.0,1,8,1,0.0,0,3.0,1.0,2,3.0,8,1,0,1,1,0.0,0,1.0,0,12.0,18.0,0.0,60.0,2023
1,D,12.03,23.0,2.0,1.0,10,1.0,0.0,0.0,1,8,1,0.0,0,5.0,2.0,1,0.0,7,1,0,1,1,0.0,0,1.0,0,97.0,121.0,0.0,240.0,2023
2,D,71.0,42.0,6.0,1.0,26,1.0,1.0,3.0,1,24,1,0.0,0,3.0,1.0,2,0.0,7,1,0,1,1,5.0,0,3.0,0,63.0,78.0,0.0,240.0,2023
2,D,92.0,41.0,6.0,1.0,17,2.0,0.0,0.0,1,15,1,0.0,0,6.0,6.0,1,1.0,7,1,0,1,1,0.0,0,1.0,0,60.0,60.0,60.0,240.0,2023
3,D,120.0,37.0,5.0,1.0,42,1.0,1.0,1.0,1,48,1,0.0,0,3.0,1.0,1,0.0,7,1,0,1,1,1.0,0,1.0,0,210.0,240.0,60.0,240.0,2023
2,D,240.0,41.0,6.0,1.0,65,1.0,1.0,3.0,1,73,2,0.0,0,3.0,3.0,2,0.0,7,1,0,1,1,3.0,0,2.0,0,324.0,405.0,180.0,9996.0,2023
3,D,116.0,21.0,2.0,1.0,38,3.0,1.0,0.0,1,44,2,0.0,0,1.0,3.0,4,0.0,7,1,0,1,1,0.0,1,1.0,0,162.0,181.0,0.0,180.0,2023
3,D,188.0,29.0,3.0,1.0,34,1.0,1.0,0.0,1,39,1,0.0,0,6.0,1.0,1,0.0,7,1,0,1,1,0.0,0,1.0,0,188.0,235.0,60.0,240.0,2023
3,D,240.0,38.0,5.0,1.0,34,1.0,1.0,6.0,1,39,2,0.0,0,5.0,3.0,1,3.0,7,1,0,1,1,8.0,0,4.0,0,135.0,168.0,120.0,240.0,2023
3,D,120.0,46.0,6.0,1.0,31,1.0,1.0,3.0,1,37,1,0.0,0,5.0,1.0,1,0.0,7,1,0,1,1,3.0,0,2.0,0,120.0,120.0,120.0,240.0,2023
3,D,72.0,38.0,5.0,1.0,61,1.0,1.0,0.0,1,68,1,0.0,0,3.0,1.0,1,0.0,7,1,0,1,1,0.0,0,1.0,0,151.0,188.0,60.0,240.0,2023
2,D,12.03,39.0,5.0,1.0,2,1.0,1.0,2.0,1,0,1,0.0,0,3.0,1.0,1,3.0,7,1,0,1,1,2.0,0,2.0,0,87.0,108.0,0.0,240.0,2023
2,D,150.0,29.0,3.0,1.0,43,1.0,0.0,0.0,1,49,1,0.0,0,5.0,1.0,1,0.0,7,1,0,1,1,0.0,0,1.0,0,168.0,210.0,60.0,240.0,2023
4,D,84.0,23.0,2.0,1.0,58,1.0,1.0,1.0,1,65,1,0.0,0,1.0,1.0,1,0.0,7,1,0,1,1,3.0,0,2.0,0,87.0,108.0,0.0,240.0,2023
1,D,51.0,47.0,6.0,1.0,42,1.0,1.0,1.0,1,48,1,0.0,0,1.0,1.0,1,0.0,7,1,0,1,1,3.0,0,2.0,0,87.0,108.0,0.0,120.0,2023
2,D,120.0,48.0,6.0,1.0,24,1.0,1.0,10.0,1,22,1,0.0,0,5.0,1.0,1,0.0,7,1,0,1,1,12.0,0,5.0,0,120.0,137.0,120.0,240.0,2023
2,D,180.0,34.0,4.0,1.0,43,1.0,1.0,2.0,1,49,1,0.0,0,3.0,1.0,2,2.0,7,1,0,1,1,4.0,0,3.0,0,210.0,262.0,60.0,240.0,2023
1,D,84.0,36.0,5.0,1.0,1,1.0,0.0,0.0,1,90,1,0.0,0,5.0,1.0,1,0.0,7,1,0,1,1,0.0,0,1.0,0,97.0,121.0,60.0,240.0,2023
2,D,97.0,37.0,5.0,1.0,87,1.0,1.0,0.0,1,26,1,0.0,0,6.0,1.0,1,2.0,7,1,0,1,1,0.0,0,1.0,0,78.0,97.0,0.0,240.0,2023
3,D,72.0,37.0,5.0,1.0,67,1.0,1.0,2.0,1,71,2,0.0,0,6.0,3.0,1,0.0,7,1,0,1,1,2.0,0,2.0,0,108.0,135.0,0.0,240.0,2023
6,D,240.0,51.0,7.0,1.0,59,1.0,1.0,4.0,1,66,0,0.0,0,3.0,1.0,1,0.0,7,1,0,1,1,6.0,0,3.0,0,262.0,327.0,180.0,480.0,2023
4,D,180.0,50.0,6.0,1.0,58,1.0,1.0,3.0,1,65,1,0.0,0,3.0,1.0,1,0.0,7,1,0,1,1,5.0,0,3.0,0,180.0,180.0,180.0,480.0,2023
2,D,70.0,19.0,1.0,1.0,24,1.0,1.0,0.0,1,22,1,0.0,0,5.0,1.0,1,0.0,7,1,0,1,1,0.0,0,1.0,0,121.0,151.0,60.0,240.0,2023
3,D,36.0,44.0,6.0,1.0,57,1.0,1.0,4.0,1,64,1,0.0,0,6.0,6.0,2,6.0,7,1,0,1,1,6.0,0,3.0,0,48.0,48.0,0.0,24.0,2023
2,D,60.0,54.0,7.0,1.0,73,1.0,1.0,0.0,1,78,1,0.0,0,5.0,1.0,1,0.0,7,1,0,1,1,0.0,0,1.0,0,135.0,168.0,0.0,240.0,2023
2,D,63.0,22.0,2.0,1.0,17,1.0,1.0,0.0,1,15,1,0.0,0,3.0,2.0,1,0.0,7,1,0,1,1,0.0,0,1.0,0,121.0,151.0,0.0,240.0,2023
6,D,,24.0,2.0,1.0,36,1.0,0.0,0.0,1,42,2,0.0,0,3.0,3.0,1,0.0,7,0,1,4,0,0.0,0,1.0,0,108.0,135.0,0.0,240.0,2023
4,D,132.0,51.0,7.0,1.0,58,1.0,1.0,0.0,1,65,1,0.0,0,6.0,1.0,2,3.0,7,1,0,1,1,0.0,0,1.0,0,292.0,365.0,60.0,240.0,2023
2,D,84.0,76.0,8.0,1.0,23,1.0,0.0,0.0,1,20,1,0.0,0,6.0,1.0,1,0.0,7,1,0,1,1,0.0,0,1.0,0,120.0,120.0,0.0,120.0,2023
3,D,21.0,41.0,6.0,1.0,68,1.0,1.0,20.0,1,74,1,0.0,0,5.0,6.0,1,,8,1,0,1,1,22.0,0,6.0,0,24.0,30.0,0.0,60.0,2023
6,D,10.1,23.0,2.0,1.0,23,1.0,1.0,1.0,1,20,1,0.0,0,3.0,1.0,1,0.0,7,1,0,1,1,1.0,0,1.0,0,135.0,168.0,0.0,240.0,2023
1,D,63.0,51.0,7.0,1.0,71,1.0,1.0,0.0,1,76,1,0.0,0,5.0,1.0,1,2.0,7,1,0,1,1,0.0,0,1.0,0,78.0,97.0,0.0,240.0,2023
2,D,90.0,45.0,6.0,1.0,42,1.0,1.0,3.0,1,48,1,0.0,0,3.0,1.0,1,0.0,7,1,0,1,1,3.0,0,2.0,0,108.0,135.0,0.0,240.0,2023
2,D,46.0,48.0,6.0,1.0,49,1.0,0.0,0.0,1,55,1,0.0,0,3.0,1.0,1,2.0,7,1,0,1,1,0.0,0,1.0,0,97.0,121.0,0.0,240.0,2023
4,D,110.0,34.0,4.0,1.0,56,4.0,0.0,0.0,1,63,2,0.0,0,6.0,3.0,1,0.0,7,1,0,1,1,0.0,0,1.0,0,151.0,188.0,60.0,240.0,2023
3,D,180.0,28.0,3.0,1.0,61,1.0,1.0,0.0,1,68,1,0.0,0,3.0,6.0,2,0.0,7,1,0,1,1,0.0,0,1.0,0,262.0,327.0,60.0,240.0,2023
2,D,120.0,48.0,6.0,1.0,66,1.0,1.0,3.0,1,72,1,0.0,0,3.0,1.0,1,0.0,7,1,0,1,1,5.0,0,3.0,0,120.0,120.0,120.0,240.0,2023
4,D,72.0,23.0,2.0,1.0,56,1.0,1.0,0.0,1,63,1,0.0,0,3.0,1.0,1,0.0,7,1,0,1,1,0.0,0,1.0,0,97.0,121.0,60.0,240.0,2023
9,D,188.0,34.0,4.0,1.0,91,5.0,0.0,0.0,1,31,1,0.0,0,5.0,6.0,1,0.0,7,1,0,1,1,0.0,0,1.0,0,151.0,188.0,60.0,240.0,2023
2,D,71.0,30.0,3.0,1.0,24,1.0,0.0,0.0,1,22,1,0.0,0,1.0,1.0,1,0.0,7,1,0,1,1,0.0,0,1.0,0,108.0,135.0,60.0,240.0,2023
4,D,27.0,60.0,7.0,1.0,3,1.0,1.0,1.0,1,1,1,0.0,0,5.0,1.0,1,0.0,7,1,0,1,1,1.0,0,1.0,0,78.0,97.0,0.0,240.0,2023
5,B,6.0,48.0,6.0,1.0,37,1.0,0.0,0.0,1,43,1,0.0,0,1.0,1.0,1,0.0,8,1,0,1,1,0.0,0,1.0,0,6.0,12.0,0.0,60.0,2023
6,D,240.0,24.0,2.0,1.0,34,1.0,1.0,0.0,1,39,2,0.0,0,3.0,3.0,1,1.0,7,1,0,1,1,0.0,0,1.0,0,235.0,240.0,60.0,240.0,2023
4,D,60.0,35.0,4.0,1.0,35,1.0,1.0,1.0,1,41,2,0.0,0,3.0,3.0,1,0.0,7,1,0,1,1,1.0,0,1.0,0,240.0,240.0,60.0,240.0,2023
3,D,84.0,59.0,7.0,1.0,90,1.0,1.0,0.0,1,29,1,0.0,0,6.0,1.0,1,0.0,7,1,0,1,1,0.0,0,1.0,0,97.0,121.0,60.0,240.0,2023
3,B,12.03,27.0,3.0,1.0,34,1.0,1.0,0.0,1,39,1,0.0,0,5.0,1.0,1,0.0,8,1,0,1,1,0.0,0,1.0,0,6.0,12.0,0.0,60.0,2023
2,D,180.0,51.0,7.0,1.0,24,1.0,1.0,3.0,1,22,1,0.0,0,5.0,2.0,2,0.0,7,1,0,1,1,5.0,0,3.0,0,180.0,188.0,180.0,480.0,2023
2,D,120.0,31.0,4.0,1.0,39,1.0,1.0,2.0,1,45,1,0.0,0,3.0,1.0,1,0.0,7,1,0,1,1,4.0,0,3.0,0,120.0,121.0,120.0,240.0,2023
2,D,180.0,27.0,3.0,1.0,39,1.0,1.0,4.0,1,45,1,0.0,0,1.0,1.0,1,1.0,7,1,0,1,1,6.0,0,3.0,0,240.0,240.0,60.0,240.0,2023
3,D,41.0,29.0,3.0,1.0,23,1.0,1.0,5.0,1,20,1,0.0,0,3.0,1.0,1,0.0,8,1,0,1,1,5.0,0,3.0,0,41.0,51.0,0.0,9996.0,2023
2,D,60.0,43.0,6.0,1.0,27,1.0,1.0,0.0,1,25,1,0.0,0,3.0,1.0,1,1.0,7,1,0,1,1,0.0,0,1.0,0,108.0,135.0,60.0,240.0,2023
2,D,84.0,27.0,3.0,1.0,36,3.0,0.0,0.0,2,42,2,0.0,0,5.0,3.0,1,2.0,7,1,0,1,1,0.0,0,1.0,0,78.0,97.0,0.0,240.0,2023
4,D,78.0,33.0,4.0,1.0,20,1.0,1.0,0.0,1,17,1,0.0,0,5.0,1.0,1,3.0,7,1,0,1,1,0.0,0,1.0,0,78.0,97.0,60.0,240.0,2023
4,D,108.0,33.0,4.0,1.0,41,1.0,0.0,0.0,1,47,1,0.0,0,5.0,1.0,1,0.0,7,1,0,1,1,0.0,0,1.0,0,108.0,135.0,60.0,240.0,2023
2,D,60.0,35.0,4.0,1.0,24,1.0,0.0,0.0,1,22,1,0.0,0,5.0,1.0,1,0.0,7,1,0,1,1,0.0,0,1.0,0,78.0,97.0,60.0,240.0,2023
1,D,80.0,35.0,4.0,1.0,91,1.0,0.0,0.0,1,31,2,0.0,0,5.0,3.0,1,3.0,7,1,0,1,1,0.0,0,1.0,0,151.0,188.0,60.0,240.0,2023
3,D,97.0,67.0,8.0,1.0,34,1.0,1.0,0.0,1,39,1,0.0,0,6.0,1.0,1,0.0,7,1,0,1,1,0.0,0,1.0,0,97.0,121.0,60.0,240.0,2023
2,D,7.0,53.0,7.0,1.0,24,1.0,0.0,0.0,1,22,1,0.0,0,5.0,1.0,1,0.0,7,1,0,1,1,0.0,0,1.0,0,97.0,120.0,0.0,120.0,2023
5,D,120.0,23.0,2.0,1.0,55,1.0,1.0,3.0,1,62,2,0.0,0,1.0,3.0,1,0.0,7,1,0,1,1,5.0,0,3.0,0,120.0,120.0,120.0,240.0,2023
4,D,0.03,32.0,4.0,1.0,57,1.0,1.0,1.0,1,64,1,0.0,0,5.0,2.0,1,0.0,7,1,0,1,1,1.0,0,1.0,0,63.0,78.0,0.0,240.0,2023
6,C,,81.0,8.0,1.0,33,1.0,,,1,40,1,0.0,0,,1.0,1,,8,0,1,4,0,,0,1.0,0,12.0,18.0,0.0,60.0,2023
6,D,48.0,57.0,7.0,1.0,79,1.0,0.0,0.0,1,83,1,0.0,0,6.0,1.0,1,0.0,7,1,0,1,1,0.0,0,1.0,0,51.0,63.0,0.0,240.0,2023
1,D,120.0,65.0,8.0,1.0,16,1.0,1.0,3.0,1,14,1,0.0,0,3.0,1.0,1,0.0,7,1,0,1,1,5.0,0,3.0,0,120.0,120.0,120.0,240.0,2023
1,D,12.03,73.0,8.0,1.0,4,1.0,0.0,0.0,1,2,1,0.0,0,5.0,1.0,1,1.0,7,1,0,1,1,0.0,0,1.0,0,41.0,51.0,0.0,240.0,2023
4,D,204.0,31.0,4.0,1.0,56,1.0,0.0,0.0,1,63,2,0.0,0,3.0,3.0,1,0.0,7,1,0,1,1,0.0,0,1.0,0,210.0,240.0,60.0,240.0,2023
3,D,60.0,28.0,3.0,1.0,90,1.0,1.0,0.0,1,29,1,0.0,0,1.0,1.0,3,0.0,7,1,0,1,1,0.0,0,1.0,0,151.0,188.0,60.0,240.0,2023
5,D,960.0,33.0,4.0,1.0,87,1.0,1.0,6.0,1,26,2,0.0,0,5.0,3.0,2,0.0,7,1,0,1,1,8.0,0,4.0,0,960.0,960.0,180.0,480.0,2023
5,D,101.0,33.0,4.0,1.0,87,1.0,1.0,0.0,1,26,1,0.0,0,1.0,1.0,1,0.0,7,1,0,1,1,0.0,0,1.0,0,97.0,121.0,0.0,240.0,2023
3,D,96.0,25.0,2.0,1.0,46,1.0,0.0,0.0,1,53,1,0.0,0,3.0,1.0,3,0.0,7,1,0,1,1,0.0,0,1.0,0,210.0,262.0,60.0,240.0,2023
3,D,180.0,34.0,4.0,1.0,44,1.0,1.0,3.0,1,50,1,0.0,0,5.0,1.0,1,2.0,7,1,0,1,1,3.0,0,2.0,0,235.0,293.0,180.0,480.0,2023
5,D,156.0,50.0,6.0,1.0,20,1.0,1.0,0.0,1,17,1,0.0,0,6.0,6.0,6,1.0,7,1,0,1,1,0.0,0,1.0,0,151.0,188.0,60.0,240.0,2023
3,D,144.0,39.0,5.0,1.0,48,1.0,1.0,0.0,1,54,1,0.0,0,5.0,1.0,1,0.0,7,1,0,1,1,0.0,0,1.0,0,240.0,240.0,60.0,240.0,2023
4,D,100.0,39.0,5.0,1.0,56,1.0,0.0,0.0,1,63,1,0.0,0,5.0,1.0,1,2.0,7,1,0,1,1,0.0,0,1.0,0,87.0,108.0,0.0,240.0,2023
4,D,68.0,42.0,6.0,1.0,57,1.0,1.0,0.0,1,64,1,0.0,0,5.0,1.0,1,2.0,7,1,0,1,1,0.0,0,1.0,0,151.0,188.0,60.0,240.0,2023
3,D,70.0,39.0,5.0,1.0,24,1.0,0.0,0.0,1,22,1,0.0,0,5.0,1.0,1,0.0,7,1,0,1,1,0.0,0,1.0,0,78.0,97.0,0.0,240.0,2023
4,D,210.0,39.0,5.0,1.0,35,1.0,1.0,3.0,1,41,1,0.0,0,5.0,1.0,4,0.0,7,1,0,1,1,3.0,0,2.0,0,210.0,262.0,60.0,240.0,2023
6,D,24.46,61.0,8.0,1.0,23,1.0,1.0,1.0,1,20,1,0.0,0,1.0,1.0,1,0.0,7,1,0,1,1,1.0,0,1.0,0,87.0,108.0,0.0,240.0,2023
2,D,60.0,22.0,2.0,1.0,28,1.0,1.0,1.0,1,35,1,0.0,0,5.0,1.0,1,0.0,7,1,0,1,1,1.0,0,1.0,0,78.0,97.0,0.0,240.0,2023
8,D,130.0,28.0,3.0,1.0,60,1.0,0.0,0.0,1,67,1,0.0,0,5.0,2.0,1,0.0,7,1,0,1,1,0.0,0,1.0,0,151.0,188.0,60.0,240.0,2023
3,D,97.0,51.0,7.0,1.0,29,1.0,1.0,0.0,1,96,1,0.0,0,5.0,1.0,1,0.0,7,1,0,1,1,0.0,0,1.0,0,151.0,188.0,60.0,240.0,2023
3,D,0.03,38.0,5.0,1.0,67,1.0,0.0,0.0,1,71,1,0.0,0,3.0,1.0,1,2.0,7,1,0,1,1,0.0,0,1.0,0,97.0,121.0,0.0,240.0,2023
2,D,288.0,50.0,6.0,1.0,66,1.0,1.0,0.0,1,72,1,0.0,0,6.0,6.0,3,0.0,7,1,0,1,1,0.0,0,1.0,0,9996.0,9996.0,120.0,9996.0,2023
8,D,12.03,49.0,6.0,1.0,65,1.0,0.0,0.0,1,73,1,0.0,0,6.0,1.0,1,2.0,7,1,0,1,1,0.0,0,1.0,0,97.0,121.0,0.0,240.0,2023
1,C,0.59,33.0,4.0,1.0,10,1.0,0.0,0.0,1,8,1,0.0,0,1.0,1.0,1,0.0,8,1,0,1,1,0.0,0,1.0,0,10.0,16.0,0.0,60.0,2023
3,D,90.0,30.0,3.0,1.0,68,1.0,0.0,0.0,1,74,1,0.0,0,6.0,1.0,1,0.0,7,1,0,1,1,0.0,0,1.0,0,151.0,188.0,60.0,240.0,2023
2,D,8.0,48.0,6.0,1.0,24,1.0,1.0,0.0,1,22,1,0.0,0,3.0,1.0,1,0.0,7,1,0,2,1,0.0,0,1.0,0,78.0,97.0,0.0,240.0,2023
1,D,87.0,34.0,4.0,1.0,91,3.0,0.0,0.0,1,31,1,0.0,0,5.0,6.0,1,1.0,7,1,0,1,1,0.0,0,1.0,0,135.0,168.0,0.0,240.0,2023
8,D,240.0,32.0,4.0,1.0,89,1.0,1.0,0.0,1,30,1,0.0,0,1.0,1.0,3,4.0,7,1,0,1,1,0.0,0,1.0,0,262.0,327.0,60.0,240.0,2023
1,D,180.0,29.0,3.0,1.0,91,1.0,1.0,2.0,1,31,1,0.0,0,3.0,2.0,2,3.0,7,1,0,1,1,2.0,0,2.0,0,180.0,180.0,180.0,480.0,2023
2,D,150.0,28.0,3.0,1.0,43,1.0,1.0,6.0,1,49,1,0.0,0,3.0,1.0,1,0.0,7,1,0,1,1,6.0,0,3.0,0,135.0,168.0,120.0,240.0,2023
9,D,160.0,25.0,2.0,1.0,91,1.0,0.0,0.0,1,31,1,0.0,0,1.0,1.0,5,1.0,7,1,0,1,1,0.0,0,1.0,0,210.0,262.0,60.0,240.0,2023
1,D,143.0,48.0,6.0,1.0,71,1.0,1.0,5.0,1,76,2,0.0,0,1.0,3.0,1,0.0,7,1,0,1,1,7.0,0,4.0,0,135.0,168.0,120.0,240.0,2023
9,D,180.0,27.0,3.0,1.0,91,1.0,0.0,0.0,1,31,0,0.0,0,3.0,1.0,3,3.0,7,1,0,1,1,0.0,0,1.0,0,210.0,262.0,60.0,240.0,2023
3,D,120.0,80.0,8.0,1.0,34,1.0,1.0,5.0,1,39,1,0.0,0,5.0,1.0,1,0.0,7,1,0,1,1,5.0,0,3.0,0,97.0,121.0,0.0,240.0,2023
3,D,65.0,24.0,2.0,1.0,67,1.0,0.0,0.0,1,71,2,0.0,0,3.0,3.0,1,0.0,7,1,0,1,1,0.0,0,1.0,0,97.0,121.0,0.0,240.0,2023
2,D,121.0,52.0,7.0,1.0,24,1.0,0.0,0.0,1,22,1,0.0,0,5.0,1.0,1,0.0,7,1,0,1,1,0.0,0,1.0,0,121.0,151.0,60.0,240.0,2023
1,D,144.0,73.0,8.0,1.0,46,1.0,1.0,0.0,1,53,1,0.0,0,6.0,1.0,1,0.0,7,1,0,1,1,0.0,0,1.0,0,120.0,120.0,120.0,240.0,2023
2,D,48.0,27.0,3.0,1.0,35,3.0,0.0,0.0,1,41,2,0.0,0,1.0,3.0,1,3.0,7,1,0,1,1,0.0,0,1.0,0,97.0,121.0,0.0,240.0,2023
8,D,360.0,29.0,3.0,1.0,89,1.0,1.0,3.0,1,30,1,0.0,0,5.0,1.0,1,0.0,7,1,0,1,1,5.0,0,3.0,0,262.0,327.0,180.0,480.0,2023
6,D,30.0,43.0,6.0,1.0,89,1.0,1.0,0.0,1,30,1,0.0,0,3.0,1.0,1,0.0,7,1,0,1,1,0.0,0,1.0,0,51.0,63.0,0.0,240.0,2023
1,D,63.0,60.0,7.0,1.0,55,1.0,1.0,0.0,1,62,1,0.0,0,3.0,1.0,1,0.0,7,1,0,1,1,0.0,0,1.0,0,78.0,97.0,0.0,240.0,2023
2,D,105.0,28.0,3.0,1.0,17,3.0,1.0,0.0,1,15,2,0.0,0,,3.0,2,,7,1,0,1,1,0.0,0,1.0,0,60.0,60.0,0.0,24.0,2023
7,D,192.0,62.0,8.0,1.0,20,1.0,1.0,6.0,3,17,1,0.0,1,6.0,1.0,1,0.0,7,1,0,1,1,6.0,0,3.0,0,168.0,210.0,120.0,240.0,2023
8,D,102.0,32.0,4.0,1.0,60,1.0,0.0,0.0,1,67,1,0.0,0,6.0,1.0,1,1.0,7,1,0,1,1,0.0,0,1.0,0,151.0,188.0,60.0,240.0,2023
3,D,,37.0,5.0,1.0,5,1.0,0.0,0.0,1,4,2,0.0,0,3.0,3.0,1,0.0,7,0,1,4,0,0.0,0,1.0,0,57.0,71.0,0.0,240.0,2023
5,D,60.0,56.0,7.0,1.0,62,1.0,1.0,0.0,1,69,1,0.0,0,5.0,1.0,1,0.0,7,1,0,1,1,0.0,0,1.0,0,60.0,60.0,60.0,240.0,2023
2,D,48.0,30.0,3.0,1.0,17,1.0,0.0,0.0,1,15,1,0.0,0,3.0,1.0,1,0.0,7,1,0,1,1,0.0,0,1.0,0,46.0,57.0,0.0,240.0,2023
8,D,96.0,24.0,2.0,1.0,60,1.0,1.0,0.0,1,67,1,0.0,0,3.0,1.0,1,0.0,7,1,0,1,1,0.0,0,1.0,0,210.0,240.0,60.0,240.0,2023
1,D,120.0,31.0,4.0,1.0,91,1.0,1.0,0.0,1,31,2,0.0,0,3.0,3.0,4,0.0,7,1,0,1,1,0.0,0,1.0,0,168.0,210.0,60.0,240.0,2023
6,D,78.0,56.0,7.0,1.0,30,1.0,1.0,0.0,1,36,1,0.0,0,5.0,1.0,1,1.0,7,1,0,1,1,0.0,0,1.0,0,78.0,97.0,0.0,240.0,2023
6,D,120.0,50.0,6.0,1.0,33,1.0,1.0,3.0,1,40,1,0.0,0,3.0,1.0,1,0.0,7,1,0,1,1,5.0,0,3.0,0,120.0,120.0,120.0,240.0,2023
2,D,36.0,33.0,4.0,1.0,77,1.0,1.0,4.0,1,81,1,0.0,0,3.0,1.0,1,1.0,7,1,0,1,1,4.0,0,3.0,0,97.0,121.0,0.0,240.0,2023
1,D,108.0,38.0,5.0,1.0,55,1.0,0.0,0.0,1,62,1,0.0,0,5.0,1.0,1,1.0,7,1,0,1,1,0.0,0,1.0,0,135.0,168.0,0.0,240.0,2023
1,D,120.0,40.0,5.0,1.0,80,1.0,1.0,5.0,1,84,1,0.0,0,5.0,1.0,1,0.0,7,1,0,1,1,5.0,0,3.0,0,168.0,210.0,120.0,240.0,2023
1,D,144.0,51.0,7.0,1.0,55,1.0,0.0,0.0,1,62,1,0.0,0,6.0,1.0,1,0.0,7,1,0,1,1,0.0,0,1.0,0,151.0,188.0,60.0,240.0,2023
3,D,86.0,33.0,4.0,1.0,89,1.0,1.0,0.0,1,30,1,0.0,0,1.0,1.0,1,0.0,7,1,0,1,1,0.0,0,1.0,0,151.0,188.0,60.0,240.0,2023
1,D,18.0,56.0,7.0,1.0,19,1.0,0.0,0.0,1,16,1,0.0,0,6.0,1.0,1,0.0,7,1,0,1,1,0.0,0,1.0,0,78.0,97.0,0.0,240.0,2023
2,D,26.0,27.0,3.0,1.0,17,1.0,0.0,0.0,1,15,1,0.0,0,5.0,2.0,1,0.0,7,1,0,1,1,0.0,0,1.0,0,78.0,97.0,0.0,240.0,2023
1,D,120.0,21.0,2.0,1.0,1,1.0,1.0,0.0,1,90,1,0.0,0,5.0,1.0,1,0.0,7,1,0,1,1,0.0,0,1.0,0,151.0,188.0,60.0,240.0,2023
3,D,210.0,40.0,5.0,1.0,91,1.0,1.0,2.0,1,31,1,0.0,0,1.0,1.0,3,3.0,7,1,0,1,1,2.0,0,2.0,0,235.0,293.0,60.0,240.0,2023
3,B,20.39,43.0,6.0,1.0,68,1.0,1.0,0.0,1,74,2,1.0,0,1.0,3.0,1,,8,1,0,1,1,0.0,0,1.0,0,6.0,12.0,0.0,60.0,2023
1,D,180.0,46.0,6.0,1.0,49,1.0,1.0,3.0,1,55,1,0.0,0,6.0,1.0,1,2.0,7,1,0,1,1,5.0,0,3.0,0,180.0,180.0,180.0,480.0,2023
1,D,120.0,41.0,6.0,1.0,50,1.0,1.0,3.0,1,56,1,0.0,0,5.0,1.0,1,0.0,7,1,0,1,1,5.0,0,3.0,0,120.0,120.0,120.0,240.0,2023
4,D,120.0,67.0,8.0,1.0,57,1.0,1.0,3.0,1,64,1,0.0,0,5.0,6.0,1,0.0,7,1,0,1,1,3.0,0,2.0,0,120.0,120.0,120.0,240.0,2023
1,D,63.0,47.0,6.0,1.0,85,1.0,1.0,2.0,1,89,1,0.0,0,5.0,1.0,1,0.0,7,1,0,1,1,2.0,0,2.0,0,87.0,108.0,0.0,240.0,2023
1,D,121.0,47.0,6.0,1.0,10,1.0,1.0,4.0,1,8,1,0.0,0,5.0,6.0,1,0.0,7,1,0,1,1,6.0,0,3.0,0,120.0,121.0,120.0,240.0,2023
4,D,92.0,37.0,5.0,1.0,35,1.0,1.0,0.0,1,41,2,0.0,0,3.0,3.0,2,0.0,7,1,0,1,1,0.0,0,1.0,0,151.0,188.0,60.0,240.0,2023
4,D,120.0,30.0,3.0,1.0,35,1.0,1.0,0.0,1,41,1,0.0,0,6.0,2.0,2,0.0,7,1,0,1,1,0.0,0,1.0,0,151.0,188.0,60.0,240.0,2023
5,D,12.03,48.0,6.0,1.0,37,1.0,1.0,0.0,1,43,1,0.0,0,1.0,1.0,1,0.0,8,1,0,1,1,0.0,0,1.0,0,24.0,30.0,0.0,60.0,2023
4,D,90.0,29.0,3.0,1.0,57,1.0,1.0,2.0,1,64,1,0.0,0,5.0,1.0,1,0.0,7,1,0,1,1,4.0,0,3.0,0,121.0,151.0,60.0,240.0,2023
2,D,72.0,34.0,4.0,1.0,84,1.0,1.0,0.0,1,88,1,0.0,0,1.0,1.0,2,1.0,7,1,0,1,1,0.0,0,1.0,0,97.0,121.0,0.0,60.0,2023
2,D,36.0,29.0,3.0,1.0,84,1.0,1.0,0.0,1,88,2,0.0,0,6.0,3.0,1,0.0,7,1,0,1,1,0.0,0,1.0,0,78.0,97.0,0.0,240.0,2023
5,D,12.03,43.0,6.0,1.0,37,1.0,1.0,0.0,1,43,1,1.0,0,3.0,1.0,1,0.0,8,1,0,1,1,0.0,0,1.0,0,21.0,27.0,0.0,60.0,2023
2,D,180.0,43.0,6.0,1.0,39,1.0,1.0,1.0,1,45,1,0.0,0,5.0,1.0,1,1.0,7,1,0,1,1,1.0,0,1.0,0,180.0,188.0,180.0,480.0,2023
6,D,151.0,45.0,6.0,1.0,89,1.0,0.0,0.0,1,30,1,0.0,0,5.0,1.0,1,0.0,7,1,0,1,1,0.0,0,1.0,0,151.0,188.0,60.0,240.0,2023
2,D,180.0,42.0,6.0,1.0,42,1.0,1.0,3.0,1,48,1,0.0,0,5.0,1.0,1,2.0,7,1,0,1,1,3.0,0,2.0,0,180.0,180.0,180.0,480.0,2023
3,D,97.0,53.0,7.0,1.0,14,1.0,1.0,0.0,1,12,1,0.0,0,6.0,6.0,2,0.0,7,1,0,1,1,0.0,0,1.0,0,78.0,97.0,60.0,240.0,2023
5,D,60.0,61.0,8.0,1.0,62,1.0,1.0,0.0,1,69,0,0.0,0,5.0,1.0,1,0.0,7,1,0,1,1,0.0,0,1.0,0,97.0,121.0,60.0,240.0,2023
2,D,144.0,24.0,2.0,1.0,76,2.0,1.0,0.0,1,80,2,0.0,0,1.0,3.0,1,0.0,7,1,0,1,1,0.0,0,1.0,0,240.0,240.0,60.0,240.0,2023
2,D,63.0,28.0,3.0,1.0,43,1.0,1.0,4.0,1,49,1,0.0,0,3.0,1.0,1,1.0,7,1,0,1,1,6.0,0,3.0,0,63.0,78.0,0.0,240.0,2023
3,D,180.0,55.0,7.0,1.0,14,1.0,1.0,1.0,3,12,1,0.0,1,3.0,1.0,4,1.0,7,1,0,1,1,1.0,0,1.0,0,210.0,262.0,0.0,240.0,2023
4,D,60.0,24.0,2.0,1.0,53,1.0,1.0,0.0,1,60,1,0.0,0,3.0,1.0,1,0.0,7,1,0,1,1,0.0,0,1.0,0,57.0,71.0,0.0,120.0,2023
1,D,120.0,60.0,7.0,1.0,3,1.0,1.0,3.0,1,1,1,0.0,0,3.0,1.0,1,0.0,7,1,0,1,1,3.0,0,2.0,0,120.0,120.0,120.0,240.0,2023
2,D,78.0,37.0,5.0,1.0,84,1.0,1.0,3.0,1,88,1,0.0,0,3.0,1.0,1,0.0,7,1,0,1,1,3.0,0,2.0,0,120.0,120.0,120.0,240.0,2023
2,D,108.0,28.0,3.0,1.0,79,1.0,0.0,0.0,1,83,1,0.0,0,5.0,1.0,2,0.0,7,1,0,1,1,0.0,0,1.0,0,151.0,188.0,60.0,240.0,2023
3,D,120.0,49.0,6.0,1.0,61,1.0,1.0,3.0,1,68,1,0.0,0,5.0,1.0,1,0.0,7,1,0,1,1,3.0,0,2.0,0,135.0,168.0,120.0,240.0,2023
6,D,156.0,55.0,7.0,1.0,8,3.0,0.0,0.0,1,7,1,0.0,0,1.0,1.0,7,0.0,7,1,0,1,1,0.0,0,1.0,0,151.0,188.0,60.0,240.0,2023
8,D,180.0,75.0,8.0,1.0,89,1.0,1.0,0.0,1,30,1,0.0,0,5.0,1.0,2,0.0,7,1,0,1,1,0.0,0,1.0,0,180.0,180.0,180.0,480.0,2023
6,D,60.0,59.0,7.0,1.0,8,1.0,0.0,0.0,1,7,1,0.0,0,5.0,1.0,1,2.0,7,1,0,1,1,0.0,0,1.0,0,151.0,188.0,60.0,240.0,2023
3,D,36.0,36.0,5.0,1.0,42,1.0,1.0,0.0,1,48,1,0.0,0,3.0,1.0,1,0.0,7,1,0,1,1,0.0,0,1.0,0,78.0,97.0,0.0,120.0,2023
2,D,90.0,35.0,4.0,1.0,94,1.0,1.0,5.0,1,34,1,0.0,0,1.0,1.0,1,0.0,7,1,0,1,1,7.0,0,4.0,0,84.0,105.0,0.0,120.0,2023
1,D,66.0,57.0,7.0,1.0,11,1.0,1.0,0.0,1,9,1,0.0,0,3.0,1.0,1,0.0,7,1,0,1,1,0.0,0,1.0,0,97.0,121.0,0.0,240.0,2023
1,D,60.0,29.0,3.0,1.0,91,1.0,1.0,0.0,1,31,1,0.0,0,3.0,1.0,2,0.0,7,1,0,1,1,0.0,0,1.0,0,97.0,121.0,60.0,240.0,2023
3,D,66.0,41.0,6.0,1.0,5,1.0,1.0,0.0,1,4,2,0.0,0,3.0,3.0,2,0.0,7,1,0,1,1,0.0,0,1.0,0,97.0,121.0,0.0,120.0,2023
3,D,110.0,48.0,6.0,1.0,27,1.0,1.0,9.0,1,25,1,0.0,0,5.0,1.0,1,0.0,7,1,0,1,1,9.0,0,4.0,0,110.0,137.0,0.0,240.0,2023
2,D,60.0,71.0,8.0,1.0,21,1.0,1.0,0.0,1,18,1,0.0,0,5.0,1.0,1,0.0,7,1,0,1,1,0.0,0,1.0,0,97.0,121.0,0.0,240.0,2023
2,D,120.0,33.0,4.0,1.0,51,1.0,1.0,3.0,1,57,1,0.0,0,3.0,2.0,1,3.0,7,1,0,1,1,5.0,0,3.0,0,120.0,121.0,120.0,240.0,2023
2,D,190.0,50.0,6.0,1.0,43,1.0,0.0,0.0,1,49,1,0.0,0,3.0,1.0,1,0.0,7,1,0,1,1,0.0,0,1.0,0,210.0,240.0,60.0,240.0,2023
1,D,66.0,38.0,5.0,1.0,58,1.0,1.0,0.0,1,65,1,0.0,0,3.0,1.0,1,0.0,7,1,0,1,1,0.0,0,1.0,0,87.0,108.0,0.0,120.0,2023
6,D,100.0,33.0,4.0,1.0,59,1.0,1.0,0.0,1,66,1,0.0,0,3.0,1.0,1,0.0,7,1,0,1,1,0.0,0,1.0,0,210.0,240.0,60.0,240.0,2023
3,D,121.0,56.0,7.0,1.0,43,1.0,0.0,0.0,1,49,1,0.0,0,5.0,1.0,2,0.0,7,1,0,1,1,0.0,0,1.0,0,135.0,168.0,60.0,240.0,2023
2,D,120.0,31.0,4.0,1.0,65,1.0,0.0,0.0,1,73,2,0.0,0,6.0,3.0,1,0.0,7,1,0,1,1,0.0,0,1.0,0,235.0,240.0,60.0,240.0,2023
3,D,181.0,61.0,8.0,1.0,42,1.0,0.0,0.0,1,48,1,0.0,0,5.0,1.0,2,0.0,7,1,0,1,1,0.0,0,1.0,0,151.0,188.0,60.0,240.0,2023
4,D,120.0,38.0,5.0,1.0,58,1.0,1.0,3.0,1,65,1,0.0,0,3.0,1.0,1,4.0,7,1,0,1,1,5.0,0,3.0,0,120.0,120.0,120.0,240.0,2023
2,D,110.0,38.0,5.0,1.0,42,1.0,1.0,5.0,1,48,1,0.0,0,3.0,1.0,1,0.0,7,1,0,1,1,5.0,0,3.0,0,121.0,151.0,60.0,240.0,2023
2,D,87.0,46.0,6.0,1.0,28,1.0,0.0,0.0,1,35,1,0.0,0,6.0,1.0,1,0.0,7,1,0,1,1,0.0,0,1.0,0,97.0,121.0,60.0,240.0,2023
6,D,120.0,59.0,7.0,1.0,79,1.0,1.0,3.0,1,83,1,0.0,0,3.0,1.0,1,0.0,7,1,0,1,1,3.0,0,2.0,0,120.0,120.0,120.0,240.0,2023
8,D,70.0,20.0,1.0,1.0,89,1.0,0.0,0.0,1,30,1,0.0,0,3.0,1.0,1,0.0,7,1,0,1,1,0.0,0,1.0,0,97.0,121.0,60.0,240.0,2023
1,D,60.0,64.0,8.0,1.0,47,1.0,0.0,0.0,1,52,1,0.0,0,1.0,1.0,1,0.0,7,1,0,1,1,0.0,0,1.0,0,78.0,97.0,0.0,240.0,2023
1,D,78.0,26.0,3.0,1.0,41,1.0,1.0,0.0,1,47,2,0.0,0,3.0,3.0,1,0.0,7,1,0,1,1,0.0,0,1.0,0,97.0,121.0,60.0,240.0,2023
7,D,210.0,54.0,7.0,1.0,37,1.0,1.0,1.0,1,43,1,0.0,0,3.0,1.0,1,1.0,7,1,0,1,1,1.0,0,1.0,0,210.0,240.0,60.0,240.0,2023
5,D,168.0,29.0,3.0,1.0,34,1.0,1.0,1.0,1,39,1,0.0,0,3.0,1.0,1,0.0,7,1,0,1,1,3.0,0,2.0,0,135.0,168.0,0.0,240.0,2023
1,C,0.03,47.0,6.0,1.0,10,1.0,0.0,0.0,1,8,1,0.0,0,3.0,1.0,2,2.0,8,1,0,2,1,0.0,0,1.0,0,12.0,18.0,0.0,60.0,2023
3,D,57.0,25.0,2.0,1.0,89,1.0,0.0,0.0,1,30,1,0.0,0,3.0,1.0,1,0.0,7,1,0,1,1,0.0,0,1.0,0,70.0,87.0,0.0,240.0,2023
3,D,240.0,73.0,8.0,1.0,34,1.0,0.0,0.0,1,39,1,0.0,0,6.0,1.0,1,0.0,7,1,0,1,1,0.0,0,1.0,0,210.0,240.0,60.0,240.0,2023
3,D,120.0,62.0,8.0,1.0,44,1.0,1.0,3.0,1,50,1,0.0,0,5.0,1.0,2,0.0,7,1,0,1,1,5.0,0,3.0,0,120.0,121.0,120.0,240.0,2023
8,D,180.0,40.0,5.0,1.0,60,1.0,1.0,4.0,1,67,1,0.0,0,6.0,1.0,1,1.0,7,1,0,1,1,6.0,0,3.0,0,180.0,180.0,180.0,480.0,2023
4,D,72.0,46.0,6.0,1.0,41,1.0,0.0,0.0,1,47,1,0.0,0,6.0,1.0,1,0.0,7,1,0,1,1,0.0,0,1.0,0,151.0,188.0,60.0,240.0,2023
2,C,18.0,36.0,5.0,1.0,66,3.0,1.0,0.0,1,72,2,0.0,0,1.0,3.0,1,3.0,8,1,0,1,1,0.0,0,1.0,0,12.0,18.0,0.0,60.0,2023
2,D,300.0,33.0,4.0,1.0,54,1.0,1.0,12.0,1,61,1,0.0,0,3.0,1.0,1,0.0,7,1,0,1,1,14.0,0,6.0,0,360.0,480.0,180.0,480.0,2023
2,D,0.23,40.0,5.0,1.0,64,1.0,1.0,1.0,1,70,1,0.0,0,5.0,1.0,2,2.0,7,1,0,1,1,1.0,0,1.0,0,63.0,78.0,0.0,240.0,2023
5,D,60.0,73.0,8.0,1.0,62,1.0,0.0,0.0,1,69,1,0.0,0,5.0,1.0,1,0.0,7,1,0,1,1,0.0,0,1.0,0,121.0,151.0,60.0,240.0,2023
3,D,90.0,43.0,6.0,1.0,68,1.0,0.0,0.0,3,74,1,0.0,1,5.0,6.0,2,0.0,7,1,0,1,1,0.0,0,1.0,0,135.0,168.0,60.0,240.0,2023
3,D,120.03,53.0,7.0,1.0,23,1.0,1.0,0.0,1,20,1,0.0,0,5.0,1.0,1,0.0,7,1,0,1,1,0.0,0,1.0,0,120.0,121.0,120.0,240.0,2023
1,D,63.0,28.0,3.0,1.0,92,1.0,1.0,0.0,1,33,1,0.0,0,3.0,2.0,1,1.0,7,1,0,1,1,0.0,0,1.0,0,63.0,78.0,0.0,240.0,2023
5,D,60.0,59.0,7.0,1.0,62,1.0,1.0,0.0,1,69,1,0.0,0,3.0,1.0,1,0.0,7,1,0,1,1,0.0,0,1.0,0,60.0,63.0,60.0,240.0,2023
5,D,78.0,24.0,2.0,1.0,62,1.0,1.0,0.0,1,69,1,0.0,0,3.0,6.0,2,0.0,7,1,0,1,1,0.0,1,1.0,0,262.0,327.0,60.0,240.0,2023
3,D,78.0,52.0,7.0,1.0,63,1.0,0.0,0.0,1,95,1,0.0,0,6.0,1.0,1,3.0,7,1,0,1,1,0.0,0,1.0,0,78.0,97.0,60.0,240.0,2023
3,D,12.03,38.0,5.0,1.0,68,1.0,1.0,7.0,1,74,1,0.0,0,3.0,6.0,1,0.0,8,1,0,1,1,7.0,0,4.0,0,15.0,21.0,0.0,60.0,2023
1,D,96.0,37.0,5.0,1.0,9,1.0,1.0,1.0,1,6,1,0.0,0,5.0,1.0,4,1.0,7,1,0,1,1,1.0,0,1.0,0,151.0,188.0,60.0,240.0,2023
5,D,84.0,55.0,7.0,1.0,9,1.0,0.0,0.0,1,6,1,0.0,0,5.0,1.0,2,0.0,7,1,0,1,1,0.0,0,1.0,0,108.0,135.0,60.0,240.0,2023
4,D,120.0,37.0,5.0,1.0,3,1.0,1.0,3.0,1,1,1,0.0,0,3.0,1.0,1,1.0,7,1,0,1,1,5.0,0,3.0,0,120.0,121.0,120.0,240.0,2023
5,D,120.0,40.0,5.0,1.0,62,1.0,1.0,1.0,3,69,1,0.0,1,5.0,1.0,2,0.0,7,1,0,1,1,1.0,0,1.0,0,135.0,168.0,60.0,240.0,2023
1,D,60.0,47.0,6.0,1.0,36,1.0,1.0,0.0,1,42,2,0.0,0,5.0,3.0,1,1.0,7,1,0,1,1,0.0,0,1.0,0,78.0,97.0,0.0,240.0,2023
4,D,72.0,41.0,6.0,1.0,48,1.0,1.0,0.0,1,54,1,0.0,0,5.0,1.0,1,2.0,7,1,0,1,1,0.0,0,1.0,0,97.0,121.0,60.0,240.0,2023
6,D,168.0,29.0,3.0,1.0,79,1.0,1.0,2.0,1,83,1,0.0,0,5.0,1.0,1,0.0,7,1,0,1,1,2.0,0,2.0,0,235.0,240.0,60.0,240.0,2023
1,D,48.0,32.0,4.0,1.0,17,1.0,1.0,0.0,1,15,1,0.0,0,5.0,1.0,1,2.0,7,1,0,1,1,0.0,0,1.0,0,78.0,97.0,0.0,240.0,2023
1,D,90.0,33.0,4.0,1.0,4,1.0,1.0,1.0,1,2,1,0.0,0,5.0,1.0,5,0.0,7,1,0,1,1,1.0,0,1.0,0,210.0,262.0,60.0,240.0,2023
2,D,170.0,57.0,7.0,1.0,21,1.0,1.0,4.0,1,18,1,0.0,0,1.0,1.0,1,0.0,7,1,0,1,1,6.0,0,3.0,0,151.0,188.0,120.0,240.0,2023
6,D,60.0,50.0,6.0,1.0,11,1.0,1.0,11.0,1,9,1,0.0,0,5.0,1.0,1,0.0,7,1,0,1,1,13.0,0,6.0,0,168.0,210.0,0.0,240.0,2023
1,D,60.0,31.0,4.0,1.0,36,1.0,0.0,0.0,1,42,1,0.0,0,3.0,1.0,1,0.0,7,1,0,1,1,0.0,0,1.0,0,78.0,97.0,0.0,240.0,2023
2,D,120.0,66.0,8.0,1.0,17,,1.0,,1,15,1,0.0,0,,1.0,1,,7,1,0,1,1,,0,3.0,0,120.0,120.0,120.0,240.0,2023
1,D,151.0,51.0,7.0,1.0,16,1.0,0.0,0.0,1,14,1,0.0,0,3.0,1.0,1,3.0,7,1,0,1,1,0.0,0,1.0,0,151.0,188.0,60.0,240.0,2023
5,D,78.0,50.0,6.0,1.0,92,1.0,1.0,0.0,1,33,1,0.0,0,5.0,1.0,1,0.0,7,1,0,1,1,0.0,0,1.0,0,78.0,97.0,0.0,240.0,2023
2,D,240.0,50.0,6.0,1.0,54,1.0,1.0,3.0,1,61,2,0.0,0,3.0,3.0,1,0.0,7,1,0,1,1,3.0,0,2.0,0,240.0,240.0,60.0,240.0,2023
4,D,90.0,28.0,3.0,1.0,35,1.0,1.0,0.0,1,41,2,0.0,0,5.0,3.0,1,0.0,7,1,0,1,1,0.0,0,1.0,0,97.0,121.0,0.0,240.0,2023
2,D,60.0,31.0,4.0,1.0,35,1.0,1.0,0.0,1,41,2,0.0,0,3.0,3.0,1,0.0,7,1,0,1,1,0.0,0,1.0,0,78.0,97.0,0.0,120.0,2023
1,D,180.0,28.0,3.0,1.0,46,1.0,0.0,0.0,1,53,1,0.0,0,5.0,1.0,2,1.0,7,1,0,1,1,0.0,0,1.0,0,262.0,327.0,0.0,240.0,2023
3,D,87.0,27.0,3.0,1.0,36,1.0,1.0,0.0,1,42,2,0.0,0,3.0,3.0,1,0.0,7,1,0,1,1,0.0,0,1.0,0,87.0,108.0,0.0,240.0,2023
1,D,28.0,31.0,4.0,1.0,1,1.0,0.0,0.0,1,90,1,0.0,0,5.0,2.0,1,0.0,7,1,0,1,1,0.0,0,1.0,0,108.0,135.0,0.0,240.0,2023
8,D,72.0,30.0,3.0,1.0,89,1.0,1.0,0.0,1,30,1,0.0,0,3.0,1.0,1,0.0,7,1,0,1,1,0.0,0,1.0,0,78.0,97.0,60.0,240.0,2023
2,D,48.0,30.0,3.0,1.0,51,1.0,0.0,0.0,1,57,1,1.0,0,3.0,1.0,1,1.0,7,1,0,1,1,0.0,0,1.0,0,30.0,37.0,0.0,120.0,2023
1,D,40.0,35.0,4.0,1.0,85,1.0,1.0,0.0,1,89,1,0.0,0,3.0,1.0,1,0.0,7,1,0,1,1,0.0,0,1.0,0,97.0,121.0,0.0,240.0,2023
3,D,48.0,25.0,2.0,1.0,31,1.0,1.0,0.0,1,37,1,0.0,0,6.0,1.0,1,0.0,7,1,0,1,1,0.0,0,1.0,0,78.0,97.0,0.0,240.0,2023
2,D,108.0,61.0,8.0,1.0,51,1.0,1.0,3.0,1,57,1,0.0,0,5.0,1.0,1,0.0,7,1,0,1,1,5.0,0,3.0,0,120.0,121.0,120.0,240.0,2023
4,D,84.0,37.0,5.0,1.0,53,1.0,1.0,1.0,1,60,1,0.0,0,3.0,1.0,1,0.0,7,1,0,1,1,1.0,0,1.0,0,97.0,121.0,60.0,240.0,2023
3,D,78.0,46.0,6.0,1.0,91,1.0,1.0,0.0,1,31,2,0.0,0,1.0,3.0,1,0.0,7,1,0,1,1,0.0,0,1.0,0,97.0,121.0,60.0,240.0,2023
1,D,240.0,42.0,6.0,1.0,55,1.0,1.0,9.0,3,62,1,0.0,1,5.0,1.0,2,0.0,7,1,0,1,1,11.0,0,5.0,0,210.0,262.0,120.0,240.0,2023
8,D,102.0,25.0,2.0,1.0,60,1.0,1.0,1.0,1,67,1,0.0,0,5.0,1.0,1,0.0,7,1,0,1,1,1.0,0,1.0,0,151.0,188.0,60.0,240.0,2023
0,D,192.0,28.0,3.0,1.0,65,3.0,0.0,0.0,1,73,2,0.0,0,3.0,3.0,2,0.0,7,1,0,1,1,0.0,0,1.0,0,360.0,480.0,60.0,240.0,2023
5,D,60.0,24.0,2.0,1.0,62,1.0,1.0,4.0,1,69,1,0.0,0,5.0,6.0,1,1.0,7,1,0,1,1,6.0,0,3.0,0,60.0,60.0,60.0,240.0,2023
3,D,60.0,65.0,8.0,1.0,89,1.0,1.0,0.0,3,30,1,0.0,1,1.0,1.0,7,1.0,7,1,0,1,1,0.0,0,1.0,0,63.0,78.0,60.0,240.0,2023
1,D,120.0,33.0,4.0,1.0,14,1.0,1.0,0.0,1,12,1,0.0,0,5.0,1.0,1,0.0,7,1,0,1,1,0.0,0,1.0,0,151.0,188.0,60.0,240.0,2023
8,D,235.0,48.0,6.0,1.0,89,1.0,1.0,6.0,1,30,1,0.0,0,5.0,1.0,1,0.0,7,1,0,1,1,6.0,0,3.0,0,188.0,235.0,180.0,480.0,2023
1,D,180.0,54.0,7.0,1.0,19,1.0,1.0,2.0,1,16,1,0.0,0,5.0,1.0,1,0.0,7,1,0,1,1,2.0,0,2.0,0,180.0,210.0,180.0,480.0,2023
3,D,121.0,33.0,4.0,1.0,24,1.0,1.0,4.0,1,22,1,0.0,0,5.0,2.0,1,1.0,7,1,0,1,1,4.0,0,3.0,0,188.0,235.0,60.0,240.0,2023
1,D,60.0,54.0,7.0,1.0,41,1.0,0.0,0.0,1,47,1,0.0,0,1.0,1.0,1,0.0,7,1,0,1,1,0.0,0,1.0,0,151.0,188.0,60.0,240.0,2023
4,D,180.0,29.0,3.0,1.0,61,1.0,1.0,3.0,1,68,1,0.0,0,5.0,1.0,1,0.0,7,1,0,1,1,5.0,0,3.0,0,180.0,180.0,180.0,480.0,2023
1,D,120.0,77.0,8.0,1.0,14,1.0,1.0,2.0,1,12,1,0.0,0,3.0,1.0,1,1.0,7,1,0,1,1,2.0,0,2.0,0,120.0,120.0,120.0,240.0,2023
1,D,130.0,53.0,7.0,1.0,93,1.0,1.0,3.0,1,32,1,0.0,0,1.0,2.0,1,3.0,8,1,0,1,1,3.0,0,2.0,0,21.0,27.0,0.0,9996.0,2023
5,D,78.0,52.0,7.0,1.0,27,1.0,1.0,0.0,1,25,1,0.0,0,3.0,1.0,1,1.0,7,1,0,1,1,0.0,0,1.0,0,78.0,97.0,0.0,240.0,2023
2,D,0.33,29.0,3.0,1.0,85,1.0,0.0,0.0,1,89,1,0.0,0,3.0,1.0,1,0.0,7,1,0,1,1,0.0,0,1.0,0,78.0,97.0,0.0,240.0,2023
5,D,100.0,34.0,4.0,1.0,36,1.0,1.0,0.0,1,42,2,0.0,0,5.0,3.0,2,0.0,7,1,0,1,1,0.0,0,1.0,0,262.0,327.0,60.0,240.0,2023
1,D,72.0,34.0,4.0,1.0,6,1.0,1.0,2.0,1,3,1,0.0,0,5.0,1.0,2,1.0,7,1,0,2,1,2.0,0,2.0,0,108.0,135.0,60.0,240.0,2023
4,D,78.0,24.0,2.0,1.0,58,1.0,0.0,0.0,1,65,1,0.0,0,3.0,1.0,1,0.0,7,1,0,1,1,0.0,0,1.0,0,210.0,240.0,60.0,240.0,2023
2,D,151.0,23.0,2.0,1.0,15,1.0,0.0,0.0,1,13,1,0.0,0,3.0,2.0,5,0.0,7,1,0,1,1,0.0,0,1.0,0,262.0,327.0,120.0,9996.0,2023
2,D,168.0,43.0,6.0,1.0,50,1.0,1.0,2.0,1,56,1,0.0,0,3.0,1.0,2,2.0,7,1,0,1,1,4.0,0,3.0,0,188.0,235.0,60.0,240.0,2023
1,D,124.0,20.0,1.0,1.0,40,1.0,1.0,0.0,2,46,1,1.0,0,3.0,1.0,1,0.0,7,1,0,1,1,0.0,0,1.0,0,108.0,135.0,60.0,240.0,2023
1,D,84.0,41.0,6.0,1.0,17,1.0,1.0,1.0,1,15,1,0.0,0,3.0,2.0,1,1.0,7,1,0,1,1,1.0,0,1.0,0,151.0,188.0,60.0,240.0,2023
4,D,18.0,44.0,6.0,1.0,58,1.0,0.0,0.0,1,65,1,0.0,0,6.0,6.0,1,0.0,7,1,0,1,1,0.0,0,1.0,0,78.0,97.0,0.0,240.0,2023
2,D,151.0,51.0,7.0,1.0,30,1.0,1.0,0.0,1,36,1,0.0,0,6.0,1.0,1,2.0,7,1,0,1,1,0.0,0,1.0,0,121.0,151.0,60.0,240.0,2023
6,D,240.0,38.0,5.0,1.0,30,1.0,1.0,2.0,1,36,1,0.0,0,3.0,1.0,1,4.0,7,1,0,1,1,2.0,0,2.0,0,235.0,240.0,60.0,240.0,2023
2,D,210.0,34.0,4.0,1.0,30,1.0,1.0,0.0,1,36,1,0.0,0,3.0,2.0,1,0.0,7,1,0,1,1,0.0,0,1.0,0,210.0,240.0,60.0,240.0,2023
3,D,134.0,47.0,6.0,1.0,92,1.0,1.0,0.0,3,33,1,0.0,1,5.0,1.0,3,1.0,7,1,0,1,1,0.0,0,1.0,0,210.0,262.0,60.0,240.0,2023
0,D,135.0,43.0,6.0,1.0,75,1.0,1.0,0.0,1,79,1,0.0,0,3.0,1.0,1,0.0,7,1,0,1,1,0.0,0,1.0,0,121.0,151.0,60.0,240.0,2023
2,D,12.0,41.0,6.0,1.0,65,1.0,0.0,0.0,1,73,2,0.0,0,5.0,3.0,1,0.0,7,1,0,1,1,0.0,0,1.0,0,78.0,97.0,0.0,240.0,2023
4,D,180.0,57.0,7.0,1.0,35,1.0,0.0,0.0,1,41,1,0.0,0,3.0,1.0,1,0.0,7,1,0,1,1,0.0,0,1.0,0,210.0,262.0,180.0,360.0,2023
4,D,480.0,62.0,8.0,1.0,35,1.0,1.0,3.0,1,41,1,0.0,0,3.0,1.0,3,0.0,7,1,0,1,1,3.0,0,2.0,0,360.0,1200.0,180.0,480.0,2023
5,D,48.0,34.0,4.0,1.0,83,1.0,1.0,0.0,1,87,1,0.0,0,5.0,6.0,1,0.0,7,1,0,1,1,0.0,0,1.0,0,78.0,97.0,0.0,240.0,2023
5,D,0.23,56.0,7.0,1.0,25,1.0,1.0,0.0,1,23,1,0.0,0,6.0,1.0,1,0.0,7,1,0,1,1,0.0,0,1.0,0,97.0,121.0,0.0,240.0,2023
2,D,420.0,67.0,8.0,1.0,15,1.0,1.0,0.0,1,13,1,0.0,0,6.0,1.0,6,0.0,7,1,0,1,1,0.0,0,1.0,0,9996.0,9996.0,0.0,360.0,2023
2,D,192.0,75.0,8.0,1.0,73,1.0,1.0,3.0,4,78,1,0.0,1,3.0,1.0,2,0.0,7,1,0,1,1,5.0,0,3.0,0,210.0,262.0,180.0,480.0,2023
8,D,84.0,34.0,4.0,1.0,89,1.0,1.0,0.0,1,30,0,0.0,0,3.0,1.0,2,0.0,7,1,0,1,1,0.0,0,1.0,0,151.0,188.0,60.0,240.0,2023
1,D,37.0,42.0,6.0,1.0,54,1.0,0.0,0.0,1,61,1,0.0,0,6.0,1.0,1,1.0,7,1,0,1,1,0.0,0,1.0,0,70.0,87.0,0.0,240.0,2023
1,D,120.0,34.0,4.0,1.0,61,1.0,1.0,13.0,1,68,1,0.0,0,3.0,1.0,1,1.0,7,1,0,1,1,15.0,0,6.0,0,140.0,175.0,120.0,240.0,2023
6,D,108.0,37.0,5.0,1.0,59,1.0,1.0,2.0,1,66,0,0.0,0,1.0,1.0,1,0.0,7,1,0,1,1,4.0,0,3.0,0,121.0,151.0,60.0,240.0,2023
3,D,63.0,22.0,2.0,1.0,24,1.0,0.0,0.0,1,22,1,0.0,0,5.0,1.0,1,0.0,7,1,0,1,1,0.0,0,1.0,0,63.0,78.0,60.0,240.0,2023
4,D,60.0,36.0,5.0,1.0,24,1.0,0.0,0.0,1,22,1,0.0,0,5.0,1.0,1,0.0,7,1,0,1,1,0.0,0,1.0,0,97.0,121.0,60.0,240.0,2023
8,D,84.0,69.0,8.0,1.0,60,1.0,1.0,0.0,1,67,1,0.0,0,5.0,1.0,1,0.0,7,1,0,1,1,0.0,0,1.0,0,78.0,97.0,60.0,240.0,2023
3,D,270.0,36.0,5.0,1.0,42,1.0,1.0,8.0,1,48,1,0.0,0,3.0,1.0,2,0.0,7,1,0,1,1,10.0,0,5.0,0,360.0,720.0,180.0,480.0,2023
3,D,144.0,37.0,5.0,1.0,36,1.0,0.0,0.0,1,42,1,0.0,0,5.0,2.0,1,0.0,7,1,0,1,1,0.0,0,1.0,0,188.0,235.0,60.0,240.0,2023
2,D,200.0,37.0,5.0,1.0,79,1.0,1.0,6.0,1,83,1,0.0,0,5.0,1.0,2,1.0,7,1,0,1,1,6.0,0,3.0,0,188.0,235.0,180.0,240.0,2023
8,D,96.0,21.0,2.0,1.0,60,1.0,0.0,0.0,1,67,2,0.0,0,5.0,3.0,1,0.0,7,1,0,1,1,0.0,0,1.0,0,210.0,240.0,60.0,240.0,2023
1,D,42.0,34.0,4.0,1.0,19,1.0,0.0,0.0,1,16,1,0.0,0,5.0,2.0,1,1.0,7,1,0,1,1,0.0,0,1.0,0,78.0,97.0,0.0,240.0,2023
3,D,88.0,47.0,6.0,1.0,36,1.0,1.0,0.0,1,42,2,0.0,0,3.0,3.0,1,2.0,7,1,0,1,1,0.0,0,1.0,0,78.0,97.0,0.0,240.0,2023
1,D,63.0,37.0,5.0,1.0,55,1.0,1.0,0.0,1,62,1,0.0,0,5.0,1.0,1,0.0,7,1,0,1,1,0.0,0,1.0,0,78.0,97.0,0.0,240.0,2023
3,D,168.0,41.0,6.0,1.0,41,1.0,1.0,2.0,1,47,1,0.0,0,5.0,1.0,1,0.0,7,1,0,1,1,4.0,0,3.0,0,188.0,235.0,60.0,240.0,2023
4,D,324.0,47.0,6.0,1.0,35,1.0,1.0,0.0,1,41,1,0.0,0,3.0,1.0,1,1.0,7,1,0,1,1,0.0,0,1.0,0,292.0,360.0,180.0,360.0,2023
3,D,60.0,34.0,4.0,1.0,50,1.0,1.0,5.0,1,56,1,0.0,0,3.0,1.0,1,0.0,7,1,0,1,1,5.0,0,3.0,0,87.0,108.0,60.0,240.0,2023
4,D,132.0,43.0,6.0,1.0,35,1.0,1.0,3.0,1,41,1,0.0,0,3.0,1.0,1,0.0,7,1,0,1,1,3.0,0,2.0,0,120.0,120.0,120.0,240.0,2023
2,D,0.03,21.0,2.0,1.0,73,1.0,0.0,0.0,1,78,1,0.0,0,3.0,1.0,1,0.0,7,1,0,2,1,0.0,0,1.0,0,51.0,63.0,0.0,240.0,2023
7,D,24.0,41.0,6.0,1.0,25,1.0,0.0,0.0,1,23,1,0.0,0,5.0,1.0,1,0.0,7,1,0,1,1,0.0,0,1.0,0,78.0,97.0,0.0,240.0,2023
3,D,18.0,75.0,8.0,1.0,75,1.0,1.0,1.0,1,79,1,0.0,0,5.0,1.0,1,0.0,7,1,0,1,1,1.0,0,1.0,0,78.0,97.0,0.0,120.0,2023
3,D,121.0,49.0,6.0,1.0,7,1.0,1.0,3.0,1,5,0,0.0,0,3.0,1.0,1,0.0,7,1,0,1,1,5.0,0,3.0,0,188.0,235.0,120.0,240.0,2023
8,D,138.0,41.0,6.0,1.0,60,1.0,1.0,3.0,1,67,1,0.0,0,3.0,1.0,1,2.0,7,1,0,1,1,3.0,0,2.0,0,135.0,168.0,120.0,240.0,2023
4,D,120.0,34.0,4.0,1.0,58,1.0,1.0,3.0,1,65,1,0.0,0,1.0,2.0,3,0.0,7,1,0,1,1,5.0,0,3.0,0,120.0,120.0,120.0,240.0,2023
5,D,80.0,73.0,8.0,1.0,36,1.0,1.0,0.0,1,42,1,0.0,0,3.0,1.0,1,1.0,7,1,0,1,1,0.0,0,1.0,0,151.0,188.0,60.0,240.0,2023
4,D,180.0,40.0,5.0,1.0,57,1.0,1.0,3.0,1,64,1,0.0,0,3.0,1.0,2,0.0,7,1,0,1,1,5.0,0,3.0,0,324.0,405.0,180.0,480.0,2023
1,D,38.0,63.0,8.0,1.0,1,1.0,1.0,0.0,1,90,1,0.0,0,6.0,1.0,1,0.0,7,1,0,1,1,0.0,0,1.0,0,78.0,97.0,0.0,240.0,2023
3,D,60.0,51.0,7.0,1.0,42,1.0,1.0,0.0,1,48,1,0.0,0,6.0,1.0,1,1.0,7,1,0,1,1,0.0,0,1.0,0,78.0,97.0,0.0,240.0,2023
6,D,63.0,28.0,3.0,1.0,81,1.0,0.0,0.0,1,86,1,0.0,0,5.0,6.0,1,0.0,7,1,0,1,1,0.0,0,1.0,0,87.0,108.0,60.0,240.0,2023
1,D,0.33,23.0,2.0,1.0,11,2.0,0.0,0.0,1,9,2,0.0,0,3.0,3.0,1,0.0,7,1,0,1,1,0.0,0,1.0,0,60.0,60.0,0.0,60.0,2023
2,D,135.0,36.0,5.0,1.0,43,1.0,1.0,2.0,1,49,1,0.0,0,3.0,1.0,1,0.0,7,1,0,1,1,4.0,0,3.0,0,151.0,188.0,60.0,240.0,2023
1,D,42.0,39.0,5.0,1.0,19,1.0,1.0,0.0,1,16,1,0.0,0,5.0,1.0,1,1.0,7,1,0,1,1,0.0,0,1.0,0,121.0,151.0,0.0,240.0,2023
1,D,108.0,42.0,6.0,1.0,1,1.0,1.0,0.0,1,90,1,1.0,0,3.0,2.0,1,0.0,7,1,0,1,1,0.0,0,1.0,0,151.0,188.0,60.0,240.0,2023
3,D,60.0,57.0,7.0,1.0,24,1.0,0.0,0.0,1,22,1,0.0,0,6.0,1.0,1,0.0,7,1,0,1,1,0.0,0,1.0,0,121.0,151.0,60.0,240.0,2023
3,D,60.0,69.0,8.0,1.0,57,1.0,1.0,0.0,1,64,1,0.0,0,6.0,1.0,1,0.0,7,1,0,1,1,0.0,0,1.0,0,78.0,97.0,0.0,240.0,2023
6,D,180.0,53.0,7.0,1.0,59,1.0,1.0,4.0,1,66,0,0.0,0,1.0,1.0,1,0.0,7,1,0,1,1,4.0,0,3.0,0,262.0,327.0,180.0,480.0,2023
3,D,63.0,28.0,3.0,1.0,68,1.0,1.0,1.0,1,74,2,0.0,0,3.0,3.0,1,0.0,7,1,0,1,1,1.0,0,1.0,0,78.0,97.0,0.0,240.0,2023
4,D,216.0,51.0,7.0,1.0,35,1.0,1.0,0.0,1,41,1,0.0,0,6.0,1.0,2,0.0,7,1,0,1,1,0.0,0,1.0,0,324.0,405.0,60.0,240.0,2023
4,D,360.0,41.0,6.0,1.0,35,1.0,1.0,3.0,1,41,1,0.0,0,5.0,1.0,2,0.0,7,1,0,1,1,5.0,0,3.0,0,360.0,600.0,60.0,240.0,2023
3,D,2.33,40.0,5.0,1.0,68,1.0,1.0,17.0,1,74,1,0.0,0,5.0,1.0,1,2.0,8,1,0,1,1,19.0,0,6.0,0,24.0,30.0,0.0,60.0,2023
1,D,36.0,30.0,3.0,1.0,42,1.0,1.0,1.0,1,48,1,0.0,0,5.0,1.0,1,0.0,7,1,0,1,1,1.0,0,1.0,0,63.0,78.0,0.0,120.0,2023
7,D,97.0,36.0,5.0,1.0,36,1.0,1.0,1.0,1,42,1,0.0,0,3.0,1.0,1,0.0,7,1,0,1,1,1.0,0,1.0,0,97.0,121.0,60.0,240.0,2023
3,D,40.0,43.0,6.0,1.0,67,1.0,0.0,0.0,1,71,1,0.0,0,6.0,6.0,1,0.0,7,1,0,1,1,0.0,0,1.0,0,78.0,97.0,0.0,240.0,2023
2,D,172.0,35.0,4.0,1.0,94,1.0,1.0,0.0,1,34,1,0.0,0,5.0,1.0,1,0.0,7,1,0,1,1,0.0,0,1.0,0,168.0,210.0,0.0,240.0,2023
2,D,97.0,39.0,5.0,1.0,23,1.0,1.0,0.0,1,20,0,0.0,0,5.0,1.0,1,2.0,7,1,0,1,1,0.0,0,1.0,0,78.0,97.0,0.0,240.0,2023
1,D,97.0,43.0,6.0,1.0,1,1.0,1.0,0.0,1,90,1,0.0,0,6.0,1.0,1,0.0,7,1,0,1,1,0.0,0,1.0,0,151.0,188.0,60.0,240.0,2023
4,D,78.0,66.0,8.0,1.0,57,1.0,0.0,0.0,1,64,1,0.0,0,6.0,1.0,1,0.0,7,1,0,1,1,0.0,0,1.0,0,78.0,97.0,0.0,240.0,2023
1,D,420.0,35.0,4.0,1.0,46,1.0,1.0,0.0,1,53,1,0.0,0,6.0,1.0,3,2.0,7,1,0,1,1,0.0,0,1.0,0,360.0,720.0,180.0,360.0,2023
1,D,18.0,31.0,4.0,1.0,91,4.0,0.0,0.0,1,31,2,0.0,0,5.0,3.0,1,1.0,7,1,0,1,1,0.0,0,1.0,0,46.0,57.0,0.0,240.0,2023
3,D,24.0,60.0,7.0,1.0,67,1.0,0.0,0.0,1,71,1,0.0,0,6.0,1.0,1,0.0,7,1,0,1,1,0.0,0,1.0,0,78.0,97.0,0.0,240.0,2023
4,D,100.0,34.0,4.0,1.0,58,1.0,0.0,0.0,1,65,1,0.0,0,5.0,1.0,3,0.0,7,1,0,1,1,0.0,0,1.0,0,135.0,168.0,0.0,240.0,2023
3,D,78.0,35.0,4.0,1.0,61,1.0,0.0,0.0,1,68,1,0.0,0,5.0,1.0,1,0.0,7,1,0,1,1,0.0,0,1.0,0,78.0,97.0,0.0,240.0,2023
3,D,200.0,35.0,4.0,1.0,75,1.0,1.0,0.0,1,79,1,0.0,0,6.0,1.0,2,1.0,7,1,0,1,1,0.0,0,1.0,0,151.0,188.0,60.0,240.0,2023
1,D,72.0,30.0,3.0,1.0,46,1.0,0.0,0.0,1,53,1,0.0,0,5.0,1.0,1,1.0,7,1,0,1,1,0.0,0,1.0,0,97.0,121.0,60.0,240.0,2023
3,D,0.03,37.0,5.0,1.0,75,1.0,0.0,0.0,1,79,1,0.0,0,3.0,1.0,1,0.0,7,1,0,1,1,0.0,0,1.0,0,151.0,188.0,0.0,240.0,2023
2,D,108.0,40.0,5.0,1.0,49,1.0,0.0,0.0,1,55,1,0.0,0,6.0,1.0,1,0.0,7,1,0,1,1,0.0,0,1.0,0,108.0,135.0,60.0,240.0,2023
3,D,120.0,46.0,6.0,1.0,42,1.0,1.0,0.0,1,48,1,0.0,0,6.0,1.0,1,2.0,7,1,0,1,1,0.0,0,1.0,0,120.0,120.0,120.0,240.0,2023
8,D,65.0,23.0,2.0,1.0,35,1.0,0.0,0.0,1,41,2,0.0,0,5.0,3.0,1,0.0,7,1,0,1,1,0.0,0,1.0,0,63.0,78.0,60.0,240.0,2023
1,D,50.0,22.0,2.0,1.0,19,1.0,0.0,0.0,1,16,1,0.0,0,5.0,1.0,1,0.0,7,1,0,1,1,0.0,0,1.0,0,97.0,121.0,0.0,240.0,2023
3,D,195.0,52.0,7.0,1.0,89,1.0,1.0,3.0,1,30,1,0.0,0,1.0,1.0,1,0.0,7,1,0,1,1,3.0,0,2.0,0,180.0,210.0,180.0,480.0,2023
4,D,135.0,45.0,6.0,1.0,53,1.0,1.0,0.0,1,60,1,0.0,0,3.0,1.0,1,0.0,7,1,0,1,1,0.0,0,1.0,0,121.0,151.0,60.0,240.0,2023
2,D,46.0,25.0,2.0,1.0,43,1.0,0.0,0.0,1,49,1,0.0,0,6.0,1.0,1,0.0,7,1,0,1,1,0.0,0,1.0,0,87.0,108.0,0.0,120.0,2023
2,D,180.0,38.0,5.0,1.0,87,1.0,1.0,0.0,1,26,1,0.0,0,3.0,1.0,2,0.0,7,1,0,1,1,0.0,0,1.0,0,180.0,188.0,180.0,360.0,2023
2,D,60.0,37.0,5.0,1.0,24,1.0,0.0,0.0,1,22,1,0.0,0,5.0,1.0,1,0.0,7,1,0,1,1,0.0,0,1.0,0,151.0,188.0,60.0,240.0,2023
1,D,,41.0,6.0,1.0,10,1.0,1.0,0.0,1,8,2,0.0,0,1.0,3.0,1,0.0,7,0,1,4,0,0.0,0,1.0,0,97.0,121.0,0.0,240.0,2023
4,D,360.0,60.0,7.0,1.0,35,1.0,1.0,3.0,1,41,1,0.0,0,3.0,1.0,3,0.0,7,1,0,1,1,3.0,0,2.0,0,480.0,720.0,60.0,240.0,2023
3,D,57.0,37.0,5.0,1.0,26,1.0,1.0,0.0,1,24,1,0.0,0,5.0,1.0,1,2.0,7,1,0,1,1,0.0,0,1.0,0,46.0,57.0,0.0,240.0,2023
4,D,360.0,43.0,6.0,1.0,35,1.0,0.0,0.0,1,41,1,0.0,0,5.0,1.0,1,0.0,7,1,0,1,1,0.0,0,1.0,0,324.0,360.0,180.0,360.0,2023
4,D,180.0,34.0,4.0,1.0,35,1.0,1.0,3.0,1,41,1,0.0,0,6.0,1.0,1,0.0,7,1,0,1,1,3.0,0,2.0,0,360.0,360.0,180.0,360.0,2023
4,D,240.0,52.0,7.0,1.0,35,1.0,1.0,2.0,1,41,1,0.0,0,5.0,1.0,1,1.0,7,1,0,1,1,2.0,0,2.0,0,235.0,240.0,60.0,240.0,2023
4,D,243.0,44.0,6.0,1.0,35,1.0,0.0,0.0,1,41,1,0.0,0,5.0,1.0,2,1.0,7,1,0,1,1,0.0,0,1.0,0,324.0,405.0,60.0,240.0,2023
3,D,84.0,24.0,2.0,1.0,91,1.0,0.0,0.0,1,31,2,0.0,0,6.0,3.0,1,0.0,7,1,0,1,1,0.0,0,1.0,0,151.0,188.0,60.0,240.0,2023
4,D,360.0,32.0,4.0,1.0,35,1.0,0.0,0.0,1,41,1,0.0,0,5.0,1.0,1,0.0,7,1,0,1,1,0.0,0,1.0,0,360.0,360.0,180.0,360.0,2023
1,D,96.0,42.0,6.0,1.0,88,1.0,1.0,0.0,1,28,1,0.0,0,3.0,1.0,1,2.0,7,1,0,1,1,0.0,0,1.0,0,151.0,188.0,60.0,240.0,2023
8,D,120.0,56.0,7.0,1.0,60,1.0,1.0,3.0,1,67,1,0.0,0,3.0,1.0,1,0.0,7,1,0,1,1,5.0,0,3.0,0,120.0,120.0,120.0,240.0,2023
1,D,60.0,58.0,7.0,1.0,24,1.0,0.0,0.0,1,22,1,0.0,0,5.0,1.0,1,1.0,7,1,0,1,1,0.0,0,1.0,0,78.0,97.0,60.0,240.0,2023
2,D,240.0,31.0,4.0,1.0,24,1.0,1.0,3.0,1,22,1,0.0,0,3.0,1.0,1,0.0,7,1,0,1,1,3.0,0,2.0,0,235.0,293.0,180.0,480.0,2023
2,D,60.0,30.0,3.0,1.0,28,1.0,0.0,0.0,1,35,1,0.0,0,3.0,6.0,1,0.0,7,1,0,1,1,0.0,0,1.0,0,97.0,121.0,60.0,240.0,2023
5,D,144.0,39.0,5.0,1.0,20,1.0,1.0,4.0,1,17,1,0.0,0,3.0,1.0,1,0.0,7,1,0,1,1,6.0,0,3.0,0,188.0,235.0,60.0,240.0,2023
8,D,96.0,40.0,5.0,1.0,60,1.0,1.0,8.0,1,67,1,0.0,0,3.0,6.0,1,0.0,7,1,0,1,1,8.0,0,4.0,0,135.0,168.0,60.0,240.0,2023
6,D,211.0,44.0,6.0,1.0,32,1.0,1.0,6.0,1,38,1,0.0,0,3.0,1.0,1,1.0,7,1,0,1,1,8.0,0,4.0,0,188.0,235.0,120.0,240.0,2023
5,D,84.0,59.0,7.0,1.0,20,1.0,1.0,4.0,1,17,1,0.0,0,5.0,1.0,1,0.0,7,1,0,1,1,6.0,0,1.0,0,97.0,121.0,60.0,240.0,2023
5,D,150.0,37.0,5.0,1.0,67,1.0,0.0,0.0,1,71,1,0.0,0,5.0,1.0,2,0.0,7,1,0,1,1,0.0,0,1.0,0,9996.0,9996.0,120.0,9996.0,2023
2,D,135.0,38.0,5.0,1.0,85,1.0,1.0,1.0,1,89,1,0.0,0,5.0,1.0,2,0.0,7,1,0,1,1,1.0,0,1.0,0,262.0,327.0,60.0,240.0,2023
5,D,84.0,39.0,5.0,1.0,20,1.0,1.0,0.0,1,17,1,0.0,0,6.0,1.0,1,0.0,7,1,0,1,1,0.0,0,1.0,0,78.0,97.0,0.0,240.0,2023
4,D,92.0,45.0,6.0,1.0,53,1.0,1.0,4.0,1,60,1,0.0,0,3.0,1.0,1,0.0,7,1,0,1,1,4.0,0,3.0,0,78.0,97.0,0.0,120.0,2023
4,D,210.0,33.0,4.0,1.0,35,1.0,0.0,0.0,1,41,1,0.0,0,1.0,1.0,3,0.0,7,1,0,1,1,0.0,0,1.0,0,210.0,262.0,60.0,240.0,2023
5,D,78.0,68.0,8.0,1.0,9,1.0,0.0,0.0,1,6,1,0.0,0,3.0,1.0,1,1.0,7,1,0,1,1,0.0,0,1.0,0,121.0,151.0,60.0,240.0,2023
1,D,60.0,27.0,3.0,1.0,92,1.0,1.0,0.0,1,33,2,0.0,0,5.0,3.0,2,0.0,7,1,0,1,1,0.0,0,1.0,0,78.0,97.0,0.0,240.0,2023
3,D,60.0,22.0,2.0,1.0,61,1.0,1.0,0.0,1,68,1,0.0,0,1.0,6.0,1,0.0,7,1,0,1,1,0.0,0,1.0,0,151.0,188.0,60.0,240.0,2023
3,D,120.0,58.0,7.0,1.0,38,1.0,1.0,3.0,1,44,1,0.0,0,3.0,1.0,1,0.0,7,1,0,1,1,5.0,0,3.0,0,120.0,120.0,120.0,240.0,2023
4,D,324.0,62.0,8.0,1.0,35,1.0,0.0,0.0,1,41,1,0.0,0,5.0,1.0,1,0.0,7,1,0,1,1,0.0,0,1.0,0,324.0,360.0,180.0,360.0,2023
2,D,78.0,35.0,4.0,1.0,24,1.0,1.0,1.0,1,22,1,0.0,0,5.0,1.0,1,2.0,7,1,0,1,1,1.0,0,1.0,0,210.0,240.0,60.0,240.0,2023
2,D,51.0,62.0,8.0,1.0,65,1.0,0.0,0.0,1,73,1,0.0,0,1.0,6.0,1,1.0,7,1,0,1,1,0.0,0,1.0,0,78.0,97.0,0.0,240.0,2023
1,D,180.0,48.0,6.0,1.0,39,1.0,1.0,4.0,1,45,1,0.0,0,5.0,1.0,1,0.0,7,1,0,1,1,6.0,0,3.0,0,180.0,180.0,180.0,480.0,2023
1,D,60.0,45.0,6.0,1.0,42,1.0,0.0,0.0,2,48,1,0.0,0,5.0,1.0,4,1.0,7,1,0,1,1,0.0,0,1.0,0,97.0,121.0,60.0,240.0,2023
2,D,180.0,50.0,6.0,1.0,76,1.0,1.0,4.0,1,80,1,0.0,0,3.0,1.0,1,0.0,7,1,0,1,1,6.0,0,3.0,0,180.0,188.0,180.0,480.0,2023
2,D,120.0,55.0,7.0,1.0,85,1.0,1.0,0.0,1,89,1,0.0,0,3.0,1.0,2,0.0,7,1,0,1,1,0.0,0,1.0,0,168.0,210.0,0.0,240.0,2023
2,D,120.0,53.0,7.0,1.0,64,1.0,1.0,0.0,1,70,1,0.0,0,5.0,1.0,1,0.0,7,1,0,1,1,0.0,0,1.0,0,151.0,188.0,60.0,240.0,2023
3,D,168.0,23.0,2.0,1.0,23,1.0,1.0,0.0,1,20,2,0.0,0,3.0,3.0,1,0.0,7,1,0,1,1,0.0,0,1.0,0,168.0,210.0,0.0,240.0,2023
3,D,84.0,27.0,3.0,1.0,22,1.0,1.0,0.0,1,19,2,0.0,0,5.0,3.0,1,0.0,7,1,0,1,1,0.0,0,1.0,0,151.0,188.0,60.0,240.0,2023
2,D,60.0,61.0,8.0,1.0,66,1.0,1.0,0.0,1,72,1,0.0,0,6.0,1.0,1,0.0,7,1,0,1,1,0.0,0,1.0,0,97.0,121.0,60.0,240.0,2023
1,D,120.0,58.0,7.0,1.0,93,1.0,1.0,3.0,1,32,1,0.0,0,3.0,1.0,1,0.0,7,1,0,1,1,5.0,0,3.0,0,121.0,151.0,120.0,240.0,2023
5,D,188.0,50.0,6.0,1.0,9,1.0,1.0,1.0,1,6,1,0.0,0,3.0,1.0,1,3.0,7,1,0,1,1,1.0,0,1.0,0,188.0,235.0,60.0,240.0,2023
4,D,120.0,46.0,6.0,1.0,3,1.0,1.0,0.0,1,1,1,0.0,0,5.0,1.0,2,0.0,7,1,0,1,1,0.0,0,1.0,0,210.0,262.0,60.0,240.0,2023
1,D,264.0,58.0,7.0,1.0,47,1.0,1.0,0.0,1,52,1,0.0,0,6.0,2.0,3,0.0,7,1,0,1,1,0.0,0,1.0,0,840.0,840.0,180.0,360.0,2023
6,D,63.0,52.0,7.0,1.0,36,1.0,1.0,1.0,1,42,1,0.0,0,3.0,1.0,1,0.0,7,1,0,1,1,1.0,0,1.0,0,51.0,63.0,0.0,240.0,2023
0,D,24.0,46.0,6.0,1.0,91,1.0,0.0,0.0,1,31,1,0.0,0,3.0,1.0,1,0.0,7,1,0,1,1,0.0,0,1.0,0,30.0,37.0,0.0,240.0,2023
3,D,60.0,58.0,7.0,1.0,36,1.0,1.0,0.0,1,42,1,0.0,0,5.0,1.0,1,0.0,7,1,0,1,1,0.0,0,1.0,0,60.0,60.0,60.0,240.0,2023
3,D,168.0,41.0,6.0,1.0,34,3.0,1.0,0.0,1,39,2,0.0,0,5.0,3.0,1,0.0,7,1,0,1,1,0.0,0,1.0,0,210.0,240.0,60.0,240.0,2023
2,D,120.0,63.0,8.0,1.0,73,1.0,1.0,3.0,1,78,1,0.0,0,5.0,1.0,1,0.0,7,1,0,1,1,5.0,0,3.0,0,120.0,120.0,120.0,240.0,2023
3,D,180.0,33.0,4.0,1.0,36,1.0,1.0,1.0,1,42,2,0.0,0,5.0,3.0,1,0.0,7,1,0,1,1,3.0,0,2.0,0,180.0,180.0,180.0,240.0,2023
4,D,121.0,41.0,6.0,1.0,34,1.0,1.0,0.0,1,39,1,0.0,0,3.0,1.0,1,1.0,7,1,0,1,1,0.0,0,1.0,0,97.0,121.0,0.0,240.0,2023
6,D,180.0,40.0,5.0,1.0,81,1.0,1.0,2.0,1,86,1,0.0,0,1.0,6.0,4,0.0,7,1,0,1,1,4.0,0,3.0,0,135.0,168.0,0.0,180.0,2023
1,D,108.0,38.0,5.0,1.0,41,1.0,1.0,2.0,1,47,1,0.0,0,5.0,1.0,1,2.0,7,1,0,1,1,2.0,0,2.0,0,168.0,210.0,60.0,240.0,2023
1,D,180.0,57.0,7.0,1.0,47,1.0,1.0,3.0,1,52,1,0.0,0,3.0,1.0,1,0.0,7,1,0,1,1,3.0,0,2.0,0,151.0,188.0,120.0,240.0,2023
2,D,60.0,26.0,3.0,1.0,24,1.0,0.0,0.0,1,22,2,0.0,0,5.0,3.0,1,0.0,7,1,0,1,1,0.0,0,1.0,0,188.0,235.0,60.0,240.0,2023
2,D,60.0,28.0,3.0,1.0,24,1.0,0.0,0.0,1,22,1,0.0,0,3.0,2.0,1,0.0,7,1,0,1,1,0.0,0,1.0,0,97.0,121.0,60.0,240.0,2023
2,D,240.0,40.0,5.0,1.0,87,1.0,1.0,5.0,1,26,1,0.0,0,5.0,1.0,1,1.0,7,1,0,1,1,7.0,0,4.0,0,235.0,240.0,120.0,240.0,2023
4,D,,42.0,6.0,1.0,67,1.0,0.0,0.0,1,71,1,0.0,0,6.0,6.0,1,0.0,7,0,1,4,0,0.0,0,1.0,0,78.0,97.0,0.0,240.0,2023
3,D,60.0,45.0,6.0,1.0,46,1.0,0.0,0.0,1,53,1,0.0,0,5.0,1.0,2,0.0,7,1,0,1,1,0.0,0,1.0,0,121.0,151.0,60.0,240.0,2023
4,D,108.0,24.0,2.0,1.0,82,1.0,1.0,0.0,1,85,1,0.0,0,5.0,1.0,2,0.0,7,1,0,1,1,0.0,0,1.0,0,121.0,151.0,0.0,240.0,2023
5,D,72.0,74.0,8.0,1.0,62,1.0,1.0,0.0,1,69,1,0.0,0,3.0,1.0,1,0.0,7,1,0,1,1,0.0,0,1.0,0,135.0,168.0,60.0,240.0,2023
5,D,60.0,55.0,7.0,1.0,62,1.0,1.0,3.0,1,69,1,0.0,0,5.0,1.0,1,0.0,7,1,0,1,1,3.0,0,2.0,0,78.0,97.0,60.0,240.0,2023
5,D,,22.0,2.0,1.0,62,1.0,0.0,0.0,1,69,1,0.0,0,5.0,1.0,1,0.0,7,0,1,4,0,0.0,0,1.0,0,87.0,108.0,0.0,240.0,2023
4,D,48.0,61.0,8.0,1.0,58,1.0,0.0,0.0,1,65,1,0.0,0,6.0,1.0,1,2.0,7,1,0,1,1,0.0,0,1.0,0,97.0,121.0,0.0,240.0,2023
1,D,240.0,44.0,6.0,1.0,8,1.0,1.0,3.0,1,7,2,0.0,0,3.0,3.0,1,0.0,7,1,0,1,1,5.0,0,3.0,0,324.0,405.0,180.0,480.0,2023
4,D,480.0,44.0,6.0,1.0,35,1.0,1.0,3.0,1,41,1,0.0,0,5.0,6.0,4,0.0,7,1,0,1,1,5.0,0,3.0,0,1080.0,1080.0,120.0,240.0,2023
3,D,120.0,26.0,3.0,1.0,73,1.0,1.0,4.0,1,78,1,0.0,0,1.0,1.0,1,0.0,7,1,0,1,1,4.0,0,3.0,0,151.0,188.0,60.0,240.0,2023
2,D,120.0,35.0,4.0,1.0,17,1.0,1.0,3.0,1,15,1,0.0,0,3.0,1.0,1,0.0,7,1,0,1,1,5.0,0,3.0,0,120.0,121.0,120.0,240.0,2023
3,D,30.0,69.0,8.0,1.0,5,1.0,0.0,0.0,1,4,2,0.0,0,1.0,3.0,2,3.0,7,1,0,1,1,0.0,0,1.0,0,24.0,30.0,0.0,120.0,2023
5,D,97.0,38.0,5.0,1.0,41,1.0,0.0,0.0,1,47,0,0.0,0,5.0,1.0,1,1.0,7,1,0,1,1,0.0,0,1.0,0,78.0,97.0,60.0,240.0,2023
3,D,30.0,66.0,8.0,1.0,5,1.0,0.0,0.0,1,4,2,0.0,0,3.0,3.0,1,0.0,7,1,0,1,1,0.0,0,1.0,0,30.0,37.0,0.0,240.0,2023
8,D,300.0,49.0,6.0,1.0,89,3.0,1.0,0.0,3,30,1,0.0,1,6.0,1.0,2,0.0,7,1,0,1,1,0.0,0,1.0,0,600.0,600.0,180.0,360.0,2023
4,D,84.0,32.0,4.0,1.0,58,1.0,0.0,0.0,1,65,1,0.0,0,1.0,1.0,1,0.0,7,1,0,1,1,0.0,0,1.0,0,108.0,135.0,0.0,240.0,2023
1,D,60.0,33.0,4.0,1.0,76,1.0,1.0,0.0,1,80,2,0.0,0,3.0,3.0,1,0.0,7,1,0,1,1,0.0,0,1.0,0,78.0,97.0,60.0,240.0,2023
1,D,24.0,38.0,5.0,1.0,24,1.0,1.0,4.0,1,22,1,0.0,0,3.0,2.0,1,5.0,8,1,0,1,1,4.0,0,3.0,0,21.0,27.0,0.0,60.0,2023
1,D,100.0,63.0,8.0,1.0,47,1.0,1.0,0.0,3,52,1,0.0,1,5.0,1.0,4,1.0,7,1,0,1,1,0.0,0,1.0,0,168.0,210.0,60.0,240.0,2023
1,D,175.0,27.0,3.0,1.0,66,1.0,0.0,0.0,1,72,1,0.0,0,5.0,1.0,1,0.0,7,1,0,1,1,0.0,0,1.0,0,151.0,188.0,60.0,240.0,2023
5,D,180.0,40.0,5.0,1.0,41,1.0,1.0,1.0,1,47,1,0.0,0,6.0,1.0,1,0.0,7,1,0,1,1,1.0,0,1.0,0,180.0,188.0,180.0,480.0,2023
2,D,121.0,53.0,7.0,1.0,59,1.0,1.0,1.0,1,66,0,0.0,0,1.0,1.0,1,0.0,7,1,0,1,1,1.0,0,1.0,0,135.0,168.0,60.0,240.0,2023
4,D,120.0,22.0,2.0,1.0,41,1.0,0.0,0.0,1,47,0,0.0,0,3.0,1.0,2,0.0,7,1,0,1,1,0.0,0,1.0,0,121.0,151.0,60.0,240.0,2023
3,D,84.0,36.0,5.0,1.0,84,1.0,1.0,2.0,1,88,1,0.0,0,1.0,1.0,1,2.0,7,1,0,1,1,2.0,0,2.0,0,120.0,121.0,120.0,240.0,2023
2,D,37.05,40.0,5.0,1.0,84,2.0,0.0,0.0,1,88,1,0.0,0,6.0,1.0,1,0.0,7,1,0,1,1,0.0,0,1.0,0,70.0,87.0,0.0,120.0,2023
6,D,60.0,42.0,6.0,1.0,59,1.0,1.0,1.0,1,66,0,0.0,0,1.0,1.0,1,0.0,7,1,0,1,1,1.0,0,1.0,0,60.0,60.0,60.0,240.0,2023
2,D,0.03,43.0,6.0,1.0,84,2.0,0.0,0.0,1,88,1,0.0,0,5.0,1.0,1,0.0,7,1,0,1,1,0.0,0,1.0,0,57.0,71.0,0.0,120.0,2023
8,D,108.0,46.0,6.0,1.0,60,1.0,0.0,0.0,1,67,2,0.0,0,3.0,3.0,1,0.0,7,1,0,1,1,0.0,0,1.0,0,168.0,210.0,60.0,240.0,2023
6,D,84.0,42.0,6.0,1.0,89,1.0,1.0,0.0,1,30,1,0.0,0,5.0,1.0,2,3.0,7,1,0,1,1,0.0,0,1.0,0,108.0,135.0,60.0,240.0,2023
3,D,84.0,25.0,2.0,1.0,89,1.0,1.0,0.0,1,30,1,0.0,0,3.0,1.0,1,2.0,7,1,0,1,1,0.0,0,1.0,0,135.0,168.0,60.0,240.0,2023
2,D,210.0,42.0,6.0,1.0,49,1.0,1.0,3.0,1,55,1,0.0,0,3.0,1.0,1,0.0,7,1,0,1,1,5.0,0,3.0,0,210.0,262.0,180.0,480.0,2023
6,D,84.0,47.0,6.0,1.0,59,1.0,1.0,1.0,1,66,0,0.0,0,1.0,1.0,1,0.0,7,1,0,1,1,1.0,0,1.0,0,151.0,188.0,60.0,240.0,2023
6,D,36.0,30.0,3.0,1.0,59,3.0,1.0,3.0,1,66,2,0.0,0,1.0,3.0,1,3.0,7,1,0,1,1,3.0,0,2.0,0,33.0,41.0,0.0,120.0,2023
1,D,180.0,35.0,4.0,1.0,93,1.0,1.0,4.0,3,32,1,0.0,1,3.0,1.0,3,0.0,7,1,0,1,1,4.0,0,3.0,0,324.0,405.0,180.0,480.0,2023
1,D,60.0,44.0,6.0,1.0,93,1.0,1.0,6.0,1,32,1,0.0,0,5.0,1.0,1,2.0,7,1,0,1,1,6.0,0,3.0,0,70.0,87.0,0.0,240.0,2023
6,D,80.0,32.0,4.0,1.0,59,1.0,1.0,0.0,2,66,1,0.0,0,3.0,1.0,1,0.0,7,1,0,1,1,0.0,0,1.0,0,210.0,240.0,60.0,240.0,2023
1,D,156.0,36.0,5.0,1.0,11,1.0,1.0,1.0,1,9,1,0.0,0,6.0,1.0,1,0.0,7,1,0,1,1,1.0,0,1.0,0,151.0,188.0,60.0,240.0,2023
2,D,120.0,42.0,6.0,1.0,24,1.0,0.0,0.0,1,22,1,0.0,0,5.0,1.0,1,1.0,7,1,0,1,1,0.0,0,1.0,0,210.0,240.0,60.0,240.0,2023
2,D,144.0,37.0,5.0,1.0,24,1.0,1.0,1.0,1,22,2,0.0,0,5.0,3.0,1,1.0,7,1,0,1,1,1.0,0,1.0,0,240.0,240.0,60.0,240.0,2023
2,C,15.0,40.0,5.0,1.0,66,2.0,1.0,2.0,1,72,2,0.0,0,3.0,3.0,27,8.0,8,1,0,1,1,2.0,0,1.0,0,12.0,18.0,0.0,60.0,2023
1,D,168.0,55.0,7.0,1.0,91,1.0,1.0,6.0,1,31,1,0.0,0,3.0,1.0,1,0.0,7,1,0,1,1,6.0,0,3.0,0,168.0,210.0,120.0,240.0,2023
2,D,12.03,35.0,4.0,1.0,77,1.0,1.0,0.0,1,81,1,0.0,0,3.0,1.0,1,0.0,7,1,0,1,1,0.0,0,1.0,0,78.0,97.0,0.0,240.0,2023
2,D,96.0,63.0,8.0,1.0,17,1.0,1.0,0.0,1,15,1,0.0,0,1.0,1.0,4,1.0,7,1,0,1,1,0.0,0,1.0,0,121.0,151.0,60.0,240.0,2023
1,D,0.03,33.0,4.0,1.0,4,1.0,0.0,0.0,1,2,1,0.0,0,5.0,1.0,1,0.0,7,1,0,2,1,0.0,0,1.0,0,97.0,121.0,0.0,240.0,2023
2,D,14.0,29.0,3.0,1.0,2,1.0,1.0,0.0,1,0,1,0.0,0,5.0,1.0,1,0.0,7,1,0,1,1,0.0,0,1.0,0,78.0,97.0,0.0,120.0,2023
5,D,84.0,60.0,7.0,1.0,90,1.0,1.0,0.0,1,29,1,0.0,0,3.0,1.0,1,0.0,7,1,0,1,1,0.0,0,1.0,0,97.0,121.0,60.0,240.0,2023
5,D,200.0,41.0,6.0,1.0,90,1.0,1.0,3.0,1,29,1,0.0,0,3.0,1.0,1,0.0,7,1,0,1,1,5.0,0,3.0,0,188.0,235.0,180.0,480.0,2023
6,D,420.0,37.0,5.0,1.0,11,1.0,1.0,6.0,1,9,1,0.0,0,3.0,1.0,2,2.0,7,1,0,1,1,8.0,0,4.0,0,360.0,960.0,180.0,480.0,2023
0,D,0.03,19.0,1.0,1.0,91,1.0,1.0,0.0,1,31,1,0.0,0,1.0,2.0,1,0.0,7,1,0,2,1,0.0,0,1.0,0,78.0,97.0,0.0,240.0,2023
4,D,66.0,63.0,8.0,1.0,82,1.0,0.0,0.0,1,85,1,0.0,0,6.0,1.0,1,0.0,7,1,0,1,1,0.0,0,1.0,0,121.0,151.0,60.0,240.0,2023
0,D,46.0,58.0,7.0,1.0,91,1.0,1.0,0.0,1,31,1,0.0,0,6.0,2.0,1,0.0,7,1,0,1,1,0.0,0,1.0,0,70.0,87.0,0.0,240.0,2023
1,D,36.0,23.0,2.0,1.0,78,1.0,0.0,0.0,1,82,2,0.0,0,5.0,3.0,1,0.0,7,1,0,1,1,0.0,0,1.0,0,97.0,120.0,0.0,120.0,2023
C,D,120.0,49.0,6.0,1.0,46,1.0,1.0,1.0,1,53,1,0.0,0,3.0,1.0,1,0.0,7,1,0,1,1,3.0,0,2.0,0,120.0,120.0,120.0,240.0,2023
3,D,120.0,23.0,2.0,1.0,23,2.0,1.0,6.0,1,20,1,0.0,0,3.0,2.0,1,0.0,7,1,0,1,1,8.0,0,4.0,0,240.0,240.0,60.0,240.0,2023
3,D,51.0,47.0,6.0,1.0,31,3.0,1.0,0.0,1,37,2,0.0,0,3.0,3.0,1,1.0,7,1,0,1,1,0.0,0,1.0,0,51.0,63.0,0.0,240.0,2023
3,D,210.0,39.0,5.0,1.0,31,1.0,1.0,0.0,1,37,1,0.0,0,3.0,1.0,1,3.0,7,1,0,1,1,0.0,0,1.0,0,210.0,240.0,60.0,240.0,2023
2,D,120.0,38.0,5.0,1.0,35,1.0,1.0,0.0,1,41,1,0.0,0,3.0,1.0,1,0.0,7,1,0,1,1,0.0,0,1.0,0,120.0,120.0,0.0,120.0,2023
4,D,66.0,22.0,2.0,1.0,82,1.0,1.0,0.0,1,85,1,0.0,0,1.0,6.0,1,0.0,7,1,0,1,1,0.0,0,1.0,0,60.0,60.0,60.0,240.0,2023
3,D,12.03,31.0,4.0,1.0,67,1.0,0.0,0.0,1,71,2,0.0,0,6.0,3.0,1,0.0,7,1,0,1,1,0.0,0,1.0,0,37.0,46.0,0.0,120.0,2023
5,D,235.0,46.0,6.0,1.0,36,1.0,1.0,0.0,1,42,1,0.0,0,5.0,1.0,1,2.0,7,1,0,1,1,0.0,0,1.0,0,235.0,240.0,60.0,240.0,2023
2,D,48.0,29.0,3.0,1.0,17,1.0,0.0,0.0,1,15,2,0.0,0,5.0,3.0,1,0.0,7,1,0,1,1,0.0,0,1.0,0,97.0,121.0,0.0,240.0,2023
2,D,78.0,25.0,2.0,1.0,17,1.0,0.0,0.0,1,15,1,0.0,0,3.0,1.0,1,0.0,7,1,0,1,1,0.0,0,1.0,0,78.0,97.0,0.0,240.0,2023
5,D,138.0,32.0,4.0,1.0,9,1.0,1.0,1.0,1,6,1,0.0,0,1.0,1.0,2,5.0,7,1,0,1,1,1.0,0,1.0,0,210.0,262.0,60.0,240.0,2023
2,D,120.0,37.0,5.0,1.0,15,2.0,1.0,0.0,1,13,1,0.0,0,3.0,6.0,2,0.0,7,1,0,1,1,0.0,0,1.0,0,97.0,121.0,60.0,240.0,2023
1,D,235.0,35.0,4.0,1.0,50,1.0,1.0,9.0,1,56,1,0.0,0,3.0,1.0,1,2.0,7,1,0,1,1,11.0,0,5.0,0,235.0,293.0,180.0,480.0,2023
2,D,36.0,32.0,4.0,1.0,51,1.0,1.0,0.0,1,57,1,0.0,0,6.0,1.0,1,2.0,7,1,0,1,1,0.0,0,1.0,0,51.0,63.0,0.0,240.0,2023
2,D,12.03,51.0,7.0,1.0,51,1.0,1.0,3.0,1,57,1,0.0,0,3.0,1.0,1,3.0,8,1,0,1,1,3.0,0,2.0,0,30.0,37.0,0.0,60.0,2023
2,D,240.0,46.0,6.0,1.0,51,1.0,1.0,0.0,1,57,1,0.0,0,5.0,1.0,3,0.0,7,1,0,1,1,0.0,0,1.0,0,9996.0,9996.0,120.0,9996.0,2023
3,D,121.0,70.0,8.0,1.0,42,1.0,1.0,0.0,1,48,1,0.0,0,5.0,1.0,1,0.0,7,1,0,1,1,0.0,0,1.0,0,121.0,151.0,60.0,240.0,2023
3,D,75.0,43.0,6.0,1.0,89,1.0,1.0,0.0,1,30,1,0.0,0,5.0,1.0,1,0.0,7,1,0,1,1,0.0,0,1.0,0,151.0,188.0,60.0,240.0,2023
1,D,96.0,26.0,3.0,1.0,17,1.0,0.0,0.0,1,15,1,0.0,0,1.0,1.0,2,0.0,7,1,0,1,1,0.0,0,1.0,0,151.0,188.0,60.0,240.0,2023
1,D,180.0,51.0,7.0,1.0,41,1.0,0.0,0.0,1,47,1,0.0,0,5.0,1.0,2,0.0,7,1,0,1,1,0.0,0,1.0,0,168.0,210.0,60.0,240.0,2023
4,D,480.0,68.0,8.0,1.0,35,1.0,1.0,3.0,1,41,1,0.0,0,6.0,1.0,3,0.0,7,1,0,1,1,5.0,0,3.0,0,360.0,960.0,180.0,480.0,2023
8,D,132.0,51.0,7.0,1.0,60,1.0,1.0,1.0,1,67,1,0.0,0,5.0,1.0,1,0.0,7,1,0,1,1,1.0,0,1.0,0,151.0,188.0,60.0,240.0,2023
3,D,120.0,29.0,3.0,1.0,34,1.0,1.0,4.0,1,39,2,0.0,0,3.0,3.0,1,1.0,7,1,0,1,1,4.0,0,3.0,0,120.0,120.0,0.0,120.0,2023
3,D,60.0,46.0,6.0,1.0,50,1.0,0.0,0.0,1,56,1,0.0,0,6.0,1.0,3,2.0,7,1,0,1,1,0.0,0,1.0,0,63.0,78.0,0.0,240.0,2023
2,D,120.0,55.0,7.0,1.0,84,1.0,1.0,0.0,1,88,1,0.0,0,6.0,1.0,1,0.0,7,1,0,1,1,0.0,0,1.0,0,120.0,120.0,120.0,240.0,2023
4,D,60.0,62.0,8.0,1.0,35,3.0,0.0,0.0,1,41,2,0.0,0,1.0,3.0,2,1.0,7,1,0,1,1,0.0,0,1.0,0,78.0,97.0,60.0,240.0,2023
1,D,90.0,42.0,6.0,1.0,8,1.0,1.0,0.0,1,7,1,0.0,0,5.0,1.0,1,0.0,7,1,0,1,1,0.0,0,1.0,0,151.0,188.0,60.0,240.0,2023
3,D,94.0,39.0,5.0,1.0,49,1.0,1.0,0.0,1,55,1,0.0,0,3.0,1.0,1,0.0,7,1,0,1,1,0.0,0,1.0,0,97.0,121.0,60.0,240.0,2023
1,D,168.0,31.0,4.0,1.0,1,1.0,1.0,4.0,1,90,2,0.0,0,6.0,3.0,1,0.0,7,1,0,1,1,4.0,0,3.0,0,168.0,210.0,120.0,240.0,2023
8,D,60.0,42.0,6.0,1.0,60,1.0,0.0,0.0,1,67,1,0.0,0,6.0,1.0,1,4.0,7,1,0,1,1,0.0,0,1.0,0,70.0,87.0,60.0,240.0,2023
3,D,60.0,33.0,4.0,1.0,75,1.0,0.0,0.0,1,79,1,0.0,0,5.0,1.0,1,0.0,7,1,0,1,1,0.0,0,1.0,0,97.0,121.0,60.0,240.0,2023
2,B,,45.0,6.0,1.0,65,1.0,0.0,0.0,1,73,1,0.0,0,6.0,1.0,1,2.0,8,0,1,4,0,0.0,0,1.0,0,6.0,12.0,0.0,60.0,2023
1,D,264.0,23.0,2.0,1.0,24,1.0,1.0,0.0,1,22,1,0.0,0,3.0,6.0,9,0.0,7,1,0,1,1,0.0,0,1.0,0,3000.0,3000.0,180.0,360.0,2023
5,D,191.0,47.0,6.0,1.0,62,1.0,1.0,11.0,1,69,0,0.0,0,3.0,6.0,1,0.0,7,1,0,1,1,13.0,0,6.0,0,210.0,262.0,180.0,480.0,2023
6,D,240.0,55.0,7.0,1.0,59,1.0,1.0,0.0,1,66,1,0.0,0,3.0,1.0,1,0.0,7,1,0,1,1,0.0,0,1.0,0,240.0,240.0,60.0,240.0,2023
2,D,60.0,50.0,6.0,1.0,84,1.0,1.0,3.0,1,88,0,0.0,0,1.0,2.0,2,0.0,8,1,0,1,1,3.0,1,2.0,0,81.0,87.0,0.0,120.0,2023
1,D,33.0,51.0,7.0,1.0,93,1.0,1.0,0.0,1,32,1,0.0,0,6.0,1.0,1,1.0,7,1,0,1,1,0.0,0,1.0,0,63.0,78.0,0.0,240.0,2023
5,D,37.0,52.0,7.0,1.0,35,2.0,0.0,0.0,1,41,2,0.0,0,3.0,3.0,1,0.0,7,1,0,1,1,0.0,0,1.0,0,30.0,37.0,0.0,120.0,2023
5,D,48.0,32.0,4.0,1.0,54,1.0,1.0,0.0,1,61,1,0.0,0,5.0,1.0,1,1.0,7,1,0,1,1,0.0,0,1.0,0,97.0,121.0,0.0,240.0,2023
6,D,60.0,63.0,8.0,1.0,54,1.0,1.0,0.0,1,61,1,0.0,0,5.0,1.0,1,0.0,7,1,0,1,1,0.0,0,1.0,0,78.0,97.0,0.0,240.0,2023
4,D,180.0,21.0,2.0,1.0,48,1.0,1.0,0.0,1,54,1,0.0,0,5.0,1.0,4,0.0,7,1,0,1,1,0.0,0,1.0,0,1200.0,1200.0,180.0,360.0,2023
3,D,96.0,33.0,4.0,1.0,24,1.0,0.0,0.0,1,22,1,0.0,0,5.0,2.0,1,0.0,7,1,0,1,1,0.0,0,1.0,0,151.0,188.0,60.0,240.0,2023
1,D,30.0,37.0,5.0,1.0,80,1.0,1.0,0.0,1,84,1,0.0,0,6.0,1.0,2,0.0,7,1,0,1,1,0.0,0,1.0,0,63.0,78.0,0.0,240.0,2023
3,D,108.0,54.0,7.0,1.0,46,1.0,1.0,1.0,1,53,1,0.0,0,1.0,1.0,5,0.0,7,1,0,1,1,1.0,0,1.0,0,168.0,210.0,120.0,9996.0,2023
1,D,60.0,35.0,4.0,1.0,24,1.0,0.0,0.0,4,22,1,0.0,1,5.0,1.0,2,0.0,7,1,0,1,1,0.0,0,1.0,0,168.0,210.0,60.0,240.0,2023
2,D,60.0,40.0,5.0,1.0,24,2.0,0.0,0.0,1,22,2,0.0,0,3.0,3.0,1,0.0,7,1,0,1,1,0.0,0,1.0,0,60.0,71.0,60.0,240.0,2023
4,D,262.0,64.0,8.0,1.0,35,1.0,1.0,0.0,1,41,1,0.0,0,5.0,1.0,2,0.0,7,1,0,1,1,0.0,0,1.0,0,210.0,262.0,60.0,240.0,2023
1,D,210.0,33.0,4.0,1.0,1,1.0,1.0,0.0,1,90,2,0.0,0,6.0,3.0,2,0.0,7,1,0,1,1,0.0,0,1.0,0,292.0,365.0,60.0,240.0,2023
4,D,60.0,52.0,7.0,1.0,90,1.0,1.0,0.0,1,29,1,0.0,0,3.0,1.0,2,0.0,7,1,0,1,1,0.0,0,1.0,0,78.0,97.0,0.0,240.0,2023
4,D,75.0,32.0,4.0,1.0,35,1.0,1.0,0.0,1,41,1,0.0,0,6.0,1.0,2,0.0,7,1,0,1,1,0.0,0,1.0,0,210.0,262.0,60.0,240.0,2023
4,D,37.0,40.0,5.0,1.0,63,1.0,0.0,0.0,1,95,1,0.0,0,6.0,1.0,1,2.0,7,1,0,1,1,0.0,0,1.0,0,63.0,78.0,0.0,240.0,2023
7,D,108.0,51.0,7.0,1.0,25,1.0,1.0,1.0,1,23,1,0.0,0,3.0,1.0,1,0.0,7,1,0,1,1,1.0,0,1.0,0,97.0,121.0,0.0,240.0,2023
5,D,72.0,38.0,5.0,1.0,62,1.0,1.0,1.0,1,69,1,0.0,0,5.0,1.0,1,0.0,7,1,0,1,1,3.0,0,2.0,0,135.0,168.0,60.0,240.0,2023
3,D,66.0,42.0,6.0,1.0,92,1.0,1.0,1.0,1,33,1,0.0,0,3.0,1.0,1,0.0,7,1,0,1,1,1.0,0,1.0,0,63.0,78.0,0.0,240.0,2023
3,D,262.0,32.0,4.0,1.0,34,1.0,1.0,1.0,1,39,1,0.0,0,1.0,1.0,2,1.0,7,1,0,1,1,1.0,0,1.0,0,360.0,480.0,60.0,240.0,2023
6,C,,73.0,8.0,1.0,37,1.0,1.0,0.0,1,43,1,0.0,0,3.0,1.0,1,0.0,8,0,1,4,0,0.0,0,1.0,0,10.0,16.0,0.0,60.0,2023
8,D,168.0,67.0,8.0,1.0,60,1.0,1.0,3.0,3,67,1,0.0,1,5.0,1.0,1,0.0,7,1,0,1,1,5.0,0,3.0,0,168.0,210.0,120.0,240.0,2023
4,D,120.0,33.0,4.0,1.0,58,1.0,1.0,0.0,1,65,1,0.0,0,5.0,2.0,1,0.0,7,1,0,1,1,0.0,0,1.0,0,240.0,240.0,60.0,240.0,2023
1,D,300.03,22.0,2.0,1.0,50,1.0,1.0,0.0,1,56,1,0.0,0,1.0,2.0,3,0.0,7,1,0,1,1,0.0,0,1.0,0,9996.0,9996.0,60.0,240.0,2023
3,D,240.0,20.0,1.0,1.0,34,1.0,0.0,0.0,1,39,1,0.0,0,5.0,2.0,1,0.0,7,1,0,1,1,0.0,0,1.0,0,240.0,240.0,60.0,240.0,2023
5,D,60.0,34.0,4.0,1.0,83,1.0,0.0,0.0,1,87,1,0.0,0,6.0,1.0,1,1.0,7,1,0,1,1,0.0,0,1.0,0,78.0,97.0,0.0,120.0,2023
5,D,120.0,40.0,5.0,1.0,34,1.0,0.0,0.0,1,39,2,0.0,0,3.0,3.0,1,0.0,7,1,0,1,1,0.0,0,1.0,0,78.0,97.0,0.0,240.0,2023
1,D,456.0,34.0,4.0,1.0,40,1.0,1.0,7.0,1,46,1,0.0,0,5.0,1.0,1,0.0,7,1,0,1,1,9.0,0,4.0,0,360.0,480.0,180.0,480.0,2023
5,D,64.0,32.0,4.0,1.0,79,1.0,0.0,0.0,1,83,1,0.0,0,1.0,1.0,1,0.0,7,1,0,1,1,0.0,0,1.0,0,70.0,87.0,0.0,120.0,2023
3,D,24.0,39.0,5.0,1.0,42,1.0,1.0,0.0,1,48,1,0.0,0,5.0,1.0,1,0.0,7,1,0,1,1,0.0,0,1.0,0,97.0,120.0,0.0,120.0,2023
1,D,42.0,32.0,4.0,1.0,8,1.0,1.0,0.0,1,7,2,0.0,0,3.0,3.0,1,0.0,7,1,0,1,1,0.0,0,1.0,0,97.0,120.0,0.0,120.0,2023
3,D,37.0,35.0,4.0,1.0,24,1.0,1.0,4.0,1,22,1,0.0,0,3.0,2.0,2,0.0,8,1,0,1,1,6.0,0,3.0,0,18.0,24.0,0.0,60.0,2023
3,D,97.0,55.0,7.0,1.0,24,1.0,0.0,0.0,1,22,1,0.0,0,6.0,1.0,1,2.0,7,1,0,1,1,0.0,0,1.0,0,97.0,121.0,60.0,240.0,2023
1,D,108.0,21.0,2.0,1.0,50,1.0,0.0,0.0,1,56,1,0.0,0,3.0,2.0,3,0.0,7,1,0,1,1,0.0,0,1.0,0,292.0,365.0,60.0,240.0,2023
4,D,120.0,38.0,5.0,1.0,58,1.0,1.0,3.0,1,65,1,0.0,0,5.0,1.0,1,0.0,7,1,0,1,1,5.0,0,3.0,0,120.0,121.0,120.0,240.0,2023
1,D,138.0,36.0,5.0,1.0,9,1.0,1.0,9.0,1,6,1,0.0,0,3.0,1.0,1,1.0,7,1,0,1,1,11.0,0,5.0,0,151.0,188.0,120.0,240.0,2023
1,D,24.0,62.0,8.0,1.0,11,1.0,1.0,0.0,1,9,1,0.0,0,5.0,1.0,1,0.0,7,1,0,1,1,0.0,0,1.0,0,78.0,97.0,0.0,120.0,2023
1,D,120.0,39.0,5.0,1.0,9,1.0,1.0,3.0,1,6,1,0.0,0,5.0,1.0,1,0.0,7,1,0,1,1,5.0,0,3.0,0,120.0,120.0,120.0,240.0,2023
1,D,78.0,31.0,4.0,1.0,11,1.0,0.0,0.0,1,9,1,0.0,0,5.0,1.0,1,0.0,7,1,0,1,1,0.0,0,1.0,0,135.0,168.0,0.0,240.0,2023
1,D,120.0,58.0,7.0,1.0,19,1.0,1.0,3.0,1,16,1,0.0,0,3.0,1.0,1,0.0,7,1,0,1,1,5.0,0,3.0,0,120.0,121.0,120.0,240.0,2023
2,D,140.0,52.0,7.0,1.0,73,1.0,1.0,9.0,1,78,1,0.0,0,3.0,1.0,1,0.0,7,1,0,1,1,11.0,0,5.0,0,151.0,188.0,120.0,240.0,2023
1,D,120.0,40.0,5.0,1.0,30,1.0,1.0,1.0,1,36,1,0.0,0,6.0,2.0,1,0.0,7,1,0,1,1,1.0,0,1.0,0,151.0,188.0,60.0,240.0,2023
1,D,,35.0,4.0,1.0,47,1.0,1.0,1.0,1,52,1,1.0,0,5.0,1.0,1,1.0,8,0,1,3,0,3.0,0,2.0,0,30.0,37.0,0.0,60.0,2023
1,D,144.0,46.0,6.0,1.0,8,1.0,1.0,0.0,1,7,1,0.0,0,6.0,1.0,1,0.0,7,1,0,1,1,0.0,0,1.0,0,210.0,240.0,60.0,240.0,2023
8,D,120.0,33.0,4.0,1.0,65,1.0,1.0,0.0,1,73,2,0.0,0,3.0,3.0,1,2.0,7,1,0,1,1,0.0,0,1.0,0,151.0,188.0,60.0,240.0,2023
4,D,51.0,27.0,3.0,1.0,58,1.0,1.0,1.0,1,65,1,0.0,0,3.0,1.0,1,0.0,7,1,0,1,1,1.0,0,1.0,0,78.0,97.0,0.0,240.0,2023
2,D,96.0,34.0,4.0,1.0,39,1.0,1.0,0.0,1,45,0,0.0,0,3.0,1.0,1,3.0,7,1,0,1,1,0.0,0,1.0,0,151.0,188.0,60.0,240.0,2023
1,D,60.0,61.0,8.0,1.0,3,1.0,1.0,1.0,1,1,1,0.0,0,3.0,1.0,2,0.0,7,1,0,1,1,1.0,0,1.0,0,63.0,78.0,60.0,240.0,2023
2,D,108.0,41.0,6.0,1.0,73,1.0,0.0,0.0,1,78,1,0.0,0,5.0,1.0,1,2.0,7,1,0,1,1,0.0,0,1.0,0,151.0,188.0,60.0,240.0,2023
1,D,96.0,51.0,7.0,1.0,3,1.0,0.0,0.0,1,1,1,0.0,0,5.0,1.0,2,0.0,7,1,0,1,1,0.0,0,1.0,0,151.0,188.0,60.0,240.0,2023
1,D,144.0,44.0,6.0,1.0,3,1.0,0.0,0.0,1,1,1,0.0,0,5.0,1.0,3,2.0,7,1,0,1,1,0.0,0,1.0,0,210.0,262.0,60.0,240.0,2023
5,D,90.0,35.0,4.0,1.0,34,1.0,1.0,4.0,1,39,2,0.0,0,5.0,3.0,1,1.0,7,1,0,1,1,6.0,0,3.0,0,108.0,135.0,60.0,240.0,2023
2,D,144.0,37.0,5.0,1.0,27,1.0,1.0,11.0,1,25,1,0.0,0,3.0,1.0,1,0.0,7,1,0,1,1,13.0,0,6.0,0,120.0,120.0,120.0,240.0,2023
1,D,84.0,27.0,3.0,1.0,1,2.0,0.0,0.0,1,90,1,0.0,0,6.0,6.0,1,0.0,7,1,0,1,1,0.0,0,1.0,0,151.0,188.0,60.0,240.0,2023
2,D,120.0,34.0,4.0,1.0,84,1.0,1.0,2.0,1,88,1,0.0,0,5.0,1.0,1,0.0,7,1,0,1,1,4.0,0,3.0,0,121.0,151.0,120.0,240.0,2023
3,D,63.0,49.0,6.0,1.0,24,1.0,1.0,3.0,1,22,1,0.0,0,3.0,2.0,2,1.0,8,1,0,1,1,3.0,0,2.0,0,27.0,33.0,0.0,60.0,2023
3,D,60.0,35.0,4.0,1.0,75,1.0,1.0,1.0,1,79,1,0.0,0,3.0,1.0,1,0.0,7,1,0,1,1,1.0,0,1.0,0,151.0,188.0,60.0,240.0,2023
1,D,30.0,65.0,8.0,1.0,11,1.0,0.0,0.0,1,9,1,0.0,0,5.0,1.0,1,0.0,7,1,0,1,1,0.0,0,1.0,0,151.0,188.0,0.0,240.0,2023
6,D,120.0,63.0,8.0,1.0,23,1.0,1.0,6.0,1,20,1,0.0,0,1.0,1.0,1,5.0,7,1,0,1,1,6.0,0,3.0,0,121.0,151.0,120.0,240.0,2023
3,C,36.0,55.0,7.0,1.0,24,1.0,1.0,0.0,1,22,1,0.0,0,3.0,2.0,2,1.0,8,1,0,1,1,0.0,0,1.0,0,12.0,18.0,0.0,60.0,2023
2,D,90.0,32.0,4.0,1.0,17,1.0,1.0,0.0,1,15,1,0.0,0,3.0,1.0,1,0.0,7,1,0,1,1,0.0,0,1.0,0,60.0,60.0,60.0,240.0,2023
1,D,151.0,74.0,8.0,1.0,88,1.0,1.0,0.0,1,28,1,0.0,0,5.0,1.0,1,0.0,7,1,0,1,1,0.0,0,1.0,0,121.0,151.0,0.0,240.0,2023
2,D,63.0,47.0,6.0,1.0,17,1.0,1.0,4.0,1,15,1,0.0,0,5.0,1.0,1,0.0,7,1,0,1,1,6.0,0,3.0,0,97.0,121.0,0.0,240.0,2023
5,D,95.0,53.0,7.0,1.0,15,1.0,1.0,0.0,1,13,1,0.0,0,5.0,1.0,1,0.0,7,1,0,1,1,0.0,0,1.0,0,97.0,121.0,60.0,240.0,2023
4,D,63.0,49.0,6.0,1.0,59,1.0,1.0,0.0,1,66,1,0.0,0,5.0,1.0,2,0.0,7,1,0,1,1,0.0,0,1.0,0,63.0,78.0,60.0,240.0,2023
5,D,60.0,33.0,4.0,1.0,9,1.0,1.0,0.0,1,6,1,0.0,0,5.0,1.0,3,0.0,7,1,0,1,1,0.0,0,1.0,0,151.0,188.0,60.0,240.0,2023
3,D,84.0,26.0,3.0,1.0,32,1.0,1.0,6.0,1,38,1,0.0,0,1.0,1.0,1,0.0,7,1,0,1,1,8.0,0,4.0,0,77.0,96.0,0.0,120.0,2023
3,D,15.0,51.0,7.0,1.0,24,1.0,1.0,0.0,1,22,1,0.0,0,3.0,2.0,1,0.0,8,1,0,1,1,0.0,0,1.0,0,18.0,24.0,0.0,60.0,2023
4,D,114.0,39.0,5.0,1.0,90,1.0,1.0,6.0,1,29,1,0.0,0,3.0,1.0,1,0.0,7,1,0,1,1,8.0,0,4.0,0,135.0,168.0,60.0,240.0,2023
3,D,0.03,47.0,6.0,1.0,90,1.0,1.0,0.0,1,29,1,0.0,0,5.0,1.0,1,2.0,8,1,0,1,1,0.0,0,1.0,0,24.0,30.0,0.0,60.0,2023
3,D,46.0,51.0,7.0,1.0,24,1.0,1.0,3.0,1,22,1,0.0,0,1.0,2.0,2,1.0,8,1,0,1,1,3.0,0,2.0,0,15.0,21.0,0.0,60.0,2023
6,D,30.0,26.0,3.0,1.0,8,1.0,1.0,0.0,1,7,2,0.0,0,5.0,3.0,1,0.0,7,1,0,1,1,0.0,0,1.0,0,78.0,97.0,0.0,240.0,2023
1,D,135.0,41.0,6.0,1.0,40,1.0,1.0,0.0,1,46,1,0.0,0,6.0,1.0,1,2.0,7,1,0,1,1,0.0,0,1.0,0,135.0,168.0,0.0,240.0,2023
3,D,60.0,50.0,6.0,1.0,22,1.0,1.0,6.0,1,19,1,0.0,0,3.0,1.0,1,0.0,7,1,0,1,1,8.0,0,4.0,0,60.0,60.0,0.0,60.0,2023
1,D,0.16,29.0,3.0,1.0,80,1.0,1.0,0.0,1,84,1,0.0,0,3.0,2.0,2,0.0,7,1,0,1,1,0.0,0,1.0,0,78.0,97.0,0.0,240.0,2023
5,D,240.0,39.0,5.0,1.0,34,1.0,1.0,0.0,1,39,1,0.0,0,3.0,1.0,1,2.0,7,1,0,1,1,0.0,0,1.0,0,210.0,240.0,60.0,240.0,2023
5,D,168.0,59.0,7.0,1.0,36,1.0,1.0,0.0,1,42,1,0.0,0,3.0,2.0,1,0.0,7,1,0,1,1,0.0,0,1.0,0,97.0,121.0,60.0,240.0,2023
5,D,180.0,30.0,3.0,1.0,36,1.0,0.0,0.0,1,42,1,0.0,0,3.0,1.0,1,0.0,7,1,0,1,1,0.0,0,1.0,0,151.0,188.0,60.0,240.0,2023
6,D,120.0,51.0,7.0,1.0,11,1.0,1.0,8.0,1,9,1,0.0,0,5.0,1.0,1,0.0,7,1,0,1,1,10.0,0,5.0,0,120.0,137.0,120.0,240.0,2023
5,D,108.0,68.0,8.0,1.0,25,1.0,0.0,0.0,1,23,1,0.0,0,3.0,1.0,2,0.0,7,1,0,1,1,0.0,0,1.0,0,210.0,262.0,60.0,240.0,2023
3,D,262.0,27.0,3.0,1.0,48,1.0,0.0,0.0,1,54,1,0.0,0,5.0,1.0,2,0.0,7,1,0,1,1,0.0,0,1.0,0,262.0,327.0,180.0,360.0,2023
2,D,120.0,45.0,6.0,1.0,15,1.0,1.0,9.0,1,13,1,0.0,0,5.0,1.0,1,0.0,7,1,0,1,1,9.0,0,4.0,0,120.0,120.0,120.0,240.0,2023
1,D,87.0,63.0,8.0,1.0,43,1.0,1.0,0.0,1,49,1,0.0,0,3.0,1.0,1,0.0,7,1,0,1,1,0.0,0,1.0,0,78.0,97.0,60.0,240.0,2023
2,D,260.0,46.0,6.0,1.0,87,1.0,1.0,1.0,1,26,1,1.0,0,3.0,1.0,4,0.0,7,1,0,1,1,3.0,0,2.0,0,235.0,293.0,60.0,240.0,2023
6,D,60.0,24.0,2.0,1.0,81,1.0,0.0,0.0,1,86,2,0.0,0,3.0,3.0,1,0.0,7,1,0,1,1,0.0,0,1.0,0,78.0,97.0,0.0,240.0,2023
5,D,144.0,67.0,8.0,1.0,7,1.0,1.0,0.0,1,5,1,0.0,0,6.0,1.0,1,0.0,7,1,0,1,1,0.0,0,1.0,0,135.0,168.0,120.0,240.0,2023
6,D,180.0,40.0,5.0,1.0,8,1.0,1.0,3.0,1,7,1,0.0,0,3.0,1.0,1,0.0,7,1,0,1,1,3.0,0,2.0,0,210.0,262.0,180.0,480.0,2023
1,D,15.0,57.0,7.0,1.0,11,1.0,1.0,0.0,1,9,1,0.0,0,5.0,1.0,1,0.0,7,1,0,1,1,0.0,0,1.0,0,78.0,97.0,0.0,240.0,2023
1,D,121.0,72.0,8.0,1.0,9,1.0,1.0,3.0,1,6,2,0.0,0,3.0,3.0,5,0.0,7,1,0,1,1,3.0,0,2.0,0,121.0,151.0,60.0,180.0,2023
8,D,70.0,57.0,7.0,1.0,60,1.0,1.0,0.0,1,67,1,0.0,0,5.0,1.0,1,0.0,7,1,0,1,1,0.0,0,1.0,0,78.0,97.0,0.0,240.0,2023
4,D,60.0,48.0,6.0,1.0,35,1.0,1.0,0.0,1,41,2,0.0,0,6.0,3.0,2,0.0,7,1,0,1,1,0.0,0,1.0,0,121.0,151.0,60.0,240.0,2023
4,D,90.0,43.0,6.0,1.0,59,1.0,1.0,0.0,1,66,0,0.0,0,6.0,1.0,1,0.0,7,1,0,1,1,0.0,0,1.0,0,121.0,151.0,60.0,240.0,2023
9,D,180.0,33.0,4.0,1.0,91,1.0,1.0,1.0,1,31,1,0.0,0,3.0,1.0,3,0.0,7,1,0,1,1,1.0,0,1.0,0,210.0,262.0,60.0,240.0,2023
5,D,135.0,39.0,5.0,1.0,83,1.0,1.0,3.0,1,87,2,0.0,0,3.0,3.0,1,0.0,7,1,0,1,1,5.0,0,3.0,0,120.0,135.0,120.0,240.0,2023
4,D,210.0,32.0,4.0,1.0,58,1.0,1.0,0.0,1,65,1,0.0,0,3.0,1.0,1,0.0,7,1,0,1,1,0.0,0,1.0,0,240.0,240.0,0.0,240.0,2023
1,D,132.0,46.0,6.0,1.0,55,1.0,1.0,4.0,1,62,1,0.0,0,1.0,1.0,1,0.0,7,1,0,1,1,4.0,0,3.0,0,135.0,168.0,0.0,240.0,2023
3,D,48.0,81.0,8.0,1.0,42,1.0,0.0,0.0,1,48,1,0.0,0,3.0,1.0,1,0.0,7,1,0,1,1,0.0,0,1.0,0,120.0,120.0,0.0,120.0,2023
3,D,228.0,28.0,3.0,1.0,34,1.0,1.0,0.0,1,39,1,0.0,0,3.0,1.0,1,2.0,7,1,0,1,1,0.0,0,1.0,0,188.0,235.0,60.0,240.0,2023
3,D,20.0,49.0,6.0,1.0,25,1.0,1.0,0.0,1,23,2,0.0,0,3.0,3.0,2,0.0,8,1,0,1,1,0.0,0,1.0,0,24.0,30.0,0.0,60.0,2023
4,D,72.0,41.0,6.0,1.0,58,1.0,0.0,0.0,1,65,1,0.0,0,5.0,1.0,1,1.0,7,1,0,1,1,0.0,0,1.0,0,78.0,97.0,0.0,240.0,2023
1,D,120.0,40.0,5.0,1.0,50,1.0,1.0,0.0,3,56,1,0.0,1,5.0,1.0,4,1.0,7,1,0,1,1,0.0,0,1.0,0,210.0,262.0,60.0,240.0,2023
3,D,48.0,75.0,8.0,1.0,22,1.0,1.0,0.0,1,19,1,0.0,0,6.0,1.0,1,0.0,7,1,0,1,1,0.0,0,1.0,0,78.0,97.0,0.0,240.0,2023
1,D,210.0,29.0,3.0,1.0,41,1.0,1.0,1.0,1,47,1,0.0,0,3.0,1.0,2,2.0,7,1,0,1,1,1.0,0,1.0,0,210.0,262.0,60.0,240.0,2023
3,D,120.0,22.0,2.0,1.0,90,1.0,1.0,3.0,1,29,1,0.0,0,1.0,1.0,1,0.0,7,1,0,1,1,3.0,0,2.0,0,120.0,120.0,120.0,240.0,2023
3,D,151.0,47.0,6.0,1.0,31,1.0,0.0,0.0,1,37,0,0.0,0,6.0,1.0,1,4.0,7,1,0,1,1,0.0,0,1.0,0,151.0,188.0,60.0,240.0,2023
2,D,120.0,41.0,6.0,1.0,30,1.0,1.0,1.0,1,36,0,0.0,0,1.0,1.0,2,1.0,7,1,0,1,1,1.0,0,1.0,120,97.0,121.0,120.0,9996.0,2023
1,C,24.0,34.0,4.0,1.0,93,1.0,1.0,1.0,1,32,2,0.0,0,5.0,3.0,1,2.0,8,1,0,1,1,1.0,0,1.0,0,10.0,16.0,0.0,60.0,2023
8,D,78.0,41.0,6.0,1.0,89,1.0,0.0,0.0,1,30,1,0.0,0,5.0,1.0,2,3.0,7,1,0,1,1,0.0,0,1.0,0,151.0,188.0,60.0,240.0,2023
2,D,132.0,25.0,2.0,1.0,24,1.0,1.0,4.0,1,22,1,0.0,0,1.0,1.0,1,0.0,7,1,0,1,1,6.0,0,3.0,0,168.0,210.0,120.0,240.0,2023
2,D,84.0,50.0,6.0,1.0,49,1.0,0.0,0.0,1,55,1,1.0,0,5.0,1.0,1,0.0,7,1,0,1,1,0.0,0,1.0,0,135.0,168.0,60.0,240.0,2023
4,D,72.0,46.0,6.0,1.0,58,1.0,0.0,0.0,1,65,1,0.0,0,5.0,1.0,1,1.0,7,1,0,1,1,0.0,0,1.0,0,97.0,121.0,0.0,240.0,2023
1,D,42.0,40.0,5.0,1.0,10,1.0,1.0,0.0,1,8,1,0.0,0,5.0,1.0,1,2.0,7,1,0,1,1,0.0,0,1.0,0,97.0,121.0,0.0,240.0,2023
1,D,130.0,35.0,4.0,1.0,10,1.0,1.0,10.0,1,8,1,0.0,0,1.0,2.0,1,0.0,7,1,0,1,1,12.0,0,5.0,0,130.0,162.0,120.0,240.0,2023
1,A,0.03,40.0,5.0,1.0,10,2.0,0.0,0.0,1,8,1,0.0,0,3.0,1.0,1,1.0,8,1,0,1,0,0.0,0,1.0,0,0.0,6.0,0.0,60.0,2023
1,D,240.0,64.0,8.0,1.0,10,1.0,1.0,1.0,3,8,1,0.0,1,6.0,1.0,4,1.0,8,1,0,1,1,1.0,0,1.0,0,51.0,63.0,0.0,240.0,2023
3,C,12.03,71.0,8.0,1.0,34,1.0,0.0,0.0,1,39,1,0.0,0,6.0,1.0,1,0.0,8,1,0,1,1,0.0,0,1.0,0,12.0,18.0,0.0,60.0,2023
1,D,188.0,37.0,5.0,1.0,16,1.0,1.0,3.0,1,14,1,0.0,0,3.0,1.0,1,0.0,7,1,0,1,1,5.0,0,3.0,0,188.0,235.0,180.0,480.0,2023
2,D,36.0,33.0,4.0,1.0,35,1.0,1.0,0.0,1,41,1,0.0,0,5.0,1.0,1,0.0,7,1,0,1,1,0.0,0,1.0,0,97.0,121.0,0.0,240.0,2023
1,D,30.0,76.0,8.0,1.0,4,1.0,1.0,0.0,1,2,1,0.0,0,6.0,1.0,1,0.0,7,1,0,1,1,0.0,0,1.0,0,78.0,97.0,0.0,240.0,2023
3,D,240.0,22.0,2.0,1.0,34,1.0,1.0,0.0,1,39,1,0.0,0,3.0,1.0,1,0.0,7,1,0,1,1,0.0,0,1.0,0,240.0,240.0,60.0,240.0,2023
4,D,480.0,39.0,5.0,1.0,34,1.0,1.0,0.0,1,39,1,0.0,0,6.0,6.0,2,0.0,7,1,0,1,1,0.0,0,1.0,0,600.0,600.0,180.0,360.0,2023
1,D,36.0,27.0,3.0,1.0,11,1.0,1.0,3.0,1,9,1,0.0,0,5.0,1.0,1,1.0,7,1,0,1,1,5.0,0,3.0,0,168.0,210.0,0.0,240.0,2023
1,D,110.0,41.0,6.0,1.0,9,1.0,1.0,0.0,1,6,1,0.0,0,5.0,1.0,3,0.0,7,1,0,1,1,0.0,0,1.0,0,210.0,262.0,60.0,240.0,2023
1,D,151.0,34.0,4.0,1.0,9,1.0,1.0,1.0,3,6,1,0.0,1,5.0,1.0,3,2.0,7,1,0,1,1,1.0,0,1.0,0,168.0,210.0,60.0,480.0,2023
2,D,142.0,36.0,5.0,1.0,94,1.0,1.0,0.0,1,34,1,0.0,0,3.0,1.0,1,3.0,7,1,0,1,1,0.0,0,1.0,0,188.0,235.0,60.0,240.0,2023
3,D,180.0,23.0,2.0,1.0,56,1.0,1.0,0.0,1,63,1,0.0,0,3.0,1.0,1,0.0,7,1,0,1,1,0.0,0,1.0,0,210.0,240.0,60.0,240.0,2023
1,D,121.0,42.0,6.0,1.0,80,1.0,1.0,0.0,1,84,1,0.0,0,5.0,6.0,1,0.0,7,1,0,1,1,0.0,0,1.0,0,97.0,121.0,0.0,240.0,2023
5,D,72.0,25.0,2.0,1.0,79,3.0,0.0,0.0,1,83,2,0.0,0,5.0,3.0,1,0.0,7,1,0,1,1,0.0,0,1.0,0,121.0,151.0,0.0,240.0,2023
1,D,135.0,54.0,7.0,1.0,71,1.0,1.0,0.0,1,76,1,0.0,0,3.0,1.0,1,3.0,7,1,0,1,1,0.0,0,1.0,0,135.0,168.0,0.0,240.0,2023
2,D,120.0,49.0,6.0,1.0,15,1.0,1.0,3.0,1,13,1,0.0,0,6.0,1.0,1,0.0,7,1,0,1,1,5.0,0,2.0,0,120.0,120.0,120.0,240.0,2023
2,D,168.0,38.0,5.0,1.0,21,1.0,1.0,3.0,1,18,1,0.0,0,1.0,1.0,1,2.0,7,1,0,1,1,3.0,0,2.0,0,168.0,210.0,60.0,240.0,2023
4,D,168.0,44.0,6.0,1.0,53,1.0,0.0,0.0,1,60,1,0.0,0,6.0,1.0,1,0.0,7,1,0,1,1,0.0,0,1.0,0,168.0,210.0,60.0,240.0,2023
5,D,24.0,34.0,4.0,1.0,62,1.0,0.0,0.0,1,69,1,0.0,0,5.0,1.0,1,2.0,7,1,0,1,1,0.0,0,1.0,0,63.0,78.0,0.0,120.0,2023
4,D,120.0,27.0,3.0,1.0,53,1.0,1.0,3.0,1,60,1,0.0,0,3.0,1.0,1,2.0,7,1,0,1,1,5.0,0,3.0,0,63.0,78.0,0.0,120.0,2023
6,D,120.0,42.0,6.0,1.0,89,1.0,0.0,0.0,1,30,1,0.0,0,5.0,1.0,1,0.0,7,1,0,1,1,0.0,0,1.0,0,151.0,188.0,60.0,240.0,2023
1,D,65.0,51.0,7.0,1.0,3,1.0,1.0,0.0,1,1,1,0.0,0,6.0,6.0,2,3.0,7,1,0,1,1,0.0,0,1.0,0,151.0,188.0,60.0,240.0,2023
2,D,38.0,27.0,3.0,1.0,85,1.0,1.0,0.0,1,89,1,0.0,0,5.0,1.0,1,0.0,7,1,0,1,1,0.0,0,1.0,0,78.0,97.0,0.0,240.0,2023
4,D,240.0,42.0,6.0,1.0,33,3.0,1.0,3.0,1,40,2,0.0,0,3.0,3.0,2,0.0,7,1,0,1,1,3.0,0,2.0,0,235.0,293.0,60.0,240.0,2023
1,D,120.0,33.0,4.0,1.0,85,1.0,1.0,4.0,1,89,1,0.0,0,3.0,1.0,1,0.0,7,1,0,1,1,4.0,0,3.0,0,120.0,121.0,120.0,240.0,2023
6,D,120.0,45.0,6.0,1.0,89,1.0,1.0,3.0,1,30,1,0.0,0,3.0,1.0,1,0.0,7,1,0,1,1,5.0,0,3.0,0,121.0,151.0,120.0,240.0,2023
6,D,230.0,28.0,3.0,1.0,79,1.0,1.0,0.0,1,83,1,0.0,0,3.0,6.0,1,0.0,7,1,0,1,1,0.0,0,1.0,0,210.0,240.0,60.0,240.0,2023
3,D,324.0,36.0,5.0,1.0,61,1.0,1.0,3.0,1,68,1,0.0,0,5.0,1.0,2,2.0,7,1,0,1,1,5.0,0,3.0,0,262.0,327.0,180.0,480.0,2023
1,D,212.0,54.0,7.0,1.0,49,1.0,1.0,3.0,1,55,1,0.0,0,6.0,1.0,1,0.0,7,1,0,1,1,5.0,0,3.0,0,188.0,235.0,180.0,480.0,2023
2,D,120.0,41.0,6.0,1.0,73,1.0,1.0,5.0,1,78,1,0.0,0,5.0,1.0,2,1.0,7,1,0,1,1,7.0,0,4.0,0,168.0,210.0,120.0,9996.0,2023
4,D,240.0,55.0,7.0,1.0,35,1.0,1.0,0.0,1,41,1,0.0,0,6.0,1.0,1,0.0,7,1,0,1,1,0.0,0,1.0,0,235.0,240.0,60.0,240.0,2023
5,D,180.0,43.0,6.0,1.0,62,1.0,1.0,6.0,1,69,1,0.0,0,5.0,1.0,1,0.0,7,1,0,1,1,8.0,0,4.0,0,180.0,210.0,180.0,480.0,2023
1,D,66.0,48.0,6.0,1.0,3,1.0,0.0,0.0,1,1,1,0.0,0,6.0,1.0,1,0.0,7,1,0,1,1,0.0,0,1.0,0,87.0,108.0,0.0,240.0,2023
3,D,45.0,53.0,7.0,1.0,16,1.0,1.0,0.0,1,14,1,0.0,0,1.0,1.0,1,1.0,7,1,0,1,1,0.0,0,1.0,0,57.0,71.0,0.0,240.0,2023
4,D,72.0,33.0,4.0,1.0,35,1.0,1.0,14.0,1,41,1,0.0,0,5.0,2.0,1,1.0,8,1,0,1,1,14.0,0,6.0,0,41.0,51.0,0.0,240.0,2023
5,D,60.0,38.0,5.0,1.0,62,1.0,1.0,1.0,1,69,1,0.0,0,5.0,1.0,1,0.0,7,1,0,1,1,1.0,0,1.0,0,60.0,60.0,60.0,240.0,2023
2,D,240.0,71.0,8.0,1.0,37,1.0,1.0,0.0,3,43,1,0.0,1,6.0,1.0,2,0.0,7,1,0,1,1,0.0,0,1.0,0,262.0,327.0,60.0,240.0,2023
6,D,68.0,53.0,7.0,1.0,21,1.0,0.0,0.0,1,18,1,0.0,0,6.0,1.0,1,0.0,7,1,0,1,1,0.0,0,1.0,0,121.0,151.0,60.0,240.0,2023
3,D,36.0,53.0,7.0,1.0,48,1.0,1.0,0.0,1,54,1,0.0,0,1.0,1.0,1,0.0,7,1,0,1,1,0.0,0,1.0,0,46.0,57.0,0.0,240.0,2023
2,D,30.0,33.0,4.0,1.0,17,1.0,0.0,0.0,1,15,1,0.0,0,5.0,1.0,1,0.0,7,1,0,1,1,0.0,0,1.0,0,78.0,97.0,0.0,240.0,2023
9,D,280.0,71.0,8.0,1.0,91,1.0,1.0,0.0,2,31,1,0.0,0,6.0,1.0,2,0.0,7,1,0,1,1,0.0,0,1.0,0,292.0,365.0,180.0,360.0,2023
4,D,48.0,31.0,4.0,1.0,60,1.0,1.0,0.0,1,67,1,0.0,0,3.0,1.0,1,0.0,7,1,0,1,1,0.0,0,1.0,0,78.0,97.0,0.0,120.0,2023
2,D,125.0,41.0,6.0,1.0,87,1.0,1.0,3.0,1,26,1,0.0,0,3.0,1.0,1,0.0,7,1,0,1,1,3.0,0,2.0,0,108.0,135.0,0.0,240.0,2023
1,D,97.0,20.0,1.0,1.0,41,1.0,1.0,0.0,1,47,1,0.0,0,1.0,1.0,1,0.0,7,1,0,1,1,0.0,0,1.0,0,210.0,240.0,60.0,240.0,2023
1,D,192.0,21.0,2.0,1.0,24,1.0,1.0,0.0,1,22,1,0.0,0,5.0,2.0,2,0.0,7,1,0,1,1,0.0,0,1.0,0,360.0,600.0,180.0,360.0,2023
5,D,24.0,33.0,4.0,1.0,26,1.0,0.0,0.0,1,24,1,0.0,0,3.0,1.0,1,1.0,7,1,0,1,1,0.0,0,1.0,0,57.0,71.0,0.0,240.0,2023
G,D,912.0,41.0,6.0,1.0,20,1.0,0.0,0.0,1,17,1,0.0,0,6.0,1.0,4,2.0,7,1,0,1,1,0.0,0,1.0,0,960.0,960.0,60.0,240.0,2023
1,D,60.0,70.0,8.0,1.0,41,1.0,0.0,0.0,1,47,1,0.0,0,3.0,1.0,2,0.0,7,1,0,1,1,0.0,0,1.0,0,78.0,97.0,60.0,240.0,2023
1,D,180.0,31.0,4.0,1.0,9,1.0,1.0,1.0,1,6,1,0.0,0,3.0,2.0,1,1.0,7,1,0,1,1,3.0,0,2.0,0,180.0,180.0,180.0,480.0,2023
5,D,240.0,71.0,8.0,1.0,62,1.0,0.0,0.0,1,69,1,0.0,0,3.0,1.0,1,0.0,7,1,0,1,1,0.0,0,1.0,0,210.0,240.0,60.0,240.0,2023
C,D,60.0,29.0,3.0,1.0,46,1.0,1.0,0.0,2,53,1,0.0,0,5.0,1.0,2,0.0,7,1,0,1,1,0.0,0,1.0,0,70.0,87.0,60.0,240.0,2023
4,D,180.0,39.0,5.0,1.0,71,1.0,1.0,6.0,1,76,1,0.0,0,3.0,1.0,1,1.0,7,1,0,1,1,8.0,0,4.0,0,210.0,262.0,180.0,480.0,2023
1,D,120.0,39.0,5.0,1.0,11,1.0,1.0,2.0,1,9,1,0.0,0,5.0,1.0,1,0.0,7,1,0,1,1,2.0,0,2.0,0,168.0,210.0,120.0,240.0,2023
1,D,87.0,43.0,6.0,1.0,3,1.0,1.0,0.0,1,1,1,0.0,0,6.0,1.0,2,2.0,7,1,0,1,1,0.0,0,1.0,0,108.0,135.0,60.0,240.0,2023
1,D,120.0,33.0,4.0,1.0,41,1.0,1.0,0.0,1,47,1,0.0,0,5.0,1.0,3,0.0,7,1,0,1,1,0.0,0,1.0,0,135.0,168.0,120.0,9996.0,2023
1,D,148.0,38.0,5.0,1.0,85,1.0,1.0,3.0,1,89,1,0.0,0,3.0,1.0,1,0.0,7,1,0,1,1,5.0,0,3.0,0,168.0,210.0,120.0,240.0,2023
1,D,120.0,38.0,5.0,1.0,24,1.0,1.0,1.0,1,22,1,0.0,0,1.0,1.0,1,1.0,7,1,0,1,1,1.0,0,1.0,0,151.0,188.0,60.0,240.0,2023
5,D,97.0,40.0,5.0,1.0,20,2.0,0.0,0.0,1,17,1,0.0,0,3.0,1.0,1,0.0,7,1,0,1,1,0.0,0,1.0,0,97.0,121.0,0.0,240.0,2023
5,D,72.0,54.0,7.0,1.0,54,1.0,1.0,0.0,1,61,1,0.0,0,1.0,1.0,1,0.0,7,1,0,1,1,0.0,0,1.0,0,63.0,78.0,0.0,120.0,2023
1,D,76.0,53.0,7.0,1.0,22,1.0,1.0,0.0,1,19,1,0.0,0,1.0,1.0,1,0.0,7,1,0,1,1,0.0,0,1.0,0,151.0,188.0,60.0,240.0,2023
1,D,180.0,65.0,8.0,1.0,50,1.0,1.0,0.0,1,56,1,0.0,0,5.0,1.0,1,0.0,7,1,0,1,1,0.0,0,1.0,0,180.0,180.0,180.0,480.0,2023
6,D,120.0,55.0,7.0,1.0,33,1.0,1.0,4.0,1,40,1,0.0,0,3.0,1.0,1,1.0,7,1,0,1,1,4.0,0,3.0,0,121.0,151.0,0.0,240.0,2023
8,D,60.0,20.0,1.0,1.0,60,1.0,0.0,0.0,1,67,1,0.0,0,3.0,1.0,1,0.0,7,1,0,1,1,0.0,0,1.0,0,78.0,97.0,0.0,240.0,2023
3,D,97.0,35.0,4.0,1.0,91,1.0,1.0,0.0,1,31,1,0.0,0,5.0,2.0,1,0.0,7,1,0,1,1,0.0,0,1.0,0,97.0,121.0,60.0,240.0,2023
5,D,84.0,32.0,4.0,1.0,36,1.0,0.0,0.0,1,42,1,0.0,0,3.0,1.0,1,0.0,7,1,0,1,1,0.0,0,1.0,0,97.0,121.0,60.0,240.0,2023
3,D,84.0,28.0,3.0,1.0,42,1.0,1.0,3.0,1,48,1,0.0,0,3.0,1.0,1,2.0,7,1,0,1,1,3.0,0,2.0,0,135.0,168.0,60.0,240.0,2023
2,D,360.0,62.0,8.0,1.0,50,1.0,1.0,2.0,1,56,1,0.0,0,5.0,1.0,7,0.0,7,1,0,1,1,2.0,0,2.0,0,292.0,365.0,120.0,240.0,2023
1,D,24.0,48.0,6.0,1.0,42,1.0,1.0,0.0,1,48,1,0.0,0,6.0,1.0,1,1.0,7,1,0,1,1,0.0,0,1.0,0,63.0,78.0,0.0,120.0,2023
1,D,144.0,45.0,6.0,1.0,9,1.0,1.0,5.0,1,6,1,0.0,0,5.0,1.0,3,1.0,7,1,0,1,1,5.0,0,3.0,0,262.0,327.0,60.0,240.0,2023
1,D,120.0,38.0,5.0,1.0,11,1.0,1.0,6.0,1,9,1,0.0,0,3.0,1.0,1,0.0,7,1,0,1,1,6.0,0,3.0,0,120.0,121.0,120.0,240.0,2023
1,D,63.0,29.0,3.0,1.0,91,4.0,0.0,0.0,1,31,2,0.0,0,6.0,3.0,1,0.0,7,1,0,1,1,0.0,0,1.0,0,78.0,97.0,0.0,240.0,2023
1,D,84.0,35.0,4.0,1.0,91,1.0,1.0,0.0,1,31,2,0.0,0,3.0,3.0,1,0.0,7,1,0,1,1,0.0,0,1.0,0,210.0,240.0,60.0,240.0,2023
6,D,100.0,33.0,4.0,1.0,30,1.0,1.0,0.0,1,36,1,0.0,0,3.0,1.0,1,0.0,7,1,0,1,1,0.0,0,1.0,0,97.0,121.0,60.0,240.0,2023
5,D,6.0,28.0,3.0,1.0,83,1.0,1.0,0.0,1,87,1,0.0,0,5.0,1.0,1,0.0,7,1,0,1,1,0.0,0,1.0,0,37.0,46.0,0.0,120.0,2023
1,D,84.0,65.0,8.0,1.0,41,1.0,1.0,0.0,1,47,1,0.0,0,5.0,1.0,1,0.0,7,1,0,1,1,0.0,0,1.0,0,97.0,121.0,60.0,240.0,2023
3,D,84.0,36.0,5.0,1.0,16,1.0,1.0,9.0,1,14,1,0.0,0,3.0,1.0,1,3.0,7,1,0,1,1,9.0,0,4.0,0,135.0,168.0,60.0,240.0,2023
1,D,84.0,37.0,5.0,1.0,49,1.0,0.0,0.0,1,55,1,0.0,0,3.0,1.0,1,0.0,7,1,0,1,1,0.0,0,1.0,0,151.0,188.0,60.0,240.0,2023
1,D,106.0,38.0,5.0,1.0,9,1.0,1.0,0.0,1,6,1,0.0,0,3.0,1.0,1,2.0,7,1,0,1,1,0.0,0,1.0,0,151.0,188.0,60.0,240.0,2023
8,D,120.0,68.0,8.0,1.0,89,1.0,1.0,0.0,1,30,1,0.0,0,3.0,1.0,1,0.0,7,1,0,1,1,0.0,0,1.0,0,120.0,120.0,120.0,240.0,2023
7,D,102.0,46.0,6.0,1.0,25,1.0,1.0,0.0,2,23,1,0.0,0,3.0,1.0,1,1.0,7,1,0,1,1,0.0,0,1.0,0,97.0,121.0,0.0,240.0,2023
3,D,37.0,37.0,5.0,1.0,36,1.0,1.0,0.0,1,42,2,0.0,0,5.0,3.0,2,2.0,7,1,0,1,1,0.0,0,1.0,0,30.0,37.0,0.0,120.0,2023
4,D,84.0,36.0,5.0,1.0,48,1.0,1.0,0.0,1,54,1,0.0,0,5.0,1.0,1,0.0,7,1,0,1,1,0.0,0,1.0,0,97.0,121.0,0.0,240.0,2023
3,D,66.0,44.0,6.0,1.0,41,1.0,1.0,0.0,1,47,2,0.0,0,3.0,3.0,1,1.0,7,1,0,1,1,0.0,0,1.0,0,97.0,121.0,60.0,240.0,2023
3,D,3.0,38.0,5.0,1.0,75,1.0,0.0,0.0,1,79,1,0.0,0,5.0,1.0,1,1.0,7,1,0,1,1,0.0,0,1.0,0,37.0,46.0,0.0,240.0,2023
7,D,121.0,32.0,4.0,1.0,20,1.0,1.0,4.0,1,17,1,0.0,0,3.0,1.0,1,0.0,7,1,0,1,1,4.0,0,3.0,0,97.0,121.0,0.0,240.0,2023
4,D,180.0,27.0,3.0,1.0,35,1.0,0.0,0.0,1,41,1,0.0,0,1.0,2.0,1,0.0,7,1,0,1,1,0.0,0,1.0,0,210.0,240.0,60.0,240.0,2023
1,D,72.0,42.0,6.0,1.0,22,1.0,1.0,0.0,1,19,1,0.0,0,3.0,1.0,1,0.0,7,1,0,1,1,0.0,0,1.0,0,121.0,151.0,60.0,240.0,2023
1,D,180.0,36.0,5.0,1.0,9,1.0,1.0,3.0,1,6,1,0.0,0,3.0,1.0,3,0.0,7,1,0,1,1,5.0,0,3.0,0,180.0,180.0,180.0,480.0,2023
5,D,180.0,46.0,6.0,1.0,37,1.0,1.0,3.0,1,43,1,0.0,0,3.0,1.0,1,0.0,7,1,0,1,1,5.0,0,3.0,0,180.0,180.0,180.0,480.0,2023
6,D,36.0,22.0,2.0,1.0,59,1.0,1.0,0.0,1,66,0,0.0,0,3.0,1.0,1,0.0,7,1,0,1,1,0.0,0,1.0,0,46.0,57.0,0.0,240.0,2023
1,D,136.0,31.0,4.0,1.0,4,1.0,0.0,0.0,1,2,1,0.0,0,5.0,1.0,2,0.0,7,1,0,1,1,0.0,0,1.0,0,121.0,151.0,60.0,240.0,2023
1,D,120.0,60.0,7.0,1.0,61,1.0,1.0,3.0,1,68,1,0.0,0,3.0,1.0,1,0.0,7,1,0,1,1,5.0,0,3.0,0,120.0,121.0,120.0,240.0,2023
1,D,46.0,27.0,3.0,1.0,1,1.0,1.0,0.0,1,90,1,0.0,0,5.0,2.0,1,0.0,7,1,0,1,1,0.0,0,1.0,0,46.0,57.0,0.0,240.0,2023
9,D,310.0,74.0,8.0,1.0,91,1.0,0.0,0.0,1,31,1,0.0,0,6.0,1.0,2,0.0,7,1,0,1,1,0.0,0,1.0,0,292.0,365.0,180.0,360.0,2023
9,D,250.0,36.0,5.0,1.0,91,1.0,0.0,0.0,1,31,1,0.0,0,6.0,1.0,2,0.0,7,1,0,1,1,0.0,0,1.0,0,292.0,365.0,180.0,360.0,2023
3,D,96.0,62.0,8.0,1.0,41,1.0,0.0,0.0,1,47,1,0.0,0,3.0,1.0,1,0.0,7,1,0,1,1,0.0,0,1.0,0,121.0,151.0,60.0,240.0,2023
3,D,84.0,37.0,5.0,1.0,90,1.0,1.0,1.0,1,29,1,0.0,0,5.0,6.0,1,0.0,7,1,0,1,1,1.0,0,1.0,0,97.0,121.0,60.0,240.0,2023
2,D,44.0,24.0,2.0,1.0,43,1.0,1.0,0.0,1,49,1,0.0,0,1.0,1.0,1,1.0,7,1,0,1,1,0.0,0,1.0,0,41.0,51.0,0.0,120.0,2023
5,D,66.0,71.0,8.0,1.0,83,1.0,0.0,0.0,1,87,1,0.0,0,6.0,1.0,1,1.0,7,1,0,1,1,0.0,0,1.0,0,78.0,97.0,0.0,240.0,2023
3,D,70.0,44.0,6.0,1.0,22,1.0,1.0,0.0,1,19,1,0.0,0,5.0,1.0,1,0.0,7,1,0,1,1,0.0,0,1.0,0,87.0,108.0,0.0,240.0,2023
2,D,72.0,71.0,8.0,1.0,66,1.0,1.0,0.0,1,72,1,0.0,0,5.0,1.0,1,0.0,7,1,0,1,1,0.0,0,1.0,0,121.0,151.0,60.0,240.0,2023
3,D,240.0,45.0,6.0,1.0,34,1.0,1.0,1.0,1,39,1,0.0,0,3.0,1.0,1,0.0,7,1,0,1,1,1.0,0,1.0,0,240.0,240.0,60.0,240.0,2023
5,D,60.0,32.0,4.0,1.0,62,1.0,1.0,2.0,1,69,1,0.0,0,5.0,1.0,1,0.0,7,1,0,1,1,2.0,0,2.0,0,60.0,60.0,60.0,240.0,2023
4,D,262.0,71.0,8.0,1.0,35,1.0,1.0,6.0,1,41,1,0.0,0,6.0,1.0,2,0.0,7,1,0,1,1,6.0,0,3.0,0,262.0,327.0,180.0,480.0,2023
4,D,120.0,60.0,7.0,1.0,64,1.0,1.0,10.0,1,70,2,0.0,0,3.0,3.0,1,0.0,7,1,0,1,1,10.0,0,5.0,0,151.0,188.0,0.0,240.0,2023
1,D,18.0,48.0,6.0,1.0,8,1.0,0.0,0.0,1,7,1,0.0,0,3.0,1.0,1,0.0,7,1,0,1,1,0.0,0,1.0,0,57.0,71.0,0.0,120.0,2023
1,B,,57.0,7.0,1.0,8,1.0,1.0,0.0,1,7,1,0.0,0,5.0,1.0,1,0.0,8,0,1,4,0,0.0,0,1.0,0,6.0,12.0,0.0,60.0,2023
6,D,12.03,37.0,5.0,1.0,37,1.0,1.0,0.0,1,43,1,0.0,0,3.0,1.0,2,0.0,8,1,0,1,1,0.0,0,1.0,0,18.0,24.0,0.0,60.0,2023
2,D,114.0,35.0,4.0,1.0,24,1.0,1.0,3.0,1,22,1,0.0,0,5.0,1.0,3,3.0,7,1,0,1,1,3.0,0,2.0,0,235.0,293.0,60.0,240.0,2023
3,D,135.0,53.0,7.0,1.0,31,1.0,1.0,3.0,1,37,1,0.0,0,5.0,1.0,1,0.0,7,1,0,1,1,3.0,0,2.0,0,135.0,168.0,60.0,240.0,2023
3,D,120.0,64.0,8.0,1.0,57,1.0,1.0,0.0,1,64,1,0.0,0,5.0,1.0,1,0.0,7,1,0,1,1,0.0,0,1.0,0,120.0,120.0,120.0,240.0,2023
2,D,180.0,34.0,4.0,1.0,24,1.0,1.0,3.0,1,22,1,0.0,0,3.0,1.0,1,0.0,7,1,0,1,1,5.0,0,3.0,0,180.0,180.0,180.0,480.0,2023
1,D,63.0,29.0,3.0,1.0,71,1.0,1.0,2.0,1,76,1,0.0,0,3.0,1.0,1,0.0,7,1,0,1,1,4.0,0,3.0,0,78.0,97.0,0.0,240.0,2023
4,D,136.0,39.0,5.0,1.0,71,1.0,1.0,0.0,1,76,1,0.0,0,5.0,1.0,1,3.0,7,1,0,1,1,0.0,0,1.0,0,151.0,188.0,60.0,240.0,2023
4,D,288.0,41.0,6.0,1.0,71,1.0,1.0,3.0,3,76,1,0.0,1,3.0,1.0,3,2.0,7,1,0,1,1,3.0,0,2.0,0,324.0,405.0,180.0,480.0,2023
2,C,3.0,58.0,7.0,1.0,65,1.0,1.0,0.0,1,73,2,0.0,0,5.0,3.0,1,1.0,8,1,0,1,1,0.0,0,1.0,0,12.0,18.0,0.0,60.0,2023
5,D,48.0,25.0,2.0,1.0,62,1.0,1.0,3.0,1,69,1,0.0,0,3.0,1.0,1,0.0,7,1,0,1,1,3.0,0,2.0,0,97.0,120.0,0.0,120.0,2023
2,D,54.0,55.0,7.0,1.0,2,1.0,1.0,14.0,1,0,1,0.0,0,3.0,1.0,1,0.0,7,1,0,1,1,16.0,0,6.0,0,120.0,120.0,120.0,240.0,2023
2,D,72.0,47.0,6.0,1.0,27,1.0,0.0,0.0,1,25,1,0.0,0,5.0,1.0,1,0.0,7,1,0,1,1,0.0,0,1.0,0,151.0,188.0,60.0,240.0,2023
2,D,72.0,60.0,7.0,1.0,39,1.0,0.0,0.0,1,45,1,0.0,0,6.0,1.0,1,0.0,7,1,0,1,1,0.0,0,1.0,0,151.0,188.0,60.0,240.0,2023
6,D,128.0,47.0,6.0,1.0,32,1.0,1.0,6.0,1,38,1,0.0,0,5.0,1.0,1,0.0,7,1,0,1,1,8.0,0,4.0,0,120.0,137.0,120.0,240.0,2023
2,D,216.0,33.0,4.0,1.0,27,1.0,1.0,0.0,1,25,1,0.0,0,5.0,1.0,2,0.0,7,1,0,1,1,0.0,0,1.0,0,324.0,405.0,180.0,360.0,2023
4,D,240.0,35.0,4.0,1.0,53,1.0,1.0,6.0,1,60,1,0.0,0,3.0,1.0,1,2.0,7,1,0,1,1,8.0,0,4.0,0,180.0,180.0,180.0,480.0,2023
4,D,72.0,55.0,7.0,1.0,56,1.0,1.0,0.0,1,63,1,0.0,0,5.0,1.0,1,0.0,7,1,0,1,1,0.0,0,1.0,0,63.0,78.0,60.0,240.0,2023
5,D,240.0,31.0,4.0,1.0,34,1.0,1.0,7.0,1,39,2,0.0,0,3.0,3.0,1,0.0,7,1,0,1,1,7.0,0,4.0,0,240.0,240.0,60.0,240.0,2023
0,D,120.0,34.0,4.0,1.0,65,1.0,1.0,0.0,1,73,2,0.0,0,6.0,3.0,1,0.0,7,1,0,1,1,0.0,0,1.0,0,151.0,188.0,60.0,240.0,2023
8,D,110.0,35.0,4.0,1.0,60,1.0,0.0,0.0,1,67,1,0.0,0,3.0,1.0,1,0.0,7,1,0,1,1,0.0,0,1.0,0,121.0,151.0,60.0,240.0,2023
2,C,12.03,49.0,6.0,1.0,28,1.0,1.0,0.0,1,35,1,0.0,0,5.0,2.0,1,1.0,8,1,0,1,1,0.0,0,1.0,0,12.0,18.0,0.0,60.0,2023
5,D,60.0,30.0,3.0,1.0,36,1.0,1.0,0.0,1,42,2,0.0,0,6.0,3.0,1,0.0,7,1,0,1,1,0.0,0,1.0,0,78.0,97.0,0.0,240.0,2023
6,D,181.0,43.0,6.0,1.0,89,1.0,1.0,0.0,1,30,1,0.0,0,6.0,1.0,1,0.0,7,1,0,1,1,0.0,0,1.0,0,151.0,188.0,60.0,240.0,2023
4,D,324.0,51.0,7.0,1.0,35,1.0,1.0,1.0,1,41,1,0.0,0,5.0,1.0,1,0.0,7,1,0,1,1,1.0,0,1.0,0,324.0,360.0,180.0,360.0,2023
8,D,90.0,35.0,4.0,1.0,60,1.0,1.0,6.0,1,67,2,0.0,0,3.0,3.0,1,2.0,7,1,0,1,1,6.0,0,3.0,0,97.0,121.0,0.0,240.0,2023
1,D,36.0,35.0,4.0,1.0,55,1.0,0.0,0.0,1,62,1,0.0,0,5.0,1.0,1,0.0,7,1,0,1,1,0.0,0,1.0,0,63.0,78.0,0.0,240.0,2023
5,D,151.0,34.0,4.0,1.0,38,1.0,1.0,0.0,1,44,1,0.0,0,3.0,1.0,3,0.0,7,1,0,1,1,0.0,0,1.0,0,151.0,188.0,60.0,240.0,2023
4,D,87.0,42.0,6.0,1.0,93,1.0,1.0,0.0,1,32,1,0.0,0,5.0,1.0,1,2.0,7,1,0,1,1,0.0,0,1.0,0,151.0,188.0,60.0,240.0,2023
4,D,78.0,59.0,7.0,1.0,59,1.0,1.0,0.0,1,66,0,0.0,0,3.0,1.0,2,0.0,7,1,0,1,1,0.0,0,1.0,0,210.0,262.0,60.0,240.0,2023
8,D,121.0,41.0,6.0,1.0,60,1.0,0.0,0.0,1,67,1,0.0,0,1.0,1.0,1,1.0,7,1,0,1,1,0.0,0,1.0,0,151.0,188.0,60.0,240.0,2023
4,D,121.0,24.0,2.0,1.0,35,1.0,1.0,0.0,1,41,2,0.0,0,5.0,3.0,6,0.0,7,1,0,1,1,0.0,0,1.0,0,97.0,121.0,60.0,240.0,2023
3,D,220.0,35.0,4.0,1.0,75,1.0,1.0,3.0,1,79,2,0.0,0,5.0,3.0,1,2.0,7,1,0,1,1,3.0,0,2.0,0,240.0,240.0,60.0,240.0,2023
4,D,18.0,42.0,6.0,1.0,93,1.0,0.0,0.0,1,32,1,1.0,0,6.0,1.0,2,2.0,7,1,0,1,1,0.0,0,1.0,0,46.0,57.0,0.0,120.0,2023
2,D,120.0,37.0,5.0,1.0,85,1.0,1.0,3.0,1,89,1,0.0,0,5.0,1.0,1,0.0,7,1,0,1,1,5.0,0,3.0,0,120.0,121.0,120.0,240.0,2023
1,D,78.0,41.0,6.0,1.0,36,1.0,0.0,0.0,1,42,2,0.0,0,5.0,3.0,1,0.0,7,1,0,1,1,0.0,0,1.0,0,78.0,97.0,0.0,240.0,2023
2,D,120.0,67.0,8.0,1.0,15,1.0,1.0,1.0,1,13,1,0.0,0,3.0,1.0,1,0.0,7,1,0,1,1,3.0,0,2.0,0,120.0,135.0,120.0,240.0,2023
4,D,180.0,42.0,6.0,1.0,16,1.0,1.0,3.0,1,14,1,0.0,0,5.0,1.0,1,0.0,7,1,0,1,1,5.0,0,3.0,0,180.0,210.0,180.0,480.0,2023
4,D,210.0,41.0,6.0,1.0,71,1.0,1.0,0.0,1,76,1,0.0,0,3.0,1.0,1,4.0,7,1,0,1,1,0.0,0,1.0,0,235.0,240.0,60.0,240.0,2023
4,D,87.0,19.0,1.0,1.0,71,1.0,1.0,4.0,1,76,1,0.0,0,3.0,1.0,1,0.0,7,1,0,1,1,6.0,0,3.0,0,168.0,210.0,0.0,240.0,2023
1,D,60.0,24.0,2.0,1.0,51,1.0,1.0,0.0,1,57,1,0.0,0,6.0,1.0,1,0.0,7,1,0,1,1,0.0,0,1.0,0,78.0,97.0,60.0,240.0,2023
6,D,90.0,50.0,6.0,1.0,89,1.0,0.0,0.0,1,30,0,0.0,0,3.0,1.0,1,0.0,7,1,0,1,1,0.0,0,1.0,0,151.0,188.0,60.0,240.0,2023
2,D,78.0,38.0,5.0,1.0,24,1.0,1.0,0.0,1,22,1,0.0,0,6.0,1.0,1,0.0,7,1,0,1,1,0.0,0,1.0,0,121.0,151.0,60.0,240.0,2023
1,D,530.0,32.0,4.0,1.0,80,1.0,1.0,1.0,1,84,1,0.0,0,3.0,1.0,3,0.0,7,1,0,1,1,1.0,0,1.0,0,262.0,327.0,180.0,480.0,2023
1,D,104.0,24.0,2.0,1.0,3,1.0,1.0,0.0,1,1,1,0.0,0,5.0,1.0,2,0.0,7,1,0,1,1,0.0,0,1.0,0,151.0,188.0,60.0,240.0,2023
6,D,188.0,54.0,7.0,1.0,89,1.0,1.0,0.0,1,30,1,0.0,0,1.0,1.0,2,0.0,7,1,0,1,1,0.0,0,1.0,0,151.0,188.0,0.0,240.0,2023
1,D,70.0,28.0,3.0,1.0,8,1.0,1.0,0.0,1,7,1,0.0,0,3.0,1.0,1,0.0,7,1,0,1,1,0.0,0,1.0,0,151.0,188.0,60.0,240.0,2023
8,B,0.03,37.0,5.0,1.0,65,1.0,0.0,0.0,1,73,1,1.0,0,3.0,6.0,1,0.0,8,1,0,1,1,0.0,0,1.0,0,6.0,12.0,0.0,60.0,2023
6,D,120.0,67.0,8.0,1.0,81,1.0,1.0,0.0,1,86,1,0.0,0,5.0,1.0,1,0.0,7,1,0,1,1,0.0,0,1.0,0,120.0,120.0,120.0,240.0,2023
1,D,84.0,42.0,6.0,1.0,3,1.0,1.0,1.0,1,1,1,0.0,0,5.0,1.0,2,1.0,7,1,0,1,1,3.0,0,2.0,0,168.0,210.0,60.0,240.0,2023
1,D,90.0,42.0,6.0,1.0,49,1.0,1.0,1.0,1,55,1,0.0,0,5.0,1.0,2,3.0,7,1,0,1,1,1.0,0,1.0,0,78.0,97.0,60.0,240.0,2023
5,D,24.0,33.0,4.0,1.0,36,1.0,1.0,0.0,1,42,2,0.0,0,1.0,3.0,1,0.0,7,1,0,1,1,0.0,0,1.0,0,121.0,151.0,0.0,240.0,2023
5,D,144.0,62.0,8.0,1.0,36,1.0,0.0,0.0,1,42,1,0.0,0,6.0,1.0,1,0.0,7,1,0,1,1,0.0,0,1.0,0,121.0,151.0,60.0,240.0,2023
1,D,180.0,43.0,6.0,1.0,16,1.0,1.0,6.0,1,14,1,0.0,0,3.0,1.0,1,0.0,7,1,0,1,1,6.0,0,3.0,0,180.0,180.0,180.0,480.0,2023
1,D,168.0,35.0,4.0,1.0,1,1.0,0.0,0.0,1,90,1,0.0,0,3.0,1.0,1,0.0,7,1,0,1,1,0.0,0,1.0,0,210.0,240.0,60.0,240.0,2023
2,D,80.0,36.0,5.0,1.0,45,1.0,0.0,0.0,1,51,1,0.0,0,5.0,1.0,2,0.0,7,1,0,1,1,0.0,0,1.0,0,97.0,121.0,60.0,240.0,2023
3,D,97.0,47.0,6.0,1.0,43,1.0,0.0,0.0,1,49,1,0.0,0,5.0,1.0,2,3.0,7,1,0,1,1,0.0,0,1.0,0,121.0,151.0,60.0,240.0,2023
2,D,120.0,38.0,5.0,1.0,24,1.0,1.0,3.0,1,22,1,0.0,0,6.0,2.0,1,0.0,7,1,0,1,1,3.0,0,2.0,0,235.0,240.0,60.0,240.0,2023
8,D,76.0,25.0,2.0,1.0,60,1.0,1.0,0.0,1,67,1,0.0,0,5.0,1.0,1,0.0,7,1,0,1,1,0.0,0,1.0,0,210.0,240.0,60.0,240.0,2023
5,D,120.0,30.0,3.0,1.0,62,1.0,1.0,4.0,3,69,1,0.0,1,3.0,1.0,2,2.0,7,1,0,1,1,4.0,0,3.0,0,235.0,240.0,0.0,120.0,2023
3,D,87.0,25.0,2.0,1.0,26,1.0,1.0,0.0,1,24,1,0.0,0,1.0,1.0,1,2.0,7,1,0,1,1,0.0,0,1.0,0,70.0,87.0,0.0,240.0,2023
8,D,97.0,38.0,5.0,1.0,35,3.0,0.0,0.0,1,41,2,0.0,0,5.0,3.0,1,1.0,7,1,0,1,1,0.0,0,1.0,0,97.0,121.0,60.0,240.0,2023
5,D,96.0,48.0,6.0,1.0,62,1.0,1.0,4.0,3,69,1,0.0,1,3.0,1.0,3,0.0,7,1,0,1,1,4.0,0,3.0,0,210.0,262.0,60.0,240.0,2023
3,D,240.0,32.0,4.0,1.0,90,1.0,1.0,6.0,1,29,1,0.0,0,1.0,1.0,2,0.0,7,1,0,1,1,8.0,0,4.0,0,292.0,365.0,180.0,480.0,2023
1,D,108.0,61.0,8.0,1.0,58,1.0,1.0,0.0,1,65,1,0.0,0,3.0,1.0,1,0.0,7,1,0,1,1,0.0,0,1.0,0,97.0,121.0,60.0,240.0,2023
4,D,120.0,37.0,5.0,1.0,57,1.0,1.0,0.0,1,64,1,0.0,0,3.0,1.0,2,0.0,7,1,0,1,1,0.0,0,1.0,0,166.0,177.0,120.0,120.0,2023
1,D,100.0,55.0,7.0,1.0,38,1.0,0.0,0.0,1,44,1,0.0,0,6.0,1.0,3,0.0,7,1,0,1,1,0.0,0,1.0,0,151.0,188.0,60.0,240.0,2023
4,D,180.0,32.0,4.0,1.0,59,1.0,0.0,0.0,1,66,0,0.0,0,3.0,1.0,1,3.0,7,1,0,1,1,0.0,0,1.0,0,240.0,240.0,60.0,240.0,2023
3,D,70.0,23.0,2.0,1.0,38,1.0,1.0,2.0,1,44,1,0.0,0,3.0,1.0,2,0.0,7,1,0,1,1,4.0,0,3.0,0,188.0,235.0,60.0,240.0,2023
6,D,78.0,51.0,7.0,1.0,33,1.0,0.0,0.0,1,40,1,0.0,0,3.0,1.0,1,2.0,7,1,0,1,1,0.0,0,1.0,0,78.0,97.0,0.0,240.0,2023
1,D,24.0,28.0,3.0,1.0,42,1.0,0.0,0.0,1,48,1,0.0,0,3.0,1.0,1,0.0,7,1,0,1,1,0.0,0,1.0,0,78.0,97.0,0.0,120.0,2023
2,D,120.0,50.0,6.0,1.0,66,1.0,1.0,3.0,1,72,1,0.0,0,3.0,1.0,1,1.0,7,1,0,1,1,5.0,0,3.0,0,120.0,120.0,120.0,240.0,2023
1,D,456.0,31.0,4.0,1.0,50,1.0,1.0,0.0,1,56,1,0.0,0,6.0,1.0,2,1.0,7,1,0,1,1,0.0,0,1.0,0,600.0,600.0,180.0,360.0,2023
4,D,63.0,42.0,6.0,1.0,58,1.0,1.0,0.0,1,65,1,0.0,0,5.0,2.0,2,0.0,7,1,0,1,1,0.0,0,1.0,0,78.0,97.0,0.0,240.0,2023
2,D,109.0,47.0,6.0,1.0,66,1.0,0.0,0.0,1,72,1,0.0,0,5.0,1.0,1,0.0,7,1,0,1,1,0.0,0,1.0,0,188.0,235.0,60.0,240.0,2023
2,D,240.0,39.0,5.0,1.0,34,1.0,0.0,0.0,1,39,1,0.0,0,5.0,1.0,1,2.0,7,1,0,1,1,0.0,0,1.0,0,240.0,240.0,60.0,240.0,2023
2,D,60.0,32.0,4.0,1.0,93,1.0,1.0,0.0,1,32,1,0.0,0,1.0,1.0,1,0.0,7,1,0,1,1,0.0,0,1.0,0,78.0,97.0,0.0,240.0,2023
4,D,216.0,44.0,6.0,1.0,59,1.0,0.0,0.0,1,66,1,0.0,0,3.0,1.0,1,2.0,7,1,0,1,1,0.0,0,1.0,0,168.0,210.0,60.0,240.0,2023
3,D,132.0,65.0,8.0,1.0,56,1.0,0.0,0.0,1,63,1,0.0,0,5.0,1.0,1,0.0,7,1,0,1,1,0.0,0,1.0,0,151.0,188.0,60.0,240.0,2023
4,D,0.03,38.0,5.0,1.0,58,1.0,0.0,0.0,1,65,1,0.0,0,6.0,1.0,1,0.0,7,1,0,1,1,0.0,0,1.0,0,78.0,97.0,0.0,120.0,2023
2,D,96.0,41.0,6.0,1.0,94,1.0,1.0,3.0,1,34,1,0.0,0,3.0,1.0,1,1.0,7,1,0,1,1,3.0,0,2.0,0,87.0,108.0,0.0,240.0,2023
2,D,151.0,41.0,6.0,1.0,94,1.0,1.0,0.0,1,34,1,0.0,0,5.0,1.0,1,2.0,7,1,0,1,1,0.0,0,1.0,0,151.0,188.0,60.0,240.0,2023
C,D,88.0,34.0,4.0,1.0,46,1.0,0.0,0.0,1,53,1,0.0,0,3.0,1.0,1,0.0,7,1,0,1,1,0.0,0,1.0,0,121.0,151.0,60.0,240.0,2023
1,D,121.0,56.0,7.0,1.0,9,1.0,1.0,6.0,1,6,1,0.0,0,3.0,1.0,1,0.0,7,1,0,1,1,6.0,0,3.0,0,120.0,121.0,120.0,240.0,2023
4,D,120.0,36.0,5.0,1.0,56,1.0,1.0,0.0,1,63,1,0.0,0,6.0,1.0,1,2.0,7,1,0,1,1,0.0,0,1.0,0,151.0,188.0,60.0,240.0,2023
1,D,70.0,57.0,7.0,1.0,36,1.0,0.0,0.0,1,42,1,0.0,0,6.0,1.0,1,0.0,7,1,0,1,1,0.0,0,1.0,0,97.0,121.0,0.0,240.0,2023
1,D,80.0,68.0,8.0,1.0,14,1.0,0.0,0.0,1,12,1,0.0,0,5.0,1.0,1,0.0,7,1,0,1,1,0.0,0,1.0,0,78.0,97.0,0.0,240.0,2023
3,D,235.0,43.0,6.0,1.0,26,1.0,1.0,3.0,1,24,1,0.0,0,5.0,1.0,1,1.0,7,1,0,1,1,3.0,0,2.0,0,188.0,235.0,0.0,240.0,2023
4,D,150.0,29.0,3.0,1.0,59,1.0,0.0,0.0,1,66,0,0.0,0,3.0,1.0,2,1.0,7,1,0,1,1,0.0,0,1.0,0,210.0,262.0,60.0,240.0,2023
3,D,204.0,39.0,5.0,1.0,43,1.0,1.0,12.0,1,49,1,0.0,0,6.0,1.0,3,0.0,7,1,0,1,1,14.0,0,6.0,0,324.0,405.0,60.0,240.0,2023
4,D,84.0,60.0,7.0,1.0,58,1.0,1.0,0.0,1,65,1,0.0,0,3.0,1.0,1,0.0,7,1,0,1,1,0.0,0,1.0,0,97.0,121.0,60.0,240.0,2023
2,D,36.0,65.0,8.0,1.0,79,1.0,0.0,0.0,1,83,1,0.0,0,6.0,1.0,1,0.0,7,1,0,1,1,0.0,0,1.0,0,51.0,63.0,0.0,240.0,2023
4,D,188.0,37.0,5.0,1.0,57,1.0,1.0,4.0,1,64,1,0.0,0,6.0,1.0,1,1.0,7,1,0,1,1,6.0,0,3.0,0,324.0,405.0,180.0,480.0,2023
4,D,186.0,42.0,6.0,1.0,59,1.0,1.0,3.0,1,66,0,0.0,0,3.0,1.0,2,1.0,7,1,0,1,1,3.0,0,2.0,0,180.0,210.0,180.0,480.0,2023
4,D,54.0,76.0,8.0,1.0,58,1.0,1.0,1.0,1,65,1,0.0,0,5.0,1.0,2,0.0,7,1,0,1,1,1.0,0,1.0,0,78.0,97.0,0.0,240.0,2023
3,D,60.0,40.0,5.0,1.0,5,1.0,0.0,0.0,1,4,2,0.0,0,3.0,3.0,2,2.0,7,1,0,1,1,0.0,0,1.0,0,60.0,60.0,60.0,240.0,2023
5,D,66.0,23.0,2.0,1.0,55,1.0,0.0,0.0,1,62,1,0.0,0,3.0,1.0,1,0.0,7,1,0,1,1,0.0,0,1.0,0,97.0,121.0,0.0,240.0,2023
1,D,120.0,60.0,7.0,1.0,41,1.0,1.0,0.0,1,47,1,0.0,0,6.0,1.0,1,0.0,7,1,0,1,1,0.0,0,1.0,0,121.0,151.0,60.0,240.0,2023
1,D,132.0,32.0,4.0,1.0,11,1.0,0.0,0.0,1,9,1,0.0,0,5.0,1.0,1,2.0,7,1,0,1,1,0.0,0,1.0,0,151.0,188.0,0.0,240.0,2023
3,C,84.0,52.0,7.0,1.0,5,1.0,1.0,1.0,1,4,2,0.0,0,5.0,3.0,3,0.0,8,1,0,1,1,1.0,0,1.0,0,12.0,18.0,0.0,60.0,2023
1,D,0.03,39.0,5.0,1.0,42,1.0,1.0,1.0,1,48,1,0.0,0,5.0,1.0,1,1.0,7,1,0,1,1,1.0,0,1.0,0,97.0,121.0,0.0,240.0,2023
1,D,168.0,52.0,7.0,1.0,41,1.0,1.0,4.0,1,47,1,0.0,0,6.0,2.0,2,0.0,7,1,0,1,1,6.0,0,3.0,0,188.0,235.0,60.0,240.0,2023
3,D,190.0,40.0,5.0,1.0,61,1.0,1.0,5.0,1,68,1,0.0,0,5.0,1.0,2,0.0,7,1,0,1,1,5.0,0,3.0,0,188.0,235.0,180.0,480.0,2023
8,D,12.03,42.0,6.0,1.0,65,3.0,1.0,8.0,1,73,1,1.0,0,3.0,6.0,1,1.0,8,1,0,1,0,10.0,0,5.0,0,21.0,27.0,0.0,60.0,2023
3,D,90.0,26.0,3.0,1.0,75,1.0,1.0,0.0,1,79,1,0.0,0,3.0,6.0,1,0.0,7,1,0,1,1,0.0,0,1.0,0,151.0,188.0,60.0,240.0,2023
3,D,37.0,40.0,5.0,1.0,23,1.0,1.0,0.0,1,20,1,0.0,0,5.0,1.0,1,1.0,7,1,0,1,1,0.0,0,1.0,0,78.0,97.0,0.0,240.0,2023
8,D,46.0,42.0,6.0,1.0,65,1.0,1.0,0.0,1,73,1,0.0,0,6.0,6.0,1,0.0,7,1,0,1,1,0.0,0,1.0,0,78.0,97.0,0.0,240.0,2023
5,D,16.0,26.0,3.0,1.0,92,1.0,0.0,0.0,1,33,1,0.0,0,6.0,2.0,1,0.0,7,1,0,1,1,0.0,0,1.0,0,63.0,78.0,0.0,240.0,2023
1,D,72.0,38.0,5.0,1.0,9,1.0,1.0,0.0,1,6,2,0.0,0,6.0,3.0,1,0.0,7,1,0,1,1,0.0,0,1.0,0,97.0,121.0,60.0,240.0,2023
4,D,52.0,51.0,7.0,1.0,57,1.0,1.0,0.0,1,64,1,0.0,0,5.0,1.0,1,0.0,7,1,0,1,1,0.0,0,1.0,0,135.0,168.0,0.0,240.0,2023
8,D,87.0,38.0,5.0,1.0,89,1.0,1.0,1.0,1,30,1,0.0,0,6.0,1.0,1,0.0,7,1,0,1,1,1.0,0,1.0,0,168.0,210.0,60.0,240.0,2023
8,D,151.0,52.0,7.0,1.0,89,1.0,1.0,0.0,1,30,1,0.0,0,5.0,1.0,2,0.0,7,1,0,1,1,0.0,0,1.0,0,151.0,188.0,60.0,240.0,2023
2,D,121.0,53.0,7.0,1.0,66,1.0,1.0,0.0,1,72,1,0.0,0,6.0,1.0,1,2.0,7,1,0,1,1,0.0,0,1.0,0,121.0,151.0,60.0,240.0,2023
5,D,97.0,67.0,8.0,1.0,9,1.0,0.0,0.0,1,6,1,0.0,0,6.0,1.0,3,1.0,7,1,0,1,1,0.0,0,1.0,0,97.0,121.0,0.0,240.0,2023
4,D,72.0,36.0,5.0,1.0,64,1.0,0.0,0.0,1,70,1,0.0,0,6.0,1.0,1,0.0,7,1,0,1,1,0.0,0,1.0,0,97.0,121.0,0.0,240.0,2023
4,D,240.0,49.0,6.0,1.0,33,1.0,1.0,0.0,1,40,1,0.0,0,3.0,1.0,2,0.0,7,1,0,1,1,0.0,0,1.0,0,292.0,365.0,60.0,240.0,2023
1,D,60.0,23.0,2.0,1.0,91,1.0,0.0,0.0,1,31,2,0.0,0,6.0,3.0,1,0.0,7,1,0,1,1,0.0,0,1.0,0,151.0,188.0,60.0,240.0,2023
3,D,121.0,36.0,5.0,1.0,91,1.0,0.0,0.0,1,31,1,0.0,0,3.0,2.0,3,0.0,7,1,0,1,1,0.0,0,1.0,0,121.0,151.0,60.0,240.0,2023
1,D,0.07,38.0,5.0,1.0,9,1.0,0.0,0.0,1,6,1,1.0,0,6.0,1.0,1,0.0,8,1,0,1,1,0.0,0,1.0,0,18.0,24.0,0.0,60.0,2023
4,D,135.0,43.0,6.0,1.0,94,1.0,1.0,0.0,1,34,1,0.0,0,3.0,2.0,1,0.0,7,1,0,1,1,0.0,0,1.0,0,151.0,188.0,60.0,240.0,2023
4,D,120.0,44.0,6.0,1.0,60,1.0,1.0,6.0,1,67,1,0.0,0,3.0,1.0,1,1.0,7,1,0,1,1,8.0,0,4.0,0,120.0,120.0,120.0,240.0,2023
1,D,84.0,21.0,2.0,1.0,91,1.0,1.0,0.0,1,31,2,0.0,0,5.0,3.0,2,0.0,7,1,0,1,1,0.0,0,1.0,0,151.0,188.0,60.0,240.0,2023
8,D,135.0,35.0,4.0,1.0,35,2.0,1.0,4.0,1,41,2,0.0,0,1.0,3.0,1,3.0,7,1,0,1,1,6.0,0,3.0,0,121.0,151.0,60.0,240.0,2023
1,D,120.0,57.0,7.0,1.0,47,1.0,0.0,0.0,1,52,1,0.0,0,3.0,1.0,2,0.0,7,1,0,1,1,0.0,0,1.0,0,210.0,262.0,60.0,240.0,2023
2,D,72.0,54.0,7.0,1.0,24,1.0,0.0,0.0,1,22,1,0.0,0,6.0,1.0,2,1.0,7,1,0,1,1,0.0,0,1.0,0,151.0,188.0,60.0,240.0,2023
6,D,97.0,51.0,7.0,1.0,30,1.0,1.0,0.0,1,36,1,0.0,0,3.0,1.0,1,0.0,7,1,0,1,1,0.0,0,1.0,0,121.0,151.0,60.0,240.0,2023
9,D,76.0,22.0,2.0,1.0,72,1.0,0.0,0.0,1,77,1,0.0,0,3.0,1.0,1,0.0,7,1,0,1,1,0.0,0,1.0,0,87.0,108.0,60.0,240.0,2023
3,D,75.0,43.0,6.0,1.0,75,1.0,0.0,0.0,1,79,1,0.0,0,3.0,1.0,1,1.0,7,1,0,1,1,0.0,0,1.0,0,151.0,188.0,60.0,240.0,2023
1,D,60.0,68.0,8.0,1.0,10,1.0,0.0,0.0,1,8,1,0.0,0,6.0,1.0,1,0.0,7,1,0,1,1,0.0,0,1.0,0,60.0,60.0,60.0,240.0,2023
6,D,168.0,33.0,4.0,1.0,72,1.0,1.0,11.0,1,77,1,0.0,0,5.0,1.0,1,0.0,7,1,0,1,1,13.0,0,6.0,0,235.0,240.0,60.0,240.0,2023
1,D,41.0,46.0,6.0,1.0,72,1.0,1.0,0.0,1,77,1,0.0,0,3.0,1.0,1,0.0,7,1,0,1,1,0.0,0,1.0,0,51.0,63.0,0.0,240.0,2023
1,D,72.0,66.0,8.0,1.0,47,3.0,1.0,0.0,1,52,1,0.0,0,5.0,2.0,1,0.0,7,1,0,1,1,0.0,0,1.0,0,240.0,240.0,60.0,240.0,2023
1,D,130.0,38.0,5.0,1.0,47,1.0,1.0,0.0,1,52,2,0.0,0,5.0,3.0,1,0.0,7,1,0,1,1,0.0,0,1.0,0,151.0,188.0,60.0,240.0,2023
1,D,121.0,27.0,3.0,1.0,1,1.0,1.0,2.0,1,90,1,0.0,0,3.0,2.0,1,0.0,7,1,0,1,1,4.0,0,3.0,0,121.0,151.0,120.0,240.0,2023
5,D,78.0,33.0,4.0,1.0,62,3.0,0.0,0.0,1,69,1,0.0,0,6.0,6.0,1,0.0,7,1,0,1,1,0.0,0,1.0,0,60.0,60.0,60.0,240.0,2023
2,D,12.03,33.0,4.0,1.0,73,1.0,1.0,1.0,1,78,1,0.0,0,5.0,1.0,1,0.0,7,1,0,1,1,1.0,0,1.0,0,78.0,97.0,0.0,240.0,2023
1,D,180.0,41.0,6.0,1.0,1,1.0,1.0,3.0,1,90,1,0.0,0,3.0,2.0,1,0.0,7,1,0,1,1,5.0,0,3.0,0,180.0,188.0,180.0,480.0,2023
5,D,64.0,43.0,6.0,1.0,62,1.0,1.0,1.0,1,69,1,0.0,0,5.0,1.0,1,0.0,7,1,0,1,1,1.0,0,1.0,0,97.0,121.0,60.0,240.0,2023
3,D,300.0,29.0,3.0,1.0,67,1.0,1.0,0.0,1,71,1,1.0,0,5.0,6.0,7,0.0,7,1,0,1,1,0.0,0,1.0,0,2280.0,2280.0,180.0,360.0,2023
6,D,12.03,53.0,7.0,1.0,11,1.0,1.0,0.0,1,9,1,0.0,0,3.0,1.0,1,0.0,7,1,0,1,1,0.0,0,1.0,0,97.0,121.0,0.0,240.0,2023
1,D,120.0,77.0,8.0,1.0,8,1.0,1.0,6.0,1,7,1,0.0,0,6.0,1.0,1,0.0,7,1,0,1,1,8.0,0,4.0,0,120.0,137.0,120.0,240.0,2023
1,D,78.0,36.0,5.0,1.0,8,1.0,1.0,0.0,1,7,1,0.0,0,5.0,2.0,1,3.0,7,1,0,1,1,0.0,0,1.0,0,188.0,235.0,60.0,240.0,2023
3,D,96.0,50.0,6.0,1.0,24,1.0,1.0,6.0,1,22,1,0.0,0,5.0,2.0,1,0.0,7,1,0,1,1,6.0,0,3.0,0,30.0,37.0,0.0,240.0,2023
1,D,72.0,44.0,6.0,1.0,24,1.0,0.0,0.0,1,22,1,0.0,0,6.0,2.0,1,0.0,7,1,0,1,1,0.0,0,1.0,0,97.0,121.0,60.0,9996.0,2023
2,D,168.0,40.0,5.0,1.0,27,1.0,0.0,0.0,3,25,1,0.0,1,1.0,1.0,2,2.0,7,1,0,1,1,0.0,0,1.0,0,210.0,262.0,60.0,240.0,2023
2,D,120.0,54.0,7.0,1.0,39,1.0,1.0,6.0,1,45,1,0.0,0,5.0,1.0,1,0.0,7,1,0,1,1,6.0,0,3.0,0,120.0,120.0,120.0,240.0,2023
6,D,180.0,43.0,6.0,1.0,8,1.0,1.0,0.0,3,7,2,0.0,1,3.0,3.0,4,1.0,7,1,0,1,1,0.0,0,1.0,0,1080.0,1080.0,0.0,120.0,2023
0,D,121.0,25.0,2.0,1.0,33,1.0,0.0,0.0,1,40,1,0.0,0,5.0,1.0,1,0.0,7,1,0,1,1,0.0,0,1.0,0,97.0,121.0,0.0,240.0,2023
3,D,,38.0,5.0,1.0,75,1.0,1.0,1.0,1,79,1,0.0,0,1.0,1.0,1,0.0,7,0,1,4,0,1.0,0,1.0,0,78.0,97.0,0.0,120.0,2023
3,D,,31.0,4.0,1.0,75,1.0,0.0,0.0,1,79,1,0.0,0,5.0,6.0,1,0.0,7,0,1,4,0,0.0,0,1.0,0,97.0,120.0,0.0,120.0,2023
1,D,36.0,37.0,5.0,1.0,10,1.0,1.0,5.0,1,8,1,0.0,0,3.0,1.0,1,0.0,7,1,0,1,1,5.0,0,3.0,0,97.0,121.0,0.0,240.0,2023
1,D,48.0,38.0,5.0,1.0,10,1.0,0.0,0.0,1,8,1,0.0,0,6.0,1.0,1,3.0,7,1,0,1,1,0.0,0,1.0,0,51.0,63.0,0.0,240.0,2023
3,D,120.0,35.0,4.0,1.0,61,1.0,1.0,3.0,1,68,1,0.0,0,5.0,1.0,1,0.0,7,1,0,1,1,5.0,0,3.0,0,120.0,120.0,120.0,240.0,2024
2,D,120.0,63.0,8.0,1.0,85,1.0,1.0,0.0,1,89,1,0.0,0,3.0,1.0,1,0.0,7,1,0,1,1,0.0,0,1.0,0,120.0,120.0,120.0,240.0,2024
4,D,84.0,43.0,6.0,1.0,64,1.0,0.0,0.0,1,70,1,0.0,0,6.0,1.0,2,0.0,7,1,0,1,1,0.0,0,1.0,0,188.0,235.0,60.0,240.0,2024
3,D,80.0,41.0,6.0,1.0,27,1.0,1.0,2.0,1,25,1,0.0,0,1.0,1.0,1,1.0,7,1,0,1,1,4.0,0,3.0,0,97.0,121.0,0.0,240.0,2024
1,D,180.0,23.0,2.0,1.0,11,1.0,1.0,0.0,1,9,2,0.0,0,3.0,3.0,1,0.0,7,1,0,1,1,0.0,0,1.0,0,235.0,240.0,0.0,240.0,2024
3,D,240.0,36.0,5.0,1.0,92,1.0,1.0,2.0,3,33,1,0.0,1,1.0,1.0,2,0.0,7,1,0,1,1,2.0,0,2.0,0,235.0,293.0,60.0,240.0,2024
2,D,180.0,65.0,8.0,1.0,14,1.0,1.0,3.0,1,12,1,0.0,0,6.0,1.0,1,0.0,7,1,0,1,1,5.0,0,3.0,0,324.0,405.0,180.0,480.0,2024
8,D,72.0,63.0,8.0,1.0,89,1.0,0.0,0.0,1,30,1,0.0,0,1.0,1.0,1,0.0,7,1,0,1,1,0.0,0,1.0,0,97.0,121.0,60.0,240.0,2024
3,D,132.0,54.0,7.0,1.0,14,1.0,1.0,3.0,1,12,1,0.0,0,5.0,1.0,1,2.0,7,1,0,1,1,5.0,0,2.0,0,120.0,135.0,120.0,240.0,2024
2,D,60.0,42.0,6.0,1.0,84,1.0,1.0,0.0,1,88,1,0.0,0,5.0,1.0,1,0.0,7,1,0,1,1,0.0,0,1.0,0,78.0,97.0,0.0,240.0,2024
6,D,120.0,34.0,4.0,1.0,81,1.0,1.0,1.0,1,86,1,0.0,0,3.0,1.0,1,1.0,7,1,0,1,1,3.0,0,2.0,0,108.0,135.0,0.0,240.0,2024
3,D,240.0,28.0,3.0,1.0,34,3.0,1.0,0.0,1,39,2,0.0,0,1.0,3.0,1,0.0,7,1,0,1,1,0.0,0,1.0,0,240.0,240.0,60.0,240.0,2024
8,D,100.0,37.0,5.0,1.0,60,1.0,0.0,0.0,1,67,1,0.0,0,6.0,1.0,1,0.0,7,1,0,1,1,0.0,0,1.0,0,121.0,151.0,60.0,240.0,2024
2,D,1.0,27.0,3.0,1.0,2,1.0,1.0,0.0,1,0,1,0.0,0,3.0,1.0,1,0.0,7,1,0,1,1,0.0,0,1.0,0,33.0,41.0,0.0,120.0,2024
2,D,97.0,32.0,4.0,1.0,87,1.0,1.0,0.0,1,26,1,0.0,0,3.0,1.0,1,1.0,7,1,0,1,1,0.0,0,1.0,0,37.0,46.0,0.0,240.0,2024
4,D,78.0,42.0,6.0,1.0,58,1.0,1.0,2.0,1,65,1,0.0,0,5.0,1.0,1,1.0,7,1,0,1,1,2.0,0,2.0,0,87.0,108.0,0.0,240.0,2024
4,D,84.0,37.0,5.0,1.0,58,1.0,1.0,0.0,1,65,1,0.0,0,5.0,1.0,3,4.0,7,1,0,1,1,0.0,1,1.0,0,70.0,87.0,0.0,120.0,2024
2,D,36.0,22.0,2.0,1.0,76,1.0,0.0,0.0,1,80,2,0.0,0,3.0,3.0,1,0.0,7,1,0,1,1,0.0,0,1.0,0,78.0,97.0,0.0,240.0,2024
3,D,0.03,28.0,3.0,1.0,5,1.0,0.0,0.0,1,4,2,0.0,0,3.0,3.0,1,0.0,7,1,0,1,1,0.0,0,1.0,0,78.0,97.0,0.0,240.0,2024
2,D,108.0,46.0,6.0,1.0,79,1.0,0.0,0.0,1,83,1,0.0,0,6.0,1.0,1,1.0,7,1,0,1,1,0.0,0,1.0,0,151.0,188.0,60.0,240.0,2024
2,D,336.0,41.0,6.0,1.0,24,1.0,1.0,0.0,1,22,2,0.0,0,5.0,3.0,2,1.0,7,1,0,1,1,0.0,0,1.0,0,360.0,9996.0,120.0,9996.0,2024
7,D,405.0,65.0,8.0,1.0,36,1.0,1.0,3.0,1,42,1,0.0,0,5.0,1.0,6,0.0,7,1,0,1,1,5.0,0,3.0,0,324.0,405.0,0.0,60.0,2024
3,D,0.03,53.0,7.0,1.0,5,1.0,0.0,0.0,1,4,2,0.0,0,6.0,3.0,1,0.0,7,1,0,1,1,0.0,0,1.0,0,51.0,63.0,0.0,240.0,2024
4,D,60.0,31.0,4.0,1.0,58,1.0,0.0,0.0,1,65,1,0.0,0,6.0,1.0,2,0.0,7,1,0,1,1,0.0,0,1.0,0,210.0,262.0,60.0,240.0,2024
1,D,86.0,34.0,4.0,1.0,71,1.0,1.0,3.0,1,76,1,0.0,0,3.0,1.0,1,0.0,7,1,0,1,1,5.0,0,3.0,0,120.0,120.0,120.0,240.0,2024
5,D,87.0,28.0,3.0,1.0,54,1.0,0.0,0.0,1,61,1,0.0,0,5.0,6.0,1,0.0,7,1,0,1,1,0.0,0,1.0,0,210.0,240.0,60.0,240.0,2024
3,D,54.0,28.0,3.0,1.0,89,1.0,0.0,0.0,1,30,1,0.0,0,6.0,1.0,1,0.0,7,1,0,1,1,0.0,0,1.0,0,78.0,97.0,0.0,240.0,2024
6,D,188.0,41.0,6.0,1.0,89,1.0,1.0,0.0,1,30,1,0.0,0,5.0,1.0,1,0.0,7,1,0,1,1,0.0,0,1.0,0,151.0,188.0,60.0,240.0,2024
2,D,120.0,38.0,5.0,1.0,84,1.0,1.0,3.0,1,88,1,0.0,0,5.0,1.0,1,1.0,7,1,0,1,1,3.0,0,2.0,0,120.0,135.0,120.0,240.0,2024
8,D,60.0,26.0,3.0,1.0,89,1.0,0.0,0.0,1,30,1,0.0,0,5.0,1.0,1,0.0,7,1,0,1,1,0.0,0,1.0,0,97.0,121.0,60.0,240.0,2024
3,D,78.0,53.0,7.0,1.0,5,1.0,1.0,0.0,1,4,2,1.0,0,3.0,3.0,1,0.0,7,1,0,1,1,0.0,0,1.0,0,78.0,97.0,60.0,240.0,2024
2,D,60.0,27.0,3.0,1.0,76,1.0,1.0,0.0,1,80,2,0.0,0,3.0,3.0,1,0.0,7,1,0,1,1,0.0,0,1.0,0,151.0,188.0,60.0,240.0,2024
2,D,144.0,36.0,5.0,1.0,76,1.0,0.0,0.0,1,80,2,0.0,0,5.0,3.0,1,0.0,7,1,0,1,1,0.0,0,1.0,0,210.0,240.0,60.0,240.0,2024
1,D,41.0,43.0,6.0,1.0,93,1.0,1.0,0.0,1,32,0,0.0,0,3.0,2.0,1,0.0,7,1,0,1,1,0.0,0,1.0,0,78.0,97.0,0.0,240.0,2024
3,C,0.33,56.0,7.0,1.0,68,1.0,1.0,4.0,1,74,1,0.0,0,5.0,6.0,1,0.0,8,1,0,2,1,4.0,0,3.0,0,10.0,16.0,0.0,60.0,2024
4,D,132.0,36.0,5.0,1.0,59,1.0,1.0,2.0,1,66,0,0.0,0,3.0,1.0,2,2.0,7,1,0,1,1,2.0,0,2.0,0,168.0,210.0,60.0,240.0,2024
2,D,60.0,40.0,5.0,1.0,24,1.0,1.0,0.0,1,22,1,0.0,0,6.0,1.0,1,2.0,7,1,0,1,1,0.0,0,1.0,0,60.0,71.0,60.0,240.0,2024
6,D,140.0,27.0,3.0,1.0,79,1.0,0.0,0.0,1,83,1,0.0,0,1.0,1.0,1,0.0,7,1,0,1,1,0.0,0,1.0,0,210.0,240.0,60.0,240.0,2024
3,D,96.0,51.0,7.0,1.0,75,1.0,1.0,0.0,1,79,2,0.0,0,5.0,3.0,1,0.0,7,1,0,1,1,0.0,0,1.0,0,210.0,240.0,60.0,240.0,2024
3,D,78.0,50.0,6.0,1.0,75,1.0,1.0,0.0,1,79,1,0.0,0,5.0,1.0,2,0.0,7,1,0,1,1,0.0,0,1.0,0,151.0,188.0,60.0,240.0,2024
2,D,120.0,63.0,8.0,1.0,84,1.0,1.0,6.0,1,88,1,0.0,0,3.0,1.0,1,0.0,7,1,0,1,1,6.0,0,3.0,0,121.0,151.0,120.0,240.0,2024
4,D,180.0,55.0,7.0,1.0,59,1.0,1.0,2.0,1,66,1,0.0,0,3.0,1.0,1,0.0,7,1,0,1,1,2.0,0,2.0,0,235.0,240.0,60.0,240.0,2024
6,D,84.0,23.0,2.0,1.0,59,1.0,1.0,2.0,1,66,0,0.0,0,3.0,1.0,1,0.0,7,1,0,1,1,4.0,0,3.0,0,188.0,235.0,60.0,240.0,2024
1,D,87.0,48.0,6.0,1.0,58,1.0,1.0,3.0,1,65,1,0.0,0,3.0,1.0,1,0.0,7,1,0,1,1,3.0,0,2.0,0,87.0,108.0,0.0,120.0,2024
6,D,180.0,34.0,4.0,1.0,59,1.0,1.0,14.0,1,66,0,0.0,0,3.0,1.0,1,0.0,7,1,0,1,1,14.0,0,6.0,0,240.0,240.0,60.0,240.0,2024
2,D,120.0,54.0,7.0,1.0,39,1.0,1.0,0.0,1,45,1,0.0,0,5.0,1.0,1,0.0,7,1,0,1,1,0.0,0,1.0,0,120.0,120.0,120.0,240.0,2024
6,D,480.0,22.0,2.0,1.0,89,1.0,1.0,0.0,1,30,1,0.0,0,5.0,1.0,2,0.0,7,1,0,1,1,0.0,0,1.0,0,600.0,600.0,180.0,360.0,2024
2,D,168.0,53.0,7.0,1.0,17,1.0,1.0,0.0,3,15,1,0.0,1,3.0,1.0,1,0.0,7,1,0,1,1,0.0,0,1.0,0,210.0,240.0,60.0,240.0,2024
1,D,97.0,43.0,6.0,1.0,1,1.0,1.0,0.0,1,90,1,0.0,0,5.0,2.0,1,0.0,7,1,0,1,1,0.0,0,1.0,0,97.0,121.0,60.0,240.0,2024
2,D,60.0,39.0,5.0,1.0,59,1.0,1.0,0.0,1,66,0,0.0,0,5.0,1.0,1,0.0,7,1,0,1,1,0.0,0,1.0,0,63.0,78.0,60.0,240.0,2024
8,D,90.0,32.0,4.0,1.0,89,1.0,0.0,0.0,1,30,1,0.0,0,6.0,1.0,1,0.0,7,1,0,1,1,0.0,0,1.0,0,135.0,168.0,60.0,240.0,2024
3,D,120.0,52.0,7.0,1.0,34,1.0,1.0,3.0,1,39,1,0.0,0,5.0,1.0,1,0.0,7,1,0,1,1,3.0,0,2.0,0,120.0,135.0,120.0,240.0,2024
6,D,168.0,38.0,5.0,1.0,89,1.0,1.0,0.0,1,30,1,0.0,0,5.0,1.0,2,0.0,7,1,0,1,1,0.0,0,1.0,0,151.0,188.0,60.0,240.0,2024
6,D,960.0,39.0,5.0,1.0,89,1.0,1.0,17.0,1,30,1,0.0,0,5.0,1.0,3,6.0,7,1,0,1,1,17.0,0,6.0,0,960.0,960.0,180.0,360.0,2024
5,D,66.0,33.0,4.0,1.0,62,1.0,0.0,0.0,1,69,2,0.0,0,5.0,3.0,1,2.0,7,1,0,1,1,0.0,0,1.0,0,60.0,60.0,60.0,240.0,2024
2,D,240.0,32.0,4.0,1.0,49,1.0,1.0,0.0,1,55,1,0.0,0,3.0,1.0,3,0.0,7,1,0,1,1,0.0,0,1.0,0,720.0,720.0,180.0,360.0,2024
8,D,120.0,27.0,3.0,1.0,89,1.0,0.0,0.0,1,30,1,0.0,0,5.0,1.0,3,0.0,7,1,0,1,1,0.0,0,1.0,0,210.0,262.0,60.0,240.0,2024
1,D,97.0,26.0,3.0,1.0,90,3.0,1.0,0.0,1,29,2,0.0,0,3.0,3.0,1,0.0,7,1,0,1,1,0.0,0,1.0,0,97.0,121.0,60.0,240.0,2024
2,D,120.0,41.0,6.0,1.0,12,1.0,1.0,1.0,1,10,1,0.0,0,5.0,1.0,1,2.0,7,1,0,1,1,1.0,0,1.0,0,120.0,120.0,120.0,240.0,2024
3,D,78.0,49.0,6.0,1.0,90,1.0,1.0,0.0,1,29,1,0.0,0,6.0,1.0,1,0.0,7,1,0,1,1,0.0,0,1.0,0,87.0,108.0,60.0,240.0,2024
3,D,360.0,62.0,8.0,1.0,90,1.0,1.0,9.0,1,29,1,0.0,0,5.0,1.0,1,0.0,7,1,0,1,1,9.0,0,4.0,0,360.0,480.0,180.0,480.0,2024
3,D,60.0,76.0,8.0,1.0,50,1.0,1.0,3.0,1,56,1,0.0,0,3.0,1.0,3,0.0,7,1,0,1,1,5.0,0,3.0,0,120.0,120.0,0.0,120.0,2024
4,D,120.0,38.0,5.0,1.0,53,1.0,0.0,0.0,1,60,1,0.0,0,5.0,2.0,1,0.0,7,1,0,1,1,0.0,0,1.0,0,97.0,121.0,60.0,240.0,2024
2,D,120.0,36.0,5.0,1.0,84,1.0,1.0,2.0,1,88,1,0.0,0,3.0,1.0,1,0.0,7,1,0,1,1,4.0,0,3.0,0,120.0,120.0,120.0,240.0,2024
2,D,180.0,34.0,4.0,1.0,87,1.0,1.0,1.0,1,26,1,0.0,0,6.0,1.0,1,0.0,7,1,0,1,1,3.0,0,2.0,0,180.0,180.0,180.0,480.0,2024
4,D,135.0,69.0,8.0,1.0,82,1.0,0.0,0.0,1,85,1,0.0,0,5.0,1.0,2,0.0,7,1,0,1,1,0.0,0,1.0,0,135.0,168.0,60.0,240.0,2024
3,D,84.0,55.0,7.0,1.0,41,1.0,0.0,0.0,1,47,1,0.0,0,6.0,1.0,1,5.0,7,1,0,1,1,0.0,0,1.0,0,210.0,240.0,60.0,240.0,2024
1,D,84.0,30.0,3.0,1.0,10,1.0,0.0,0.0,1,8,1,0.0,0,6.0,6.0,1,0.0,7,1,0,1,1,0.0,0,1.0,0,151.0,188.0,60.0,240.0,2024
6,D,108.0,35.0,4.0,1.0,59,1.0,1.0,1.0,1,66,0,0.0,0,5.0,1.0,1,0.0,7,1,0,1,1,3.0,0,2.0,0,168.0,210.0,60.0,240.0,2024
2,D,120.0,58.0,7.0,1.0,85,1.0,1.0,3.0,1,89,1,0.0,0,3.0,1.0,1,1.0,7,1,0,1,1,3.0,0,2.0,0,120.0,120.0,120.0,240.0,2024
3,D,24.0,78.0,8.0,1.0,89,1.0,1.0,0.0,1,30,1,0.0,0,5.0,1.0,1,1.0,7,1,0,1,1,0.0,0,1.0,0,78.0,97.0,0.0,240.0,2024
2,D,96.0,54.0,7.0,1.0,17,1.0,1.0,7.0,1,15,1,0.0,0,5.0,1.0,1,0.0,7,1,0,1,1,8.0,0,4.0,0,135.0,168.0,60.0,240.0,2024
6,D,120.0,44.0,6.0,1.0,89,1.0,1.0,3.0,1,30,1,0.0,0,5.0,1.0,1,3.0,7,1,0,1,1,5.0,0,3.0,0,121.0,151.0,120.0,240.0,2024
1,D,18.0,77.0,8.0,1.0,93,1.0,1.0,0.0,1,32,1,0.0,0,5.0,1.0,1,0.0,7,1,0,1,1,0.0,0,1.0,0,78.0,97.0,0.0,120.0,2024
5,D,216.0,21.0,2.0,1.0,34,1.0,1.0,0.0,1,39,1,0.0,0,3.0,1.0,1,0.0,7,1,0,1,1,0.0,0,1.0,0,188.0,235.0,60.0,240.0,2024
1,D,97.0,34.0,4.0,1.0,35,3.0,0.0,0.0,1,41,2,0.0,0,6.0,3.0,1,2.0,7,1,0,1,1,0.0,0,1.0,0,97.0,121.0,0.0,240.0,2024
8,D,140.0,25.0,2.0,1.0,89,1.0,0.0,0.0,1,30,1,0.0,0,3.0,1.0,1,0.0,7,1,0,1,1,0.0,0,1.0,0,240.0,240.0,60.0,240.0,2024
4,D,71.0,43.0,6.0,1.0,59,1.0,1.0,0.0,1,66,1,0.0,0,1.0,1.0,1,3.0,7,1,0,1,1,0.0,0,1.0,0,121.0,151.0,60.0,240.0,2024
4,D,48.0,47.0,6.0,1.0,58,1.0,1.0,0.0,1,65,1,0.0,0,3.0,1.0,2,0.0,7,1,0,1,1,0.0,0,1.0,0,78.0,97.0,0.0,240.0,2024
2,D,96.0,42.0,6.0,1.0,17,1.0,1.0,0.0,1,15,0,0.0,0,3.0,1.0,3,0.0,7,1,0,1,1,0.0,0,1.0,0,210.0,262.0,60.0,240.0,2024
2,D,120.0,29.0,3.0,1.0,51,1.0,1.0,3.0,1,57,1,0.0,0,5.0,1.0,1,0.0,7,1,0,1,1,5.0,0,3.0,0,121.0,151.0,0.0,240.0,2024
0,D,78.0,19.0,1.0,1.0,36,1.0,0.0,0.0,1,42,2,0.0,0,3.0,3.0,1,0.0,7,1,0,1,1,0.0,0,1.0,0,78.0,97.0,0.0,240.0,2024
2,D,97.0,34.0,4.0,1.0,73,1.0,1.0,0.0,1,78,1,0.0,0,5.0,1.0,1,0.0,7,1,0,1,1,0.0,0,1.0,0,70.0,87.0,60.0,240.0,2024
1,D,70.0,26.0,3.0,1.0,14,1.0,0.0,0.0,1,12,1,0.0,0,5.0,1.0,2,0.0,7,1,0,1,1,0.0,0,1.0,0,121.0,151.0,60.0,240.0,2024
3,D,360.0,32.0,4.0,1.0,41,1.0,1.0,2.0,1,47,1,0.0,0,3.0,1.0,3,1.0,7,1,0,1,1,4.0,0,3.0,0,9996.0,9996.0,180.0,360.0,2024
2,D,111.0,36.0,5.0,1.0,73,1.0,1.0,1.0,1,78,1,0.0,0,6.0,1.0,2,0.0,7,1,0,1,1,1.0,0,1.0,0,210.0,262.0,60.0,240.0,2024
1,D,63.0,25.0,2.0,1.0,91,3.0,0.0,0.0,1,31,2,0.0,0,5.0,3.0,1,0.0,7,1,0,1,1,0.0,0,1.0,0,63.0,78.0,0.0,240.0,2024
1,D,121.0,42.0,6.0,1.0,16,1.0,1.0,0.0,1,14,1,0.0,0,3.0,1.0,1,0.0,7,1,0,1,1,0.0,0,1.0,0,151.0,188.0,60.0,240.0,2024
1,D,60.0,54.0,7.0,1.0,46,1.0,1.0,0.0,1,53,1,0.0,0,5.0,1.0,1,2.0,7,1,0,1,1,0.0,0,1.0,0,135.0,168.0,60.0,240.0,2024
6,D,120.0,51.0,7.0,1.0,75,1.0,1.0,9.0,1,79,1,0.0,0,5.0,1.0,1,1.0,7,1,0,1,1,10.0,0,5.0,0,240.0,240.0,60.0,240.0,2024
3,D,90.0,36.0,5.0,1.0,27,1.0,1.0,0.0,1,25,1,0.0,0,5.0,1.0,1,0.0,7,1,0,1,1,0.0,0,1.0,0,151.0,188.0,60.0,240.0,2024
5,D,46.0,35.0,4.0,1.0,26,1.0,0.0,0.0,1,24,1,0.0,0,5.0,1.0,1,0.0,7,1,0,1,1,0.0,0,1.0,0,97.0,121.0,0.0,240.0,2024
3,D,108.0,67.0,8.0,1.0,32,1.0,0.0,0.0,1,38,1,0.0,0,6.0,1.0,1,0.0,7,1,0,1,1,0.0,0,1.0,0,97.0,121.0,0.0,240.0,2024
4,D,120.0,43.0,6.0,1.0,53,1.0,1.0,3.0,3,60,1,0.0,1,3.0,1.0,1,0.0,7,1,0,1,1,5.0,0,3.0,0,120.0,120.0,120.0,240.0,2024
2,D,24.0,55.0,7.0,1.0,73,1.0,1.0,0.0,1,78,1,0.0,0,3.0,1.0,1,0.0,7,1,0,1,1,0.0,0,1.0,0,78.0,97.0,0.0,240.0,2024
1,D,105.0,23.0,2.0,1.0,41,1.0,1.0,0.0,1,47,1,0.0,0,3.0,1.0,3,0.0,7,1,0,1,1,0.0,0,1.0,0,121.0,151.0,60.0,240.0,2024
2,D,42.0,25.0,2.0,1.0,51,1.0,0.0,0.0,1,57,1,0.0,0,5.0,1.0,1,0.0,7,1,0,1,1,0.0,0,1.0,0,97.0,121.0,0.0,240.0,2024
1,D,87.0,31.0,4.0,1.0,88,1.0,1.0,3.0,1,28,1,0.0,0,3.0,1.0,1,0.0,7,1,0,1,1,5.0,0,3.0,0,97.0,121.0,0.0,240.0,2024
1,D,172.0,23.0,2.0,1.0,41,1.0,1.0,0.0,1,47,1,0.0,0,3.0,1.0,2,0.0,7,1,0,1,1,0.0,0,1.0,0,168.0,210.0,60.0,240.0,2024
1,D,48.0,52.0,7.0,1.0,50,1.0,1.0,0.0,1,56,1,0.0,0,5.0,1.0,1,0.0,7,1,0,1,1,0.0,0,1.0,0,63.0,78.0,0.0,240.0,2024
8,D,97.0,40.0,5.0,1.0,60,1.0,0.0,0.0,1,67,2,0.0,0,5.0,3.0,1,1.0,7,1,0,1,1,0.0,0,1.0,0,151.0,188.0,60.0,240.0,2024
1,D,68.0,31.0,4.0,1.0,31,1.0,1.0,0.0,1,37,1,0.0,0,5.0,1.0,1,1.0,7,1,0,1,1,0.0,0,1.0,0,97.0,121.0,0.0,240.0,2024
3,D,97.0,60.0,7.0,1.0,31,1.0,0.0,0.0,1,37,1,0.0,0,6.0,1.0,1,0.0,7,1,0,1,1,0.0,0,1.0,0,97.0,121.0,60.0,240.0,2024
4,D,18.13,53.0,7.0,1.0,58,1.0,1.0,0.0,1,65,1,0.0,0,6.0,1.0,1,0.0,7,1,0,1,1,0.0,0,1.0,0,78.0,97.0,0.0,240.0,2024
4,D,84.0,37.0,5.0,1.0,58,1.0,1.0,0.0,1,65,1,0.0,0,3.0,2.0,1,1.0,7,1,0,1,1,0.0,0,1.0,0,97.0,121.0,60.0,240.0,2024
4,D,324.0,39.0,5.0,1.0,56,1.0,1.0,9.0,1,63,1,0.0,0,3.0,1.0,1,0.0,7,1,0,1,1,10.0,0,5.0,0,324.0,405.0,180.0,480.0,2024
1,D,84.0,26.0,3.0,1.0,50,1.0,1.0,0.0,1,56,1,0.0,0,1.0,1.0,1,0.0,7,1,0,1,1,0.0,0,1.0,0,240.0,240.0,60.0,240.0,2024
5,D,75.0,25.0,2.0,1.0,35,3.0,0.0,0.0,1,41,2,0.0,0,1.0,3.0,2,3.0,7,1,0,1,1,0.0,0,1.0,0,97.0,121.0,0.0,240.0,2024
3,D,12.03,63.0,8.0,1.0,77,1.0,0.0,0.0,1,81,1,0.0,0,3.0,1.0,1,1.0,7,1,0,1,1,0.0,0,1.0,0,97.0,121.0,0.0,240.0,2024
5,D,84.0,69.0,8.0,1.0,35,1.0,0.0,0.0,1,41,1,0.0,0,6.0,1.0,2,0.0,7,1,0,1,1,0.0,0,1.0,0,121.0,151.0,60.0,240.0,2024
1,D,48.0,23.0,2.0,1.0,92,1.0,1.0,0.0,1,33,1,0.0,0,3.0,1.0,1,0.0,7,1,0,1,1,0.0,0,1.0,0,78.0,97.0,0.0,240.0,2024
8,D,96.0,39.0,5.0,1.0,60,1.0,1.0,0.0,1,67,2,0.0,0,1.0,3.0,1,0.0,7,1,0,1,1,0.0,0,1.0,0,121.0,151.0,60.0,240.0,2024
1,D,144.0,71.0,8.0,1.0,9,1.0,1.0,3.0,1,6,1,0.0,0,3.0,1.0,2,2.0,7,1,0,1,1,3.0,0,2.0,0,120.0,120.0,120.0,240.0,2024
1,D,180.0,38.0,5.0,1.0,24,1.0,1.0,6.0,1,22,1,0.0,0,6.0,1.0,1,0.0,7,1,0,1,1,6.0,0,3.0,0,180.0,180.0,180.0,480.0,2024
2,D,120.0,47.0,6.0,1.0,77,1.0,1.0,3.0,1,81,1,0.0,0,3.0,1.0,1,0.0,7,1,0,1,1,3.0,0,2.0,0,120.0,120.0,120.0,240.0,2024
2,D,160.0,40.0,5.0,1.0,24,1.0,1.0,3.0,1,22,1,0.0,0,5.0,1.0,1,0.0,7,1,0,1,1,3.0,0,2.0,0,188.0,235.0,120.0,240.0,2024
0,D,121.0,26.0,3.0,1.0,33,1.0,0.0,0.0,1,40,1,0.0,0,5.0,1.0,1,0.0,7,1,0,1,1,0.0,0,1.0,0,97.0,121.0,0.0,240.0,2024
6,D,60.0,35.0,4.0,1.0,8,1.0,1.0,0.0,1,7,2,0.0,0,5.0,3.0,1,0.0,7,1,0,1,1,0.0,0,1.0,0,151.0,188.0,60.0,240.0,2024
6,D,80.0,46.0,6.0,1.0,21,1.0,0.0,0.0,1,18,1,0.0,0,5.0,1.0,1,1.0,7,1,0,1,1,0.0,0,1.0,0,151.0,188.0,60.0,240.0,2024
1,D,180.0,35.0,4.0,1.0,3,1.0,0.0,0.0,1,1,1,0.0,0,5.0,1.0,1,1.0,7,1,0,1,1,0.0,0,1.0,0,180.0,180.0,180.0,360.0,2024
1,D,90.0,20.0,1.0,1.0,91,1.0,1.0,0.0,1,31,1,0.0,0,1.0,2.0,1,0.0,7,1,0,1,1,0.0,0,1.0,0,210.0,240.0,60.0,240.0,2024
3,D,210.0,22.0,2.0,1.0,42,1.0,1.0,1.0,1,48,1,0.0,0,3.0,1.0,1,0.0,7,1,0,1,1,1.0,0,1.0,0,210.0,240.0,60.0,240.0,2024
2,D,120.0,55.0,7.0,1.0,21,1.0,1.0,6.0,1,18,1,0.0,0,5.0,1.0,1,0.0,7,1,0,1,1,8.0,0,4.0,0,120.0,120.0,120.0,240.0,2024
1,D,75.0,42.0,6.0,1.0,47,1.0,0.0,0.0,1,52,1,0.0,0,6.0,6.0,1,0.0,7,1,0,1,1,0.0,0,1.0,0,151.0,188.0,60.0,240.0,2024
2,D,90.0,37.0,5.0,1.0,21,1.0,0.0,0.0,1,18,1,0.0,0,5.0,1.0,1,1.0,7,1,0,1,1,0.0,0,1.0,0,97.0,121.0,60.0,240.0,2024
1,D,262.0,35.0,4.0,1.0,66,1.0,1.0,2.0,1,72,1,0.0,0,3.0,1.0,2,0.0,7,1,0,1,1,4.0,0,3.0,0,262.0,327.0,180.0,360.0,2024
3,D,180.0,32.0,4.0,1.0,43,1.0,1.0,11.0,1,49,1,0.0,0,3.0,1.0,1,1.0,7,1,0,1,1,12.0,0,5.0,0,180.0,210.0,180.0,480.0,2024
4,D,180.0,38.0,5.0,1.0,20,1.0,1.0,5.0,1,17,1,0.0,0,5.0,1.0,1,0.0,7,1,0,1,1,5.0,0,3.0,0,180.0,180.0,180.0,480.0,2024
3,D,33.0,79.0,8.0,1.0,68,1.0,1.0,0.0,1,74,1,0.0,0,6.0,1.0,3,,8,1,0,1,1,0.0,0,1.0,0,41.0,51.0,0.0,60.0,2024
1,D,120.0,32.0,4.0,1.0,40,1.0,1.0,3.0,1,46,1,0.0,0,3.0,2.0,1,0.0,7,1,0,1,1,3.0,0,2.0,0,120.0,120.0,120.0,240.0,2024
5,D,46.0,52.0,7.0,1.0,36,1.0,1.0,2.0,1,42,1,0.0,0,6.0,6.0,1,0.0,8,1,0,1,1,2.0,0,2.0,0,37.0,46.0,0.0,60.0,2024
3,D,60.0,31.0,4.0,1.0,5,1.0,0.0,0.0,1,4,2,0.0,0,6.0,3.0,1,0.0,7,1,0,1,1,0.0,0,1.0,0,60.0,60.0,60.0,240.0,2024
5,D,180.0,37.0,5.0,1.0,92,1.0,1.0,12.0,3,33,1,0.0,1,1.0,1.0,1,0.0,7,1,0,1,1,13.0,0,6.0,0,235.0,240.0,0.0,240.0,2024
4,D,120.0,57.0,7.0,1.0,53,1.0,1.0,3.0,1,60,1,0.0,0,1.0,1.0,1,0.0,7,1,0,1,1,3.0,0,2.0,0,120.0,120.0,120.0,240.0,2024
1,D,97.0,33.0,4.0,1.0,1,1.0,1.0,23.0,1,90,1,0.0,0,1.0,1.0,1,0.0,7,1,0,1,1,25.0,0,6.0,0,188.0,235.0,60.0,240.0,2024
9,D,108.0,62.0,8.0,1.0,72,1.0,1.0,0.0,1,77,1,0.0,0,5.0,1.0,1,1.0,7,1,0,1,1,0.0,0,1.0,0,108.0,135.0,60.0,240.0,2024
8,D,140.0,37.0,5.0,1.0,60,1.0,0.0,0.0,1,67,1,0.0,0,6.0,1.0,1,0.0,7,1,0,1,1,0.0,0,1.0,0,151.0,188.0,60.0,240.0,2024
2,D,96.0,54.0,7.0,1.0,76,1.0,1.0,0.0,1,80,1,0.0,0,5.0,6.0,2,0.0,7,1,0,1,1,0.0,0,1.0,0,168.0,210.0,60.0,240.0,2024
1,D,60.0,25.0,2.0,1.0,8,1.0,1.0,0.0,1,7,1,0.0,0,5.0,2.0,1,0.0,7,1,0,1,1,0.0,0,1.0,0,87.0,108.0,60.0,240.0,2024
4,D,96.0,62.0,8.0,1.0,53,1.0,1.0,0.0,1,60,1,0.0,0,3.0,2.0,1,0.0,7,1,0,1,1,0.0,0,1.0,0,41.0,51.0,0.0,120.0,2024
2,D,63.0,33.0,4.0,1.0,24,1.0,1.0,0.0,1,22,1,0.0,0,6.0,1.0,1,0.0,7,1,0,1,1,0.0,0,1.0,0,210.0,262.0,60.0,480.0,2024
8,D,84.0,61.0,8.0,1.0,89,1.0,1.0,0.0,1,30,1,0.0,0,5.0,1.0,1,0.0,7,1,0,1,1,0.0,0,1.0,0,151.0,188.0,60.0,240.0,2024
2,D,180.0,50.0,6.0,1.0,24,1.0,1.0,5.0,1,22,1,0.0,0,3.0,1.0,1,0.0,7,1,0,1,1,5.0,0,3.0,0,188.0,235.0,180.0,480.0,2024
4,D,216.0,32.0,4.0,1.0,53,1.0,0.0,0.0,1,60,1,0.0,0,3.0,1.0,1,0.0,7,1,0,1,1,0.0,0,1.0,0,210.0,240.0,60.0,240.0,2024
1,D,144.0,36.0,5.0,1.0,14,1.0,1.0,4.0,1,12,1,0.0,0,3.0,1.0,1,0.0,7,1,0,1,1,4.0,0,3.0,0,168.0,210.0,120.0,240.0,2024
2,D,48.0,19.0,1.0,1.0,27,1.0,0.0,0.0,1,25,1,0.0,0,3.0,1.0,1,0.0,7,1,0,1,1,0.0,0,1.0,0,97.0,121.0,0.0,240.0,2024
8,D,235.0,71.0,8.0,1.0,60,1.0,1.0,3.0,3,67,1,0.0,1,5.0,1.0,2,0.0,7,1,0,1,1,3.0,0,2.0,0,235.0,293.0,180.0,480.0,2024
6,D,70.0,25.0,2.0,1.0,81,1.0,1.0,0.0,1,86,1,0.0,0,5.0,6.0,1,0.0,7,1,0,1,1,0.0,0,1.0,0,70.0,87.0,0.0,240.0,2024
2,D,60.0,29.0,3.0,1.0,76,1.0,0.0,0.0,1,80,1,0.0,0,1.0,1.0,1,0.0,7,1,0,1,1,0.0,0,1.0,0,108.0,135.0,60.0,240.0,2024
2,D,240.0,36.0,5.0,1.0,51,1.0,1.0,9.0,1,57,1,0.0,0,5.0,2.0,3,1.0,7,1,0,1,1,10.0,0,5.0,0,360.0,9996.0,120.0,9996.0,2024
2,D,60.0,38.0,5.0,1.0,51,1.0,0.0,0.0,1,57,1,0.0,0,5.0,1.0,1,0.0,7,1,0,1,1,0.0,0,1.0,0,37.0,46.0,0.0,120.0,2024
5,D,156.0,28.0,3.0,1.0,83,1.0,0.0,0.0,1,87,1,0.0,0,5.0,1.0,1,2.0,7,1,0,1,1,0.0,0,1.0,0,210.0,240.0,60.0,240.0,2024
2,D,60.0,42.0,6.0,1.0,66,1.0,1.0,0.0,1,72,1,0.0,0,5.0,1.0,1,1.0,7,1,0,1,1,0.0,0,1.0,0,121.0,151.0,60.0,9996.0,2024
3,D,63.0,47.0,6.0,1.0,26,1.0,1.0,0.0,1,24,1,0.0,0,3.0,1.0,1,0.0,7,1,0,1,1,0.0,0,1.0,0,63.0,78.0,0.0,240.0,2024
8,D,456.99,30.0,3.0,1.0,89,1.0,1.0,0.0,1,30,1,0.0,0,1.0,1.0,2,0.0,7,1,0,1,1,0.0,0,1.0,0,600.0,600.0,180.0,360.0,2024
2,D,120.0,28.0,3.0,1.0,43,1.0,1.0,0.0,1,49,1,0.0,0,5.0,1.0,1,0.0,7,1,0,1,1,0.0,0,1.0,0,168.0,210.0,60.0,240.0,2024
1,D,240.0,31.0,4.0,1.0,41,1.0,1.0,15.0,1,47,1,0.0,0,3.0,1.0,1,0.0,7,1,0,1,1,16.0,0,6.0,0,240.0,240.0,60.0,240.0,2024
8,D,42.0,28.0,3.0,1.0,60,2.0,0.0,0.0,1,67,1,0.0,0,3.0,6.0,1,0.0,7,1,0,1,1,0.0,0,1.0,0,87.0,108.0,0.0,240.0,2024
E,D,60.0,23.0,2.0,1.0,24,1.0,0.0,0.0,1,22,1,0.0,0,3.0,1.0,2,1.0,7,1,0,1,1,0.0,0,1.0,0,135.0,168.0,60.0,240.0,2024
5,D,280.0,49.0,6.0,1.0,37,1.0,1.0,3.0,1,43,1,0.0,0,3.0,1.0,1,0.0,7,1,0,1,1,3.0,0,2.0,0,292.0,365.0,180.0,480.0,2024
2,D,300.0,52.0,7.0,1.0,17,1.0,1.0,3.0,1,15,1,0.0,0,5.0,1.0,7,0.0,7,1,0,1,1,3.0,0,2.0,0,292.0,365.0,180.0,480.0,2024
1,D,120.0,46.0,6.0,1.0,8,1.0,1.0,3.0,1,7,1,0.0,0,5.0,1.0,1,0.0,7,1,0,1,1,3.0,0,2.0,0,120.0,120.0,120.0,240.0,2024
6,D,97.0,43.0,6.0,1.0,21,1.0,1.0,0.0,1,18,1,0.0,0,5.0,1.0,1,2.0,7,1,0,1,1,0.0,0,1.0,0,151.0,188.0,60.0,240.0,2024
1,D,36.0,34.0,4.0,1.0,8,1.0,0.0,0.0,1,7,1,0.0,0,3.0,6.0,1,0.0,7,1,0,1,1,0.0,0,1.0,0,97.0,120.0,0.0,120.0,2024
4,D,70.0,64.0,8.0,1.0,59,1.0,1.0,0.0,1,66,1,0.0,0,3.0,1.0,1,0.0,7,1,0,1,1,0.0,0,1.0,0,78.0,97.0,0.0,120.0,2024
5,B,1.0,31.0,4.0,1.0,37,1.0,1.0,0.0,1,43,1,1.0,0,6.0,1.0,2,1.0,8,1,0,2,1,0.0,0,1.0,0,8.0,14.0,0.0,60.0,2024
1,D,46.0,53.0,7.0,1.0,93,1.0,0.0,0.0,1,32,1,0.0,0,6.0,1.0,1,0.0,7,1,0,1,1,0.0,0,1.0,0,135.0,168.0,0.0,240.0,2024
6,D,240.0,37.0,5.0,1.0,11,1.0,1.0,0.0,1,9,1,0.0,0,5.0,1.0,2,1.0,7,1,0,1,1,0.0,0,1.0,0,262.0,327.0,60.0,240.0,2024
6,D,,26.0,3.0,1.0,11,1.0,0.0,0.0,1,9,1,0.0,0,6.0,1.0,1,0.0,7,0,1,4,0,0.0,0,1.0,0,18.0,24.0,0.0,240.0,2024
2,D,37.0,65.0,8.0,1.0,17,1.0,0.0,0.0,1,15,1,0.0,0,5.0,1.0,1,0.0,7,1,0,2,1,0.0,0,1.0,0,70.0,87.0,0.0,240.0,2024
2,D,24.0,43.0,6.0,1.0,27,1.0,1.0,1.0,1,25,1,0.0,0,5.0,2.0,1,1.0,7,1,0,1,1,1.0,0,1.0,0,51.0,63.0,0.0,240.0,2024
4,D,84.0,54.0,7.0,1.0,53,1.0,1.0,0.0,1,60,1,0.0,0,6.0,1.0,1,0.0,7,1,0,1,1,0.0,0,1.0,0,30.0,37.0,0.0,120.0,2024
1,D,60.0,45.0,6.0,1.0,3,1.0,0.0,0.0,1,1,1,0.0,0,3.0,1.0,2,0.0,7,1,0,1,1,0.0,0,1.0,0,70.0,87.0,60.0,240.0,2024
3,D,235.0,73.0,8.0,1.0,90,1.0,1.0,0.0,3,29,1,0.0,1,6.0,1.0,1,0.0,7,1,0,1,1,0.0,0,1.0,0,235.0,293.0,180.0,480.0,2024
8,D,293.0,55.0,7.0,1.0,89,1.0,1.0,3.0,1,30,1,0.0,0,5.0,1.0,2,0.0,7,1,0,1,1,3.0,0,2.0,0,235.0,293.0,180.0,480.0,2024
5,D,60.0,65.0,8.0,1.0,90,1.0,1.0,0.0,1,29,1,0.0,0,3.0,1.0,1,0.0,7,1,0,1,1,0.0,0,1.0,0,87.0,108.0,60.0,240.0,2024
1,D,60.0,33.0,4.0,1.0,3,1.0,0.0,0.0,1,1,1,0.0,0,3.0,1.0,3,0.0,7,1,0,1,1,0.0,0,1.0,0,210.0,262.0,60.0,240.0,2024
6,D,78.0,74.0,8.0,1.0,59,1.0,1.0,0.0,1,66,0,0.0,0,6.0,1.0,1,0.0,7,1,0,1,1,0.0,0,1.0,0,151.0,188.0,60.0,240.0,2024
2,D,60.0,38.0,5.0,1.0,12,1.0,1.0,8.0,1,10,1,0.0,0,3.0,1.0,1,0.0,7,1,0,1,1,9.0,0,4.0,0,57.0,71.0,0.0,120.0,2024
4,D,110.0,61.0,8.0,1.0,94,1.0,1.0,1.0,1,34,1,0.0,0,5.0,1.0,1,1.0,7,1,0,1,1,1.0,0,1.0,0,97.0,121.0,0.0,240.0,2024
1,D,60.0,51.0,7.0,1.0,3,1.0,1.0,0.0,1,1,1,0.0,0,3.0,1.0,1,0.0,7,1,0,1,1,0.0,0,1.0,0,78.0,97.0,60.0,240.0,2024
3,D,0.07,42.0,6.0,1.0,5,1.0,0.0,0.0,1,4,2,0.0,0,1.0,3.0,1,0.0,7,1,0,1,1,0.0,0,1.0,0,78.0,97.0,0.0,240.0,2024
8,D,114.0,29.0,3.0,1.0,60,2.0,1.0,0.0,1,67,2,0.0,0,1.0,3.0,1,0.0,7,1,0,1,1,0.0,0,1.0,0,151.0,188.0,60.0,240.0,2024
4,D,300.0,33.0,4.0,1.0,59,1.0,1.0,3.0,1,66,1,0.0,0,3.0,1.0,3,0.0,7,1,0,1,1,3.0,0,2.0,0,180.0,210.0,180.0,480.0,2024
1,D,145.0,42.0,6.0,1.0,51,1.0,1.0,4.0,1,57,1,0.0,0,3.0,1.0,1,0.0,7,1,0,1,1,4.0,0,3.0,0,120.0,120.0,120.0,240.0,2024
3,D,28.0,56.0,7.0,1.0,68,1.0,1.0,0.0,1,74,1,0.0,0,5.0,2.0,1,0.0,7,1,0,1,1,0.0,0,1.0,0,78.0,97.0,0.0,240.0,2024
1,D,27.0,65.0,8.0,1.0,70,1.0,1.0,0.0,1,75,1,0.0,0,3.0,1.0,1,0.0,7,1,0,1,1,0.0,0,1.0,0,63.0,78.0,0.0,240.0,2024
4,D,84.0,49.0,6.0,1.0,58,1.0,1.0,0.0,1,65,1,1.0,0,1.0,1.0,1,0.0,7,1,0,1,1,0.0,0,1.0,0,121.0,151.0,0.0,240.0,2024
2,B,0.03,26.0,3.0,1.0,2,2.0,1.0,0.0,1,0,1,1.0,0,5.0,2.0,1,0.0,8,1,0,1,1,0.0,0,1.0,0,6.0,12.0,0.0,60.0,2024
8,D,42.0,42.0,6.0,1.0,65,1.0,0.0,0.0,1,73,1,0.0,0,5.0,1.0,1,0.0,7,1,0,1,1,0.0,0,1.0,0,78.0,97.0,0.0,240.0,2024
3,B,,25.0,2.0,1.0,23,1.0,1.0,0.0,2,20,1,0.0,0,3.0,1.0,1,2.0,8,0,1,4,0,0.0,0,1.0,0,8.0,14.0,0.0,60.0,2024
3,B,,40.0,5.0,1.0,23,1.0,1.0,0.0,1,20,1,0.0,0,3.0,1.0,1,5.0,8,0,1,4,0,0.0,0,1.0,0,8.0,14.0,0.0,60.0,2024
3,D,,42.0,6.0,1.0,23,1.0,1.0,4.0,1,20,1,0.0,0,1.0,1.0,1,0.0,8,0,1,3,0,4.0,0,3.0,0,18.0,24.0,0.0,60.0,2024
4,D,97.0,55.0,7.0,1.0,82,1.0,1.0,1.0,1,85,1,0.0,0,3.0,6.0,2,0.0,7,1,0,1,1,1.0,0,1.0,0,97.0,121.0,60.0,240.0,2024
4,D,60.0,78.0,8.0,1.0,60,1.0,1.0,0.0,1,67,1,0.0,0,5.0,1.0,1,0.0,7,1,0,1,1,0.0,0,1.0,0,97.0,121.0,60.0,240.0,2024
2,D,60.0,57.0,7.0,1.0,76,1.0,0.0,0.0,1,80,1,0.0,0,5.0,1.0,1,0.0,7,1,0,1,1,0.0,0,1.0,0,97.0,121.0,60.0,240.0,2024
1,D,60.0,34.0,4.0,1.0,91,1.0,1.0,0.0,1,31,2,0.0,0,5.0,3.0,1,0.0,7,1,0,1,1,0.0,0,1.0,0,78.0,97.0,0.0,240.0,2024
5,D,97.0,25.0,2.0,1.0,36,1.0,1.0,1.0,1,42,2,0.0,0,3.0,3.0,1,0.0,7,1,0,1,1,1.0,0,1.0,0,97.0,121.0,60.0,240.0,2024
6,D,79.1,37.0,5.0,1.0,21,1.0,1.0,4.0,1,18,1,0.0,0,5.0,1.0,1,0.0,7,1,0,1,1,4.0,0,2.0,0,240.0,240.0,60.0,240.0,2024
4,D,120.0,64.0,8.0,1.0,61,1.0,1.0,3.0,1,68,1,0.0,0,5.0,1.0,1,0.0,7,1,0,1,1,3.0,0,2.0,0,120.0,120.0,120.0,240.0,2024
2,D,71.0,38.0,5.0,1.0,59,1.0,1.0,0.0,1,66,0,0.0,0,1.0,1.0,1,0.0,7,1,0,1,1,0.0,0,1.0,0,151.0,188.0,60.0,240.0,2024
C,D,60.0,39.0,5.0,1.0,46,1.0,1.0,0.0,1,53,1,0.0,0,5.0,1.0,1,0.0,7,1,0,1,1,0.0,0,1.0,0,60.0,60.0,60.0,240.0,2024
5,D,240.0,33.0,4.0,1.0,62,1.0,1.0,0.0,1,69,2,0.0,0,3.0,3.0,2,0.0,7,1,0,1,1,0.0,0,1.0,0,600.0,600.0,180.0,360.0,2024
1,D,360.0,66.0,8.0,1.0,66,1.0,1.0,0.0,1,72,1,0.0,0,5.0,1.0,1,0.0,7,1,0,1,1,0.0,0,1.0,0,360.0,480.0,180.0,480.0,2024
1,D,120.0,37.0,5.0,1.0,51,1.0,1.0,3.0,1,57,1,0.0,0,1.0,1.0,1,0.0,7,1,0,1,1,3.0,0,2.0,0,168.0,210.0,60.0,240.0,2024
3,D,78.0,34.0,4.0,1.0,75,1.0,0.0,0.0,2,79,2,0.0,0,3.0,3.0,1,1.0,7,1,0,1,1,0.0,0,1.0,0,151.0,188.0,60.0,240.0,2024
2,D,90.0,60.0,7.0,1.0,39,1.0,0.0,0.0,1,45,1,0.0,0,3.0,1.0,1,0.0,7,1,0,1,1,0.0,0,1.0,0,135.0,168.0,60.0,240.0,2024
1,D,60.0,40.0,5.0,1.0,9,1.0,1.0,3.0,1,6,2,0.0,0,3.0,3.0,3,3.0,7,1,0,1,1,3.0,0,2.0,0,135.0,168.0,60.0,240.0,2024
5,D,60.0,26.0,3.0,1.0,83,1.0,0.0,0.0,1,87,1,0.0,0,3.0,1.0,1,0.0,7,1,0,1,1,0.0,0,1.0,0,78.0,97.0,0.0,240.0,2024
2,B,,78.0,8.0,1.0,65,1.0,1.0,1.0,1,73,1,0.0,0,5.0,1.0,1,0.0,8,0,1,4,0,1.0,0,1.0,0,6.0,12.0,0.0,60.0,2024
4,D,198.0,37.0,5.0,1.0,59,1.0,1.0,0.0,1,66,1,0.0,0,3.0,1.0,1,2.0,7,1,0,1,1,0.0,0,1.0,0,240.0,240.0,60.0,240.0,2024
4,D,,44.0,6.0,1.0,59,1.0,0.0,0.0,1,66,0,0.0,0,5.0,1.0,1,0.0,7,0,1,4,0,0.0,0,1.0,0,51.0,63.0,0.0,240.0,2024
2,D,228.0,33.0,4.0,1.0,35,1.0,1.0,5.0,1,41,2,0.0,0,5.0,3.0,1,0.0,7,1,0,1,1,5.0,0,3.0,0,240.0,240.0,120.0,240.0,2024
1,D,135.0,50.0,6.0,1.0,55,1.0,0.0,0.0,1,62,1,0.0,0,5.0,1.0,1,1.0,7,1,0,1,1,0.0,0,1.0,0,135.0,168.0,0.0,240.0,2024
1,D,72.0,30.0,3.0,1.0,50,1.0,1.0,0.0,1,56,1,0.0,0,3.0,1.0,2,0.0,7,1,0,1,1,0.0,0,1.0,0,97.0,121.0,60.0,240.0,2024
6,D,120.0,43.0,6.0,1.0,36,1.0,1.0,0.0,1,42,1,0.0,0,5.0,1.0,1,0.0,7,1,0,1,1,0.0,0,1.0,0,97.0,121.0,0.0,240.0,2024
3,D,46.0,47.0,6.0,1.0,36,1.0,0.0,0.0,1,42,2,0.0,0,6.0,3.0,1,3.0,7,1,0,1,1,0.0,0,1.0,0,57.0,71.0,0.0,240.0,2024
1,D,84.0,52.0,7.0,1.0,41,1.0,0.0,0.0,1,47,1,0.0,0,1.0,1.0,2,0.0,7,1,0,1,1,0.0,0,1.0,0,108.0,135.0,60.0,240.0,2024
8,D,120.0,37.0,5.0,1.0,60,1.0,0.0,0.0,1,67,1,0.0,0,6.0,1.0,1,2.0,7,1,0,1,1,0.0,0,1.0,0,151.0,188.0,60.0,240.0,2024
2,D,70.0,36.0,5.0,1.0,73,1.0,1.0,0.0,1,78,1,0.0,0,3.0,2.0,1,0.0,7,1,0,1,1,0.0,0,1.0,0,151.0,188.0,60.0,240.0,2024
3,D,60.0,27.0,3.0,1.0,63,1.0,0.0,0.0,1,95,1,0.0,0,3.0,1.0,1,0.0,7,1,0,1,1,0.0,0,1.0,0,210.0,240.0,60.0,240.0,2024
6,D,88.0,36.0,5.0,1.0,59,1.0,1.0,0.0,1,66,0,0.0,0,3.0,1.0,1,0.0,7,1,0,1,1,0.0,0,1.0,0,151.0,188.0,60.0,240.0,2024
2,D,54.0,38.0,5.0,1.0,24,1.0,1.0,0.0,1,22,1,0.0,0,5.0,1.0,1,0.0,7,1,0,1,1,0.0,0,1.0,0,78.0,97.0,0.0,240.0,2024
4,D,84.0,54.0,7.0,1.0,53,1.0,0.0,0.0,1,60,1,0.0,0,5.0,1.0,1,0.0,7,1,0,1,1,0.0,0,1.0,0,33.0,41.0,0.0,120.0,2024
2,D,36.0,35.0,4.0,1.0,85,1.0,1.0,0.0,1,89,1,0.0,0,5.0,1.0,1,2.0,7,1,0,1,1,0.0,0,1.0,0,97.0,121.0,0.0,240.0,2024
2,D,121.0,58.0,7.0,1.0,66,1.0,1.0,3.0,1,72,1,0.0,0,5.0,1.0,1,0.0,7,1,0,1,1,3.0,0,2.0,0,120.0,135.0,120.0,240.0,2024
1,D,151.0,41.0,6.0,1.0,9,1.0,1.0,0.0,1,6,1,0.0,0,3.0,1.0,2,3.0,7,1,0,1,1,0.0,0,1.0,0,151.0,188.0,60.0,240.0,2024
4,C,12.03,47.0,6.0,1.0,35,1.0,1.0,3.0,1,41,1,1.0,0,1.0,2.0,1,0.0,8,1,0,1,1,3.0,0,2.0,0,12.0,18.0,0.0,60.0,2024
4,D,97.0,43.0,6.0,1.0,53,1.0,1.0,1.0,1,60,1,0.0,0,5.0,1.0,1,1.0,7,1,0,1,1,1.0,0,1.0,0,97.0,121.0,60.0,240.0,2024
2,D,120.0,40.0,5.0,1.0,77,1.0,1.0,3.0,1,81,0,0.0,0,3.0,1.0,1,0.0,7,1,0,1,1,3.0,0,2.0,0,120.0,120.0,120.0,240.0,2024
4,C,,23.0,2.0,1.0,34,1.0,0.0,0.0,1,39,1,1.0,0,1.0,2.0,1,0.0,8,0,1,4,0,0.0,0,1.0,0,12.0,18.0,0.0,60.0,2024
8,D,37.0,70.0,8.0,1.0,65,1.0,1.0,0.0,1,73,1,0.0,0,6.0,1.0,1,0.0,7,1,0,1,1,0.0,0,1.0,0,78.0,97.0,0.0,240.0,2024
1,D,96.0,31.0,4.0,1.0,93,1.0,1.0,4.0,1,32,1,0.0,0,6.0,1.0,1,0.0,7,1,0,1,1,4.0,0,3.0,0,235.0,240.0,60.0,240.0,2024
2,D,70.0,22.0,2.0,1.0,36,1.0,1.0,0.0,1,42,2,0.0,0,3.0,3.0,1,0.0,7,1,0,1,1,0.0,0,1.0,0,60.0,60.0,60.0,240.0,2024
5,D,136.0,47.0,6.0,1.0,36,1.0,0.0,0.0,1,42,2,0.0,0,3.0,3.0,1,0.0,7,1,0,2,1,0.0,0,1.0,0,121.0,151.0,60.0,240.0,2024
4,D,88.0,54.0,7.0,1.0,58,1.0,0.0,0.0,1,65,1,0.0,0,5.0,1.0,1,1.0,7,1,0,1,1,0.0,0,1.0,0,78.0,97.0,0.0,240.0,2024
2,D,121.0,49.0,6.0,1.0,26,1.0,1.0,0.0,1,24,1,0.0,0,3.0,1.0,1,0.0,7,1,0,1,1,0.0,0,1.0,0,97.0,121.0,0.0,240.0,2024
1,D,78.0,51.0,7.0,1.0,11,1.0,1.0,3.0,1,9,1,0.0,0,3.0,1.0,1,0.0,7,1,0,1,1,3.0,0,2.0,0,120.0,120.0,120.0,240.0,2024
8,D,97.0,25.0,2.0,1.0,89,1.0,0.0,0.0,1,30,1,0.0,0,5.0,1.0,2,0.0,7,1,0,1,1,0.0,0,1.0,0,151.0,188.0,60.0,240.0,2024
6,D,144.0,21.0,2.0,1.0,33,1.0,1.0,0.0,1,40,1,0.0,0,3.0,1.0,1,0.0,7,1,0,1,1,0.0,0,1.0,0,240.0,240.0,60.0,240.0,2024
4,D,64.0,36.0,5.0,1.0,60,1.0,1.0,2.0,1,67,1,0.0,0,3.0,1.0,2,2.0,7,1,0,1,1,2.0,0,2.0,0,151.0,188.0,60.0,240.0,2024
6,D,73.0,46.0,6.0,1.0,75,1.0,1.0,0.0,1,79,1,0.0,0,5.0,1.0,2,0.0,7,1,0,1,1,0.0,0,1.0,0,151.0,188.0,60.0,240.0,2024
0,D,75.0,56.0,7.0,1.0,91,1.0,0.0,0.0,1,31,1,0.0,0,5.0,1.0,1,0.0,7,1,0,1,1,0.0,0,1.0,0,151.0,188.0,60.0,240.0,2024
2,D,276.0,39.0,5.0,1.0,17,1.0,1.0,0.0,1,15,1,0.0,0,6.0,1.0,7,2.0,7,1,0,1,1,0.0,0,1.0,0,2040.0,2040.0,180.0,360.0,2024
5,D,210.0,52.0,7.0,1.0,36,1.0,0.0,0.0,1,42,2,0.0,0,6.0,3.0,1,0.0,7,1,0,1,1,0.0,0,1.0,0,151.0,188.0,60.0,240.0,2024
6,D,120.0,43.0,6.0,1.0,89,1.0,1.0,1.0,1,30,1,0.0,0,1.0,1.0,1,0.0,7,1,0,1,1,1.0,0,1.0,0,120.0,120.0,120.0,240.0,2024
2,D,78.0,54.0,7.0,1.0,27,1.0,1.0,1.0,1,25,1,0.0,0,3.0,1.0,1,0.0,7,1,0,1,1,1.0,0,1.0,0,78.0,97.0,0.0,240.0,2024
5,D,72.0,23.0,2.0,1.0,36,1.0,1.0,0.0,1,42,2,0.0,0,3.0,3.0,1,0.0,7,1,0,1,1,0.0,0,1.0,0,63.0,78.0,0.0,120.0,2024
4,A,2.0,49.0,6.0,1.0,35,1.0,1.0,0.0,1,41,2,0.0,0,5.0,3.0,1,0.0,8,1,0,1,1,0.0,0,1.0,0,0.0,6.0,0.0,60.0,2024
3,D,60.0,47.0,6.0,1.0,23,1.0,0.0,0.0,1,20,1,0.0,0,5.0,1.0,1,0.0,7,1,0,1,1,0.0,0,1.0,0,87.0,108.0,60.0,240.0,2024
8,D,48.0,65.0,8.0,1.0,35,1.0,1.0,0.0,1,41,2,0.0,0,6.0,3.0,1,0.0,7,1,0,1,1,0.0,0,1.0,0,78.0,97.0,0.0,240.0,2024
2,D,0.03,57.0,7.0,1.0,2,1.0,1.0,0.0,1,0,1,0.0,0,5.0,1.0,1,0.0,7,1,0,1,1,0.0,0,1.0,0,51.0,63.0,0.0,120.0,2024
1,D,90.0,42.0,6.0,1.0,41,1.0,0.0,0.0,1,47,0,0.0,0,5.0,1.0,2,2.0,7,1,0,1,1,0.0,0,1.0,0,151.0,188.0,60.0,240.0,2024
6,D,97.0,46.0,6.0,1.0,89,1.0,1.0,0.0,1,30,2,0.0,0,5.0,3.0,2,2.0,7,1,0,1,1,0.0,0,1.0,0,78.0,97.0,0.0,240.0,2024
4,D,14.95,34.0,4.0,1.0,35,1.0,1.0,16.0,1,41,1,0.0,0,5.0,2.0,1,5.0,8,1,0,1,1,16.0,0,6.0,0,24.0,30.0,0.0,60.0,2024
1,D,72.0,28.0,3.0,1.0,71,1.0,0.0,0.0,1,76,1,0.0,0,5.0,1.0,1,1.0,7,1,0,1,1,0.0,0,1.0,0,63.0,78.0,0.0,240.0,2024
3,D,180.0,35.0,4.0,1.0,56,1.0,1.0,3.0,1,63,1,0.0,0,3.0,6.0,1,0.0,7,1,0,1,1,3.0,0,2.0,0,180.0,180.0,180.0,480.0,2024
1,D,151.0,26.0,3.0,1.0,91,1.0,0.0,0.0,1,31,2,0.0,0,6.0,3.0,1,0.0,7,1,0,1,1,0.0,0,1.0,0,151.0,188.0,60.0,240.0,2024
3,D,120.0,32.0,4.0,1.0,35,1.0,1.0,0.0,1,41,1,0.0,0,5.0,2.0,3,0.0,7,1,0,1,1,0.0,0,1.0,0,151.0,188.0,60.0,240.0,2024
5,D,151.0,44.0,6.0,1.0,30,1.0,1.0,0.0,1,36,2,0.0,0,5.0,3.0,1,0.0,7,1,0,1,1,0.0,0,1.0,0,151.0,188.0,60.0,240.0,2024
5,D,41.0,39.0,5.0,1.0,54,1.0,1.0,0.0,1,61,1,1.0,0,3.0,1.0,1,1.0,7,1,0,1,1,0.0,0,1.0,0,78.0,97.0,0.0,240.0,2024
1,D,120.0,35.0,4.0,1.0,91,1.0,1.0,0.0,1,31,1,0.0,0,5.0,1.0,2,0.0,7,1,0,1,1,0.0,0,1.0,0,151.0,188.0,0.0,240.0,2024
2,D,90.0,62.0,8.0,1.0,65,1.0,1.0,0.0,1,73,1,0.0,0,6.0,1.0,1,0.0,7,1,0,1,1,0.0,0,1.0,0,78.0,97.0,0.0,240.0,2024
2,D,78.0,35.0,4.0,1.0,36,1.0,1.0,1.0,1,42,2,0.0,0,3.0,3.0,1,1.0,7,1,0,1,1,1.0,0,1.0,0,63.0,78.0,60.0,240.0,2024
1,D,154.0,42.0,6.0,1.0,72,1.0,1.0,2.0,3,77,1,0.0,1,5.0,1.0,2,3.0,7,1,0,1,1,2.0,0,2.0,0,151.0,188.0,120.0,9996.0,2024
1,D,162.0,32.0,4.0,1.0,11,1.0,1.0,8.0,1,9,1,0.0,0,3.0,1.0,1,0.0,7,1,0,1,1,9.0,0,4.0,0,188.0,235.0,120.0,240.0,2024
2,D,235.0,24.0,2.0,1.0,87,1.0,1.0,0.0,1,26,1,0.0,0,1.0,2.0,1,0.0,7,1,0,1,1,0.0,0,1.0,0,235.0,240.0,0.0,240.0,2024
1,D,63.0,48.0,6.0,1.0,71,1.0,1.0,0.0,1,76,1,0.0,0,5.0,1.0,1,0.0,7,1,0,1,1,0.0,0,1.0,0,78.0,97.0,0.0,240.0,2024
1,D,216.0,55.0,7.0,1.0,19,1.0,1.0,4.0,1,16,1,0.0,0,5.0,1.0,1,0.0,7,1,0,1,1,4.0,0,5.0,0,360.0,9996.0,120.0,9996.0,2024
3,D,41.0,36.0,5.0,1.0,29,1.0,1.0,11.0,1,96,1,0.0,0,3.0,2.0,2,6.0,8,1,0,1,1,11.0,0,5.0,0,41.0,51.0,0.0,60.0,2024
2,D,288.0,48.0,6.0,1.0,87,1.0,1.0,0.0,3,26,1,0.0,1,5.0,1.0,3,1.0,7,1,0,1,1,0.0,0,1.0,0,360.0,720.0,60.0,240.0,2024
1,D,78.0,33.0,4.0,1.0,9,3.0,0.0,0.0,1,6,2,0.0,0,5.0,3.0,1,1.0,7,1,0,1,1,0.0,0,1.0,0,78.0,97.0,0.0,240.0,2024
1,D,72.0,68.0,8.0,1.0,6,1.0,1.0,0.0,1,3,1,0.0,0,6.0,1.0,1,0.0,7,1,0,1,1,0.0,0,1.0,0,121.0,151.0,60.0,240.0,2024
6,D,78.0,46.0,6.0,1.0,75,1.0,1.0,0.0,1,79,1,0.0,0,3.0,1.0,1,0.0,7,1,0,1,1,0.0,0,1.0,0,97.0,121.0,60.0,240.0,2024
4,D,60.0,24.0,2.0,1.0,59,1.0,1.0,0.0,1,66,0,0.0,0,6.0,2.0,1,0.0,8,1,0,1,1,0.0,0,1.0,0,27.0,33.0,0.0,240.0,2024
4,D,84.0,36.0,5.0,1.0,59,1.0,1.0,2.0,1,66,1,0.0,0,5.0,2.0,1,0.0,7,1,0,1,1,2.0,0,2.0,0,168.0,210.0,60.0,240.0,2024
4,D,96.0,29.0,3.0,1.0,59,1.0,0.0,0.0,1,66,0,0.0,0,3.0,1.0,1,0.0,7,1,0,1,1,0.0,0,1.0,0,210.0,240.0,60.0,240.0,2024
5,D,216.0,25.0,2.0,1.0,34,1.0,1.0,0.0,1,39,2,0.0,0,5.0,3.0,1,0.0,7,1,0,1,1,0.0,0,1.0,0,188.0,235.0,60.0,240.0,2024
1,D,292.0,53.0,7.0,1.0,41,1.0,1.0,7.0,1,47,1,0.0,0,5.0,1.0,2,2.0,7,1,0,1,1,8.0,0,4.0,0,292.0,365.0,180.0,480.0,2024
4,D,121.0,20.0,1.0,1.0,34,3.0,0.0,0.0,1,39,2,0.0,0,3.0,3.0,1,0.0,7,1,0,1,1,0.0,0,1.0,0,121.0,151.0,60.0,240.0,2024
1,D,60.0,26.0,3.0,1.0,17,1.0,0.0,0.0,1,15,1,0.0,0,6.0,1.0,1,0.0,7,1,0,1,1,0.0,0,1.0,0,97.0,121.0,60.0,240.0,2024
1,D,24.0,40.0,5.0,1.0,72,1.0,1.0,3.0,1,77,1,0.0,0,5.0,1.0,1,1.0,7,1,0,1,1,3.0,0,2.0,0,27.0,33.0,0.0,120.0,2024
2,D,97.0,45.0,6.0,1.0,24,1.0,1.0,0.0,1,22,1,0.0,0,6.0,1.0,1,2.0,7,1,0,1,1,0.0,0,1.0,0,121.0,151.0,60.0,240.0,2024
5,D,60.0,21.0,2.0,1.0,37,1.0,1.0,0.0,1,43,1,0.0,0,5.0,1.0,1,0.0,7,1,0,1,1,0.0,0,1.0,0,97.0,121.0,60.0,240.0,2024
5,D,30.0,34.0,4.0,1.0,62,4.0,0.0,0.0,1,69,0,0.0,0,6.0,6.0,1,0.0,7,1,0,1,1,0.0,0,1.0,0,46.0,57.0,0.0,240.0,2024
2,D,108.0,53.0,7.0,1.0,59,2.0,1.0,4.0,1,66,0,0.0,0,3.0,6.0,1,0.0,7,1,0,1,1,4.0,0,3.0,0,121.0,151.0,60.0,240.0,2024
1,D,60.0,35.0,4.0,1.0,14,1.0,1.0,0.0,1,12,1,0.0,0,3.0,1.0,1,0.0,7,1,0,1,1,0.0,0,1.0,0,78.0,97.0,0.0,240.0,2024
1,D,120.0,33.0,4.0,1.0,66,1.0,0.0,0.0,1,72,1,0.0,0,5.0,1.0,2,0.0,7,1,0,1,1,0.0,0,1.0,0,108.0,135.0,60.0,240.0,2024
9,D,48.0,54.0,7.0,1.0,91,1.0,0.0,0.0,1,31,1,0.0,0,6.0,1.0,1,1.0,7,1,0,1,1,0.0,0,1.0,0,78.0,97.0,0.0,240.0,2024
2,D,120.0,56.0,7.0,1.0,59,1.0,1.0,0.0,1,66,0,0.0,0,5.0,1.0,1,0.0,7,1,0,1,1,0.0,0,1.0,0,120.0,120.0,120.0,240.0,2024
2,D,73.0,41.0,6.0,1.0,14,1.0,1.0,1.0,1,12,1,0.0,0,6.0,1.0,1,2.0,7,1,0,1,1,1.0,0,1.0,0,78.0,97.0,0.0,240.0,2024
2,D,92.0,26.0,3.0,1.0,59,1.0,1.0,0.0,1,66,1,0.0,0,3.0,1.0,1,0.0,7,1,0,1,1,0.0,0,1.0,0,97.0,121.0,60.0,240.0,2024
1,D,120.0,42.0,6.0,1.0,17,1.0,1.0,3.0,1,15,1,0.0,0,3.0,1.0,1,0.0,7,1,0,1,1,5.0,0,3.0,0,120.0,120.0,120.0,240.0,2024
1,D,48.0,53.0,7.0,1.0,10,1.0,1.0,0.0,1,8,1,0.0,0,1.0,1.0,1,0.0,7,1,0,1,1,0.0,0,1.0,0,63.0,78.0,0.0,240.0,2024
5,D,240.0,32.0,4.0,1.0,36,1.0,0.0,0.0,1,42,2,0.0,0,5.0,3.0,1,0.0,7,1,0,1,1,0.0,0,1.0,0,151.0,188.0,60.0,240.0,2024
2,D,240.0,46.0,6.0,1.0,65,1.0,1.0,9.0,1,73,1,0.0,0,5.0,1.0,1,0.0,7,1,0,1,1,9.0,0,4.0,0,210.0,262.0,180.0,480.0,2024
5,D,500.0,43.0,6.0,1.0,54,1.0,0.0,0.0,1,61,1,0.0,0,5.0,1.0,2,0.0,7,1,0,1,1,0.0,0,1.0,0,360.0,600.0,60.0,240.0,2024
2,D,144.0,35.0,4.0,1.0,64,3.0,0.0,0.0,1,70,2,0.0,0,5.0,3.0,1,0.0,7,1,0,2,1,0.0,0,1.0,0,210.0,240.0,60.0,240.0,2024
1,D,240.0,22.0,2.0,1.0,50,1.0,1.0,1.0,1,56,1,0.0,0,3.0,2.0,1,0.0,7,1,0,1,1,1.0,0,1.0,0,360.0,360.0,180.0,360.0,2024
2,D,132.0,50.0,6.0,1.0,66,1.0,1.0,0.0,1,72,2,0.0,0,3.0,3.0,2,0.0,7,1,0,1,1,0.0,0,1.0,0,262.0,327.0,60.0,240.0,2024
1,D,120.0,54.0,7.0,1.0,6,1.0,1.0,3.0,1,3,1,0.0,0,5.0,1.0,1,0.0,7,1,0,1,1,3.0,0,2.0,0,120.0,135.0,120.0,240.0,2024
6,D,120.0,34.0,4.0,1.0,81,1.0,1.0,2.0,1,86,1,0.0,0,3.0,6.0,1,0.0,7,1,0,1,1,2.0,0,2.0,0,121.0,151.0,120.0,240.0,2024
8,D,97.0,24.0,2.0,1.0,65,1.0,0.0,0.0,1,73,2,0.0,0,3.0,3.0,2,0.0,7,1,0,1,1,0.0,0,1.0,0,151.0,188.0,60.0,240.0,2024
2,D,168.0,26.0,3.0,1.0,84,1.0,1.0,1.0,1,88,1,0.0,0,3.0,1.0,1,0.0,7,1,0,1,1,1.0,0,1.0,0,120.0,120.0,120.0,240.0,2024
1,D,92.0,35.0,4.0,1.0,71,1.0,1.0,8.0,1,76,2,0.0,0,1.0,3.0,1,0.0,7,1,0,1,1,9.0,0,4.0,0,110.0,137.0,0.0,240.0,2024
2,D,70.0,27.0,3.0,1.0,14,1.0,1.0,0.0,1,12,2,0.0,0,5.0,3.0,2,0.0,7,1,0,1,1,0.0,0,1.0,0,70.0,87.0,60.0,240.0,2024
1,D,210.0,37.0,5.0,1.0,55,1.0,1.0,0.0,1,62,1,0.0,0,3.0,1.0,1,0.0,7,1,0,1,1,0.0,0,1.0,0,210.0,262.0,60.0,480.0,2024
3,D,121.0,35.0,4.0,1.0,5,1.0,0.0,0.0,1,4,2,0.0,0,6.0,3.0,1,2.0,7,1,0,1,1,0.0,0,1.0,0,121.0,151.0,60.0,240.0,2024
1,D,60.0,29.0,3.0,1.0,3,2.0,0.0,0.0,1,1,1,0.0,0,6.0,6.0,1,0.0,7,1,0,1,1,0.0,0,1.0,0,97.0,121.0,60.0,240.0,2024
1,D,48.0,27.0,3.0,1.0,93,1.0,1.0,0.0,1,32,1,0.0,0,3.0,1.0,1,0.0,7,1,0,1,1,0.0,0,1.0,0,78.0,97.0,0.0,240.0,2024
2,D,60.0,38.0,5.0,1.0,17,1.0,1.0,0.0,1,15,1,0.0,0,6.0,1.0,2,0.0,7,1,0,1,1,0.0,0,1.0,0,78.0,97.0,0.0,240.0,2024
4,D,108.0,52.0,7.0,1.0,58,1.0,1.0,0.0,1,65,1,0.0,0,3.0,1.0,1,0.0,7,1,0,1,1,0.0,0,1.0,0,135.0,168.0,0.0,240.0,2024
1,D,85.0,35.0,4.0,1.0,9,1.0,0.0,0.0,1,6,1,0.0,0,3.0,1.0,2,0.0,7,1,0,1,1,0.0,0,1.0,0,97.0,121.0,60.0,240.0,2024
8,D,78.0,40.0,5.0,1.0,65,1.0,1.0,3.0,1,73,1,0.0,0,5.0,6.0,1,0.0,7,1,0,1,1,3.0,0,2.0,0,87.0,108.0,0.0,240.0,2024
2,D,60.0,57.0,7.0,1.0,17,1.0,1.0,0.0,1,15,1,0.0,0,5.0,2.0,1,0.0,7,1,0,1,1,0.0,0,1.0,0,78.0,97.0,0.0,240.0,2024
4,D,140.0,35.0,4.0,1.0,71,1.0,1.0,2.0,1,76,1,0.0,0,5.0,6.0,1,2.0,7,1,0,1,1,2.0,0,2.0,0,151.0,188.0,0.0,240.0,2024
5,D,78.0,55.0,7.0,1.0,83,1.0,1.0,0.0,1,87,1,0.0,0,5.0,1.0,1,0.0,7,1,0,1,1,0.0,0,1.0,0,78.0,97.0,0.0,240.0,2024
1,D,74.0,38.0,5.0,1.0,41,1.0,0.0,0.0,1,47,1,0.0,0,6.0,1.0,1,6.0,7,1,0,1,1,0.0,0,1.0,0,63.0,78.0,60.0,240.0,2024
4,D,60.0,68.0,8.0,1.0,58,1.0,0.0,0.0,1,65,1,0.0,0,6.0,1.0,2,0.0,7,1,0,1,1,0.0,0,1.0,0,78.0,97.0,0.0,240.0,2024
5,D,37.0,41.0,6.0,1.0,37,1.0,1.0,9.0,1,43,1,0.0,0,3.0,2.0,1,1.0,8,1,0,1,1,9.0,0,4.0,0,30.0,37.0,0.0,120.0,2024
3,D,180.0,27.0,3.0,1.0,90,1.0,1.0,0.0,1,29,1,0.0,0,1.0,1.0,3,0.0,7,1,0,1,1,0.0,0,1.0,0,262.0,327.0,120.0,9996.0,2024
3,D,,28.0,3.0,1.0,67,1.0,1.0,0.0,1,71,2,0.0,0,5.0,3.0,1,0.0,7,0,1,3,0,0.0,0,1.0,0,97.0,121.0,0.0,240.0,2024
8,D,108.0,35.0,4.0,1.0,89,3.0,0.0,0.0,1,30,2,0.0,0,5.0,3.0,3,0.0,7,1,0,1,1,0.0,0,1.0,0,151.0,188.0,60.0,240.0,2024
5,D,300.0,42.0,6.0,1.0,37,1.0,1.0,8.0,1,43,1,0.0,0,5.0,1.0,3,0.0,7,1,0,1,1,9.0,0,4.0,0,360.0,600.0,60.0,240.0,2024
4,D,60.0,29.0,3.0,1.0,58,1.0,0.0,0.0,1,65,1,0.0,0,5.0,1.0,2,0.0,7,1,0,1,1,0.0,0,1.0,0,97.0,121.0,0.0,240.0,2024
2,D,135.0,54.0,7.0,1.0,12,1.0,1.0,3.0,1,10,1,0.0,0,3.0,1.0,1,0.0,7,1,0,1,1,3.0,0,2.0,0,120.0,135.0,120.0,240.0,2024
5,D,51.0,42.0,6.0,1.0,55,1.0,1.0,1.0,1,62,1,0.0,0,5.0,1.0,1,0.0,7,1,0,1,1,1.0,0,1.0,0,78.0,97.0,0.0,240.0,2024
2,D,51.0,52.0,7.0,1.0,17,1.0,1.0,3.0,1,15,1,0.0,0,1.0,1.0,1,0.0,7,1,0,1,1,3.0,0,2.0,0,51.0,63.0,0.0,240.0,2024
1,D,222.0,38.0,5.0,1.0,24,1.0,0.0,0.0,1,22,1,0.0,0,3.0,1.0,1,3.0,7,1,0,1,1,0.0,0,1.0,0,235.0,240.0,60.0,240.0,2024
8,D,60.0,21.0,2.0,1.0,89,2.0,0.0,0.0,1,30,1,0.0,0,5.0,1.0,2,0.0,7,1,0,1,1,0.0,0,1.0,0,97.0,121.0,60.0,240.0,2024
4,D,120.0,34.0,4.0,1.0,34,1.0,1.0,3.0,1,39,2,0.0,0,5.0,3.0,1,0.0,7,1,0,1,1,3.0,0,2.0,0,120.0,120.0,120.0,240.0,2024
4,D,276.0,35.0,4.0,1.0,59,1.0,1.0,0.0,1,66,1,0.0,0,3.0,1.0,2,3.0,7,1,0,1,1,0.0,0,1.0,0,600.0,600.0,180.0,360.0,2024
3,D,54.0,41.0,6.0,1.0,22,1.0,1.0,0.0,1,19,1,0.0,0,6.0,1.0,1,3.0,7,1,0,1,1,0.0,0,1.0,0,78.0,97.0,0.0,240.0,2024
4,D,57.0,24.0,2.0,1.0,35,1.0,0.0,0.0,1,41,2,0.0,0,5.0,3.0,1,0.0,7,1,0,1,1,0.0,0,1.0,0,78.0,97.0,0.0,240.0,2024
3,D,106.0,54.0,7.0,1.0,68,1.0,1.0,10.0,1,74,1,0.0,0,3.0,1.0,1,0.0,8,1,0,1,1,10.0,0,5.0,0,27.0,33.0,0.0,120.0,2024
5,D,48.0,33.0,4.0,1.0,83,1.0,0.0,0.0,1,87,1,0.0,0,5.0,1.0,1,1.0,7,1,0,1,1,0.0,0,1.0,0,78.0,97.0,0.0,120.0,2024
3,D,84.0,39.0,5.0,1.0,7,1.0,1.0,1.0,1,5,1,0.0,0,5.0,1.0,1,0.0,7,1,0,1,1,1.0,0,1.0,0,97.0,121.0,60.0,240.0,2024
5,D,40.0,47.0,6.0,1.0,83,1.0,0.0,0.0,1,87,1,0.0,0,5.0,1.0,1,3.0,7,1,0,1,1,0.0,0,1.0,0,97.0,121.0,0.0,240.0,2024
5,D,80.0,27.0,3.0,1.0,36,2.0,0.0,0.0,1,42,2,0.0,0,5.0,3.0,1,0.0,7,1,0,1,1,0.0,0,1.0,0,97.0,120.0,0.0,120.0,2024
5,D,97.0,50.0,6.0,1.0,37,1.0,1.0,0.0,1,43,1,0.0,0,6.0,1.0,1,0.0,7,1,0,1,1,0.0,0,1.0,0,97.0,121.0,0.0,240.0,2024
2,D,96.0,32.0,4.0,1.0,24,1.0,1.0,0.0,1,22,1,0.0,0,5.0,6.0,1,0.0,7,1,0,1,1,0.0,0,1.0,0,210.0,240.0,60.0,240.0,2024
8,D,210.0,32.0,4.0,1.0,89,1.0,1.0,0.0,1,30,0,0.0,0,1.0,1.0,2,0.0,7,1,0,1,1,0.0,0,1.0,0,210.0,262.0,60.0,240.0,2024
1,D,82.0,28.0,3.0,1.0,10,1.0,1.0,0.0,1,8,2,0.0,0,6.0,3.0,1,0.0,7,1,0,1,1,0.0,0,1.0,0,121.0,151.0,60.0,240.0,2024
8,D,210.0,53.0,7.0,1.0,60,1.0,1.0,10.0,1,67,1,0.0,0,5.0,1.0,1,0.0,7,1,0,1,1,12.0,0,5.0,0,188.0,235.0,120.0,240.0,2024
1,D,72.0,35.0,4.0,1.0,3,1.0,0.0,0.0,1,1,1,0.0,0,3.0,1.0,2,0.0,7,1,0,1,1,0.0,0,1.0,0,135.0,168.0,0.0,240.0,2024
3,D,162.0,50.0,6.0,1.0,31,1.0,1.0,12.0,1,37,0,0.0,0,1.0,1.0,1,0.0,7,1,0,1,1,12.0,0,5.0,0,130.0,162.0,120.0,240.0,2024
5,D,120.0,51.0,7.0,1.0,37,1.0,1.0,3.0,1,43,1,0.0,0,3.0,1.0,1,0.0,7,1,0,1,1,3.0,0,2.0,0,120.0,120.0,120.0,240.0,2024
3,D,97.0,58.0,7.0,1.0,34,1.0,1.0,0.0,1,39,1,0.0,0,5.0,1.0,1,0.0,7,1,0,1,1,0.0,0,1.0,0,97.0,121.0,60.0,240.0,2024
6,D,121.0,40.0,5.0,1.0,30,1.0,1.0,0.0,1,36,1,0.0,0,5.0,1.0,1,0.0,7,1,0,1,1,0.0,0,1.0,0,121.0,151.0,60.0,240.0,2024
1,D,135.0,40.0,5.0,1.0,9,1.0,1.0,6.0,1,6,1,0.0,0,3.0,1.0,1,0.0,7,1,0,1,1,6.0,0,3.0,0,121.0,151.0,120.0,240.0,2024
1,D,120.0,68.0,8.0,1.0,8,1.0,1.0,3.0,1,7,1,0.0,0,6.0,1.0,1,0.0,7,1,0,1,1,3.0,0,2.0,0,120.0,120.0,120.0,240.0,2024
6,D,180.0,35.0,4.0,1.0,30,1.0,1.0,3.0,1,36,1,0.0,0,3.0,1.0,1,0.0,7,1,0,1,1,3.0,0,2.0,0,180.0,180.0,180.0,480.0,2024
2,D,120.0,69.0,8.0,1.0,14,1.0,1.0,1.0,1,12,1,0.0,0,6.0,1.0,1,1.0,7,1,0,1,1,1.0,0,1.0,0,120.0,121.0,120.0,240.0,2024
4,D,210.0,36.0,5.0,1.0,56,1.0,1.0,2.0,1,63,1,0.0,0,3.0,1.0,1,0.0,7,1,0,1,1,2.0,0,2.0,0,235.0,240.0,60.0,240.0,2024
3,D,70.0,45.0,6.0,1.0,31,1.0,0.0,0.0,1,37,0,0.0,0,3.0,1.0,1,1.0,7,1,0,1,1,0.0,0,1.0,0,70.0,87.0,0.0,240.0,2024
2,D,74.0,53.0,7.0,1.0,54,1.0,1.0,0.0,1,61,1,0.0,0,3.0,1.0,1,0.0,7,1,0,1,1,0.0,0,1.0,0,97.0,121.0,60.0,240.0,2024
2,D,87.0,40.0,5.0,1.0,66,1.0,1.0,2.0,1,72,2,0.0,0,5.0,3.0,1,0.0,7,1,0,1,1,2.0,0,2.0,0,87.0,108.0,60.0,240.0,2024
3,D,12.03,34.0,4.0,1.0,75,1.0,1.0,1.0,1,79,1,0.0,0,3.0,1.0,1,0.0,7,1,0,1,1,1.0,0,1.0,0,51.0,63.0,0.0,240.0,2024
2,D,42.0,42.0,6.0,1.0,64,1.0,0.0,0.0,1,70,1,0.0,0,5.0,1.0,1,0.0,7,1,0,1,1,0.0,0,1.0,0,87.0,108.0,0.0,240.0,2024
4,D,108.0,49.0,6.0,1.0,82,1.0,0.0,0.0,1,85,1,0.0,0,3.0,1.0,1,0.0,7,1,0,1,1,0.0,0,1.0,0,97.0,121.0,60.0,240.0,2024
3,D,360.0,37.0,5.0,1.0,43,1.0,0.0,0.0,1,49,1,0.0,0,3.0,1.0,2,0.0,7,1,0,1,1,0.0,0,1.0,0,600.0,600.0,180.0,360.0,2024
4,D,51.0,40.0,5.0,1.0,72,1.0,1.0,0.0,1,77,1,0.0,0,5.0,1.0,1,1.0,7,1,0,1,1,0.0,0,1.0,0,51.0,63.0,0.0,240.0,2024
3,D,327.0,54.0,7.0,1.0,43,1.0,1.0,7.0,1,49,1,0.0,0,5.0,1.0,2,0.0,7,1,0,1,1,7.0,0,4.0,0,262.0,327.0,180.0,480.0,2024
5,D,96.0,23.0,2.0,1.0,36,3.0,0.0,0.0,1,42,2,0.0,0,1.0,3.0,2,1.0,7,1,0,1,1,0.0,0,1.0,0,87.0,108.0,0.0,120.0,2024
3,D,78.0,23.0,2.0,1.0,91,1.0,1.0,0.0,1,31,1,0.0,0,6.0,6.0,2,0.0,7,1,0,1,1,0.0,0,1.0,0,108.0,135.0,60.0,240.0,2024
2,D,180.0,53.0,7.0,1.0,24,1.0,1.0,3.0,1,22,1,0.0,0,5.0,1.0,1,0.0,7,1,0,1,1,3.0,0,2.0,0,180.0,180.0,180.0,480.0,2024
3,D,38.0,26.0,3.0,1.0,61,1.0,1.0,5.0,1,68,1,0.0,0,5.0,2.0,2,0.0,7,1,0,1,1,5.0,0,3.0,0,87.0,108.0,0.0,240.0,2024
1,D,18.0,25.0,2.0,1.0,6,1.0,1.0,0.0,1,3,2,0.0,0,5.0,3.0,1,0.0,7,1,0,1,1,0.0,0,1.0,0,51.0,63.0,0.0,240.0,2024
6,D,120.0,28.0,3.0,1.0,79,1.0,1.0,3.0,1,83,1,0.0,0,3.0,1.0,1,0.0,7,1,0,1,1,3.0,0,2.0,0,120.0,120.0,120.0,240.0,2024
8,D,180.0,60.0,7.0,1.0,89,1.0,1.0,3.0,1,30,1,0.0,0,3.0,1.0,2,0.0,7,1,0,1,1,3.0,0,2.0,0,180.0,180.0,180.0,480.0,2024
2,D,84.0,35.0,4.0,1.0,64,1.0,1.0,8.0,1,70,1,0.0,0,3.0,1.0,1,0.0,7,1,0,2,1,8.0,0,4.0,0,210.0,240.0,60.0,240.0,2024
1,D,24.0,49.0,6.0,1.0,80,1.0,1.0,11.0,1,84,1,0.0,0,3.0,2.0,1,0.0,8,1,0,1,0,12.0,0,5.0,0,30.0,37.0,0.0,60.0,2024
5,D,162.0,44.0,6.0,1.0,20,1.0,1.0,0.0,1,17,1,0.0,0,6.0,1.0,2,2.0,7,1,0,1,1,0.0,0,1.0,0,151.0,188.0,60.0,240.0,2024
5,D,77.0,32.0,4.0,1.0,20,1.0,1.0,0.0,1,17,1,0.0,0,5.0,1.0,1,0.0,7,1,0,1,1,0.0,0,1.0,0,151.0,188.0,60.0,240.0,2024
8,D,151.0,37.0,5.0,1.0,89,3.0,1.0,0.0,2,30,2,0.0,0,3.0,3.0,2,0.0,7,1,0,1,1,0.0,0,1.0,0,151.0,188.0,60.0,240.0,2024
4,D,120.0,32.0,4.0,1.0,35,1.0,0.0,0.0,1,41,2,0.0,0,6.0,3.0,2,0.0,7,1,0,1,1,0.0,0,1.0,0,210.0,262.0,60.0,240.0,2024
3,D,120.0,64.0,8.0,1.0,34,1.0,1.0,3.0,1,39,1,0.0,0,6.0,1.0,1,0.0,7,1,0,1,1,3.0,0,2.0,0,120.0,120.0,120.0,240.0,2024
4,D,97.0,25.0,2.0,1.0,58,1.0,0.0,0.0,1,65,1,0.0,0,5.0,1.0,2,0.0,7,1,0,1,1,0.0,0,1.0,0,151.0,188.0,60.0,240.0,2024
2,D,24.0,34.0,4.0,1.0,24,1.0,1.0,0.0,1,22,1,0.0,0,1.0,2.0,1,1.0,7,1,0,1,1,0.0,0,1.0,0,57.0,71.0,0.0,240.0,2024
4,D,150.0,63.0,8.0,1.0,58,1.0,1.0,9.0,1,65,1,0.0,0,1.0,1.0,1,0.0,7,1,0,1,1,10.0,0,5.0,0,130.0,162.0,120.0,240.0,2024
1,D,126.0,68.0,8.0,1.0,55,1.0,1.0,0.0,1,62,1,0.0,0,6.0,1.0,2,0.0,7,1,0,1,1,0.0,0,1.0,0,120.0,120.0,120.0,240.0,2024
1,D,78.0,52.0,7.0,1.0,49,1.0,1.0,0.0,1,55,1,0.0,0,1.0,1.0,1,0.0,7,1,0,1,1,0.0,0,1.0,0,78.0,97.0,60.0,240.0,2024
8,D,240.0,23.0,2.0,1.0,60,1.0,1.0,10.0,1,67,1,0.0,0,1.0,1.0,1,0.0,7,1,0,1,1,10.0,0,5.0,0,235.0,293.0,180.0,480.0,2024
2,D,176.49,38.0,5.0,1.0,51,1.0,1.0,3.0,1,57,1,0.0,0,5.0,1.0,2,0.0,7,1,0,1,1,3.0,0,2.0,0,255.0,288.0,60.0,240.0,2024
1,D,210.0,43.0,6.0,1.0,46,1.0,1.0,2.0,1,53,1,0.0,0,6.0,1.0,3,1.0,7,1,0,1,1,2.0,0,2.0,0,235.0,293.0,60.0,240.0,2024
6,D,168.0,43.0,6.0,1.0,79,1.0,0.0,0.0,1,83,1,0.0,0,3.0,1.0,1,0.0,7,1,0,1,1,0.0,0,1.0,0,168.0,210.0,60.0,240.0,2024
3,D,97.0,33.0,4.0,1.0,5,1.0,0.0,0.0,1,4,2,0.0,0,5.0,3.0,1,0.0,7,1,0,1,1,0.0,0,1.0,0,151.0,188.0,60.0,240.0,2024
2,D,66.0,46.0,6.0,1.0,76,1.0,,,1,80,0,0.0,0,,,1,,7,1,0,1,1,,0,1.0,0,63.0,78.0,60.0,240.0,2024
2,D,180.0,36.0,5.0,1.0,24,1.0,1.0,6.0,3,22,2,0.0,1,3.0,3.0,2,0.0,7,1,0,1,1,6.0,0,3.0,0,180.0,180.0,180.0,480.0,2024
5,D,46.0,25.0,2.0,1.0,83,1.0,1.0,0.0,1,87,1,0.0,0,3.0,2.0,1,0.0,7,1,0,1,1,0.0,0,1.0,0,46.0,57.0,0.0,240.0,2024
2,D,70.0,45.0,6.0,1.0,65,1.0,1.0,0.0,1,73,1,0.0,0,6.0,1.0,1,2.0,7,1,0,1,1,0.0,0,1.0,0,135.0,168.0,60.0,240.0,2024
5,D,30.0,35.0,4.0,1.0,36,1.0,0.0,0.0,1,42,2,0.0,0,6.0,3.0,1,0.0,7,1,0,1,1,0.0,0,1.0,0,135.0,168.0,0.0,240.0,2024
5,D,456.0,28.0,3.0,1.0,37,1.0,1.0,0.0,1,43,1,0.0,0,3.0,6.0,2,0.0,7,1,0,1,1,0.0,0,1.0,0,600.0,600.0,180.0,360.0,2024
5,D,48.0,41.0,6.0,1.0,83,1.0,1.0,0.0,1,87,1,0.0,0,5.0,1.0,1,3.0,7,1,0,1,1,0.0,0,1.0,0,63.0,78.0,0.0,240.0,2024
1,D,97.0,32.0,4.0,1.0,40,1.0,0.0,0.0,1,46,1,1.0,0,5.0,6.0,1,3.0,7,1,0,1,1,0.0,0,1.0,0,151.0,188.0,60.0,240.0,2024
1,D,210.0,35.0,4.0,1.0,41,1.0,1.0,9.0,1,47,1,0.0,0,5.0,1.0,1,0.0,7,1,0,1,1,10.0,0,5.0,0,130.0,162.0,120.0,240.0,2024
4,D,96.0,51.0,7.0,1.0,35,1.0,0.0,0.0,1,41,2,0.0,0,5.0,3.0,2,0.0,7,1,0,1,1,0.0,0,1.0,0,210.0,262.0,60.0,240.0,2024
3,D,24.0,30.0,3.0,1.0,22,1.0,1.0,0.0,1,19,1,0.0,0,6.0,2.0,1,0.0,7,1,0,1,1,0.0,0,1.0,0,97.0,121.0,0.0,240.0,2024
1,D,120.0,27.0,3.0,1.0,1,1.0,1.0,0.0,1,90,1,0.0,0,3.0,2.0,1,0.0,7,1,0,1,1,0.0,0,1.0,0,151.0,188.0,60.0,240.0,2024
4,D,45.0,29.0,3.0,1.0,35,1.0,0.0,0.0,1,41,2,0.0,0,5.0,3.0,1,0.0,7,1,0,1,1,0.0,0,1.0,0,57.0,71.0,0.0,240.0,2024
2,D,60.0,23.0,2.0,1.0,73,1.0,0.0,0.0,1,78,1,0.0,0,5.0,2.0,1,0.0,7,1,0,1,1,0.0,0,1.0,0,151.0,188.0,60.0,240.0,2024
4,D,60.0,53.0,7.0,1.0,56,1.0,0.0,0.0,1,63,1,0.0,0,3.0,1.0,1,0.0,7,1,0,1,1,0.0,0,1.0,0,63.0,78.0,0.0,240.0,2024
1,D,60.0,25.0,2.0,1.0,41,1.0,1.0,1.0,1,47,1,0.0,0,5.0,1.0,1,0.0,7,1,0,1,1,1.0,0,1.0,0,97.0,121.0,60.0,240.0,2024
5,D,180.0,48.0,6.0,1.0,62,1.0,1.0,3.0,1,69,1,0.0,0,5.0,1.0,1,0.0,7,1,0,1,1,3.0,0,2.0,0,180.0,180.0,180.0,480.0,2024
5,D,72.0,53.0,7.0,1.0,20,1.0,1.0,0.0,1,17,1,0.0,0,6.0,1.0,1,1.0,7,1,0,1,1,0.0,0,1.0,0,121.0,151.0,60.0,240.0,2024
5,D,48.0,21.0,2.0,1.0,83,1.0,0.0,0.0,1,87,1,0.0,0,3.0,6.0,1,0.0,7,1,0,1,1,0.0,0,1.0,0,108.0,135.0,0.0,240.0,2024
4,D,78.0,66.0,8.0,1.0,58,1.0,0.0,0.0,1,65,1,0.0,0,6.0,1.0,3,0.0,7,1,0,1,1,0.0,0,1.0,0,78.0,97.0,0.0,240.0,2024
3,B,,44.0,6.0,1.0,90,1.0,1.0,0.0,1,29,2,0.0,0,5.0,3.0,2,2.0,8,0,1,4,0,0.0,0,1.0,0,8.0,14.0,0.0,60.0,2024
5,D,87.0,74.0,8.0,1.0,36,1.0,0.0,0.0,1,42,1,0.0,0,6.0,1.0,1,0.0,7,1,0,1,1,0.0,0,1.0,0,70.0,87.0,0.0,240.0,2024
3,D,24.0,26.0,3.0,1.0,7,1.0,0.0,0.0,1,5,1,0.0,0,3.0,1.0,1,0.0,7,1,0,1,1,0.0,0,1.0,0,97.0,121.0,0.0,240.0,2024
2,D,41.0,64.0,8.0,1.0,45,1.0,1.0,0.0,1,51,1,0.0,0,1.0,1.0,1,0.0,7,1,0,1,1,0.0,0,1.0,0,37.0,46.0,0.0,240.0,2024
5,D,60.0,36.0,5.0,1.0,62,1.0,1.0,15.0,1,69,1,0.0,0,1.0,6.0,1,1.0,7,1,0,1,1,16.0,0,6.0,0,63.0,78.0,60.0,240.0,2024
4,D,188.0,39.0,5.0,1.0,58,1.0,1.0,1.0,1,65,1,0.0,0,6.0,1.0,1,0.0,7,1,0,1,1,1.0,0,1.0,0,188.0,235.0,60.0,240.0,2024
5,D,78.0,68.0,8.0,1.0,62,1.0,0.0,0.0,1,69,1,0.0,0,3.0,1.0,1,0.0,7,1,0,1,1,0.0,0,1.0,0,97.0,121.0,0.0,240.0,2024
1,D,180.0,43.0,6.0,1.0,50,1.0,1.0,6.0,1,56,1,0.0,0,5.0,1.0,1,0.0,7,1,0,1,1,6.0,0,3.0,0,168.0,210.0,120.0,240.0,2024
3,D,60.0,63.0,8.0,1.0,67,1.0,0.0,0.0,1,71,1,0.0,0,3.0,1.0,1,0.0,7,1,0,1,1,0.0,0,1.0,0,78.0,97.0,0.0,240.0,2024
2,D,40.0,48.0,6.0,1.0,54,1.0,1.0,0.0,1,61,1,0.0,0,3.0,1.0,1,0.0,7,1,0,1,1,0.0,0,1.0,0,46.0,57.0,0.0,240.0,2024
4,D,48.0,25.0,2.0,1.0,58,1.0,0.0,0.0,1,65,1,0.0,0,6.0,1.0,1,0.0,7,1,0,1,1,0.0,0,1.0,0,97.0,120.0,0.0,120.0,2024
3,D,120.0,50.0,6.0,1.0,34,1.0,1.0,0.0,1,39,1,0.0,0,3.0,1.0,1,0.0,7,1,0,1,1,0.0,0,1.0,0,78.0,97.0,60.0,240.0,2024
4,D,36.0,22.0,2.0,1.0,58,1.0,0.0,0.0,1,65,1,0.0,0,3.0,1.0,1,0.0,7,1,0,1,1,0.0,0,1.0,0,97.0,121.0,0.0,240.0,2024
6,D,170.0,40.0,5.0,1.0,33,1.0,0.0,0.0,1,40,1,0.0,0,5.0,1.0,1,2.0,7,1,0,1,1,0.0,0,1.0,0,151.0,188.0,60.0,240.0,2024
2,D,120.0,46.0,6.0,1.0,66,1.0,1.0,0.0,1,72,1,0.0,0,6.0,1.0,1,0.0,7,1,0,1,1,0.0,0,1.0,0,120.0,120.0,120.0,240.0,2024
4,D,120.0,46.0,6.0,1.0,57,1.0,1.0,3.0,1,64,1,0.0,0,6.0,1.0,1,0.0,7,1,0,1,1,3.0,0,2.0,0,120.0,120.0,120.0,240.0,2024
4,D,199.0,32.0,4.0,1.0,58,1.0,1.0,0.0,1,65,1,0.0,0,3.0,1.0,2,1.0,7,1,0,1,1,0.0,0,1.0,0,168.0,210.0,60.0,240.0,2024
3,D,21.0,41.0,6.0,1.0,42,1.0,1.0,3.0,1,48,1,0.0,0,3.0,2.0,2,2.0,8,1,0,1,1,3.0,0,2.0,0,15.0,21.0,0.0,60.0,2024
2,D,33.0,37.0,5.0,1.0,45,1.0,1.0,3.0,1,51,1,0.0,0,3.0,2.0,1,4.0,8,1,0,1,1,3.0,0,2.0,0,27.0,33.0,0.0,240.0,2024
3,D,120.0,61.0,8.0,1.0,91,1.0,1.0,0.0,1,31,2,0.0,0,6.0,3.0,2,0.0,7,1,0,1,1,0.0,0,1.0,0,151.0,188.0,0.0,240.0,2024
4,D,87.0,36.0,5.0,1.0,56,1.0,0.0,0.0,1,63,1,0.0,0,5.0,1.0,2,0.0,7,1,0,1,1,0.0,0,1.0,0,87.0,108.0,60.0,240.0,2024
3,D,210.0,33.0,4.0,1.0,34,2.0,1.0,0.0,1,39,2,0.0,0,5.0,3.0,1,0.0,7,1,0,1,1,0.0,0,1.0,0,210.0,240.0,60.0,240.0,2024
1,D,60.0,43.0,6.0,1.0,3,1.0,0.0,0.0,1,1,1,0.0,0,6.0,1.0,2,0.0,7,1,0,1,1,0.0,0,1.0,0,97.0,121.0,0.0,240.0,2024
3,D,80.0,42.0,6.0,1.0,75,1.0,1.0,0.0,1,79,1,0.0,0,5.0,1.0,1,0.0,7,1,0,1,1,0.0,0,1.0,0,151.0,188.0,60.0,240.0,2024
1,D,84.0,30.0,3.0,1.0,19,1.0,1.0,0.0,1,16,1,0.0,0,6.0,1.0,1,0.0,7,1,0,1,1,0.0,0,1.0,0,151.0,188.0,0.0,240.0,2024
1,D,60.0,74.0,8.0,1.0,19,1.0,1.0,0.0,1,16,1,0.0,0,6.0,1.0,2,0.0,7,1,0,1,1,0.0,0,1.0,0,108.0,135.0,60.0,240.0,2024
2,D,60.0,57.0,7.0,1.0,17,1.0,1.0,1.0,1,15,1,0.0,0,5.0,1.0,1,0.0,7,1,0,1,1,1.0,0,1.0,0,78.0,97.0,0.0,240.0,2024
3,D,132.0,26.0,3.0,1.0,44,1.0,0.0,0.0,1,50,1,0.0,0,3.0,1.0,3,0.0,7,1,0,1,1,0.0,0,1.0,0,210.0,262.0,60.0,240.0,2024
4,D,84.0,25.0,2.0,1.0,35,1.0,0.0,0.0,1,41,2,0.0,0,3.0,3.0,2,0.0,7,1,0,1,1,0.0,0,1.0,0,168.0,210.0,60.0,240.0,2024
1,D,108.0,22.0,2.0,1.0,50,1.0,0.0,0.0,1,56,2,0.0,0,5.0,3.0,2,0.0,7,1,0,1,1,0.0,0,1.0,0,151.0,188.0,60.0,240.0,2024
2,D,120.0,61.0,8.0,1.0,2,1.0,1.0,2.0,1,0,1,0.0,0,5.0,1.0,1,0.0,7,1,0,1,1,2.0,0,2.0,0,120.0,120.0,120.0,240.0,2024
4,D,210.0,39.0,5.0,1.0,59,1.0,1.0,7.0,4,66,0,0.0,1,3.0,1.0,1,0.0,7,1,0,1,1,7.0,0,4.0,0,180.0,210.0,180.0,480.0,2024
1,D,121.0,36.0,5.0,1.0,80,3.0,0.0,0.0,1,84,2,0.0,0,1.0,3.0,1,3.0,7,1,0,1,1,0.0,0,1.0,0,97.0,121.0,0.0,240.0,2024
4,D,204.0,41.0,6.0,1.0,59,1.0,1.0,0.0,1,66,1,0.0,0,5.0,1.0,1,2.0,7,1,0,1,1,0.0,0,1.0,0,360.0,480.0,180.0,480.0,2024
3,D,60.0,25.0,2.0,1.0,61,1.0,1.0,0.0,1,68,1,0.0,0,6.0,1.0,1,0.0,7,1,0,1,1,0.0,0,1.0,0,121.0,151.0,60.0,240.0,2024
5,D,72.0,28.0,3.0,1.0,62,1.0,0.0,0.0,1,69,1,0.0,0,6.0,1.0,1,0.0,7,1,0,1,1,0.0,0,1.0,0,60.0,60.0,60.0,240.0,2024
5,D,28.0,58.0,7.0,1.0,83,1.0,1.0,0.0,1,87,1,0.0,0,5.0,1.0,1,0.0,7,1,0,1,1,0.0,0,1.0,0,78.0,97.0,0.0,240.0,2024
3,D,235.0,53.0,7.0,1.0,34,1.0,1.0,3.0,1,39,1,0.0,0,3.0,1.0,1,0.0,7,1,0,1,1,3.0,0,2.0,0,188.0,235.0,120.0,240.0,2024
1,D,120.0,53.0,7.0,1.0,71,1.0,1.0,3.0,1,76,1,0.0,0,3.0,1.0,1,0.0,7,1,0,1,1,3.0,0,2.0,0,120.0,120.0,120.0,240.0,2024
5,D,188.0,26.0,3.0,1.0,62,1.0,1.0,5.0,1,69,1,0.0,0,3.0,1.0,1,0.0,7,1,0,1,1,5.0,0,3.0,0,188.0,235.0,60.0,240.0,2024
4,D,175.0,32.0,4.0,1.0,35,1.0,0.0,0.0,1,41,2,0.0,0,5.0,3.0,1,3.0,7,1,0,1,1,0.0,0,1.0,0,151.0,188.0,60.0,240.0,2024
3,D,48.0,35.0,4.0,1.0,91,1.0,0.0,0.0,1,31,1,0.0,0,3.0,1.0,1,0.0,7,1,0,1,1,0.0,0,1.0,0,78.0,97.0,0.0,240.0,2024
1,D,180.0,48.0,6.0,1.0,71,1.0,1.0,3.0,1,76,1,0.0,0,5.0,1.0,1,0.0,7,1,0,1,1,3.0,0,2.0,0,168.0,210.0,60.0,240.0,2024
3,D,175.0,38.0,5.0,1.0,38,3.0,1.0,0.0,1,44,2,0.0,0,3.0,3.0,4,0.0,7,1,0,1,1,0.0,0,1.0,0,151.0,188.0,60.0,240.0,2024
5,D,165.0,23.0,2.0,1.0,36,1.0,0.0,0.0,1,42,2,0.0,0,3.0,3.0,1,0.0,7,1,0,1,1,0.0,0,1.0,0,151.0,188.0,60.0,240.0,2024
1,D,72.0,29.0,3.0,1.0,49,1.0,1.0,0.0,1,55,1,0.0,0,6.0,1.0,1,0.0,7,1,0,1,1,0.0,0,1.0,0,60.0,63.0,60.0,240.0,2024
4,D,105.0,47.0,6.0,1.0,82,3.0,1.0,0.0,1,85,2,0.0,0,1.0,3.0,1,3.0,7,1,0,1,1,0.0,0,1.0,0,135.0,168.0,0.0,240.0,2024
4,D,180.0,27.0,3.0,1.0,56,1.0,1.0,1.0,1,63,1,0.0,0,6.0,1.0,1,1.0,7,1,0,1,1,1.0,0,1.0,0,180.0,180.0,180.0,480.0,2024
1,D,144.0,63.0,8.0,1.0,11,1.0,0.0,0.0,1,9,1,0.0,0,3.0,1.0,1,0.0,7,1,0,1,1,0.0,0,1.0,0,135.0,168.0,0.0,240.0,2024
3,B,,67.0,8.0,1.0,23,1.0,1.0,0.0,1,20,1,0.0,0,3.0,1.0,1,0.0,8,0,1,4,0,0.0,0,1.0,0,8.0,14.0,0.0,60.0,2024
6,D,72.0,23.0,2.0,1.0,30,1.0,0.0,0.0,1,36,2,0.0,0,3.0,3.0,1,0.0,7,1,0,1,1,0.0,0,1.0,0,97.0,121.0,60.0,240.0,2024
2,D,60.0,43.0,6.0,1.0,65,1.0,1.0,1.0,1,73,1,0.0,0,3.0,1.0,1,0.0,7,1,0,1,1,1.0,0,1.0,0,87.0,108.0,60.0,240.0,2024
1,D,108.0,56.0,7.0,1.0,41,1.0,1.0,3.0,1,47,1,0.0,0,6.0,1.0,1,0.0,7,1,0,1,1,3.0,0,2.0,0,87.0,108.0,60.0,240.0,2024
1,D,108.0,39.0,5.0,1.0,6,1.0,1.0,1.0,1,3,1,0.0,0,1.0,1.0,2,0.0,7,1,0,1,1,1.0,0,1.0,0,108.0,135.0,60.0,240.0,2024
4,D,60.0,23.0,2.0,1.0,82,1.0,0.0,0.0,1,85,1,0.0,0,1.0,1.0,1,0.0,7,1,0,1,1,0.0,0,1.0,0,60.0,71.0,60.0,240.0,2024
5,D,132.0,28.0,3.0,1.0,37,1.0,0.0,0.0,1,43,1,0.0,0,3.0,1.0,1,0.0,7,1,0,1,1,0.0,0,1.0,0,151.0,188.0,60.0,240.0,2024
5,D,96.0,28.0,3.0,1.0,20,1.0,1.0,0.0,1,17,1,0.0,0,5.0,1.0,1,0.0,7,1,0,1,1,0.0,0,1.0,0,121.0,151.0,60.0,240.0,2024
1,D,180.0,39.0,5.0,1.0,41,1.0,1.0,2.0,1,47,1,0.0,0,3.0,1.0,2,0.0,7,1,0,1,1,2.0,0,2.0,0,151.0,188.0,60.0,240.0,2024
1,D,210.0,57.0,7.0,1.0,41,1.0,1.0,0.0,1,47,0,0.0,0,3.0,1.0,2,0.0,7,1,0,1,1,0.0,0,1.0,0,210.0,262.0,120.0,240.0,2024
1,D,96.0,29.0,3.0,1.0,1,1.0,0.0,0.0,1,90,1,0.0,0,6.0,2.0,1,0.0,7,1,0,1,1,0.0,0,1.0,0,151.0,188.0,60.0,240.0,2024
3,D,60.0,31.0,4.0,1.0,42,1.0,1.0,1.0,1,48,1,0.0,0,5.0,1.0,1,0.0,7,1,0,1,1,1.0,0,1.0,0,97.0,121.0,0.0,240.0,2024
5,D,48.0,28.0,3.0,1.0,62,1.0,0.0,0.0,1,69,1,0.0,0,5.0,1.0,1,0.0,7,1,0,1,1,0.0,0,1.0,0,135.0,168.0,0.0,240.0,2024
3,D,87.0,31.0,4.0,1.0,42,1.0,1.0,2.0,1,48,1,0.0,0,5.0,1.0,1,0.0,7,1,0,1,1,2.0,0,2.0,0,70.0,87.0,0.0,240.0,2024
1,D,120.0,40.0,5.0,1.0,46,1.0,1.0,10.0,1,53,1,0.0,0,3.0,1.0,1,0.0,7,1,0,1,1,9.0,0,4.0,0,120.0,120.0,120.0,240.0,2024
1,D,120.0,55.0,7.0,1.0,11,1.0,1.0,3.0,1,9,1,0.0,0,3.0,1.0,1,0.0,7,1,0,1,1,3.0,0,2.0,0,120.0,120.0,120.0,240.0,2024
2,D,24.0,46.0,6.0,1.0,65,1.0,1.0,0.0,1,73,1,0.0,0,6.0,1.0,1,3.0,7,1,0,1,1,0.0,0,1.0,0,97.0,121.0,0.0,240.0,2024
3,D,70.0,41.0,6.0,1.0,63,1.0,1.0,0.0,1,95,1,0.0,0,6.0,1.0,1,2.0,7,1,0,1,1,0.0,0,1.0,0,87.0,108.0,60.0,240.0,2024
3,D,97.0,25.0,2.0,1.0,68,2.0,0.0,0.0,1,74,2,0.0,0,3.0,3.0,1,0.0,7,1,0,1,1,0.0,0,1.0,0,121.0,151.0,60.0,240.0,2024
2,D,60.0,29.0,3.0,1.0,14,1.0,1.0,1.0,1,12,2,0.0,0,6.0,3.0,1,0.0,7,1,0,1,1,1.0,0,1.0,0,87.0,108.0,60.0,240.0,2024
4,D,168.0,39.0,5.0,1.0,56,1.0,1.0,0.0,3,63,1,0.0,1,5.0,1.0,2,1.0,7,1,0,1,1,0.0,0,1.0,0,168.0,210.0,60.0,240.0,2024
2,D,96.0,32.0,4.0,1.0,76,1.0,1.0,0.0,1,80,1,0.0,0,1.0,1.0,1,0.0,7,1,0,1,1,0.0,0,1.0,0,151.0,188.0,60.0,240.0,2024
2,D,60.0,63.0,8.0,1.0,39,1.0,1.0,0.0,1,45,1,0.0,0,3.0,1.0,1,0.0,7,1,0,1,1,0.0,0,1.0,0,70.0,87.0,60.0,240.0,2024
1,D,120.0,28.0,3.0,1.0,10,1.0,1.0,2.0,1,8,2,0.0,0,5.0,3.0,1,0.0,7,1,0,1,1,2.0,0,2.0,0,151.0,188.0,120.0,240.0,2024
3,C,,50.0,6.0,1.0,23,1.0,1.0,0.0,1,20,1,0.0,0,3.0,1.0,2,0.0,8,0,1,4,0,0.0,0,1.0,0,12.0,18.0,0.0,60.0,2024
1,D,480.0,24.0,2.0,1.0,70,1.0,1.0,0.0,1,75,1,0.0,0,5.0,6.0,3,0.0,7,1,0,1,1,0.0,0,1.0,0,960.0,960.0,180.0,360.0,2024
1,D,60.0,25.0,2.0,1.0,93,1.0,1.0,3.0,1,32,1,0.0,0,5.0,2.0,1,0.0,7,1,0,1,1,3.0,0,2.0,0,60.0,60.0,0.0,60.0,2024
3,D,72.0,47.0,6.0,1.0,91,1.0,0.0,0.0,1,31,1,0.0,0,6.0,1.0,1,0.0,7,1,0,1,1,0.0,0,1.0,0,97.0,121.0,60.0,240.0,2024
8,D,78.0,28.0,3.0,1.0,89,1.0,1.0,0.0,1,30,2,0.0,0,3.0,3.0,2,0.0,7,1,0,1,1,0.0,0,1.0,0,121.0,151.0,60.0,240.0,2024
4,D,72.0,31.0,4.0,1.0,35,1.0,1.0,0.0,1,41,2,0.0,0,1.0,3.0,1,3.0,7,1,0,1,1,0.0,0,1.0,0,97.0,121.0,0.0,240.0,2024
1,D,160.0,40.0,5.0,1.0,49,1.0,1.0,26.0,1,55,1,0.0,0,3.0,1.0,1,1.0,7,1,0,1,1,27.0,0,6.0,0,140.0,175.0,120.0,240.0,2024
8,D,84.0,45.0,6.0,1.0,60,1.0,0.0,0.0,1,67,1,0.0,0,6.0,1.0,2,0.0,7,1,0,1,1,0.0,0,1.0,0,78.0,97.0,60.0,240.0,2024
2,D,42.0,33.0,4.0,1.0,65,1.0,0.0,0.0,1,73,2,0.0,0,5.0,3.0,1,0.0,7,1,0,1,1,0.0,0,1.0,0,78.0,97.0,0.0,240.0,2024
1,D,120.0,70.0,8.0,1.0,49,1.0,1.0,0.0,1,55,2,0.0,0,3.0,3.0,1,0.0,7,1,0,1,1,0.0,0,1.0,0,120.0,120.0,120.0,240.0,2024
2,D,60.0,62.0,8.0,1.0,24,1.0,0.0,0.0,1,22,1,0.0,0,3.0,1.0,3,0.0,7,1,0,1,1,0.0,0,1.0,0,121.0,151.0,60.0,240.0,2024
3,D,134.0,34.0,4.0,1.0,42,1.0,1.0,2.0,1,48,1,0.0,0,1.0,1.0,1,0.0,7,1,0,1,1,2.0,0,2.0,0,188.0,235.0,120.0,240.0,2024
5,D,48.0,73.0,8.0,1.0,37,1.0,0.0,0.0,1,43,1,0.0,0,6.0,1.0,1,0.0,7,1,0,1,1,0.0,0,1.0,0,97.0,121.0,0.0,240.0,2024
2,D,42.0,38.0,5.0,1.0,65,1.0,0.0,0.0,1,73,1,0.0,0,6.0,6.0,1,0.0,7,1,0,1,1,0.0,0,1.0,0,78.0,97.0,0.0,240.0,2024
1,D,188.0,63.0,8.0,1.0,9,1.0,1.0,4.0,1,6,1,0.0,0,5.0,1.0,1,0.0,7,1,0,1,1,4.0,0,3.0,0,151.0,188.0,120.0,240.0,2024
1,D,70.0,32.0,4.0,1.0,8,1.0,1.0,0.0,1,7,2,0.0,0,3.0,3.0,1,1.0,7,1,0,1,1,0.0,0,1.0,0,151.0,188.0,60.0,240.0,2024
3,D,151.0,64.0,8.0,1.0,43,1.0,1.0,0.0,1,49,1,0.0,0,5.0,1.0,2,0.0,7,1,0,1,1,0.0,0,1.0,0,151.0,188.0,60.0,240.0,2024
3,D,51.0,26.0,3.0,1.0,5,1.0,0.0,0.0,1,4,2,0.0,0,5.0,3.0,1,0.0,7,1,0,1,1,0.0,0,1.0,0,78.0,97.0,0.0,240.0,2024
5,D,0.03,27.0,3.0,1.0,83,1.0,0.0,0.0,1,87,1,0.0,0,6.0,6.0,1,0.0,7,1,0,1,1,0.0,0,1.0,0,97.0,120.0,0.0,120.0,2024
3,D,60.0,48.0,6.0,1.0,5,3.0,0.0,0.0,1,4,2,0.0,0,1.0,3.0,2,3.0,7,1,0,1,1,0.0,0,1.0,0,60.0,63.0,60.0,240.0,2024
3,D,180.0,41.0,6.0,1.0,91,1.0,0.0,0.0,1,31,1,0.0,0,5.0,1.0,15,0.0,7,1,0,1,1,0.0,0,1.0,0,151.0,188.0,60.0,240.0,2024
2,D,120.0,66.0,8.0,1.0,73,1.0,1.0,3.0,1,78,1,0.0,0,3.0,1.0,1,0.0,7,1,0,1,1,3.0,0,2.0,0,120.0,120.0,120.0,240.0,2024
2,D,86.0,35.0,4.0,1.0,17,1.0,0.0,0.0,1,15,1,0.0,0,3.0,1.0,1,0.0,7,1,0,1,1,0.0,0,1.0,0,60.0,60.0,60.0,240.0,2024
2,D,72.0,46.0,6.0,1.0,24,1.0,1.0,0.0,1,22,1,0.0,0,3.0,1.0,1,0.0,7,1,0,1,1,0.0,0,1.0,0,87.0,108.0,0.0,240.0,2024
1,D,195.0,63.0,8.0,1.0,41,1.0,1.0,3.0,1,47,1,0.0,0,6.0,1.0,1,0.0,7,1,0,1,1,3.0,0,2.0,0,180.0,210.0,180.0,480.0,2024
2,D,18.0,28.0,3.0,1.0,24,1.0,1.0,2.0,1,22,1,0.0,0,5.0,1.0,1,0.0,7,1,0,1,1,2.0,0,2.0,0,41.0,51.0,0.0,120.0,2024
4,D,84.0,47.0,6.0,1.0,59,1.0,0.0,0.0,1,66,0,0.0,0,5.0,1.0,1,0.0,7,1,0,1,1,0.0,0,1.0,0,97.0,121.0,60.0,240.0,2024
2,D,97.0,34.0,4.0,1.0,54,1.0,0.0,0.0,1,61,1,0.0,0,3.0,1.0,1,0.0,7,1,0,1,1,0.0,0,1.0,0,151.0,188.0,60.0,240.0,2024
2,D,132.0,44.0,6.0,1.0,51,1.0,1.0,3.0,3,57,1,0.0,1,5.0,1.0,1,0.0,7,1,0,1,1,3.0,0,2.0,0,188.0,235.0,120.0,240.0,2024
1,D,97.0,60.0,7.0,1.0,41,1.0,0.0,0.0,1,47,1,0.0,0,3.0,1.0,2,0.0,7,1,0,1,1,0.0,0,1.0,0,97.0,121.0,60.0,240.0,2024
8,D,324.0,30.0,3.0,1.0,89,1.0,0.0,0.0,3,30,1,0.0,1,3.0,1.0,4,2.0,7,1,0,1,1,0.0,0,1.0,0,960.0,960.0,60.0,240.0,2024
2,D,240.0,45.0,6.0,1.0,87,1.0,1.0,0.0,1,26,1,0.0,0,1.0,1.0,1,1.0,7,1,0,1,1,0.0,0,1.0,0,240.0,240.0,60.0,240.0,2024
1,D,78.0,56.0,7.0,1.0,46,1.0,0.0,0.0,1,53,1,0.0,0,1.0,1.0,1,0.0,7,1,0,1,1,0.0,0,1.0,0,24.0,30.0,0.0,120.0,2024
2,D,80.0,50.0,6.0,1.0,14,1.0,1.0,0.0,1,12,1,0.0,0,6.0,1.0,1,0.0,7,1,0,1,1,0.0,0,1.0,0,97.0,121.0,60.0,240.0,2024
3,D,48.0,22.0,2.0,1.0,68,1.0,1.0,2.0,1,74,2,0.0,0,3.0,3.0,1,,7,1,0,1,1,2.0,0,2.0,0,87.0,108.0,0.0,240.0,2024
3,D,120.0,55.0,7.0,1.0,34,1.0,1.0,0.0,1,39,1,0.0,0,6.0,1.0,1,0.0,7,1,0,1,1,0.0,0,1.0,0,108.0,135.0,60.0,240.0,2024
4,D,78.0,41.0,6.0,1.0,58,1.0,1.0,0.0,1,65,1,0.0,0,1.0,1.0,2,1.0,7,1,0,1,1,0.0,0,1.0,0,97.0,121.0,60.0,240.0,2024
4,D,70.0,49.0,6.0,1.0,53,1.0,1.0,1.0,1,60,1,0.0,0,5.0,1.0,1,2.0,7,1,0,1,1,1.0,0,1.0,0,63.0,78.0,0.0,120.0,2024
4,D,180.0,65.0,8.0,1.0,35,1.0,1.0,9.0,1,41,1,0.0,0,5.0,1.0,1,0.0,7,1,0,1,1,9.0,0,4.0,0,180.0,210.0,180.0,480.0,2024
3,D,15.0,33.0,4.0,1.0,34,1.0,1.0,0.0,1,39,1,1.0,0,5.0,1.0,1,1.0,8,1,0,1,1,0.0,0,1.0,0,24.0,30.0,0.0,60.0,2024
8,D,120.0,22.0,2.0,1.0,60,1.0,1.0,0.0,1,67,1,0.0,0,3.0,1.0,1,0.0,7,1,0,1,1,0.0,0,1.0,0,151.0,188.0,60.0,240.0,2024
1,D,151.0,76.0,8.0,1.0,9,1.0,1.0,3.0,3,6,1,0.0,1,1.0,1.0,4,0.0,7,1,0,1,1,3.0,0,2.0,0,121.0,151.0,120.0,240.0,2024
1,D,120.0,28.0,3.0,1.0,11,1.0,1.0,1.0,1,9,1,0.0,0,5.0,1.0,1,0.0,7,1,0,1,1,1.0,0,1.0,0,120.0,120.0,120.0,240.0,2024
2,C,0.03,46.0,6.0,1.0,14,3.0,1.0,0.0,1,12,2,0.0,0,3.0,3.0,2,6.0,8,1,0,1,1,0.0,0,1.0,0,12.0,18.0,0.0,60.0,2024
6,D,255.0,22.0,2.0,1.0,81,1.0,1.0,4.0,3,86,1,0.0,1,3.0,6.0,5,0.0,7,1,0,1,1,4.0,1,3.0,0,255.0,288.0,0.0,120.0,2024
4,D,121.0,32.0,4.0,1.0,58,1.0,0.0,0.0,1,65,1,0.0,0,5.0,1.0,2,0.0,7,1,0,1,1,0.0,0,1.0,0,151.0,188.0,60.0,240.0,2024
1,D,120.0,55.0,7.0,1.0,47,1.0,1.0,0.0,1,52,2,0.0,0,6.0,3.0,1,2.0,7,1,0,1,1,0.0,0,1.0,0,210.0,240.0,60.0,240.0,2024
2,D,80.0,48.0,6.0,1.0,65,1.0,0.0,0.0,1,73,1,0.0,0,5.0,6.0,1,0.0,7,1,0,1,1,0.0,0,1.0,0,78.0,97.0,0.0,240.0,2024
3,D,97.0,64.0,8.0,1.0,68,1.0,0.0,0.0,1,74,1,0.0,0,6.0,1.0,1,0.0,7,1,0,1,1,0.0,0,1.0,0,78.0,97.0,0.0,240.0,2024
2,D,97.0,36.0,5.0,1.0,64,1.0,0.0,0.0,1,70,1,0.0,0,5.0,1.0,1,3.0,7,1,0,1,1,0.0,0,1.0,0,97.0,121.0,0.0,240.0,2024
1,D,42.0,45.0,6.0,1.0,11,1.0,0.0,0.0,1,9,1,0.0,0,6.0,1.0,1,1.0,7,1,0,1,1,0.0,0,1.0,0,78.0,97.0,0.0,240.0,2024
3,D,60.0,33.0,4.0,1.0,31,1.0,0.0,0.0,1,37,1,0.0,0,6.0,1.0,1,3.0,7,1,0,1,1,0.0,0,1.0,0,57.0,71.0,0.0,240.0,2024
2,D,170.0,36.0,5.0,1.0,39,1.0,1.0,7.0,1,45,1,0.0,0,1.0,1.0,1,3.0,7,1,0,1,1,7.0,0,4.0,0,168.0,210.0,60.0,240.0,2024
5,D,120.0,39.0,5.0,1.0,36,1.0,0.0,0.0,1,42,2,1.0,0,6.0,3.0,1,1.0,7,1,0,1,1,0.0,0,1.0,0,135.0,168.0,0.0,240.0,2024
2,D,120.0,74.0,8.0,1.0,84,1.0,1.0,0.0,1,88,1,0.0,0,5.0,1.0,1,0.0,7,1,0,1,1,0.0,0,1.0,0,108.0,120.0,0.0,120.0,2024
4,D,84.0,42.0,6.0,1.0,58,1.0,0.0,0.0,1,65,1,0.0,0,6.0,1.0,1,0.0,7,1,0,1,1,0.0,0,1.0,0,78.0,97.0,0.0,120.0,2024
2,D,120.0,39.0,5.0,1.0,14,1.0,1.0,1.0,1,12,1,0.0,0,3.0,1.0,1,2.0,7,1,0,1,1,1.0,0,1.0,0,120.0,120.0,120.0,240.0,2024
1,D,92.0,36.0,5.0,1.0,49,1.0,1.0,0.0,1,55,1,0.0,0,3.0,1.0,1,0.0,7,1,0,1,1,0.0,0,1.0,0,78.0,97.0,0.0,240.0,2024
3,D,120.0,52.0,7.0,1.0,16,1.0,1.0,4.0,1,14,1,0.0,0,3.0,1.0,1,0.0,7,1,0,1,1,4.0,0,3.0,0,120.0,121.0,120.0,240.0,2024
6,D,51.0,51.0,7.0,1.0,30,1.0,1.0,0.0,1,36,1,0.0,0,5.0,2.0,1,0.0,7,1,0,1,1,0.0,0,1.0,0,46.0,57.0,0.0,240.0,2024
5,D,50.0,55.0,7.0,1.0,83,1.0,0.0,0.0,1,87,1,0.0,0,6.0,1.0,1,0.0,7,1,0,1,1,0.0,0,1.0,0,78.0,97.0,0.0,240.0,2024
6,D,151.0,38.0,5.0,1.0,79,1.0,1.0,0.0,1,83,1,0.0,0,3.0,1.0,3,3.0,7,1,0,1,1,0.0,0,1.0,0,151.0,188.0,60.0,240.0,2024
1,D,,54.0,7.0,1.0,8,1.0,0.0,0.0,1,7,1,0.0,0,3.0,1.0,1,0.0,7,0,1,3,0,0.0,0,1.0,0,51.0,63.0,0.0,240.0,2024
1,D,180.0,51.0,7.0,1.0,3,1.0,1.0,6.0,1,1,2,0.0,0,1.0,3.0,2,3.0,7,1,0,1,1,6.0,0,3.0,0,180.0,180.0,180.0,480.0,2024
2,D,60.0,35.0,4.0,1.0,51,1.0,1.0,0.0,1,57,1,0.0,0,3.0,1.0,1,0.0,7,1,0,1,1,0.0,0,1.0,0,121.0,151.0,60.0,240.0,2024
4,D,60.0,33.0,4.0,1.0,58,1.0,1.0,12.0,1,65,1,0.0,0,5.0,2.0,1,5.0,8,1,0,1,1,12.0,0,5.0,0,27.0,33.0,0.0,60.0,2024
2,D,132.0,58.0,7.0,1.0,27,1.0,1.0,0.0,3,25,1,0.0,1,3.0,1.0,2,2.0,7,1,0,1,1,0.0,0,1.0,0,210.0,262.0,60.0,240.0,2024
2,D,75.0,35.0,4.0,1.0,87,1.0,0.0,0.0,1,26,1,0.0,0,3.0,1.0,1,0.0,7,1,0,1,1,0.0,0,1.0,0,97.0,121.0,0.0,240.0,2024
1,D,78.0,70.0,8.0,1.0,47,1.0,0.0,0.0,1,52,1,0.0,0,6.0,1.0,1,0.0,7,1,0,1,1,0.0,0,1.0,0,63.0,78.0,60.0,240.0,2024
1,D,72.0,28.0,3.0,1.0,93,1.0,0.0,0.0,1,32,1,0.0,0,3.0,1.0,2,0.0,7,1,0,1,1,0.0,0,1.0,0,210.0,262.0,60.0,240.0,2024
1,D,70.0,32.0,4.0,1.0,93,3.0,1.0,0.0,1,32,2,0.0,0,1.0,3.0,1,2.0,7,1,0,1,1,0.0,0,1.0,0,210.0,240.0,60.0,240.0,2024
3,D,120.0,35.0,4.0,1.0,75,1.0,1.0,3.0,1,79,1,0.0,0,3.0,1.0,1,1.0,7,1,0,1,1,3.0,0,2.0,0,120.0,120.0,120.0,240.0,2024
4,D,144.0,46.0,6.0,1.0,59,1.0,1.0,0.0,1,66,0,0.0,0,1.0,1.0,1,0.0,7,1,0,1,1,0.0,0,1.0,0,151.0,188.0,60.0,240.0,2024
4,D,144.0,36.0,5.0,1.0,59,1.0,1.0,0.0,1,66,1,0.0,0,3.0,1.0,1,4.0,7,1,0,1,1,0.0,0,1.0,0,168.0,210.0,60.0,240.0,2024
4,B,12.03,80.0,8.0,1.0,35,1.0,0.0,0.0,1,41,2,0.0,0,6.0,3.0,1,0.0,8,1,0,1,1,0.0,0,1.0,0,8.0,14.0,0.0,240.0,2024
4,D,720.0,45.0,6.0,1.0,56,1.0,1.0,1.0,1,63,1,0.0,0,3.0,1.0,5,0.0,7,1,0,1,1,1.0,0,1.0,0,1560.0,1560.0,180.0,360.0,2024
5,D,97.0,36.0,5.0,1.0,36,1.0,1.0,0.0,1,42,2,0.0,0,5.0,3.0,2,2.0,7,1,0,1,1,0.0,0,1.0,0,78.0,97.0,60.0,240.0,2024
3,D,78.0,37.0,5.0,1.0,91,2.0,1.0,0.0,1,31,2,0.0,0,3.0,3.0,1,2.0,7,1,0,1,1,0.0,0,1.0,0,78.0,97.0,0.0,240.0,2024
1,D,,57.0,7.0,1.0,8,1.0,0.0,0.0,1,7,1,0.0,0,6.0,1.0,1,0.0,7,0,1,3,0,0.0,0,1.0,0,120.0,120.0,0.0,120.0,2024
4,D,240.0,37.0,5.0,1.0,35,1.0,1.0,3.0,1,41,1,0.0,0,5.0,1.0,3,0.0,7,1,0,1,1,3.0,0,2.0,0,235.0,293.0,180.0,480.0,2024
4,D,120.0,50.0,6.0,1.0,35,1.0,0.0,0.0,1,41,1,0.0,0,5.0,1.0,1,2.0,7,1,0,1,1,0.0,0,1.0,0,151.0,188.0,60.0,240.0,2024
2,D,264.0,37.0,5.0,1.0,84,1.0,1.0,0.0,1,88,1,0.0,0,3.0,1.0,2,2.0,7,1,0,1,1,0.0,0,1.0,0,262.0,327.0,60.0,240.0,2024
6,D,168.0,32.0,4.0,1.0,79,1.0,0.0,0.0,1,83,1,0.0,0,3.0,1.0,1,0.0,7,1,0,1,1,0.0,0,1.0,0,135.0,168.0,0.0,240.0,2024
2,D,96.0,35.0,4.0,1.0,14,1.0,1.0,3.0,1,12,1,0.0,0,5.0,1.0,1,0.0,7,1,0,1,1,3.0,0,2.0,0,108.0,135.0,60.0,240.0,2024
2,D,24.0,54.0,7.0,1.0,84,1.0,1.0,0.0,1,88,1,0.0,0,6.0,1.0,1,0.0,7,1,0,1,1,0.0,0,1.0,0,78.0,97.0,0.0,120.0,2024
1,D,264.0,39.0,5.0,1.0,3,2.0,1.0,0.0,1,1,2,0.0,0,3.0,3.0,4,2.0,7,1,0,1,1,0.0,0,1.0,0,1080.0,1080.0,0.0,240.0,2024
4,D,300.0,31.0,4.0,1.0,59,1.0,1.0,0.0,1,66,0,0.0,0,3.0,2.0,5,2.0,7,1,0,1,1,0.0,0,1.0,0,292.0,365.0,120.0,9996.0,2024
3,D,170.0,36.0,5.0,1.0,34,1.0,1.0,2.0,1,39,1,0.0,0,1.0,1.0,1,2.0,7,1,0,1,1,2.0,0,2.0,0,168.0,210.0,60.0,240.0,2024
2,D,42.0,37.0,5.0,1.0,65,1.0,0.0,0.0,1,73,1,0.0,0,6.0,6.0,1,0.0,7,1,0,1,1,0.0,0,1.0,0,78.0,97.0,0.0,240.0,2024
1,D,540.0,37.0,5.0,1.0,80,1.0,1.0,0.0,1,84,2,0.0,0,5.0,3.0,2,1.0,7,1,0,1,1,0.0,0,1.0,0,600.0,600.0,180.0,360.0,2024
1,D,97.0,74.0,8.0,1.0,41,1.0,1.0,0.0,1,47,1,0.0,0,5.0,1.0,1,0.0,7,1,0,1,1,0.0,0,1.0,0,151.0,188.0,60.0,240.0,2024
3,D,0.23,60.0,7.0,1.0,7,1.0,1.0,0.0,1,5,1,0.0,0,3.0,2.0,1,0.0,7,1,0,1,1,0.0,0,1.0,0,37.0,46.0,0.0,240.0,2024
5,D,87.0,50.0,6.0,1.0,92,1.0,1.0,0.0,1,33,1,0.0,0,6.0,1.0,1,1.0,7,1,0,1,1,0.0,0,1.0,0,97.0,121.0,0.0,240.0,2024
8,D,120.0,29.0,3.0,1.0,60,1.0,1.0,3.0,1,67,1,0.0,0,6.0,1.0,1,0.0,7,1,0,1,1,3.0,0,2.0,0,120.0,120.0,120.0,240.0,2024
4,D,72.0,52.0,7.0,1.0,59,1.0,1.0,1.0,1,66,0,0.0,0,3.0,1.0,1,0.0,7,1,0,1,1,1.0,0,1.0,0,121.0,151.0,60.0,240.0,2024
3,D,97.0,71.0,8.0,1.0,91,1.0,1.0,0.0,1,31,2,0.0,0,6.0,3.0,2,0.0,7,1,0,1,1,0.0,0,1.0,0,121.0,151.0,0.0,120.0,2024
6,D,18.0,22.0,2.0,1.0,33,1.0,1.0,2.0,1,40,2,0.0,0,1.0,3.0,1,0.0,8,1,0,1,1,2.0,0,2.0,0,15.0,21.0,0.0,60.0,2024
6,D,100.0,35.0,4.0,1.0,33,1.0,1.0,1.0,1,40,1,0.0,0,3.0,1.0,1,0.0,7,1,0,1,1,1.0,0,1.0,0,97.0,121.0,0.0,240.0,2024
8,D,78.0,23.0,2.0,1.0,89,1.0,0.0,0.0,1,30,1,0.0,0,6.0,1.0,1,0.0,7,1,0,1,1,0.0,0,1.0,0,97.0,121.0,0.0,240.0,2024
8,D,151.0,34.0,4.0,1.0,89,1.0,0.0,0.0,1,30,1,0.0,0,5.0,1.0,1,0.0,7,1,0,1,1,0.0,0,1.0,0,151.0,188.0,60.0,240.0,2024
2,D,120.0,62.0,8.0,1.0,15,1.0,1.0,0.0,1,13,1,0.0,0,6.0,2.0,1,0.0,7,1,0,1,1,0.0,0,1.0,0,135.0,168.0,120.0,240.0,2024
4,D,180.0,25.0,2.0,1.0,82,1.0,1.0,0.0,1,85,1,0.0,0,3.0,1.0,2,2.0,7,1,0,1,1,0.0,0,1.0,0,180.0,210.0,180.0,360.0,2024
1,D,70.0,22.0,2.0,1.0,46,1.0,1.0,0.0,1,53,1,0.0,0,1.0,1.0,1,0.0,7,1,0,1,1,0.0,0,1.0,0,168.0,210.0,60.0,240.0,2024
1,D,150.0,40.0,5.0,1.0,11,1.0,1.0,11.0,1,9,1,0.0,0,3.0,1.0,1,0.0,7,1,0,1,1,11.0,0,5.0,0,130.0,162.0,120.0,240.0,2024
5,D,120.0,45.0,6.0,1.0,62,1.0,1.0,8.0,1,69,1,0.0,0,5.0,1.0,1,0.0,7,1,0,1,1,9.0,0,4.0,0,120.0,137.0,120.0,240.0,2024
4,D,64.0,54.0,7.0,1.0,82,1.0,1.0,0.0,1,85,1,0.0,0,3.0,6.0,2,2.0,7,1,0,1,1,0.0,0,1.0,0,121.0,151.0,60.0,240.0,2024
3,D,60.0,33.0,4.0,1.0,5,1.0,0.0,0.0,1,4,2,0.0,0,5.0,3.0,1,0.0,7,1,0,1,1,0.0,0,1.0,0,60.0,60.0,60.0,240.0,2024
5,D,144.0,27.0,3.0,1.0,20,1.0,1.0,3.0,1,17,2,0.0,0,5.0,3.0,2,0.0,7,1,0,1,1,3.0,0,2.0,0,135.0,168.0,60.0,240.0,2024
4,D,51.0,68.0,8.0,1.0,58,1.0,1.0,0.0,1,65,1,0.0,0,5.0,1.0,1,0.0,7,1,0,1,1,0.0,0,1.0,0,78.0,97.0,0.0,240.0,2024
3,D,42.0,49.0,6.0,1.0,91,1.0,1.0,0.0,1,31,2,0.0,0,6.0,3.0,1,3.0,7,1,0,1,1,0.0,0,1.0,0,97.0,121.0,0.0,240.0,2024
1,D,41.0,36.0,5.0,1.0,9,2.0,1.0,1.0,1,6,2,0.0,0,1.0,3.0,5,5.0,7,1,0,1,1,1.0,0,1.0,0,60.0,60.0,36.0,120.0,2024
2,D,72.0,29.0,3.0,1.0,54,1.0,1.0,1.0,1,61,1,0.0,0,5.0,1.0,1,0.0,7,1,0,1,1,1.0,0,1.0,0,97.0,121.0,60.0,240.0,2024
2,A,,60.0,7.0,1.0,65,1.0,0.0,0.0,1,73,1,0.0,0,6.0,1.0,1,0.0,8,0,1,4,0,0.0,0,1.0,0,0.0,6.0,0.0,60.0,2024
4,D,87.0,33.0,4.0,1.0,58,1.0,1.0,1.0,1,65,1,0.0,0,1.0,1.0,1,0.0,7,1,0,1,1,1.0,0,1.0,0,78.0,97.0,0.0,240.0,2024
4,D,78.0,45.0,6.0,1.0,59,1.0,1.0,0.0,1,66,0,0.0,0,5.0,1.0,1,0.0,7,1,0,1,1,0.0,0,1.0,0,78.0,97.0,0.0,240.0,2024
4,D,36.0,52.0,7.0,1.0,59,1.0,1.0,0.0,1,66,0,0.0,0,5.0,1.0,1,0.0,7,1,0,1,1,0.0,0,1.0,0,46.0,57.0,0.0,240.0,2024
2,D,84.0,34.0,4.0,1.0,24,1.0,1.0,0.0,1,22,1,0.0,0,5.0,1.0,1,0.0,7,1,0,1,1,0.0,0,1.0,0,151.0,188.0,60.0,240.0,2024
4,D,78.0,60.0,7.0,1.0,53,1.0,1.0,0.0,1,60,1,0.0,0,6.0,1.0,1,2.0,7,1,0,1,1,0.0,0,1.0,0,63.0,78.0,0.0,120.0,2024
3,D,136.0,51.0,7.0,1.0,32,1.0,1.0,1.0,1,38,1,0.0,0,5.0,1.0,1,0.0,7,1,0,1,1,1.0,0,1.0,0,121.0,151.0,60.0,240.0,2024
4,D,120.0,38.0,5.0,1.0,56,1.0,1.0,3.0,1,63,1,0.0,0,6.0,1.0,1,0.0,7,1,0,1,1,3.0,0,2.0,0,120.0,120.0,120.0,240.0,2024
3,D,150.0,49.0,6.0,1.0,68,1.0,1.0,0.0,1,74,1,0.0,0,5.0,1.0,1,,7,1,0,1,1,0.0,0,1.0,0,135.0,168.0,0.0,240.0,2024
3,D,240.0,41.0,6.0,1.0,34,1.0,0.0,0.0,1,39,1,0.0,0,3.0,1.0,1,0.0,7,1,0,1,1,0.0,0,1.0,0,240.0,240.0,60.0,240.0,2024
6,D,28.0,58.0,7.0,1.0,79,1.0,1.0,1.0,1,83,1,0.0,0,5.0,1.0,1,0.0,7,1,0,1,1,1.0,0,1.0,0,78.0,97.0,0.0,240.0,2024
3,D,174.0,49.0,6.0,1.0,48,1.0,1.0,3.0,1,54,1,0.0,0,5.0,1.0,1,0.0,7,1,0,1,1,3.0,0,2.0,0,120.0,121.0,120.0,240.0,2024
4,D,66.0,22.0,2.0,1.0,58,1.0,0.0,0.0,1,65,1,0.0,0,5.0,1.0,1,0.0,7,1,0,1,1,0.0,0,1.0,0,151.0,188.0,60.0,240.0,2024
2,D,60.0,34.0,4.0,1.0,77,1.0,0.0,0.0,1,81,1,0.0,0,5.0,1.0,2,0.0,7,1,0,1,1,0.0,0,1.0,0,210.0,262.0,60.0,240.0,2024
4,D,42.0,53.0,7.0,1.0,58,1.0,0.0,0.0,1,65,1,0.0,0,6.0,1.0,1,3.0,7,1,0,1,1,0.0,0,1.0,0,78.0,97.0,0.0,240.0,2024
3,D,51.0,55.0,7.0,1.0,5,1.0,0.0,0.0,1,4,2,0.0,0,6.0,3.0,1,0.0,7,1,0,1,1,0.0,0,1.0,0,78.0,97.0,0.0,240.0,2024
3,D,120.0,55.0,7.0,1.0,44,1.0,1.0,5.0,1,50,1,0.0,0,6.0,1.0,1,1.0,7,1,0,1,1,5.0,0,3.0,0,120.0,120.0,120.0,240.0,2024
4,D,120.0,35.0,4.0,1.0,59,1.0,1.0,4.0,1,66,1,0.0,0,3.0,1.0,1,0.0,7,1,0,1,1,4.0,0,3.0,0,151.0,188.0,60.0,240.0,2024
4,D,80.0,40.0,5.0,1.0,59,1.0,1.0,0.0,1,66,1,0.0,0,3.0,1.0,1,0.0,7,1,0,1,1,0.0,0,1.0,0,210.0,240.0,60.0,240.0,2024
3,D,2.39,38.0,5.0,1.0,61,3.0,0.0,0.0,1,68,2,0.0,0,1.0,3.0,1,0.0,7,1,0,1,1,0.0,0,1.0,0,57.0,71.0,0.0,240.0,2024
2,D,121.0,28.0,3.0,1.0,65,1.0,1.0,3.0,1,73,2,0.0,0,5.0,3.0,1,0.0,7,1,0,1,1,3.0,0,2.0,0,210.0,240.0,60.0,240.0,2024
1,D,78.0,44.0,6.0,1.0,49,1.0,1.0,0.0,1,55,1,0.0,0,3.0,1.0,1,0.0,7,1,0,1,1,0.0,0,1.0,0,120.0,120.0,0.0,120.0,2024
4,D,72.0,25.0,2.0,1.0,59,2.0,1.0,0.0,1,66,1,0.0,0,6.0,1.0,1,0.0,7,1,0,1,1,0.0,0,1.0,0,151.0,188.0,60.0,240.0,2024
4,D,120.0,39.0,5.0,1.0,59,1.0,1.0,0.0,1,66,0,0.0,0,5.0,1.0,1,0.0,7,1,0,1,1,0.0,0,1.0,0,210.0,240.0,60.0,240.0,2024
6,D,275.0,39.0,5.0,1.0,79,1.0,1.0,3.0,1,83,1,0.0,0,3.0,1.0,1,1.0,7,1,0,1,1,3.0,0,2.0,0,210.0,262.0,180.0,480.0,2024
3,D,78.0,25.0,2.0,1.0,61,1.0,1.0,0.0,1,68,1,0.0,0,6.0,1.0,1,0.0,7,1,0,1,1,0.0,0,1.0,0,78.0,97.0,0.0,240.0,2024
6,D,120.0,33.0,4.0,1.0,81,1.0,1.0,3.0,1,86,1,0.0,0,3.0,1.0,1,0.0,7,1,0,1,1,3.0,0,2.0,0,108.0,135.0,0.0,240.0,2024
1,D,120.0,47.0,6.0,1.0,50,1.0,1.0,3.0,1,56,1,0.0,0,5.0,1.0,2,0.0,7,1,0,1,1,3.0,0,2.0,0,120.0,120.0,120.0,240.0,2024
1,D,120.0,46.0,6.0,1.0,41,1.0,0.0,0.0,3,47,1,0.0,1,3.0,1.0,1,0.0,7,1,0,1,1,0.0,0,1.0,0,210.0,240.0,60.0,240.0,2024
1,D,60.0,43.0,6.0,1.0,10,1.0,1.0,0.0,1,8,2,0.0,0,6.0,3.0,1,0.0,7,1,0,1,1,0.0,0,1.0,0,78.0,97.0,0.0,240.0,2024
2,D,96.0,21.0,2.0,1.0,85,1.0,1.0,4.0,1,89,1,0.0,0,3.0,1.0,1,0.0,7,1,0,1,1,4.0,0,3.0,0,240.0,240.0,0.0,240.0,2024
3,D,108.0,42.0,6.0,1.0,91,1.0,1.0,0.0,1,31,1,0.0,0,3.0,1.0,1,0.0,7,1,0,1,1,0.0,0,1.0,0,108.0,135.0,60.0,240.0,2024
3,D,90.0,38.0,5.0,1.0,5,1.0,0.0,0.0,1,4,2,0.0,0,5.0,3.0,2,3.0,7,1,0,1,1,0.0,0,1.0,0,60.0,60.0,60.0,240.0,2024
4,D,71.0,34.0,4.0,1.0,53,1.0,1.0,8.0,1,60,1,0.0,0,5.0,1.0,1,0.0,7,1,0,1,1,8.0,0,4.0,0,60.0,71.0,60.0,240.0,2024
1,D,87.0,24.0,2.0,1.0,70,1.0,0.0,0.0,1,75,1,0.0,0,3.0,6.0,1,0.0,7,1,0,1,1,0.0,0,1.0,0,87.0,108.0,0.0,120.0,2024
2,D,240.0,45.0,6.0,1.0,24,1.0,1.0,5.0,1,22,1,0.0,0,3.0,1.0,1,0.0,7,1,0,1,1,5.0,0,3.0,0,210.0,262.0,180.0,480.0,2024
5,D,60.0,31.0,4.0,1.0,62,1.0,1.0,1.0,1,69,1,0.0,0,3.0,1.0,1,0.0,7,1,0,1,1,1.0,0,1.0,0,60.0,60.0,60.0,240.0,2024
2,D,78.0,54.0,7.0,1.0,76,1.0,1.0,0.0,1,80,1,0.0,0,5.0,1.0,1,0.0,7,1,0,1,1,0.0,0,1.0,0,97.0,121.0,60.0,240.0,2024
2,D,60.0,27.0,3.0,1.0,76,1.0,0.0,0.0,1,80,1,0.0,0,1.0,1.0,1,0.0,7,1,0,1,1,0.0,0,1.0,0,151.0,188.0,60.0,240.0,2024
3,D,180.0,40.0,5.0,1.0,91,1.0,1.0,3.0,1,31,1,0.0,0,5.0,2.0,1,0.0,7,1,0,1,1,3.0,0,2.0,0,180.0,180.0,180.0,480.0,2024
3,D,240.0,50.0,6.0,1.0,22,1.0,1.0,0.0,1,19,1,0.0,0,5.0,1.0,1,0.0,7,1,0,1,1,0.0,0,1.0,0,235.0,240.0,60.0,240.0,2024
5,D,52.0,52.0,7.0,1.0,62,3.0,1.0,0.0,1,69,1,0.0,0,6.0,1.0,1,0.0,7,1,0,1,1,0.0,0,1.0,0,51.0,63.0,0.0,240.0,2024
5,D,132.0,33.0,4.0,1.0,20,1.0,1.0,0.0,1,17,1,0.0,0,5.0,1.0,2,0.0,7,1,0,1,1,0.0,0,1.0,0,151.0,188.0,60.0,240.0,2024
1,D,120.0,42.0,6.0,1.0,93,1.0,1.0,3.0,1,32,1,0.0,0,3.0,1.0,1,0.0,7,1,0,1,1,3.0,0,2.0,0,168.0,210.0,120.0,240.0,2024
1,D,108.0,30.0,3.0,1.0,41,1.0,1.0,1.0,1,47,1,0.0,0,3.0,1.0,1,0.0,7,1,0,1,1,1.0,0,1.0,0,151.0,188.0,60.0,240.0,2024
1,D,62.0,36.0,5.0,1.0,3,3.0,1.0,0.0,1,1,2,0.0,0,1.0,3.0,3,0.0,7,1,0,1,1,0.0,0,1.0,0,121.0,151.0,60.0,240.0,2024
2,D,121.0,60.0,7.0,1.0,39,1.0,1.0,0.0,1,45,2,0.0,0,3.0,3.0,1,0.0,7,1,0,1,1,0.0,0,1.0,0,120.0,121.0,120.0,240.0,2024
1,D,120.0,34.0,4.0,1.0,1,1.0,1.0,0.0,1,90,1,0.0,0,6.0,2.0,1,0.0,7,1,0,1,1,0.0,0,1.0,0,120.0,121.0,120.0,240.0,2024
4,D,180.0,26.0,3.0,1.0,82,1.0,1.0,3.0,1,85,1,0.0,0,3.0,2.0,3,1.0,7,1,0,1,1,3.0,0,2.0,0,180.0,180.0,180.0,480.0,2024
4,D,24.0,53.0,7.0,1.0,56,1.0,1.0,0.0,1,63,1,0.0,0,3.0,1.0,1,0.0,7,1,0,1,1,0.0,0,1.0,0,30.0,37.0,0.0,240.0,2024
3,D,121.0,48.0,6.0,1.0,31,1.0,0.0,0.0,1,37,1,0.0,0,3.0,1.0,1,1.0,7,1,0,1,1,0.0,0,1.0,0,97.0,121.0,0.0,240.0,2024
2,D,188.0,37.0,5.0,1.0,39,1.0,1.0,3.0,3,45,1,0.0,1,5.0,1.0,1,2.0,7,1,0,1,1,3.0,0,2.0,0,180.0,188.0,180.0,480.0,2024
3,D,180.0,45.0,6.0,1.0,34,1.0,1.0,14.0,1,39,2,0.0,0,5.0,3.0,1,1.0,7,1,0,1,1,15.0,0,6.0,0,240.0,240.0,60.0,240.0,2024
8,D,12.03,67.0,8.0,1.0,89,1.0,0.0,0.0,1,30,1,0.0,0,3.0,1.0,1,0.0,7,1,0,1,1,0.0,0,1.0,0,57.0,71.0,0.0,240.0,2024
1,D,60.0,36.0,5.0,1.0,41,3.0,0.0,0.0,1,47,1,0.0,0,6.0,6.0,1,0.0,7,1,0,1,1,0.0,0,1.0,0,151.0,188.0,60.0,240.0,2024
2,D,84.0,48.0,6.0,1.0,17,1.0,0.0,0.0,1,15,1,0.0,0,3.0,1.0,1,0.0,7,1,0,1,1,0.0,0,1.0,0,97.0,121.0,60.0,240.0,2024
8,D,151.0,55.0,7.0,1.0,89,1.0,1.0,6.0,1,30,1,0.0,0,3.0,1.0,1,0.0,7,1,0,1,1,6.0,0,3.0,0,121.0,151.0,120.0,240.0,2024
4,D,97.0,25.0,2.0,1.0,58,1.0,0.0,0.0,1,65,1,0.0,0,5.0,1.0,2,0.0,7,1,0,1,1,0.0,0,1.0,0,151.0,188.0,60.0,240.0,2024
3,D,60.0,23.0,2.0,1.0,67,1.0,0.0,0.0,1,71,2,0.0,0,3.0,3.0,1,0.0,7,1,0,1,1,0.0,0,1.0,0,78.0,97.0,60.0,240.0,2024
2,D,30.0,68.0,8.0,1.0,12,1.0,1.0,0.0,1,10,1,0.0,0,6.0,1.0,1,0.0,7,1,0,1,1,0.0,0,1.0,0,135.0,168.0,0.0,240.0,2024
5,D,300.0,35.0,4.0,1.0,36,1.0,0.0,0.0,1,42,1,0.0,0,5.0,1.0,2,0.0,7,1,0,1,1,0.0,0,1.0,0,210.0,262.0,60.0,240.0,2024
1,D,76.0,40.0,5.0,1.0,47,1.0,0.0,0.0,1,52,1,0.0,0,6.0,1.0,1,2.0,7,1,0,1,1,0.0,0,1.0,0,70.0,87.0,60.0,240.0,2024
1,D,188.0,40.0,5.0,1.0,11,1.0,1.0,2.0,1,9,1,0.0,0,3.0,1.0,1,1.0,7,1,0,1,1,2.0,0,2.0,0,151.0,188.0,120.0,240.0,2024
3,D,240.0,46.0,6.0,1.0,48,1.0,0.0,0.0,1,54,1,0.0,0,3.0,1.0,1,0.0,7,1,0,1,1,0.0,0,1.0,0,210.0,240.0,60.0,240.0,2024
2,D,87.0,19.0,1.0,1.0,21,1.0,0.0,0.0,1,18,1,0.0,0,1.0,2.0,1,0.0,7,1,0,1,1,0.0,0,1.0,0,151.0,188.0,60.0,240.0,2024
2,D,27.0,29.0,3.0,1.0,65,1.0,1.0,4.0,1,73,1,0.0,0,5.0,2.0,1,0.0,8,1,0,1,1,4.0,0,3.0,0,21.0,27.0,0.0,120.0,2024
3,D,70.0,55.0,7.0,1.0,42,1.0,1.0,0.0,1,48,1,0.0,0,5.0,1.0,1,1.0,7,1,0,1,1,0.0,0,1.0,0,78.0,97.0,0.0,240.0,2024
2,D,44.0,42.0,6.0,1.0,2,1.0,1.0,6.0,1,0,1,0.0,0,5.0,1.0,2,0.0,8,1,0,1,1,6.0,0,3.0,0,37.0,46.0,0.0,60.0,2024
1,D,120.0,33.0,4.0,1.0,41,1.0,1.0,3.0,1,47,1,0.0,0,5.0,1.0,1,0.0,7,1,0,1,1,3.0,0,2.0,0,120.0,120.0,120.0,240.0,2024
8,D,160.0,54.0,7.0,1.0,89,1.0,0.0,0.0,1,30,1,0.0,0,5.0,1.0,1,0.0,7,1,0,1,1,0.0,0,1.0,0,151.0,188.0,60.0,240.0,2024
1,D,156.0,29.0,3.0,1.0,41,1.0,0.0,0.0,1,47,1,0.0,0,5.0,1.0,1,0.0,7,1,0,1,1,0.0,0,1.0,0,210.0,240.0,60.0,240.0,2024
1,D,120.0,61.0,8.0,1.0,10,1.0,1.0,2.0,1,8,1,0.0,0,5.0,1.0,1,0.0,7,1,0,1,1,2.0,0,2.0,0,120.0,135.0,120.0,240.0,2024
4,D,350.0,27.0,3.0,1.0,57,1.0,1.0,1.0,1,64,1,0.0,0,3.0,1.0,5,2.0,7,1,0,1,1,1.0,0,1.0,0,9996.0,9996.0,180.0,360.0,2024
3,D,60.0,32.0,4.0,1.0,75,1.0,0.0,0.0,1,79,1,0.0,0,5.0,1.0,1,0.0,7,1,0,1,1,0.0,0,1.0,0,151.0,188.0,60.0,240.0,2024
8,D,130.0,30.0,3.0,1.0,89,1.0,1.0,1.0,1,30,1,0.0,0,1.0,1.0,2,0.0,7,1,0,1,1,1.0,0,1.0,0,151.0,188.0,60.0,240.0,2024
3,C,168.0,41.0,6.0,1.0,68,3.0,0.0,0.0,1,74,1,0.0,0,1.0,1.0,1,,8,1,0,1,1,0.0,0,1.0,0,12.0,18.0,0.0,9996.0,2024
1,D,120.0,26.0,3.0,1.0,13,1.0,1.0,3.0,1,11,1,0.0,0,3.0,2.0,1,0.0,7,1,0,1,1,3.0,0,2.0,0,120.0,135.0,120.0,240.0,2024
1,D,228.0,40.0,5.0,1.0,19,1.0,1.0,0.0,1,16,2,0.0,0,6.0,3.0,1,0.0,7,1,0,1,1,0.0,0,1.0,0,360.0,360.0,180.0,360.0,2024
4,D,180.0,30.0,3.0,1.0,82,1.0,0.0,0.0,1,85,1,0.0,0,3.0,1.0,1,0.0,7,1,0,1,1,0.0,0,1.0,0,210.0,262.0,180.0,360.0,2024
3,D,77.0,50.0,6.0,1.0,75,1.0,1.0,4.0,1,79,1,0.0,0,5.0,1.0,1,0.0,7,1,0,1,1,4.0,0,3.0,0,97.0,121.0,0.0,240.0,2024
2,D,120.0,40.0,5.0,1.0,73,1.0,1.0,14.0,1,78,1,0.0,0,3.0,1.0,1,2.0,7,1,0,1,1,15.0,0,6.0,0,120.0,137.0,120.0,240.0,2024
3,D,108.0,60.0,7.0,1.0,5,1.0,1.0,0.0,1,4,2,0.0,0,1.0,3.0,1,0.0,7,1,0,1,1,0.0,0,1.0,0,151.0,188.0,60.0,240.0,2024
1,D,120.0,50.0,6.0,1.0,71,1.0,1.0,4.0,1,76,1,0.0,0,3.0,1.0,1,1.0,7,1,0,1,1,4.0,0,3.0,0,168.0,210.0,0.0,240.0,2024
2,D,120.0,42.0,6.0,1.0,21,1.0,1.0,3.0,1,18,1,0.0,0,1.0,1.0,1,0.0,7,1,0,1,1,3.0,0,2.0,0,120.0,135.0,120.0,240.0,2024
1,D,90.0,63.0,8.0,1.0,47,1.0,0.0,0.0,1,52,1,0.0,0,3.0,2.0,2,0.0,7,1,0,1,1,0.0,0,1.0,0,97.0,121.0,0.0,240.0,2024
3,D,51.0,32.0,4.0,1.0,22,1.0,1.0,0.0,1,19,1,0.0,0,3.0,1.0,1,2.0,7,1,0,1,1,0.0,0,1.0,0,97.0,121.0,0.0,240.0,2024
3,D,12.0,22.0,2.0,1.0,63,1.0,0.0,0.0,1,95,1,0.0,0,3.0,6.0,1,0.0,7,1,0,1,1,0.0,0,1.0,0,24.0,30.0,0.0,120.0,2024
6,D,41.0,32.0,4.0,1.0,33,1.0,1.0,10.0,1,40,1,0.0,0,3.0,2.0,1,5.0,8,1,0,1,1,11.0,0,5.0,0,33.0,41.0,0.0,240.0,2024
4,D,90.0,35.0,4.0,1.0,35,1.0,1.0,0.0,1,41,2,0.0,0,5.0,3.0,1,0.0,7,1,0,1,1,0.0,0,1.0,0,121.0,151.0,60.0,240.0,2024
4,D,144.0,46.0,6.0,1.0,35,3.0,0.0,0.0,1,41,1,0.0,0,1.0,6.0,1,1.0,7,1,0,1,1,0.0,0,1.0,0,121.0,151.0,60.0,240.0,2024
3,D,60.0,42.0,6.0,1.0,48,4.0,1.0,2.0,1,54,2,0.0,0,1.0,3.0,4,1.0,7,1,0,1,1,2.0,0,2.0,0,60.0,60.0,60.0,240.0,2024
3,D,70.0,26.0,3.0,1.0,29,1.0,1.0,0.0,1,96,1,0.0,0,5.0,1.0,1,0.0,7,1,0,1,1,0.0,0,1.0,0,135.0,168.0,0.0,240.0,2024
2,D,240.0,60.0,7.0,1.0,76,1.0,1.0,1.0,5,80,1,0.0,1,3.0,1.0,2,0.0,7,1,0,1,1,1.0,0,1.0,0,292.0,365.0,180.0,360.0,2024
4,D,180.0,38.0,5.0,1.0,35,1.0,1.0,3.0,1,41,2,0.0,0,3.0,3.0,1,0.0,7,1,0,1,1,3.0,0,2.0,0,180.0,180.0,180.0,480.0,2024
3,D,80.0,41.0,6.0,1.0,90,1.0,1.0,0.0,3,29,1,0.0,1,5.0,1.0,1,0.0,7,1,0,1,1,0.0,0,1.0,0,210.0,240.0,60.0,240.0,2024
3,D,84.0,40.0,5.0,1.0,91,3.0,0.0,0.0,1,31,1,0.0,0,6.0,1.0,1,0.0,7,1,0,1,1,0.0,0,1.0,0,78.0,97.0,0.0,240.0,2024
1,B,0.03,74.0,8.0,1.0,3,1.0,1.0,3.0,1,1,1,0.0,0,5.0,1.0,2,0.0,8,1,0,1,0,3.0,0,2.0,0,8.0,14.0,0.0,60.0,2024
2,D,87.0,26.0,3.0,1.0,14,1.0,0.0,0.0,1,12,1,0.0,0,6.0,1.0,1,0.0,7,1,0,1,1,0.0,0,1.0,0,87.0,108.0,60.0,240.0,2024
3,D,180.0,50.0,6.0,1.0,22,1.0,1.0,0.0,3,19,1,0.0,1,3.0,1.0,4,,7,1,0,1,1,0.0,0,1.0,0,135.0,168.0,60.0,240.0,2024
5,D,120.0,44.0,6.0,1.0,37,1.0,1.0,3.0,1,43,1,0.0,0,3.0,1.0,1,0.0,7,1,0,1,1,3.0,0,2.0,0,120.0,120.0,120.0,240.0,2024
4,D,180.0,60.0,7.0,1.0,53,1.0,1.0,0.0,1,60,1,0.0,0,6.0,1.0,1,0.0,7,1,0,1,1,0.0,0,1.0,0,180.0,180.0,180.0,480.0,2024
1,D,78.0,45.0,6.0,1.0,46,1.0,1.0,3.0,3,53,1,0.0,1,3.0,2.0,1,1.0,7,1,0,1,1,3.0,0,2.0,0,70.0,87.0,0.0,240.0,2024
8,D,120.0,34.0,4.0,1.0,89,1.0,1.0,3.0,1,30,1,0.0,0,3.0,1.0,1,0.0,7,1,0,1,1,3.0,0,2.0,0,120.0,120.0,120.0,240.0,2024
1,D,2.0,45.0,6.0,1.0,8,1.0,0.0,0.0,1,7,1,0.0,0,5.0,6.0,1,2.0,7,1,0,1,1,0.0,0,1.0,0,78.0,97.0,0.0,240.0,2024
2,D,60.0,45.0,6.0,1.0,24,1.0,0.0,0.0,1,22,1,0.0,0,6.0,6.0,1,0.0,7,1,0,1,1,0.0,0,1.0,0,97.0,121.0,60.0,240.0,2024
1,D,42.0,26.0,3.0,1.0,6,1.0,1.0,0.0,1,3,1,0.0,0,1.0,1.0,1,0.0,7,1,0,2,1,0.0,0,1.0,0,51.0,63.0,0.0,240.0,2024
2,D,188.0,43.0,6.0,1.0,87,1.0,0.0,0.0,1,26,1,0.0,0,5.0,1.0,2,2.0,7,1,0,1,1,0.0,0,1.0,0,168.0,210.0,60.0,240.0,2024
8,D,96.0,65.0,8.0,1.0,89,1.0,1.0,1.0,1,30,1,0.0,0,5.0,1.0,2,0.0,7,1,0,1,1,1.0,0,1.0,0,151.0,188.0,60.0,240.0,2024
2,D,78.0,31.0,4.0,1.0,17,1.0,1.0,3.0,1,15,1,1.0,0,3.0,1.0,1,1.0,7,1,0,1,1,3.0,0,2.0,0,97.0,121.0,60.0,240.0,2024
1,D,72.0,30.0,3.0,1.0,1,1.0,1.0,0.0,1,90,1,0.0,0,6.0,2.0,1,0.0,7,1,0,1,1,0.0,0,1.0,0,151.0,188.0,60.0,240.0,2024
1,D,72.0,42.0,6.0,1.0,3,1.0,0.0,0.0,1,1,1,0.0,0,3.0,1.0,2,1.0,7,1,0,1,1,0.0,0,1.0,0,210.0,262.0,60.0,240.0,2024
5,D,75.0,44.0,6.0,1.0,36,1.0,1.0,0.0,3,42,1,0.0,1,5.0,1.0,4,3.0,7,1,0,1,1,0.0,0,1.0,0,70.0,87.0,60.0,240.0,2024
1,D,48.0,26.0,3.0,1.0,71,1.0,1.0,1.0,1,76,1,0.0,0,3.0,1.0,1,0.0,7,1,0,1,1,1.0,0,1.0,0,78.0,97.0,0.0,120.0,2024
4,D,96.0,31.0,4.0,1.0,58,1.0,1.0,9.0,1,65,1,0.0,0,3.0,2.0,1,0.0,7,1,0,1,1,9.0,0,4.0,0,135.0,168.0,0.0,240.0,2024
2,D,72.0,42.0,6.0,1.0,84,1.0,1.0,0.0,1,88,1,0.0,0,6.0,1.0,1,0.0,7,1,0,1,1,0.0,0,1.0,0,97.0,121.0,60.0,240.0,2024
4,D,120.0,74.0,8.0,1.0,35,1.0,1.0,3.0,1,41,1,0.0,0,6.0,1.0,2,0.0,7,1,0,1,1,3.0,0,2.0,0,120.0,120.0,120.0,240.0,2024
3,D,240.0,41.0,6.0,1.0,23,1.0,0.0,0.0,1,20,1,0.0,0,5.0,1.0,1,1.0,7,1,0,1,1,0.0,0,1.0,0,240.0,240.0,60.0,240.0,2024
3,D,240.0,29.0,3.0,1.0,34,1.0,1.0,0.0,1,39,2,0.0,0,3.0,3.0,1,0.0,7,1,0,1,1,0.0,0,1.0,0,240.0,240.0,60.0,240.0,2024
3,D,126.0,30.0,3.0,1.0,34,1.0,0.0,0.0,1,39,2,0.0,0,5.0,3.0,1,2.0,7,1,0,1,1,0.0,0,1.0,0,121.0,151.0,60.0,240.0,2024
7,D,30.0,21.0,2.0,1.0,25,1.0,1.0,2.0,1,23,1,0.0,0,3.0,1.0,1,0.0,7,1,0,2,1,2.0,0,2.0,0,51.0,63.0,0.0,240.0,2024
3,D,51.0,34.0,4.0,1.0,38,1.0,1.0,5.0,1,44,1,0.0,0,1.0,1.0,1,0.0,7,1,0,1,1,5.0,0,3.0,0,97.0,121.0,0.0,240.0,2024
8,D,220.0,25.0,2.0,1.0,89,3.0,0.0,0.0,1,30,2,0.0,0,5.0,3.0,1,0.0,7,1,0,1,1,0.0,0,1.0,0,240.0,240.0,60.0,240.0,2024
1,D,108.0,36.0,5.0,1.0,46,1.0,1.0,0.0,1,53,1,0.0,0,6.0,1.0,1,5.0,7,1,0,1,1,0.0,0,1.0,0,135.0,168.0,0.0,240.0,2024
5,D,63.0,23.0,2.0,1.0,62,1.0,1.0,1.0,1,69,1,0.0,0,3.0,6.0,1,0.0,7,1,0,1,1,1.0,0,1.0,0,78.0,97.0,0.0,240.0,2024
2,D,0.03,52.0,7.0,1.0,73,1.0,1.0,1.0,1,78,1,0.0,0,3.0,1.0,1,0.0,7,1,0,2,1,1.0,0,1.0,0,78.0,97.0,0.0,240.0,2024
1,D,102.0,25.0,2.0,1.0,46,1.0,0.0,0.0,1,53,1,0.0,0,3.0,1.0,2,2.0,7,1,0,1,1,0.0,0,1.0,0,168.0,210.0,0.0,240.0,2024
4,D,120.0,40.0,5.0,1.0,59,1.0,1.0,6.0,1,66,1,0.0,0,3.0,1.0,1,0.0,7,1,0,1,1,6.0,0,3.0,0,120.0,121.0,120.0,240.0,2024
3,D,72.0,38.0,5.0,1.0,22,1.0,1.0,0.0,1,19,2,0.0,0,3.0,3.0,1,0.0,7,1,0,1,1,0.0,0,1.0,0,135.0,168.0,60.0,240.0,2024
2,D,121.0,30.0,3.0,1.0,64,1.0,0.0,0.0,3,70,1,0.0,1,5.0,1.0,4,0.0,7,1,0,1,1,0.0,0,1.0,0,210.0,262.0,0.0,120.0,2024
1,D,180.0,61.0,8.0,1.0,3,1.0,1.0,1.0,1,1,1,0.0,0,6.0,1.0,2,0.0,7,1,0,1,1,1.0,0,1.0,0,168.0,210.0,120.0,9996.0,2024
3,D,29.0,35.0,4.0,1.0,32,1.0,1.0,8.0,1,38,1,1.0,0,1.0,1.0,1,0.0,8,1,0,1,1,8.0,0,4.0,0,30.0,37.0,0.0,120.0,2024
2,D,168.0,49.0,6.0,1.0,66,1.0,1.0,6.0,1,72,1,0.0,0,5.0,1.0,1,0.0,7,1,0,1,1,6.0,0,3.0,0,168.0,210.0,120.0,240.0,2024
2,D,126.0,40.0,5.0,1.0,24,1.0,0.0,0.0,1,22,1,0.0,0,5.0,1.0,2,0.0,7,1,0,1,1,0.0,0,1.0,0,121.0,151.0,120.0,9996.0,2024
4,D,87.0,51.0,7.0,1.0,59,1.0,1.0,9.0,1,66,0,0.0,0,3.0,1.0,1,0.0,7,1,0,1,1,10.0,0,5.0,0,130.0,162.0,60.0,240.0,2024
1,D,41.0,33.0,4.0,1.0,40,1.0,0.0,0.0,1,46,1,0.0,0,6.0,6.0,1,0.0,7,1,0,1,1,0.0,0,1.0,0,41.0,51.0,0.0,120.0,2024
3,D,60.0,45.0,6.0,1.0,5,1.0,0.0,0.0,1,4,2,0.0,0,6.0,3.0,1,0.0,7,1,0,1,1,0.0,0,1.0,0,41.0,51.0,0.0,120.0,2024
5,D,216.0,66.0,8.0,1.0,37,1.0,0.0,0.0,1,43,1,0.0,0,5.0,1.0,1,0.0,7,1,0,1,1,0.0,0,1.0,0,240.0,240.0,60.0,240.0,2024
3,D,,69.0,8.0,1.0,23,1.0,1.0,0.0,3,20,1,0.0,1,1.0,2.0,1,0.0,8,0,1,4,0,0.0,0,1.0,0,15.0,21.0,0.0,60.0,2024
5,D,151.0,27.0,3.0,1.0,36,1.0,0.0,0.0,1,42,2,0.0,0,5.0,3.0,1,0.0,7,1,0,1,1,0.0,0,1.0,0,151.0,188.0,60.0,240.0,2024
4,D,84.0,43.0,6.0,1.0,59,1.0,1.0,0.0,1,66,0,0.0,0,3.0,1.0,1,4.0,7,1,0,1,1,0.0,0,1.0,0,121.0,151.0,60.0,240.0,2024
5,D,97.0,46.0,6.0,1.0,92,1.0,1.0,0.0,1,33,1,0.0,0,6.0,1.0,1,0.0,7,1,0,1,1,0.0,0,1.0,0,97.0,121.0,0.0,240.0,2024
1,D,148.0,45.0,6.0,1.0,40,1.0,1.0,3.0,1,46,1,0.0,0,5.0,1.0,1,0.0,7,1,0,1,1,3.0,0,2.0,0,121.0,151.0,120.0,240.0,2024
6,D,87.0,20.0,1.0,1.0,30,1.0,0.0,0.0,1,36,1,0.0,0,5.0,1.0,1,0.0,7,1,0,1,1,0.0,0,1.0,0,87.0,108.0,0.0,120.0,2024
3,D,30.0,24.0,2.0,1.0,91,1.0,0.0,0.0,1,31,2,0.0,0,5.0,3.0,1,0.0,7,1,0,1,1,0.0,0,1.0,0,46.0,57.0,0.0,240.0,2024
4,D,97.0,25.0,2.0,1.0,82,1.0,1.0,0.0,1,85,1,0.0,0,3.0,1.0,1,0.0,7,1,0,1,1,0.0,0,1.0,0,210.0,240.0,60.0,240.0,2024
6,D,120.0,44.0,6.0,1.0,33,1.0,1.0,3.0,1,40,1,0.0,0,6.0,1.0,1,0.0,7,1,0,1,1,3.0,0,2.0,0,120.0,135.0,120.0,240.0,2024
3,D,120.0,39.0,5.0,1.0,90,1.0,1.0,3.0,3,29,1,0.0,1,3.0,1.0,1,1.0,7,1,0,1,1,3.0,0,2.0,0,121.0,151.0,120.0,240.0,2024
4,D,48.0,54.0,7.0,1.0,35,1.0,1.0,1.0,1,41,1,0.0,0,3.0,1.0,1,0.0,7,1,0,1,1,1.0,0,1.0,0,51.0,63.0,0.0,120.0,2024
3,D,90.0,44.0,6.0,1.0,5,1.0,0.0,0.0,1,4,2,0.0,0,6.0,3.0,2,0.0,7,1,0,1,1,0.0,0,1.0,0,60.0,60.0,0.0,120.0,2024
3,D,168.0,62.0,8.0,1.0,23,1.0,1.0,8.0,1,20,1,0.0,0,3.0,1.0,1,0.0,7,1,0,1,1,9.0,0,4.0,0,120.0,137.0,120.0,240.0,2024
1,D,71.0,22.0,2.0,1.0,1,1.0,1.0,0.0,1,90,1,0.0,0,5.0,6.0,1,0.0,7,1,0,1,1,0.0,0,1.0,0,97.0,121.0,0.0,240.0,2024
5,D,180.0,33.0,4.0,1.0,20,1.0,0.0,0.0,1,17,1,0.0,0,3.0,1.0,2,1.0,7,1,0,1,1,0.0,0,1.0,0,210.0,262.0,60.0,240.0,2024
1,D,120.0,54.0,7.0,1.0,3,1.0,1.0,1.0,1,1,1,0.0,0,3.0,1.0,1,0.0,7,1,0,1,1,1.0,0,1.0,0,120.0,120.0,120.0,240.0,2024
6,D,126.0,45.0,6.0,1.0,81,1.0,1.0,3.0,1,86,1,0.0,0,3.0,1.0,1,3.0,7,1,0,1,1,3.0,0,2.0,0,120.0,135.0,120.0,240.0,2024
3,D,120.0,45.0,6.0,1.0,67,2.0,0.0,0.0,1,71,2,0.0,0,3.0,3.0,1,0.0,7,1,0,1,1,0.0,0,1.0,0,135.0,168.0,0.0,240.0,2024
3,D,136.0,36.0,5.0,1.0,32,1.0,1.0,4.0,1,38,1,0.0,0,3.0,1.0,1,0.0,7,1,0,1,1,4.0,0,3.0,0,121.0,151.0,0.0,240.0,2024
4,D,240.0,48.0,6.0,1.0,53,1.0,1.0,0.0,1,60,1,0.0,0,3.0,1.0,1,1.0,7,1,0,1,1,0.0,0,1.0,0,121.0,151.0,60.0,240.0,2024
2,D,38.0,33.0,4.0,1.0,24,1.0,0.0,0.0,2,22,1,0.0,0,6.0,1.0,1,0.0,7,1,0,1,1,0.0,0,1.0,0,57.0,71.0,0.0,120.0,2024
5,D,24.0,46.0,6.0,1.0,36,1.0,0.0,0.0,1,42,1,0.0,0,3.0,1.0,1,0.0,7,1,0,1,1,0.0,0,1.0,0,51.0,63.0,0.0,240.0,2024
8,D,151.0,34.0,4.0,1.0,89,1.0,0.0,0.0,1,30,1,0.0,0,5.0,2.0,1,0.0,7,1,0,1,1,0.0,0,1.0,0,151.0,188.0,60.0,240.0,2024
4,D,97.0,40.0,5.0,1.0,35,2.0,0.0,0.0,1,41,2,0.0,0,6.0,3.0,1,0.0,7,1,0,1,1,0.0,0,1.0,0,97.0,121.0,60.0,240.0,2024
4,D,84.0,33.0,4.0,1.0,35,1.0,0.0,0.0,1,41,2,0.0,0,5.0,3.0,1,4.0,7,1,0,1,1,0.0,0,1.0,0,135.0,168.0,60.0,240.0,2024
1,D,,65.0,8.0,1.0,6,1.0,0.0,0.0,1,3,1,0.0,0,5.0,1.0,1,0.0,7,0,1,4,0,0.0,0,1.0,0,78.0,97.0,0.0,240.0,2024
3,D,216.0,33.0,4.0,1.0,52,1.0,1.0,0.0,1,58,1,0.0,0,5.0,1.0,1,4.0,7,1,0,1,1,0.0,0,1.0,0,240.0,240.0,60.0,240.0,2024
5,D,96.0,33.0,4.0,1.0,36,1.0,0.0,0.0,1,42,1,0.0,0,6.0,1.0,1,0.0,7,1,0,1,1,0.0,0,1.0,0,78.0,97.0,0.0,120.0,2024
8,D,2640.0,53.0,7.0,1.0,89,1.0,1.0,0.0,3,30,1,0.0,1,1.0,1.0,10,1.0,7,1,0,1,1,0.0,0,5.0,0,2640.0,2640.0,300.0,600.0,2024
1,D,204.0,34.0,4.0,1.0,19,1.0,1.0,0.0,1,16,1,0.0,0,6.0,1.0,1,0.0,7,1,0,1,1,0.0,0,1.0,0,360.0,360.0,180.0,360.0,2024
2,D,24.0,30.0,3.0,1.0,73,1.0,1.0,0.0,1,78,2,0.0,0,3.0,3.0,1,0.0,7,1,0,1,1,0.0,0,1.0,0,78.0,97.0,0.0,240.0,2024
1,D,41.0,28.0,3.0,1.0,71,1.0,1.0,1.0,1,76,1,0.0,0,1.0,1.0,1,1.0,7,1,0,1,1,1.0,0,1.0,0,51.0,63.0,0.0,240.0,2024
2,D,70.0,43.0,6.0,1.0,73,1.0,1.0,0.0,1,78,1,0.0,0,1.0,1.0,1,0.0,7,1,0,1,1,0.0,0,1.0,0,121.0,151.0,60.0,240.0,2024
4,D,144.0,23.0,2.0,1.0,59,1.0,0.0,0.0,1,66,0,0.0,0,5.0,2.0,1,0.0,7,1,0,1,1,0.0,0,1.0,0,210.0,240.0,60.0,240.0,2024
4,D,216.0,41.0,6.0,1.0,59,1.0,1.0,0.0,1,66,0,0.0,0,6.0,1.0,1,0.0,7,1,0,1,1,0.0,0,1.0,0,240.0,240.0,60.0,240.0,2024
2,D,348.0,59.0,7.0,1.0,66,1.0,1.0,3.0,1,72,1,0.0,0,3.0,1.0,1,0.0,7,1,0,1,1,3.0,0,2.0,0,360.0,480.0,180.0,480.0,2024
4,D,132.0,27.0,3.0,1.0,35,1.0,0.0,0.0,1,41,2,0.0,0,3.0,3.0,1,0.0,7,1,0,1,1,0.0,0,1.0,0,210.0,240.0,60.0,240.0,2024
3,D,48.0,66.0,8.0,1.0,5,1.0,0.0,0.0,1,4,2,0.0,0,6.0,3.0,1,0.0,7,1,0,1,1,0.0,0,1.0,0,78.0,97.0,0.0,240.0,2024
8,D,168.0,58.0,7.0,1.0,89,1.0,0.0,0.0,1,30,1,0.0,0,5.0,1.0,2,1.0,7,1,0,1,1,0.0,0,1.0,0,210.0,262.0,60.0,240.0,2024
8,D,120.0,42.0,6.0,1.0,89,3.0,1.0,0.0,1,30,2,0.0,0,1.0,3.0,1,3.0,7,1,0,1,1,0.0,0,1.0,0,168.0,210.0,60.0,240.0,2024
2,D,60.0,43.0,6.0,1.0,65,1.0,1.0,3.0,1,73,1,0.0,0,5.0,1.0,1,0.0,7,1,0,1,1,3.0,0,2.0,0,70.0,87.0,0.0,240.0,2024
4,D,63.0,23.0,2.0,1.0,35,1.0,0.0,0.0,1,41,2,0.0,0,5.0,3.0,1,0.0,7,1,0,1,1,0.0,0,1.0,0,63.0,78.0,60.0,240.0,2024
5,D,168.0,29.0,3.0,1.0,37,1.0,0.0,0.0,1,43,1,0.0,0,5.0,1.0,2,0.0,7,1,0,1,1,0.0,0,1.0,0,210.0,262.0,60.0,240.0,2024
1,D,120.0,49.0,6.0,1.0,55,1.0,1.0,0.0,1,62,1,0.0,0,3.0,1.0,1,1.0,7,1,0,1,1,0.0,0,1.0,0,97.0,121.0,0.0,240.0,2024
1,D,120.0,49.0,6.0,1.0,69,1.0,1.0,3.0,1,93,1,0.0,0,3.0,2.0,1,0.0,7,1,0,1,1,3.0,0,2.0,0,168.0,210.0,120.0,240.0,2024
2,D,90.0,35.0,4.0,1.0,51,1.0,1.0,0.0,1,57,1,0.0,0,5.0,6.0,1,0.0,7,1,0,1,1,0.0,0,1.0,0,151.0,188.0,60.0,240.0,2024
1,D,144.0,22.0,2.0,1.0,55,1.0,1.0,0.0,1,62,2,0.0,0,3.0,3.0,1,0.0,7,1,0,1,1,0.0,0,1.0,0,240.0,240.0,60.0,240.0,2024
3,D,285.0,44.0,6.0,1.0,91,1.0,0.0,0.0,1,31,1,0.0,0,6.0,1.0,2,2.0,7,1,0,1,1,0.0,0,1.0,0,292.0,365.0,180.0,360.0,2024
8,D,97.0,27.0,3.0,1.0,89,1.0,0.0,0.0,1,30,1,0.0,0,5.0,1.0,2,0.0,7,1,0,1,1,0.0,0,1.0,0,97.0,121.0,60.0,240.0,2024
6,D,160.0,24.0,2.0,1.0,79,1.0,0.0,0.0,1,83,1,0.0,0,3.0,1.0,1,0.0,7,1,0,1,1,0.0,0,1.0,0,210.0,240.0,60.0,240.0,2024
1,D,160.0,54.0,7.0,1.0,9,1.0,1.0,6.0,1,6,1,0.0,0,5.0,1.0,1,1.0,7,1,0,1,1,6.0,0,3.0,0,135.0,168.0,120.0,240.0,2024
4,D,24.0,35.0,4.0,1.0,82,1.0,1.0,0.0,1,85,1,0.0,0,3.0,6.0,1,0.0,7,1,0,1,1,0.0,0,1.0,0,30.0,37.0,0.0,120.0,2024
6,D,180.0,36.0,5.0,1.0,30,1.0,1.0,3.0,1,36,1,0.0,0,3.0,1.0,1,0.0,7,1,0,1,1,3.0,0,2.0,0,180.0,180.0,180.0,480.0,2024
3,D,78.0,24.0,2.0,1.0,91,1.0,0.0,0.0,1,31,2,0.0,0,5.0,3.0,1,0.0,7,1,0,1,1,0.0,0,1.0,0,78.0,97.0,0.0,240.0,2024
4,D,168.0,41.0,6.0,1.0,35,1.0,0.0,0.0,3,41,2,0.0,1,5.0,3.0,1,0.0,7,1,0,1,1,0.0,0,1.0,0,240.0,240.0,60.0,240.0,2024
2,D,40.0,57.0,7.0,1.0,65,1.0,1.0,0.0,1,73,1,0.0,0,3.0,2.0,1,0.0,7,1,0,1,1,0.0,0,1.0,0,97.0,121.0,0.0,240.0,2024
2,D,97.0,33.0,4.0,1.0,87,1.0,1.0,0.0,1,26,1,0.0,0,5.0,1.0,1,2.0,7,1,0,1,1,0.0,0,1.0,0,30.0,37.0,0.0,240.0,2024
3,D,51.0,37.0,5.0,1.0,68,1.0,1.0,3.0,1,74,1,0.0,0,3.0,1.0,1,1.0,7,1,0,1,1,3.0,0,2.0,0,63.0,78.0,0.0,240.0,2024
3,D,31.0,64.0,8.0,1.0,68,1.0,0.0,0.0,1,74,1,0.0,0,5.0,1.0,1,,7,1,0,1,1,0.0,0,1.0,0,78.0,97.0,0.0,240.0,2024
3,D,120.0,33.0,4.0,1.0,67,1.0,1.0,3.0,1,71,1,0.0,0,5.0,6.0,1,0.0,7,1,0,1,1,3.0,0,2.0,0,120.0,120.0,120.0,240.0,2024
8,D,264.0,45.0,6.0,1.0,60,1.0,1.0,1.0,1,67,1,0.0,0,3.0,1.0,2,0.0,7,1,0,1,1,1.0,0,1.0,0,262.0,327.0,180.0,360.0,2024
8,D,90.0,34.0,4.0,1.0,60,1.0,1.0,4.0,1,67,1,0.0,0,1.0,1.0,1,1.0,7,1,0,1,1,4.0,0,3.0,0,240.0,240.0,60.0,240.0,2024
2,D,120.0,55.0,7.0,1.0,85,1.0,1.0,4.0,1,89,1,0.0,0,3.0,1.0,1,0.0,7,1,0,1,1,4.0,0,3.0,0,120.0,121.0,120.0,240.0,2024
8,D,144.0,52.0,7.0,1.0,89,1.0,1.0,3.0,1,30,2,0.0,0,5.0,3.0,3,0.0,7,1,0,1,1,3.0,0,2.0,0,135.0,168.0,60.0,240.0,2024
2,D,86.0,40.0,5.0,1.0,17,1.0,1.0,3.0,1,15,1,0.0,0,3.0,1.0,2,1.0,7,1,0,1,1,3.0,0,2.0,0,168.0,210.0,60.0,240.0,2024
4,D,144.0,29.0,3.0,1.0,56,1.0,1.0,0.0,1,63,1,0.0,0,3.0,1.0,2,2.0,7,1,0,1,1,0.0,0,1.0,0,151.0,188.0,60.0,240.0,2024
3,D,36.0,51.0,7.0,1.0,42,1.0,1.0,0.0,1,48,1,0.0,0,5.0,2.0,1,0.0,7,1,0,1,1,0.0,0,1.0,0,97.0,121.0,0.0,240.0,2024
5,D,188.0,34.0,4.0,1.0,36,1.0,0.0,0.0,1,42,1,0.0,0,3.0,1.0,1,0.0,7,1,0,1,1,0.0,0,1.0,0,240.0,240.0,60.0,240.0,2024
1,D,120.0,30.0,3.0,1.0,9,1.0,1.0,2.0,1,6,1,0.0,0,3.0,1.0,1,0.0,7,1,0,1,1,2.0,0,2.0,0,120.0,135.0,120.0,240.0,2024
2,D,84.0,22.0,2.0,1.0,17,1.0,0.0,0.0,1,15,1,0.0,0,5.0,1.0,1,0.0,7,1,0,1,1,0.0,0,1.0,0,97.0,121.0,60.0,240.0,2024
1,D,420.0,32.0,4.0,1.0,46,1.0,1.0,3.0,1,53,1,0.0,0,5.0,1.0,9,0.0,7,1,0,1,1,3.0,0,5.0,0,480.0,9996.0,300.0,600.0,2024
2,D,102.0,37.0,5.0,1.0,39,1.0,0.0,0.0,1,45,1,0.0,0,3.0,1.0,1,2.0,7,1,0,1,1,0.0,0,1.0,0,168.0,210.0,60.0,240.0,2024
2,D,120.0,34.0,4.0,1.0,14,1.0,1.0,0.0,1,12,1,0.0,0,6.0,1.0,3,0.0,7,1,0,1,1,0.0,0,1.0,0,151.0,188.0,120.0,9996.0,2024
2,D,144.0,37.0,5.0,1.0,51,1.0,1.0,3.0,1,57,1,0.0,0,5.0,1.0,1,1.0,7,1,0,1,1,3.0,0,2.0,0,60.0,60.0,60.0,240.0,2024
4,D,84.0,31.0,4.0,1.0,58,1.0,1.0,0.0,1,65,1,0.0,0,3.0,1.0,1,1.0,7,1,0,1,1,0.0,0,1.0,0,78.0,97.0,0.0,240.0,2024
1,A,,59.0,7.0,1.0,41,1.0,0.0,0.0,1,47,1,1.0,0,6.0,1.0,1,0.0,8,0,1,4,0,0.0,0,1.0,0,0.0,6.0,0.0,60.0,2024
1,D,72.0,60.0,7.0,1.0,55,1.0,1.0,0.0,1,62,1,0.0,0,3.0,1.0,1,0.0,7,1,0,1,1,0.0,0,1.0,0,135.0,168.0,0.0,240.0,2024
2,D,60.0,23.0,2.0,1.0,45,1.0,1.0,0.0,1,51,1,0.0,0,3.0,1.0,2,1.0,7,1,0,1,1,0.0,0,1.0,0,60.0,60.0,0.0,120.0,2024
3,D,50.0,36.0,5.0,1.0,91,1.0,0.0,0.0,1,31,1,0.0,0,5.0,1.0,1,0.0,7,1,0,1,1,0.0,0,1.0,0,70.0,87.0,0.0,240.0,2024
5,D,60.0,43.0,6.0,1.0,62,1.0,0.0,0.0,1,69,1,0.0,0,6.0,1.0,1,2.0,7,1,0,1,1,0.0,0,1.0,0,60.0,71.0,60.0,240.0,2024
5,D,360.0,50.0,6.0,1.0,62,1.0,1.0,0.0,1,69,1,0.0,0,1.0,1.0,2,0.0,7,1,0,1,1,0.0,0,1.0,0,9996.0,9996.0,120.0,9996.0,2024
1,D,90.0,28.0,3.0,1.0,78,1.0,1.0,0.0,1,82,1,0.0,0,5.0,1.0,1,0.0,7,1,0,1,1,0.0,0,1.0,0,97.0,120.0,0.0,120.0,2024
3,D,120.0,52.0,7.0,1.0,42,1.0,1.0,0.0,1,48,1,0.0,0,5.0,1.0,2,0.0,7,1,0,1,1,0.0,0,1.0,0,210.0,262.0,0.0,240.0,2024
2,D,151.0,57.0,7.0,1.0,14,1.0,1.0,0.0,1,12,1,0.0,0,3.0,1.0,1,0.0,7,1,0,1,1,0.0,0,1.0,0,151.0,188.0,60.0,240.0,2024
4,D,100.0,39.0,5.0,1.0,35,1.0,1.0,2.0,1,41,0,0.0,0,3.0,1.0,1,0.0,7,1,0,1,1,2.0,0,2.0,0,108.0,135.0,0.0,240.0,2024
2,D,40.0,36.0,5.0,1.0,2,1.0,1.0,6.0,1,0,1,0.0,0,3.0,1.0,1,0.0,7,1,0,1,1,6.0,0,3.0,0,57.0,71.0,0.0,120.0,2024
6,D,27.0,32.0,4.0,1.0,79,1.0,1.0,2.0,1,83,1,0.0,0,3.0,2.0,1,1.0,8,1,0,1,1,2.0,0,2.0,0,21.0,27.0,0.0,120.0,2024
8,D,51.0,67.0,8.0,1.0,89,1.0,1.0,0.0,1,30,1,0.0,0,3.0,1.0,1,0.0,7,1,0,1,1,0.0,0,1.0,0,63.0,78.0,0.0,240.0,2024
3,D,200.0,29.0,3.0,1.0,34,1.0,0.0,0.0,1,39,1,0.0,0,3.0,1.0,1,0.0,7,1,0,1,1,0.0,0,1.0,0,135.0,168.0,0.0,240.0,2024
3,D,36.0,21.0,2.0,1.0,91,4.0,0.0,0.0,1,31,1,0.0,0,5.0,6.0,1,0.0,7,1,0,1,1,0.0,0,1.0,0,51.0,63.0,0.0,240.0,2024
3,D,56.0,31.0,4.0,1.0,91,1.0,0.0,0.0,1,31,1,0.0,0,3.0,2.0,1,0.0,7,1,0,1,1,0.0,0,1.0,0,78.0,97.0,0.0,240.0,2024
4,D,121.0,33.0,4.0,1.0,82,1.0,0.0,0.0,1,85,1,0.0,0,5.0,1.0,2,0.0,7,1,0,1,1,0.0,0,1.0,0,151.0,188.0,60.0,240.0,2024
5,D,60.0,35.0,4.0,1.0,83,1.0,1.0,0.0,1,87,1,0.0,0,5.0,1.0,1,1.0,7,1,0,1,1,0.0,0,1.0,0,78.0,97.0,0.0,240.0,2024
1,D,96.0,37.0,5.0,1.0,3,1.0,1.0,15.0,1,1,1,0.0,0,5.0,1.0,2,0.0,7,1,0,1,1,16.0,0,6.0,0,262.0,327.0,60.0,240.0,2024
2,D,175.0,57.0,7.0,1.0,17,1.0,1.0,3.0,3,15,1,0.0,1,3.0,1.0,2,0.0,7,1,0,1,1,3.0,0,2.0,0,151.0,188.0,120.0,240.0,2024
4,D,180.0,46.0,6.0,1.0,58,1.0,1.0,3.0,1,65,1,0.0,0,5.0,1.0,1,0.0,7,1,0,1,1,3.0,0,2.0,0,180.0,180.0,180.0,480.0,2024
3,D,108.0,31.0,4.0,1.0,91,1.0,0.0,0.0,1,31,2,0.0,0,5.0,3.0,1,0.0,7,1,0,1,1,0.0,0,1.0,0,210.0,240.0,60.0,240.0,2024
1,D,180.0,59.0,7.0,1.0,3,1.0,1.0,0.0,1,1,1,0.0,0,3.0,1.0,1,0.0,7,1,0,1,1,0.0,0,1.0,0,180.0,188.0,180.0,360.0,2024
3,D,135.0,56.0,7.0,1.0,31,1.0,1.0,0.0,1,37,1,0.0,0,1.0,1.0,1,0.0,7,1,0,1,1,0.0,0,1.0,0,135.0,168.0,0.0,240.0,2024
2,D,108.0,43.0,6.0,1.0,28,1.0,1.0,3.0,1,35,1,0.0,0,5.0,1.0,1,0.0,7,1,0,1,1,3.0,0,2.0,0,108.0,135.0,60.0,240.0,2024
4,D,72.0,37.0,5.0,1.0,35,1.0,0.0,0.0,1,41,2,0.0,0,5.0,3.0,1,3.0,7,1,0,1,1,0.0,0,1.0,0,97.0,121.0,60.0,240.0,2024
6,D,135.0,27.0,3.0,1.0,33,1.0,0.0,0.0,1,40,2,0.0,0,3.0,3.0,1,0.0,7,1,0,1,1,0.0,0,1.0,0,135.0,168.0,0.0,240.0,2024
4,D,24.0,23.0,2.0,1.0,35,1.0,0.0,0.0,1,41,0,0.0,0,5.0,6.0,1,0.0,7,1,0,1,1,0.0,0,1.0,0,78.0,97.0,0.0,120.0,2024
2,D,108.0,40.0,5.0,1.0,65,1.0,1.0,0.0,1,73,2,0.0,0,5.0,3.0,4,0.0,7,1,0,1,1,0.0,0,1.0,0,151.0,188.0,60.0,240.0,2024
4,D,180.0,38.0,5.0,1.0,58,1.0,1.0,8.0,1,65,1,0.0,0,3.0,1.0,2,0.0,7,1,0,1,1,9.0,0,4.0,0,180.0,180.0,180.0,480.0,2024
8,D,168.0,64.0,8.0,1.0,89,1.0,1.0,1.0,3,30,2,0.0,1,5.0,3.0,2,0.0,7,1,0,1,1,1.0,0,1.0,0,135.0,168.0,0.0,240.0,2024
3,D,70.0,37.0,5.0,1.0,43,1.0,1.0,2.0,1,49,1,0.0,0,5.0,1.0,1,0.0,7,1,0,1,1,2.0,0,2.0,0,70.0,87.0,0.0,240.0,2024
1,D,120.0,51.0,7.0,1.0,3,1.0,1.0,0.0,1,1,1,0.0,0,3.0,1.0,1,0.0,7,1,0,1,1,0.0,0,1.0,0,120.0,120.0,120.0,240.0,2024
2,D,100.0,32.0,4.0,1.0,14,1.0,0.0,0.0,1,12,2,0.0,0,5.0,3.0,1,0.0,7,1,0,1,1,0.0,0,1.0,0,97.0,121.0,60.0,240.0,2024
1,D,84.0,41.0,6.0,1.0,71,1.0,1.0,1.0,1,76,1,0.0,0,3.0,1.0,1,0.0,7,1,0,1,1,1.0,0,1.0,0,97.0,121.0,0.0,240.0,2024
5,D,36.0,40.0,5.0,1.0,83,1.0,0.0,0.0,1,87,2,0.0,0,5.0,3.0,1,2.0,7,1,0,1,1,0.0,0,1.0,0,51.0,63.0,0.0,240.0,2024
1,D,48.0,40.0,5.0,1.0,11,1.0,1.0,0.0,1,9,1,0.0,0,5.0,1.0,1,7.0,7,1,0,1,1,0.0,0,1.0,0,78.0,97.0,0.0,240.0,2024
2,D,63.0,66.0,8.0,1.0,65,1.0,1.0,0.0,1,73,1,0.0,0,6.0,6.0,1,0.0,7,1,0,1,1,0.0,0,1.0,0,78.0,97.0,0.0,240.0,2024
3,D,65.0,30.0,3.0,1.0,75,1.0,0.0,0.0,1,79,1,0.0,0,1.0,1.0,1,0.0,7,1,0,1,1,0.0,0,1.0,0,97.0,121.0,60.0,240.0,2024
6,D,120.0,23.0,2.0,1.0,72,1.0,0.0,0.0,1,77,1,0.0,0,3.0,2.0,1,0.0,7,1,0,1,1,0.0,0,1.0,0,210.0,240.0,60.0,240.0,2024
2,D,120.0,29.0,3.0,1.0,15,1.0,1.0,3.0,1,13,1,0.0,0,5.0,1.0,1,0.0,7,1,0,1,1,3.0,0,2.0,0,120.0,135.0,120.0,240.0,2024
1,D,120.0,46.0,6.0,1.0,10,1.0,1.0,12.0,1,8,1,0.0,0,5.0,2.0,1,0.0,7,1,0,1,1,13.0,0,6.0,0,168.0,210.0,0.0,240.0,2024
4,D,192.0,56.0,7.0,1.0,57,1.0,1.0,3.0,3,64,1,0.0,1,3.0,1.0,4,0.0,7,1,0,1,1,3.0,0,2.0,0,188.0,235.0,180.0,480.0,2024
3,D,97.0,26.0,3.0,1.0,32,1.0,1.0,0.0,1,38,1,0.0,0,5.0,1.0,1,1.0,7,1,0,1,1,0.0,0,1.0,0,78.0,97.0,0.0,240.0,2024
3,D,135.0,29.0,3.0,1.0,48,1.0,1.0,0.0,1,54,1,0.0,0,1.0,1.0,1,0.0,7,1,0,1,1,0.0,0,1.0,0,108.0,135.0,0.0,240.0,2024
1,D,120.0,41.0,6.0,1.0,10,1.0,1.0,3.0,1,8,2,0.0,0,5.0,3.0,1,0.0,7,1,0,1,1,3.0,0,2.0,0,120.0,120.0,120.0,240.0,2024
4,D,72.0,32.0,4.0,1.0,35,3.0,1.0,0.0,1,41,2,0.0,0,3.0,3.0,1,1.0,7,1,0,1,1,0.0,0,1.0,0,121.0,151.0,60.0,240.0,2024
3,D,168.0,43.0,6.0,1.0,75,1.0,1.0,3.0,1,79,1,0.0,0,3.0,1.0,4,0.0,7,1,0,1,1,3.0,0,2.0,0,168.0,210.0,60.0,240.0,2024
4,D,720.0,36.0,5.0,1.0,35,1.0,1.0,5.0,1,41,1,0.0,0,3.0,1.0,3,2.0,7,1,0,1,1,8.0,0,4.0,0,360.0,1080.0,180.0,480.0,2024
3,D,210.0,31.0,4.0,1.0,63,1.0,0.0,0.0,1,95,1,0.0,0,1.0,1.0,2,0.0,7,1,0,1,1,0.0,0,1.0,0,210.0,262.0,60.0,240.0,2024
6,D,90.0,31.0,4.0,1.0,30,1.0,0.0,0.0,1,36,1,0.0,0,5.0,1.0,1,1.0,7,1,0,1,1,0.0,0,1.0,0,151.0,188.0,60.0,240.0,2024
5,D,240.0,30.0,3.0,1.0,62,1.0,1.0,4.0,1,69,1,0.0,0,3.0,1.0,1,2.0,7,1,0,1,1,4.0,0,3.0,0,120.0,120.0,120.0,240.0,2024
3,D,72.0,39.0,5.0,1.0,91,1.0,1.0,0.0,1,31,2,0.0,0,5.0,3.0,1,0.0,7,1,0,1,1,0.0,0,1.0,0,121.0,151.0,60.0,240.0,2024
2,D,192.0,29.0,3.0,1.0,39,1.0,1.0,0.0,1,45,1,0.0,0,3.0,,2,5.0,7,1,0,1,1,0.0,0,1.0,0,324.0,405.0,180.0,360.0,2024
2,D,168.0,43.0,6.0,1.0,84,1.0,1.0,2.0,1,88,1,0.0,0,5.0,1.0,1,0.0,7,1,0,1,1,2.0,0,2.0,0,168.0,210.0,0.0,240.0,2024
3,D,30.0,37.0,5.0,1.0,67,1.0,0.0,0.0,1,71,1,0.0,0,3.0,6.0,1,0.0,7,1,0,1,1,0.0,0,1.0,0,41.0,51.0,0.0,240.0,2024
5,C,18.0,37.0,5.0,1.0,36,3.0,1.0,0.0,1,42,2,0.0,0,3.0,3.0,2,1.0,8,1,0,1,1,0.0,0,1.0,0,12.0,18.0,0.0,120.0,2024
8,D,120.0,58.0,7.0,1.0,60,1.0,1.0,0.0,1,67,2,0.0,0,5.0,3.0,1,0.0,7,1,0,1,1,0.0,0,1.0,0,151.0,188.0,60.0,240.0,2024
3,D,108.0,61.0,8.0,1.0,90,1.0,1.0,0.0,1,29,1,0.0,0,5.0,1.0,1,0.0,7,1,0,1,1,0.0,0,1.0,0,235.0,240.0,60.0,240.0,2024
4,D,24.0,48.0,6.0,1.0,58,1.0,1.0,16.0,1,65,1,0.0,0,5.0,1.0,1,3.0,7,1,0,1,1,17.0,0,6.0,0,51.0,63.0,0.0,240.0,2024
2,D,240.0,40.0,5.0,1.0,39,1.0,1.0,0.0,1,45,1,0.0,0,5.0,1.0,2,0.0,7,1,0,1,1,0.0,0,1.0,0,600.0,600.0,180.0,360.0,2024
1,D,180.0,36.0,5.0,1.0,9,1.0,0.0,0.0,1,6,1,0.0,0,5.0,1.0,3,2.0,7,1,0,1,1,0.0,0,1.0,0,168.0,210.0,120.0,9996.0,2024
1,D,120.0,40.0,5.0,1.0,10,1.0,1.0,6.0,1,8,1,0.0,0,3.0,2.0,1,1.0,7,1,0,1,1,8.0,0,4.0,0,120.0,137.0,120.0,240.0,2024
1,D,93.0,49.0,6.0,1.0,41,1.0,0.0,0.0,1,47,1,0.0,0,5.0,1.0,1,0.0,7,1,0,1,1,0.0,0,1.0,0,121.0,151.0,60.0,240.0,2024
1,D,180.0,46.0,6.0,1.0,11,1.0,1.0,0.0,1,9,1,0.0,0,3.0,1.0,1,0.0,7,1,0,1,1,0.0,0,1.0,0,210.0,240.0,60.0,240.0,2024
2,D,180.0,22.0,2.0,1.0,54,1.0,1.0,0.0,1,61,2,0.0,0,5.0,3.0,1,0.0,7,1,0,1,1,0.0,0,1.0,0,240.0,240.0,60.0,240.0,2024
8,D,84.0,63.0,8.0,1.0,60,1.0,1.0,0.0,1,67,2,0.0,0,6.0,3.0,1,0.0,7,1,0,1,1,0.0,0,1.0,0,151.0,188.0,60.0,240.0,2024
1,D,84.0,42.0,6.0,1.0,8,1.0,1.0,1.0,1,7,1,0.0,0,6.0,1.0,3,0.0,7,1,0,1,1,1.0,0,1.0,0,151.0,188.0,60.0,240.0,2024
4,D,78.0,39.0,5.0,1.0,58,1.0,1.0,0.0,1,65,1,0.0,0,5.0,1.0,1,1.0,7,1,0,1,1,0.0,0,1.0,0,78.0,97.0,0.0,240.0,2024
4,D,180.0,46.0,6.0,1.0,59,1.0,1.0,3.0,1,66,0,0.0,0,5.0,1.0,1,0.0,7,1,0,1,1,3.0,0,2.0,0,180.0,180.0,180.0,480.0,2024
3,D,75.0,39.0,5.0,1.0,91,1.0,1.0,0.0,1,31,2,0.0,0,5.0,3.0,1,0.0,7,1,0,1,1,0.0,0,1.0,0,97.0,121.0,0.0,240.0,2024
6,D,188.0,41.0,6.0,1.0,79,1.0,1.0,5.0,1,83,1,0.0,0,5.0,1.0,1,0.0,7,1,0,1,1,5.0,0,3.0,0,188.0,235.0,180.0,480.0,2024
1,D,0.03,53.0,7.0,1.0,4,1.0,1.0,1.0,1,2,1,0.0,0,3.0,1.0,1,1.0,7,1,0,1,1,1.0,0,1.0,0,30.0,37.0,0.0,120.0,2024
5,D,70.0,35.0,4.0,1.0,62,1.0,1.0,0.0,1,69,1,0.0,0,3.0,1.0,1,1.0,7,1,0,1,1,0.0,0,1.0,0,97.0,121.0,60.0,240.0,2024
2,D,15.0,23.0,2.0,1.0,64,1.0,0.0,0.0,1,70,2,0.0,0,5.0,3.0,1,0.0,7,1,0,1,1,0.0,0,1.0,0,51.0,63.0,0.0,240.0,2024
8,D,180.0,53.0,7.0,1.0,60,1.0,1.0,3.0,1,67,1,0.0,0,6.0,1.0,1,0.0,7,1,0,1,1,3.0,0,2.0,0,180.0,180.0,180.0,480.0,2024
4,D,108.0,44.0,6.0,1.0,53,1.0,1.0,6.0,1,60,1,0.0,0,1.0,1.0,1,3.0,7,1,0,1,1,6.0,0,3.0,0,135.0,168.0,60.0,240.0,2024
2,D,96.0,50.0,6.0,1.0,84,1.0,0.0,0.0,1,88,1,0.0,0,6.0,1.0,1,0.0,7,1,0,1,1,0.0,0,1.0,0,78.0,97.0,0.0,240.0,2024
5,D,78.0,35.0,4.0,1.0,92,1.0,1.0,1.0,1,33,1,0.0,0,3.0,1.0,1,0.0,7,1,0,1,1,1.0,0,1.0,0,78.0,97.0,0.0,240.0,2024
2,C,18.0,41.0,6.0,1.0,94,1.0,1.0,1.0,1,34,1,0.0,0,3.0,2.0,1,5.0,8,1,0,1,1,1.0,0,1.0,0,12.0,18.0,0.0,60.0,2024
2,D,23.0,28.0,3.0,1.0,94,1.0,1.0,2.0,1,34,1,0.0,0,5.0,2.0,1,1.0,8,1,0,1,1,5.0,0,3.0,0,18.0,24.0,0.0,60.0,2024
2,D,30.0,41.0,6.0,1.0,94,1.0,1.0,9.0,1,34,1,0.0,0,3.0,2.0,1,1.0,8,1,0,1,1,9.0,0,4.0,0,24.0,30.0,0.0,60.0,2024
2,D,20.0,35.0,4.0,1.0,94,1.0,1.0,2.0,1,34,1,0.0,0,1.0,2.0,1,3.0,8,1,0,1,1,2.0,0,2.0,0,15.0,21.0,0.0,60.0,2024
4,D,300.0,41.0,6.0,1.0,57,1.0,1.0,5.0,1,64,1,0.0,0,3.0,1.0,1,0.0,7,1,0,1,1,6.0,0,5.0,0,9996.0,9996.0,120.0,9996.0,2024
4,D,130.0,68.0,8.0,1.0,35,1.0,1.0,0.0,1,41,1,0.0,0,5.0,1.0,2,0.0,7,1,0,1,1,0.0,0,1.0,0,151.0,188.0,60.0,240.0,2024
2,D,24.0,43.0,6.0,1.0,94,1.0,1.0,6.0,1,34,1,0.0,0,3.0,2.0,1,3.0,8,1,0,1,1,6.0,0,3.0,0,18.0,24.0,0.0,60.0,2024
5,D,121.0,32.0,4.0,1.0,36,2.0,1.0,0.0,1,42,2,0.0,0,6.0,3.0,1,0.0,7,1,0,1,1,0.0,0,1.0,0,97.0,121.0,0.0,240.0,2024
3,D,240.0,35.0,4.0,1.0,34,1.0,1.0,2.0,1,39,2,0.0,0,3.0,3.0,1,1.0,7,1,0,1,1,2.0,0,2.0,0,240.0,240.0,60.0,240.0,2024
3,D,204.0,51.0,7.0,1.0,23,1.0,1.0,0.0,1,20,1,0.0,0,6.0,1.0,1,0.0,7,1,0,1,1,0.0,0,1.0,0,240.0,240.0,60.0,240.0,2024
2,D,210.0,25.0,2.0,1.0,24,1.0,1.0,0.0,1,22,1,0.0,0,6.0,6.0,4,2.0,7,1,0,1,1,0.0,0,1.0,0,9996.0,9996.0,60.0,240.0,2024
8,D,293.0,41.0,6.0,1.0,89,1.0,1.0,5.0,1,30,1,0.0,0,1.0,1.0,2,0.0,7,1,0,1,1,5.0,0,3.0,0,235.0,293.0,120.0,9996.0,2024
1,D,192.0,35.0,4.0,1.0,55,1.0,1.0,9.0,3,62,1,0.0,1,3.0,1.0,2,1.0,7,1,0,1,1,9.0,0,4.0,0,180.0,210.0,180.0,480.0,2024
5,D,180.0,35.0,4.0,1.0,37,1.0,1.0,14.0,1,43,1,0.0,0,3.0,1.0,1,2.0,7,1,0,1,1,14.0,0,6.0,0,240.0,240.0,60.0,240.0,2024
4,D,0.03,37.0,5.0,1.0,35,1.0,0.0,0.0,1,41,2,0.0,0,3.0,3.0,1,0.0,7,1,0,1,1,0.0,0,1.0,0,57.0,71.0,0.0,240.0,2024
5,D,60.0,43.0,6.0,1.0,62,1.0,1.0,0.0,1,69,1,0.0,0,6.0,6.0,1,3.0,7,1,0,1,1,0.0,0,1.0,0,151.0,188.0,60.0,240.0,2024
4,D,60.0,28.0,3.0,1.0,35,1.0,0.0,0.0,1,41,2,0.0,0,3.0,3.0,3,3.0,7,1,0,1,1,0.0,0,1.0,0,60.0,71.0,60.0,240.0,2024
4,D,60.0,31.0,4.0,1.0,35,1.0,0.0,0.0,1,41,2,0.0,0,3.0,3.0,2,0.0,7,1,0,1,1,0.0,0,1.0,0,97.0,121.0,60.0,240.0,2024
1,D,120.0,36.0,5.0,1.0,9,1.0,0.0,0.0,1,6,1,0.0,0,1.0,1.0,6,0.0,7,1,0,1,1,0.0,0,1.0,0,262.0,327.0,60.0,240.0,2024
8,D,235.0,39.0,5.0,1.0,89,2.0,0.0,0.0,1,30,1,0.0,0,3.0,1.0,1,0.0,7,1,0,1,1,0.0,0,1.0,0,235.0,240.0,60.0,240.0,2024
4,D,60.0,41.0,6.0,1.0,35,1.0,0.0,0.0,1,41,2,0.0,0,6.0,3.0,2,0.0,7,1,0,1,1,0.0,0,1.0,0,70.0,87.0,0.0,240.0,2024
4,D,180.0,28.0,3.0,1.0,35,1.0,1.0,2.0,1,41,2,0.0,0,1.0,3.0,2,0.0,7,1,0,1,1,2.0,0,2.0,0,188.0,235.0,0.0,240.0,2024
4,D,70.0,46.0,6.0,1.0,58,1.0,0.0,0.0,1,65,1,0.0,0,3.0,1.0,1,0.0,7,1,0,1,1,0.0,0,1.0,0,97.0,121.0,60.0,240.0,2024
3,D,112.0,45.0,6.0,1.0,91,3.0,1.0,3.0,1,31,2,0.0,0,6.0,3.0,2,0.0,7,1,0,1,1,3.0,0,2.0,0,108.0,135.0,60.0,240.0,2024
1,D,0.03,48.0,6.0,1.0,19,1.0,1.0,0.0,1,16,1,0.0,0,6.0,1.0,1,0.0,7,1,0,1,1,0.0,0,1.0,0,78.0,97.0,0.0,120.0,2024
3,D,120.0,63.0,8.0,1.0,67,1.0,1.0,0.0,1,71,1,0.0,0,5.0,1.0,1,0.0,7,1,0,1,1,0.0,0,1.0,0,120.0,121.0,120.0,240.0,2024
3,C,,24.0,2.0,1.0,34,1.0,1.0,3.0,1,39,1,1.0,0,1.0,1.0,1,2.0,8,0,1,4,0,3.0,0,2.0,0,12.0,18.0,0.0,60.0,2024
5,D,84.0,40.0,5.0,1.0,83,1.0,0.0,0.0,1,87,1,0.0,0,6.0,1.0,1,0.0,7,1,0,1,1,0.0,0,1.0,0,78.0,97.0,0.0,120.0,2024
2,D,48.0,71.0,8.0,1.0,84,1.0,1.0,0.0,1,88,1,0.0,0,3.0,1.0,1,0.0,7,1,0,1,1,0.0,0,1.0,0,78.0,97.0,0.0,120.0,2024
5,D,109.0,36.0,5.0,1.0,62,1.0,1.0,1.0,1,69,1,0.0,0,3.0,1.0,1,3.0,7,1,0,1,1,1.0,0,1.0,0,97.0,120.0,0.0,120.0,2024
3,D,120.0,38.0,5.0,1.0,5,1.0,1.0,0.0,1,4,2,0.0,0,5.0,3.0,1,1.0,7,1,0,1,1,0.0,0,1.0,0,60.0,60.0,60.0,240.0,2024
3,D,63.0,55.0,7.0,1.0,68,1.0,0.0,0.0,1,74,0,0.0,0,6.0,,1,0.0,7,1,0,1,1,0.0,0,1.0,0,78.0,97.0,0.0,240.0,2024
2,D,97.0,33.0,4.0,1.0,86,1.0,1.0,0.0,1,27,1,0.0,0,5.0,1.0,1,0.0,7,1,0,1,1,0.0,0,1.0,0,97.0,121.0,0.0,240.0,2024
1,C,,50.0,6.0,1.0,41,1.0,0.0,0.0,1,47,1,1.0,0,5.0,1.0,3,0.0,8,0,1,4,0,0.0,0,1.0,0,12.0,18.0,0.0,60.0,2024
8,D,87.0,45.0,6.0,1.0,89,1.0,0.0,0.0,1,30,1,0.0,0,5.0,1.0,3,0.0,7,1,0,1,1,0.0,0,1.0,0,151.0,188.0,60.0,240.0,2024
4,D,109.0,57.0,7.0,1.0,59,1.0,1.0,0.0,1,66,1,0.0,0,5.0,1.0,1,0.0,7,1,0,1,1,0.0,0,1.0,0,97.0,121.0,60.0,240.0,2024
4,D,144.0,26.0,3.0,1.0,59,1.0,0.0,0.0,1,66,1,0.0,0,3.0,1.0,1,0.0,7,1,0,1,1,0.0,0,1.0,0,210.0,240.0,60.0,240.0,2024
4,D,210.0,29.0,3.0,1.0,72,1.0,0.0,0.0,1,77,1,0.0,0,3.0,1.0,1,0.0,7,1,0,1,1,0.0,0,1.0,0,210.0,240.0,60.0,240.0,2024
8,D,127.0,41.0,6.0,1.0,89,1.0,1.0,3.0,3,30,1,0.0,1,3.0,1.0,1,1.0,7,1,0,1,1,3.0,0,2.0,0,121.0,151.0,0.0,240.0,2024
2,D,60.0,69.0,8.0,1.0,76,1.0,0.0,0.0,1,80,1,0.0,0,3.0,1.0,1,0.0,7,1,0,1,1,0.0,0,1.0,0,151.0,188.0,60.0,240.0,2024
2,D,121.0,30.0,3.0,1.0,14,1.0,1.0,0.0,1,12,2,0.0,0,5.0,3.0,2,0.0,7,1,0,1,1,0.0,0,1.0,0,97.0,121.0,0.0,240.0,2024
4,D,60.0,29.0,3.0,1.0,59,2.0,1.0,0.0,1,66,0,0.0,0,5.0,6.0,1,1.0,7,1,0,1,1,0.0,0,1.0,0,97.0,121.0,0.0,240.0,2024
2,D,60.0,60.0,7.0,1.0,76,1.0,1.0,1.0,1,80,1,0.0,0,3.0,1.0,1,0.0,7,1,0,1,1,1.0,0,1.0,0,97.0,121.0,0.0,240.0,2024
5,D,66.0,25.0,2.0,1.0,20,1.0,1.0,0.0,1,17,1,0.0,0,5.0,1.0,1,0.0,7,1,0,1,1,0.0,0,1.0,0,121.0,151.0,60.0,240.0,2024
4,D,480.0,36.0,5.0,1.0,58,1.0,1.0,2.0,1,65,1,0.0,0,5.0,1.0,2,2.0,7,1,0,1,1,2.0,0,2.0,0,600.0,600.0,180.0,360.0,2024
3,D,66.0,53.0,7.0,1.0,44,1.0,0.0,0.0,1,50,1,0.0,0,5.0,1.0,2,0.0,7,1,0,1,1,0.0,0,1.0,0,78.0,97.0,60.0,240.0,2024
1,D,80.0,37.0,5.0,1.0,78,1.0,1.0,0.0,1,82,1,0.0,0,6.0,1.0,1,0.0,7,1,0,1,1,0.0,0,1.0,0,97.0,120.0,0.0,120.0,2024
4,D,264.0,46.0,6.0,1.0,59,1.0,1.0,0.0,1,66,2,0.0,0,3.0,3.0,1,1.0,7,1,0,1,1,0.0,0,1.0,0,360.0,360.0,180.0,360.0,2024
6,D,180.0,64.0,8.0,1.0,30,1.0,1.0,0.0,1,36,1,0.0,0,3.0,1.0,1,0.0,7,1,0,1,1,0.0,0,1.0,0,210.0,262.0,180.0,480.0,2024
1,D,72.0,51.0,7.0,1.0,3,1.0,0.0,0.0,1,1,1,0.0,0,5.0,1.0,2,0.0,7,1,0,1,1,0.0,0,1.0,0,97.0,121.0,60.0,240.0,2024
4,D,144.0,59.0,7.0,1.0,35,1.0,0.0,0.0,1,41,1,0.0,0,6.0,1.0,2,0.0,7,1,0,1,1,0.0,0,1.0,0,210.0,262.0,60.0,240.0,2024
2,D,72.0,30.0,3.0,1.0,54,1.0,1.0,0.0,1,61,1,1.0,0,3.0,1.0,1,0.0,7,1,0,1,1,0.0,0,1.0,0,78.0,97.0,0.0,240.0,2024
2,D,60.0,66.0,8.0,1.0,24,1.0,0.0,0.0,1,22,1,0.0,0,6.0,2.0,1,0.0,7,1,0,1,1,0.0,0,1.0,0,97.0,121.0,60.0,240.0,2024
1,D,120.0,63.0,8.0,1.0,9,1.0,1.0,3.0,1,6,1,0.0,0,3.0,1.0,1,0.0,7,1,0,1,1,3.0,0,2.0,0,120.0,120.0,120.0,240.0,2024
1,D,210.0,34.0,4.0,1.0,41,1.0,1.0,4.0,1,47,1,0.0,0,3.0,1.0,1,2.0,7,1,0,1,1,4.0,0,3.0,0,210.0,240.0,60.0,240.0,2024
4,D,60.0,21.0,2.0,1.0,58,1.0,1.0,0.0,1,65,1,0.0,0,3.0,1.0,1,0.0,7,1,0,1,1,0.0,0,1.0,0,97.0,121.0,60.0,240.0,2024
1,D,63.0,44.0,6.0,1.0,71,1.0,0.0,0.0,1,76,1,0.0,0,3.0,1.0,1,0.0,7,1,0,1,1,0.0,0,1.0,0,78.0,97.0,0.0,240.0,2024
8,D,60.0,49.0,6.0,1.0,60,1.0,0.0,0.0,1,67,1,0.0,0,3.0,1.0,1,0.0,7,1,0,1,1,0.0,0,1.0,0,97.0,121.0,60.0,240.0,2024
2,D,168.0,59.0,7.0,1.0,66,2.0,0.0,0.0,1,72,1,0.0,0,6.0,1.0,1,2.0,7,1,0,1,1,0.0,0,1.0,0,135.0,168.0,60.0,240.0,2024
2,D,,84.0,8.0,1.0,14,1.0,0.0,0.0,1,12,1,0.0,0,5.0,1.0,1,2.0,7,0,1,4,0,0.0,0,1.0,0,78.0,97.0,0.0,120.0,2024
3,D,240.0,44.0,6.0,1.0,34,1.0,1.0,6.0,1,39,1,0.0,0,5.0,1.0,1,0.0,7,1,0,1,1,6.0,0,3.0,0,235.0,293.0,180.0,480.0,2024
4,D,78.0,38.0,5.0,1.0,82,1.0,1.0,0.0,1,85,1,0.0,0,5.0,1.0,2,2.0,7,1,0,1,1,0.0,0,1.0,0,78.0,97.0,60.0,240.0,2024
5,D,60.0,38.0,5.0,1.0,62,1.0,1.0,0.0,1,69,1,0.0,0,5.0,1.0,1,4.0,7,1,0,1,1,0.0,0,1.0,0,60.0,60.0,60.0,240.0,2024
1,D,24.0,36.0,5.0,1.0,11,1.0,0.0,0.0,1,9,1,0.0,0,3.0,1.0,1,0.0,7,1,0,1,1,0.0,0,1.0,0,78.0,97.0,0.0,120.0,2024
8,D,120.0,34.0,4.0,1.0,89,1.0,0.0,0.0,1,30,1,0.0,0,3.0,1.0,1,0.0,7,1,0,1,1,0.0,0,1.0,0,210.0,240.0,60.0,240.0,2024
8,D,155.0,41.0,6.0,1.0,60,1.0,1.0,2.0,1,67,1,0.0,0,6.0,1.0,1,2.0,7,1,0,1,1,2.0,0,2.0,0,168.0,210.0,60.0,240.0,2024
3,D,60.0,63.0,8.0,1.0,91,1.0,1.0,0.0,1,31,1,0.0,0,5.0,1.0,1,0.0,7,1,0,1,1,0.0,0,1.0,0,78.0,97.0,0.0,240.0,2024
1,D,67.0,42.0,6.0,1.0,41,1.0,0.0,0.0,1,47,1,0.0,0,3.0,1.0,2,0.0,7,1,0,1,1,0.0,0,1.0,0,63.0,78.0,60.0,240.0,2024
1,D,120.0,62.0,8.0,1.0,41,1.0,0.0,0.0,1,47,1,0.0,0,5.0,1.0,2,0.0,7,1,0,1,1,0.0,0,1.0,0,151.0,188.0,60.0,240.0,2024
1,D,180.0,37.0,5.0,1.0,8,1.0,1.0,6.0,1,7,2,0.0,0,3.0,3.0,1,0.0,7,1,0,1,1,6.0,0,3.0,0,324.0,405.0,180.0,480.0,2024
3,D,480.0,36.0,5.0,1.0,61,1.0,1.0,3.0,1,68,1,0.0,0,5.0,1.0,7,0.0,7,1,0,1,1,3.0,0,2.0,0,360.0,1440.0,60.0,240.0,2024
1,D,97.0,27.0,3.0,1.0,41,1.0,0.0,0.0,1,47,1,0.0,0,3.0,1.0,6,0.0,7,1,0,1,1,0.0,0,1.0,0,97.0,121.0,0.0,84.0,2024
6,D,97.0,51.0,7.0,1.0,79,1.0,0.0,0.0,1,83,1,0.0,0,6.0,1.0,1,2.0,7,1,0,1,1,0.0,0,1.0,0,97.0,121.0,0.0,240.0,2024
4,D,63.0,40.0,5.0,1.0,53,1.0,1.0,0.0,1,60,1,0.0,0,3.0,1.0,1,0.0,7,1,0,1,1,0.0,0,1.0,0,63.0,78.0,60.0,480.0,2024
6,D,97.0,44.0,6.0,1.0,79,1.0,1.0,0.0,1,83,1,0.0,0,5.0,1.0,1,2.0,7,1,0,1,1,0.0,0,1.0,0,121.0,151.0,60.0,240.0,2024
8,D,160.0,40.0,5.0,1.0,89,1.0,0.0,0.0,1,30,1,0.0,0,6.0,1.0,2,1.0,7,1,0,1,1,0.0,0,1.0,0,151.0,188.0,60.0,240.0,2024
2,D,110.0,39.0,5.0,1.0,39,1.0,1.0,0.0,1,45,1,0.0,0,3.0,1.0,1,0.0,7,1,0,1,1,0.0,0,1.0,0,121.0,151.0,60.0,240.0,2024
3,D,87.0,30.0,3.0,1.0,22,1.0,1.0,1.0,1,19,1,0.0,0,3.0,1.0,1,,7,1,0,1,1,1.0,0,1.0,0,151.0,188.0,60.0,240.0,2024
3,D,97.0,40.0,5.0,1.0,32,1.0,0.0,0.0,1,38,1,0.0,0,5.0,1.0,1,2.0,7,1,0,1,1,0.0,0,1.0,0,78.0,97.0,0.0,240.0,2024
8,D,168.0,37.0,5.0,1.0,89,1.0,0.0,0.0,1,30,1,0.0,0,6.0,2.0,2,0.0,7,1,0,1,1,0.0,0,1.0,0,210.0,262.0,60.0,240.0,2024
5,D,37.0,37.0,5.0,1.0,36,2.0,1.0,1.0,1,42,2,0.0,0,3.0,3.0,2,1.0,8,1,0,1,1,1.0,0,1.0,0,30.0,37.0,0.0,120.0,2024
2,D,96.0,38.0,5.0,1.0,65,1.0,1.0,1.0,1,73,1,0.0,0,5.0,1.0,1,0.0,7,1,0,1,1,1.0,0,1.0,0,210.0,240.0,60.0,240.0,2024
5,D,97.0,23.0,2.0,1.0,36,1.0,0.0,0.0,1,42,2,0.0,0,3.0,3.0,1,0.0,7,1,0,1,1,0.0,0,1.0,0,97.0,121.0,0.0,240.0,2024
2,D,130.0,66.0,8.0,1.0,17,1.0,1.0,0.0,1,15,1,0.0,0,3.0,1.0,2,0.0,7,1,0,1,1,0.0,0,1.0,0,151.0,188.0,60.0,240.0,2024
2,D,180.0,39.0,5.0,1.0,17,1.0,1.0,3.0,1,15,1,0.0,0,5.0,1.0,1,0.0,7,1,0,1,1,3.0,0,2.0,0,180.0,180.0,180.0,480.0,2024
2,D,69.0,33.0,4.0,1.0,84,1.0,0.0,0.0,1,88,1,0.0,0,5.0,1.0,1,0.0,7,1,0,1,1,0.0,0,1.0,0,60.0,71.0,60.0,240.0,2024
2,D,69.0,60.0,7.0,1.0,85,1.0,1.0,0.0,1,89,1,0.0,0,5.0,1.0,1,1.0,7,1,0,1,1,0.0,0,1.0,0,78.0,97.0,0.0,240.0,2024
4,D,204.0,23.0,2.0,1.0,35,1.0,1.0,4.0,1,41,1,0.0,0,3.0,1.0,2,0.0,7,1,0,1,1,4.0,0,3.0,0,188.0,235.0,180.0,480.0,2024
1,D,42.0,36.0,5.0,1.0,3,1.0,0.0,0.0,1,1,1,0.0,0,6.0,1.0,1,0.0,7,1,0,1,1,0.0,0,1.0,0,78.0,97.0,0.0,240.0,2024
2,D,78.0,44.0,6.0,1.0,24,1.0,1.0,0.0,1,22,1,0.0,0,6.0,1.0,3,0.0,7,1,0,1,1,0.0,0,1.0,0,63.0,78.0,60.0,240.0,2024
4,D,180.0,34.0,4.0,1.0,56,1.0,1.0,6.0,1,63,1,0.0,0,3.0,1.0,1,0.0,7,1,0,1,1,6.0,0,3.0,0,180.0,180.0,180.0,480.0,2024
2,D,51.0,41.0,6.0,1.0,14,1.0,0.0,0.0,1,12,1,0.0,0,5.0,6.0,1,0.0,7,1,0,1,1,0.0,0,1.0,0,51.0,63.0,0.0,120.0,2024
3,D,60.0,26.0,3.0,1.0,48,1.0,0.0,0.0,1,54,1,0.0,0,5.0,1.0,1,0.0,7,1,0,1,1,0.0,0,1.0,0,60.0,60.0,60.0,240.0,2024
2,D,120.0,40.0,5.0,1.0,77,1.0,1.0,3.0,1,81,2,0.0,0,3.0,3.0,1,0.0,7,1,0,1,1,3.0,0,2.0,0,120.0,120.0,120.0,240.0,2024
1,D,480.0,47.0,6.0,1.0,41,1.0,1.0,5.0,1,47,1,0.0,0,3.0,1.0,2,1.0,7,1,0,1,1,5.0,0,3.0,0,9996.0,9996.0,120.0,9996.0,2024
2,D,72.0,27.0,3.0,1.0,14,1.0,1.0,1.0,1,12,2,0.0,0,5.0,3.0,3,0.0,7,1,0,1,1,1.0,0,1.0,0,78.0,97.0,0.0,60.0,2024
8,D,87.0,42.0,6.0,1.0,60,1.0,1.0,0.0,1,67,1,0.0,0,3.0,1.0,1,0.0,7,1,0,1,1,0.0,0,1.0,0,151.0,188.0,60.0,240.0,2024
8,D,78.0,44.0,6.0,1.0,89,1.0,1.0,0.0,1,30,1,0.0,0,3.0,1.0,1,0.0,7,1,0,1,1,0.0,0,1.0,0,78.0,97.0,0.0,240.0,2024
2,D,87.0,32.0,4.0,1.0,54,1.0,1.0,3.0,1,61,1,0.0,0,3.0,1.0,1,1.0,7,1,0,1,1,3.0,0,2.0,0,108.0,135.0,60.0,240.0,2024
1,D,170.0,45.0,6.0,1.0,41,1.0,0.0,0.0,1,47,1,0.0,0,5.0,1.0,1,0.0,7,1,0,1,1,0.0,0,1.0,0,151.0,188.0,60.0,240.0,2024
2,D,12.03,53.0,7.0,1.0,65,1.0,1.0,0.0,1,73,1,0.0,0,5.0,1.0,1,0.0,7,1,0,1,1,0.0,0,1.0,0,78.0,97.0,0.0,240.0,2024
4,D,420.0,32.0,4.0,1.0,53,1.0,1.0,1.0,1,60,1,0.0,0,3.0,1.0,2,0.0,7,1,0,1,1,1.0,0,1.0,0,262.0,327.0,60.0,240.0,2024
2,D,72.0,54.0,7.0,1.0,73,1.0,0.0,0.0,1,78,1,0.0,0,3.0,1.0,1,0.0,7,1,0,1,1,0.0,0,1.0,0,121.0,151.0,60.0,240.0,2024
4,D,144.0,35.0,4.0,1.0,35,1.0,0.0,0.0,1,41,2,0.0,0,3.0,3.0,3,3.0,7,1,0,1,1,0.0,0,1.0,0,151.0,188.0,60.0,240.0,2024
1,D,120.0,63.0,8.0,1.0,49,1.0,1.0,4.0,1,55,1,0.0,0,1.0,1.0,1,0.0,7,1,0,1,1,4.0,0,3.0,0,120.0,121.0,120.0,240.0,2024
4,D,0.03,37.0,5.0,1.0,35,3.0,0.0,0.0,1,41,2,1.0,0,1.0,3.0,1,0.0,8,1,0,1,1,0.0,0,1.0,0,18.0,24.0,0.0,120.0,2024
3,D,70.0,32.0,4.0,1.0,91,1.0,0.0,0.0,1,31,1,0.0,0,5.0,1.0,1,0.0,7,1,0,1,1,0.0,0,1.0,0,78.0,97.0,0.0,240.0,2024
3,D,60.0,38.0,5.0,1.0,91,3.0,1.0,0.0,1,31,1,0.0,0,5.0,6.0,1,1.0,7,1,0,1,1,0.0,0,1.0,0,78.0,97.0,0.0,240.0,2024
3,D,42.0,45.0,6.0,1.0,91,1.0,1.0,0.0,1,31,1,0.0,0,5.0,2.0,1,0.0,7,1,0,1,1,0.0,0,1.0,0,78.0,97.0,0.0,240.0,2024
3,D,0.03,28.0,3.0,1.0,5,1.0,0.0,0.0,1,4,2,0.0,0,1.0,3.0,1,0.0,7,1,0,1,1,0.0,0,1.0,0,57.0,71.0,0.0,240.0,2024
3,D,120.0,36.0,5.0,1.0,7,1.0,1.0,3.0,1,5,1,0.0,0,3.0,1.0,1,0.0,7,1,0,1,1,3.0,0,2.0,0,120.0,120.0,120.0,240.0,2024
3,D,24.0,37.0,5.0,1.0,7,1.0,0.0,0.0,1,5,1,0.0,0,6.0,1.0,1,0.0,7,1,0,1,1,0.0,0,1.0,0,78.0,97.0,0.0,240.0,2024
3,D,216.0,48.0,6.0,1.0,34,1.0,1.0,0.0,1,39,2,0.0,0,5.0,3.0,1,0.0,7,1,0,1,1,0.0,0,1.0,0,97.0,121.0,0.0,240.0,2024
3,D,78.0,59.0,7.0,1.0,5,1.0,0.0,0.0,1,4,2,0.0,0,6.0,3.0,1,0.0,7,1,0,1,1,0.0,0,1.0,0,97.0,121.0,60.0,240.0,2024
2,D,150.0,39.0,5.0,1.0,2,1.0,1.0,6.0,1,0,1,0.0,0,3.0,1.0,1,0.0,7,1,0,1,1,6.0,0,3.0,0,180.0,180.0,180.0,480.0,2024
6,D,135.0,73.0,8.0,1.0,81,1.0,1.0,3.0,1,86,1,0.0,0,3.0,1.0,1,0.0,7,1,0,1,1,3.0,0,2.0,0,135.0,168.0,0.0,240.0,2024
2,D,33.0,72.0,8.0,1.0,14,1.0,1.0,0.0,1,12,1,0.0,0,3.0,1.0,1,2.0,7,1,0,1,1,0.0,0,1.0,0,78.0,97.0,0.0,240.0,2024
2,D,97.0,34.0,4.0,1.0,85,1.0,1.0,6.0,1,89,1,0.0,0,5.0,1.0,1,0.0,7,1,0,1,1,6.0,0,3.0,0,168.0,210.0,0.0,240.0,2024
6,D,78.0,44.0,6.0,1.0,79,1.0,0.0,0.0,1,83,1,0.0,0,6.0,1.0,1,0.0,7,1,0,1,1,0.0,0,1.0,0,78.0,97.0,0.0,240.0,2024
3,D,48.0,70.0,8.0,1.0,31,1.0,1.0,0.0,1,37,1,0.0,0,3.0,1.0,1,0.0,7,1,0,1,1,0.0,0,1.0,0,78.0,97.0,0.0,240.0,2024
4,D,120.0,34.0,4.0,1.0,58,1.0,1.0,3.0,1,65,1,0.0,0,5.0,1.0,1,0.0,7,1,0,1,1,3.0,0,2.0,0,120.0,135.0,120.0,240.0,2024
2,D,30.0,26.0,3.0,1.0,85,2.0,1.0,0.0,1,89,1,0.0,0,5.0,1.0,1,0.0,7,1,0,1,1,0.0,0,1.0,0,78.0,97.0,0.0,240.0,2024
4,D,30.0,45.0,6.0,1.0,58,1.0,1.0,0.0,1,65,1,0.0,0,6.0,1.0,1,0.0,7,1,0,1,1,0.0,0,1.0,0,30.0,37.0,0.0,120.0,2024
3,D,156.0,29.0,3.0,1.0,34,1.0,1.0,0.0,1,39,1,0.0,0,5.0,6.0,1,1.0,7,1,0,1,1,0.0,0,1.0,0,135.0,168.0,0.0,240.0,2024
3,D,126.0,48.0,6.0,1.0,34,1.0,1.0,0.0,1,39,1,0.0,0,5.0,2.0,1,0.0,7,1,0,1,1,0.0,0,1.0,0,121.0,151.0,60.0,240.0,2024
5,D,240.0,39.0,5.0,1.0,37,1.0,1.0,3.0,1,43,1,0.0,0,1.0,1.0,1,0.0,7,1,0,1,1,3.0,0,2.0,0,235.0,293.0,180.0,480.0,2024
5,D,102.0,61.0,8.0,1.0,20,1.0,0.0,0.0,1,17,1,0.0,0,5.0,1.0,1,0.0,7,1,0,1,1,0.0,0,1.0,0,97.0,121.0,60.0,240.0,2024
8,D,120.0,38.0,5.0,1.0,60,1.0,1.0,0.0,1,67,1,0.0,0,3.0,1.0,1,2.0,7,1,0,1,1,0.0,0,1.0,0,78.0,97.0,0.0,240.0,2024
2,D,66.0,59.0,7.0,1.0,77,1.0,1.0,2.0,1,81,1,0.0,0,3.0,1.0,1,0.0,7,1,0,1,1,2.0,0,2.0,0,78.0,97.0,0.0,240.0,2024
1,D,137.0,44.0,6.0,1.0,9,1.0,1.0,10.0,1,6,1,0.0,0,3.0,1.0,1,2.0,7,1,0,1,1,11.0,0,5.0,0,120.0,137.0,120.0,240.0,2024
1,D,180.0,35.0,4.0,1.0,9,1.0,1.0,3.0,1,6,1,0.0,0,5.0,1.0,5,0.0,7,1,0,1,1,3.0,0,2.0,0,180.0,210.0,180.0,480.0,2024
5,D,240.0,55.0,7.0,1.0,20,1.0,1.0,1.0,1,17,1,0.0,0,5.0,1.0,1,0.0,7,1,0,1,1,1.0,0,1.0,0,240.0,240.0,60.0,240.0,2024
2,D,78.0,55.0,7.0,1.0,24,1.0,0.0,0.0,1,22,1,0.0,0,3.0,1.0,1,0.0,7,1,0,1,1,0.0,0,1.0,0,97.0,121.0,60.0,240.0,2024
1,D,96.0,51.0,7.0,1.0,10,1.0,1.0,0.0,1,8,1,0.0,0,5.0,1.0,1,0.0,7,1,0,1,1,0.0,0,1.0,0,210.0,240.0,60.0,240.0,2024
3,D,24.0,21.0,2.0,1.0,68,1.0,0.0,0.0,1,74,1,0.0,0,3.0,1.0,1,0.0,7,1,0,1,1,0.0,0,1.0,0,78.0,97.0,0.0,240.0,2024
2,C,,47.0,6.0,1.0,27,1.0,1.0,6.0,1,25,1,1.0,0,3.0,1.0,1,0.0,8,0,1,3,0,6.0,0,3.0,0,10.0,16.0,0.0,60.0,2024
1,D,60.0,31.0,4.0,1.0,46,1.0,1.0,0.0,1,53,1,0.0,0,3.0,1.0,2,0.0,7,1,0,1,1,0.0,0,1.0,0,70.0,87.0,60.0,240.0,2024
1,D,46.0,43.0,6.0,1.0,71,1.0,1.0,1.0,1,76,1,0.0,0,5.0,1.0,1,0.0,7,1,0,1,1,1.0,0,1.0,0,70.0,87.0,0.0,240.0,2024
1,D,121.0,35.0,4.0,1.0,9,1.0,1.0,3.0,1,6,1,0.0,0,3.0,1.0,1,0.0,7,1,0,1,1,3.0,0,2.0,0,151.0,188.0,60.0,240.0,2024
3,D,41.0,24.0,2.0,1.0,68,1.0,1.0,1.0,1,74,1,0.0,0,3.0,1.0,1,0.0,7,1,0,1,1,1.0,0,1.0,0,63.0,78.0,0.0,240.0,2024
4,D,300.0,30.0,3.0,1.0,56,1.0,1.0,3.0,3,63,1,0.0,1,3.0,1.0,1,0.0,7,1,0,1,1,3.0,0,2.0,0,324.0,405.0,180.0,480.0,2024
4,D,84.0,53.0,7.0,1.0,59,1.0,1.0,0.0,1,66,0,0.0,0,5.0,1.0,1,1.0,7,1,0,1,1,0.0,0,1.0,0,151.0,188.0,60.0,240.0,2024
4,D,84.0,40.0,5.0,1.0,59,1.0,1.0,0.0,1,66,0,0.0,0,6.0,1.0,1,0.0,7,1,0,1,1,0.0,0,1.0,0,168.0,210.0,60.0,240.0,2024
2,D,18.0,35.0,4.0,1.0,24,1.0,1.0,3.0,1,22,1,0.0,0,3.0,2.0,1,2.0,8,1,0,1,1,3.0,0,2.0,0,18.0,24.0,0.0,60.0,2024
2,D,30.0,48.0,6.0,1.0,24,1.0,1.0,7.0,1,22,1,0.0,0,1.0,2.0,1,3.0,8,1,0,1,1,8.0,0,4.0,0,24.0,30.0,0.0,60.0,2024
2,D,24.0,49.0,6.0,1.0,24,1.0,1.0,4.0,1,22,1,0.0,0,3.0,2.0,1,2.0,8,1,0,1,1,4.0,0,3.0,0,18.0,24.0,0.0,60.0,2024
3,D,6.0,46.0,6.0,1.0,48,1.0,0.0,0.0,1,54,1,0.0,0,5.0,1.0,1,2.0,7,1,0,1,1,0.0,0,1.0,0,37.0,46.0,0.0,120.0,2024
2,D,21.0,43.0,6.0,1.0,24,1.0,1.0,4.0,1,22,1,0.0,0,3.0,2.0,1,4.0,8,1,0,1,1,4.0,0,3.0,0,21.0,27.0,0.0,60.0,2024
2,D,24.0,47.0,6.0,1.0,24,1.0,1.0,3.0,1,22,1,0.0,0,3.0,2.0,1,2.0,8,1,0,1,1,3.0,0,2.0,0,15.0,21.0,0.0,60.0,2024
2,D,60.0,36.0,5.0,1.0,15,1.0,0.0,0.0,1,13,1,0.0,0,6.0,1.0,1,0.0,7,1,0,1,1,0.0,0,1.0,0,121.0,151.0,60.0,240.0,2024
2,D,71.0,48.0,6.0,1.0,27,1.0,1.0,0.0,1,25,1,0.0,0,3.0,1.0,1,0.0,7,1,0,1,1,0.0,0,1.0,0,121.0,151.0,60.0,240.0,2024
3,D,78.0,22.0,2.0,1.0,91,1.0,1.0,0.0,1,31,1,0.0,0,3.0,1.0,1,0.0,7,1,0,1,1,0.0,0,1.0,0,78.0,97.0,0.0,240.0,2024
1,D,48.0,49.0,6.0,1.0,11,1.0,0.0,0.0,1,9,1,0.0,0,5.0,1.0,1,0.0,7,1,0,1,1,0.0,0,1.0,0,78.0,97.0,0.0,240.0,2024
3,D,160.0,46.0,6.0,1.0,63,1.0,1.0,0.0,1,95,1,0.0,0,5.0,1.0,1,0.0,7,1,0,1,1,0.0,0,1.0,0,210.0,240.0,60.0,240.0,2024
3,D,63.0,63.0,8.0,1.0,68,1.0,0.0,0.0,1,74,1,0.0,0,6.0,1.0,1,,7,1,0,1,1,0.0,0,1.0,0,78.0,97.0,0.0,240.0,2024
8,D,100.0,54.0,7.0,1.0,89,1.0,1.0,0.0,1,30,2,0.0,0,6.0,3.0,1,0.0,7,1,0,1,1,0.0,0,1.0,0,63.0,78.0,60.0,240.0,2024
1,D,87.0,56.0,7.0,1.0,9,1.0,1.0,6.0,1,6,1,0.0,0,3.0,1.0,1,0.0,7,1,0,1,1,6.0,0,3.0,0,151.0,188.0,60.0,240.0,2024
2,D,40.0,38.0,5.0,1.0,85,1.0,1.0,0.0,1,89,1,0.0,0,1.0,1.0,1,1.0,7,1,0,1,1,0.0,0,1.0,0,97.0,121.0,0.0,240.0,2024
4,D,420.0,35.0,4.0,1.0,59,1.0,1.0,9.0,1,66,1,0.0,0,1.0,1.0,2,1.0,7,1,0,1,1,10.0,0,5.0,0,360.0,960.0,180.0,480.0,2024
8,D,188.0,25.0,2.0,1.0,89,1.0,0.0,0.0,1,30,1,0.0,0,3.0,1.0,1,0.0,7,1,0,1,1,0.0,0,1.0,0,235.0,240.0,60.0,240.0,2024
2,D,150.0,47.0,6.0,1.0,39,1.0,1.0,2.0,1,45,1,0.0,0,3.0,1.0,1,0.0,7,1,0,2,1,2.0,0,2.0,0,168.0,210.0,60.0,240.0,2024
1,D,14.0,26.0,3.0,1.0,4,1.0,1.0,3.0,1,2,1,0.0,0,3.0,1.0,1,0.0,7,1,0,1,0,3.0,0,2.0,0,46.0,57.0,0.0,9996.0,2024
2,D,84.0,37.0,5.0,1.0,51,1.0,1.0,0.0,1,57,1,0.0,0,5.0,1.0,1,0.0,7,1,0,1,1,0.0,0,1.0,0,70.0,87.0,60.0,240.0,2024
2,D,180.0,37.0,5.0,1.0,51,1.0,1.0,17.0,1,57,1,0.0,0,5.0,1.0,2,1.0,7,1,0,1,1,18.0,0,6.0,0,180.0,210.0,180.0,480.0,2024
3,D,120.0,56.0,7.0,1.0,34,1.0,1.0,3.0,1,39,1,0.0,0,3.0,1.0,1,0.0,7,1,0,1,1,3.0,0,2.0,0,120.0,120.0,120.0,240.0,2024
3,D,100.0,61.0,8.0,1.0,75,1.0,1.0,0.0,1,79,1,0.0,0,5.0,1.0,2,0.0,7,1,0,1,1,0.0,0,1.0,0,210.0,262.0,60.0,240.0,2024
2,D,108.0,25.0,2.0,1.0,24,1.0,0.0,0.0,1,22,1,0.0,0,3.0,2.0,1,1.0,7,1,0,1,1,0.0,0,1.0,0,151.0,188.0,60.0,240.0,2024
3,D,80.0,57.0,7.0,1.0,91,1.0,1.0,0.0,1,31,2,0.0,0,3.0,3.0,2,0.0,7,1,0,1,1,0.0,0,1.0,0,97.0,121.0,60.0,240.0,2024
3,D,94.0,40.0,5.0,1.0,31,1.0,1.0,0.0,1,37,1,0.0,0,3.0,2.0,1,0.0,7,1,0,1,1,0.0,0,1.0,0,78.0,97.0,0.0,240.0,2024
2,D,18.0,22.0,2.0,1.0,64,3.0,1.0,0.0,1,70,2,0.0,0,1.0,3.0,2,0.0,7,1,0,1,1,0.0,0,1.0,0,78.0,97.0,0.0,240.0,2024
8,D,120.0,45.0,6.0,1.0,60,1.0,1.0,3.0,1,67,2,0.0,0,6.0,3.0,1,0.0,7,1,0,1,1,3.0,0,2.0,0,120.0,120.0,120.0,240.0,2024
8,D,100.0,34.0,4.0,1.0,89,1.0,1.0,0.0,1,30,2,0.0,0,1.0,3.0,1,3.0,7,1,0,1,1,0.0,0,1.0,0,135.0,168.0,60.0,240.0,2024
5,D,48.0,35.0,4.0,1.0,83,1.0,0.0,0.0,1,87,1,0.0,0,3.0,6.0,1,4.0,7,1,0,1,1,0.0,0,1.0,0,51.0,63.0,0.0,120.0,2024
1,D,120.0,43.0,6.0,1.0,46,1.0,1.0,3.0,1,53,1,0.0,0,5.0,1.0,1,0.0,7,1,0,1,1,3.0,0,2.0,0,120.0,120.0,120.0,240.0,2024
3,D,60.0,21.0,2.0,1.0,43,1.0,0.0,0.0,1,49,1,0.0,0,3.0,2.0,1,1.0,7,1,0,1,1,0.0,0,1.0,0,87.0,108.0,60.0,240.0,2024
5,D,48.0,51.0,7.0,1.0,83,1.0,1.0,0.0,1,87,1,0.0,0,3.0,1.0,1,0.0,7,1,0,1,1,0.0,0,1.0,0,78.0,97.0,0.0,120.0,2024
2,D,36.0,78.0,8.0,1.0,73,1.0,0.0,0.0,1,78,1,0.0,0,5.0,1.0,1,0.0,7,1,0,1,1,0.0,0,1.0,0,51.0,63.0,0.0,240.0,2024
1,D,151.0,29.0,3.0,1.0,41,1.0,0.0,0.0,1,47,1,0.0,0,1.0,1.0,1,0.0,7,1,0,1,1,0.0,0,1.0,0,151.0,188.0,60.0,240.0,2024
8,D,132.0,36.0,5.0,1.0,60,1.0,1.0,3.0,1,67,1,0.0,0,1.0,1.0,1,0.0,7,1,0,1,1,3.0,0,2.0,0,120.0,120.0,120.0,240.0,2024
3,D,61.0,28.0,3.0,1.0,91,2.0,1.0,0.0,1,31,2,0.0,0,5.0,3.0,1,0.0,7,1,0,1,1,0.0,0,1.0,0,97.0,121.0,0.0,240.0,2024
3,D,48.0,40.0,5.0,1.0,42,1.0,1.0,6.0,1,48,1,0.0,0,3.0,1.0,1,0.0,7,1,0,1,1,6.0,0,3.0,0,63.0,78.0,0.0,240.0,2024
3,D,120.0,38.0,5.0,1.0,61,1.0,1.0,1.0,1,68,1,1.0,0,5.0,1.0,1,1.0,7,1,0,1,1,1.0,0,1.0,0,121.0,151.0,60.0,240.0,2024
3,D,240.0,64.0,8.0,1.0,61,1.0,1.0,7.0,1,68,1,0.0,0,3.0,1.0,1,1.0,7,1,0,1,1,7.0,0,4.0,0,180.0,180.0,180.0,480.0,2024
8,D,60.0,40.0,5.0,1.0,89,1.0,0.0,0.0,1,30,1,0.0,0,5.0,1.0,1,0.0,7,1,0,1,1,0.0,0,1.0,0,97.0,121.0,60.0,240.0,2024
3,D,132.0,39.0,5.0,1.0,22,1.0,1.0,0.0,1,19,1,0.0,0,5.0,1.0,1,,7,1,0,1,1,0.0,0,1.0,0,121.0,151.0,60.0,240.0,2024
3,D,64.0,43.0,6.0,1.0,5,1.0,0.0,0.0,1,4,2,0.0,0,6.0,3.0,1,2.0,7,1,0,1,1,0.0,0,1.0,0,78.0,97.0,0.0,240.0,2024
4,D,103.0,43.0,6.0,1.0,59,1.0,0.0,0.0,1,66,1,0.0,0,6.0,1.0,1,2.0,7,1,0,1,1,0.0,0,1.0,0,97.0,121.0,60.0,240.0,2024
8,D,293.0,30.0,3.0,1.0,89,1.0,1.0,3.0,1,30,1,0.0,0,3.0,1.0,1,0.0,7,1,0,1,1,3.0,0,2.0,0,235.0,293.0,180.0,480.0,2024
8,D,120.0,46.0,6.0,1.0,89,1.0,1.0,3.0,1,30,1,0.0,0,3.0,1.0,1,0.0,7,1,0,1,1,3.0,0,2.0,0,120.0,120.0,120.0,240.0,2024
3,D,80.0,34.0,4.0,1.0,5,1.0,0.0,0.0,1,4,2,0.0,0,1.0,3.0,2,1.0,7,1,0,1,1,0.0,0,1.0,0,60.0,60.0,60.0,240.0,2024
3,D,102.0,68.0,8.0,1.0,16,1.0,1.0,0.0,1,14,1,0.0,0,5.0,1.0,1,0.0,7,1,0,1,1,0.0,0,1.0,0,151.0,188.0,60.0,240.0,2024
2,D,121.0,35.0,4.0,1.0,14,1.0,1.0,0.0,1,12,1,0.0,0,3.0,1.0,2,1.0,7,1,0,1,1,0.0,0,1.0,0,97.0,121.0,60.0,240.0,2024
4,D,97.0,33.0,4.0,1.0,35,3.0,0.0,0.0,1,41,2,0.0,0,1.0,3.0,1,0.0,7,1,0,1,1,0.0,0,1.0,0,97.0,121.0,0.0,240.0,2024
5,D,106.0,61.0,8.0,1.0,36,1.0,1.0,0.0,1,42,1,0.0,0,5.0,2.0,1,0.0,7,1,0,1,1,0.0,0,1.0,0,151.0,188.0,60.0,240.0,2024
3,A,0.03,52.0,7.0,1.0,91,1.0,0.0,0.0,1,31,1,1.0,0,5.0,1.0,1,0.0,8,1,0,1,0,0.0,0,1.0,0,0.0,6.0,0.0,60.0,2024
3,D,84.0,28.0,3.0,1.0,90,1.0,1.0,0.0,1,29,1,0.0,0,5.0,1.0,3,0.0,7,1,0,1,1,0.0,0,1.0,0,151.0,188.0,60.0,240.0,2024
4,D,121.0,33.0,4.0,1.0,56,1.0,1.0,5.0,1,63,1,0.0,0,5.0,1.0,1,1.0,7,1,0,1,1,5.0,0,3.0,0,120.0,121.0,120.0,240.0,2024
2,D,40.0,71.0,8.0,1.0,64,1.0,1.0,0.0,1,70,1,0.0,0,3.0,1.0,1,1.0,7,1,0,1,1,0.0,0,1.0,0,97.0,121.0,0.0,240.0,2024
5,D,144.0,50.0,6.0,1.0,36,1.0,1.0,0.0,1,42,2,0.0,0,6.0,3.0,1,0.0,7,1,0,1,1,0.0,0,1.0,0,121.0,151.0,60.0,240.0,2024
4,D,60.0,28.0,3.0,1.0,58,1.0,1.0,0.0,1,65,1,0.0,0,3.0,1.0,1,0.0,7,1,0,1,1,0.0,0,1.0,0,78.0,97.0,0.0,120.0,2024
2,D,0.76,22.0,2.0,1.0,28,1.0,0.0,0.0,1,35,1,0.0,0,5.0,2.0,1,0.0,7,1,0,1,1,0.0,0,1.0,0,57.0,71.0,0.0,240.0,2024
2,D,210.0,39.0,5.0,1.0,66,1.0,1.0,15.0,1,72,1,0.0,0,3.0,1.0,3,0.0,7,1,0,1,1,15.0,0,6.0,0,210.0,262.0,180.0,480.0,2024
2,D,60.0,21.0,2.0,1.0,24,3.0,1.0,0.0,1,22,2,0.0,0,3.0,3.0,2,0.0,7,1,0,1,1,0.0,0,1.0,0,60.0,63.0,0.0,240.0,2024
4,D,168.0,73.0,8.0,1.0,58,1.0,1.0,6.0,1,65,1,0.0,0,1.0,1.0,1,0.0,7,1,0,1,1,6.0,0,3.0,0,210.0,240.0,120.0,240.0,2024
3,D,192.0,21.0,2.0,1.0,90,1.0,1.0,1.0,1,29,1,0.0,0,1.0,1.0,1,0.0,7,1,0,1,1,1.0,0,1.0,0,180.0,188.0,180.0,480.0,2024
1,D,145.0,48.0,6.0,1.0,4,1.0,1.0,3.0,1,2,1,0.0,0,3.0,1.0,4,0.0,7,1,0,1,1,3.0,0,2.0,0,144.0,145.0,120.0,240.0,2024
5,D,120.0,39.0,5.0,1.0,20,1.0,1.0,1.0,1,17,1,0.0,0,5.0,1.0,1,1.0,7,1,0,1,1,1.0,0,1.0,0,120.0,120.0,120.0,240.0,2024
1,D,123.2,34.0,4.0,1.0,93,1.0,1.0,7.0,1,32,1,0.0,0,5.0,1.0,1,0.0,7,1,0,1,1,8.0,0,4.0,0,120.0,137.0,120.0,240.0,2024
3,D,18.0,38.0,5.0,1.0,42,1.0,0.0,0.0,1,48,1,0.0,0,5.0,2.0,1,0.0,7,1,0,1,1,0.0,0,1.0,0,46.0,57.0,0.0,240.0,2024
4,D,45.0,41.0,6.0,1.0,58,1.0,1.0,0.0,1,65,1,0.0,0,6.0,1.0,1,2.0,7,1,0,1,1,0.0,0,1.0,0,78.0,97.0,0.0,240.0,2024
1,D,84.0,39.0,5.0,1.0,93,1.0,1.0,0.0,1,32,1,0.0,0,1.0,1.0,2,2.0,7,1,0,1,1,0.0,0,1.0,0,78.0,97.0,0.0,240.0,2024
2,D,1.97,44.0,6.0,1.0,24,1.0,1.0,4.0,1,22,1,0.0,0,5.0,2.0,1,2.0,8,1,0,1,1,4.0,0,3.0,0,21.0,27.0,0.0,60.0,2024
2,D,0.46,45.0,6.0,1.0,24,1.0,1.0,2.0,3,22,2,0.0,1,3.0,3.0,1,3.0,8,1,0,1,1,2.0,0,2.0,0,24.0,30.0,0.0,60.0,2024
4,D,60.0,45.0,6.0,1.0,58,1.0,0.0,0.0,1,65,1,0.0,0,6.0,1.0,1,0.0,7,1,0,1,1,0.0,0,1.0,0,97.0,120.0,0.0,120.0,2024
1,D,210.0,23.0,2.0,1.0,80,1.0,1.0,0.0,1,84,2,0.0,0,5.0,3.0,1,0.0,7,1,0,1,1,0.0,0,1.0,0,210.0,240.0,60.0,240.0,2024
5,D,108.0,30.0,3.0,1.0,92,1.0,1.0,0.0,1,33,1,0.0,0,5.0,1.0,1,0.0,7,1,0,1,1,0.0,0,1.0,0,108.0,135.0,0.0,240.0,2024
4,D,180.0,34.0,4.0,1.0,35,1.0,1.0,1.0,1,41,2,0.0,0,5.0,3.0,2,0.0,7,1,0,1,1,1.0,0,1.0,0,151.0,188.0,60.0,240.0,2024
4,D,97.0,22.0,2.0,1.0,35,1.0,0.0,0.0,1,41,2,0.0,0,5.0,3.0,1,0.0,7,1,0,1,1,0.0,0,1.0,0,97.0,121.0,0.0,240.0,2024
1,D,120.0,33.0,4.0,1.0,50,1.0,1.0,3.0,1,56,1,0.0,0,3.0,1.0,1,1.0,7,1,0,1,1,3.0,0,2.0,0,120.0,120.0,120.0,240.0,2024
4,D,97.0,33.0,4.0,1.0,35,3.0,1.0,0.0,1,41,2,0.0,0,6.0,3.0,1,0.0,7,1,0,1,1,0.0,0,1.0,0,97.0,121.0,60.0,240.0,2024
1,D,135.0,41.0,6.0,1.0,9,1.0,1.0,0.0,1,6,1,0.0,0,5.0,1.0,1,1.0,7,1,0,1,1,0.0,0,1.0,0,135.0,168.0,0.0,240.0,2024
2,D,42.0,35.0,4.0,1.0,77,1.0,1.0,0.0,1,81,1,0.0,0,5.0,1.0,1,1.0,7,1,0,1,1,0.0,0,1.0,0,97.0,121.0,0.0,240.0,2024
5,D,33.0,28.0,3.0,1.0,36,1.0,0.0,0.0,1,42,1,0.0,0,5.0,1.0,1,0.0,7,1,0,1,1,0.0,0,1.0,0,60.0,60.0,0.0,60.0,2024
4,D,60.0,39.0,5.0,1.0,58,1.0,1.0,0.0,1,65,1,0.0,0,5.0,1.0,1,0.0,7,1,0,1,1,0.0,0,1.0,0,78.0,97.0,0.0,240.0,2024
2,D,126.0,27.0,3.0,1.0,94,1.0,1.0,0.0,1,34,1,0.0,0,6.0,2.0,1,0.0,7,1,0,1,1,0.0,0,1.0,0,151.0,188.0,60.0,240.0,2024
4,D,97.0,34.0,4.0,1.0,58,1.0,1.0,6.0,1,65,1,0.0,0,5.0,1.0,2,0.0,7,1,0,1,1,6.0,0,3.0,0,188.0,235.0,60.0,240.0,2024
1,D,120.0,33.0,4.0,1.0,9,1.0,1.0,3.0,1,6,1,0.0,0,3.0,1.0,1,0.0,7,1,0,1,1,3.0,0,2.0,0,120.0,120.0,120.0,240.0,2024
8,D,63.0,34.0,4.0,1.0,60,1.0,1.0,0.0,1,67,1,0.0,0,3.0,6.0,1,0.0,7,1,0,1,1,0.0,0,1.0,0,78.0,97.0,0.0,240.0,2024
2,D,75.0,26.0,3.0,1.0,24,1.0,1.0,3.0,1,22,1,0.0,0,3.0,2.0,1,0.0,7,1,0,1,1,3.0,0,2.0,0,108.0,135.0,60.0,240.0,2024
2,D,120.0,42.0,6.0,1.0,54,1.0,1.0,0.0,1,61,1,0.0,0,3.0,1.0,1,0.0,7,1,0,1,1,0.0,0,1.0,0,210.0,240.0,60.0,240.0,2024
1,D,210.0,30.0,3.0,1.0,46,1.0,0.0,0.0,1,53,1,0.0,0,1.0,1.0,3,0.0,7,1,0,1,1,0.0,0,1.0,0,262.0,327.0,180.0,360.0,2024
2,D,41.0,33.0,4.0,1.0,64,1.0,0.0,0.0,1,70,1,0.0,0,6.0,1.0,1,0.0,7,1,0,1,1,0.0,0,1.0,0,97.0,121.0,0.0,240.0,2024
1,D,1.84,41.0,6.0,1.0,10,1.0,1.0,1.0,1,8,2,1.0,0,3.0,3.0,1,3.0,8,1,0,2,1,1.0,0,1.0,0,18.0,24.0,0.0,60.0,2024
3,D,78.0,24.0,2.0,1.0,91,2.0,0.0,0.0,1,31,1,0.0,0,5.0,2.0,1,0.0,7,1,0,1,1,0.0,0,1.0,0,151.0,188.0,60.0,240.0,2024
1,D,88.0,33.0,4.0,1.0,46,1.0,1.0,0.0,1,53,1,0.0,0,3.0,1.0,4,0.0,7,1,0,1,1,0.0,0,1.0,0,97.0,121.0,60.0,240.0,2024
7,D,63.0,44.0,6.0,1.0,25,1.0,1.0,0.0,1,23,1,0.0,0,5.0,1.0,1,1.0,7,1,0,1,1,0.0,0,1.0,0,63.0,78.0,0.0,240.0,2024
1,D,,41.0,6.0,1.0,6,1.0,0.0,0.0,1,3,1,0.0,0,3.0,1.0,1,0.0,7,0,1,4,0,0.0,0,1.0,0,78.0,97.0,0.0,240.0,2024
4,D,216.0,48.0,6.0,1.0,56,1.0,1.0,5.0,1,63,1,0.0,0,3.0,1.0,1,0.0,7,1,0,1,1,5.0,0,3.0,0,240.0,240.0,60.0,240.0,2024
4,D,192.0,53.0,7.0,1.0,56,1.0,1.0,3.0,1,63,1,0.0,0,5.0,1.0,1,0.0,7,1,0,1,1,3.0,0,2.0,0,180.0,210.0,180.0,480.0,2024
3,D,224.0,57.0,7.0,1.0,34,1.0,1.0,0.0,1,39,2,0.0,0,6.0,3.0,1,0.0,7,1,0,1,1,0.0,0,1.0,0,188.0,235.0,60.0,240.0,2024
2,D,120.0,34.0,4.0,1.0,24,1.0,0.0,0.0,1,22,1,0.0,0,5.0,1.0,1,0.0,7,1,0,1,1,0.0,0,1.0,0,151.0,188.0,60.0,240.0,2024
5,D,72.0,41.0,6.0,1.0,20,1.0,1.0,0.0,1,17,1,0.0,0,5.0,6.0,1,0.0,7,1,0,1,1,0.0,0,1.0,0,97.0,121.0,0.0,240.0,2024
4,D,132.0,29.0,3.0,1.0,58,1.0,1.0,1.0,1,65,1,0.0,0,3.0,1.0,2,0.0,7,1,0,1,1,1.0,0,1.0,0,121.0,151.0,60.0,240.0,2024
3,D,63.0,37.0,5.0,1.0,90,1.0,1.0,0.0,1,29,1,0.0,0,5.0,1.0,1,0.0,7,1,0,1,1,0.0,0,1.0,0,63.0,78.0,60.0,240.0,2024
3,D,60.0,43.0,6.0,1.0,67,1.0,1.0,8.0,1,71,1,0.0,0,3.0,1.0,2,0.0,7,1,0,1,1,8.0,0,4.0,0,188.0,235.0,60.0,240.0,2024
6,D,210.0,51.0,7.0,1.0,81,1.0,1.0,1.0,1,86,1,0.0,0,5.0,6.0,2,0.0,7,1,0,1,1,1.0,0,1.0,0,210.0,262.0,0.0,240.0,2024
8,D,95.0,39.0,5.0,1.0,89,2.0,0.0,0.0,1,30,1,0.0,0,5.0,6.0,1,2.0,7,1,0,1,1,0.0,0,1.0,0,151.0,188.0,60.0,240.0,2024
2,D,42.0,36.0,5.0,1.0,64,1.0,0.0,0.0,1,70,2,0.0,0,5.0,3.0,1,1.0,7,1,0,1,1,0.0,0,1.0,0,78.0,97.0,0.0,240.0,2024
3,D,97.0,57.0,7.0,1.0,91,1.0,1.0,0.0,1,31,1,0.0,0,1.0,1.0,1,0.0,7,1,0,1,1,0.0,0,1.0,0,78.0,97.0,0.0,240.0,2024
4,D,12.03,30.0,3.0,1.0,35,1.0,0.0,0.0,1,41,1,0.0,0,5.0,2.0,1,0.0,7,1,0,1,1,0.0,0,1.0,0,97.0,120.0,0.0,120.0,2024
4,D,120.0,24.0,2.0,1.0,59,1.0,1.0,3.0,1,66,0,0.0,0,3.0,1.0,1,0.0,7,1,0,1,1,3.0,0,2.0,0,120.0,120.0,120.0,240.0,2024
3,D,30.0,31.0,4.0,1.0,91,1.0,0.0,0.0,1,31,1,0.0,0,5.0,2.0,1,0.0,7,1,0,1,1,0.0,0,1.0,0,97.0,121.0,0.0,240.0,2024
3,D,180.0,60.0,7.0,1.0,90,1.0,1.0,3.0,3,29,1,0.0,1,6.0,1.0,1,0.0,7,1,0,1,1,5.0,0,3.0,0,180.0,180.0,180.0,480.0,2024
6,D,151.0,56.0,7.0,1.0,33,1.0,0.0,0.0,1,40,1,0.0,0,6.0,1.0,1,0.0,7,1,0,1,1,0.0,0,1.0,0,151.0,188.0,60.0,240.0,2024
1,D,36.0,34.0,4.0,1.0,19,1.0,0.0,0.0,1,16,1,0.0,0,3.0,2.0,1,0.0,7,1,0,1,1,0.0,0,1.0,0,87.0,108.0,0.0,240.0,2024
1,D,240.0,24.0,2.0,1.0,80,1.0,1.0,0.0,1,84,2,0.0,0,5.0,3.0,1,3.0,7,1,0,2,1,0.0,0,1.0,0,240.0,240.0,60.0,240.0,2024
3,D,504.0,36.0,5.0,1.0,22,1.0,1.0,0.0,1,19,1,0.0,0,6.0,1.0,3,0.0,7,1,0,1,1,0.0,0,1.0,0,504.0,504.0,180.0,360.0,2024
3,D,48.0,41.0,6.0,1.0,42,1.0,1.0,0.0,1,48,1,0.0,0,5.0,1.0,1,1.0,7,1,0,1,1,0.0,0,1.0,0,97.0,121.0,0.0,240.0,2024
2,D,120.0,39.0,5.0,1.0,15,1.0,1.0,3.0,1,13,1,0.0,0,1.0,1.0,1,0.0,7,1,0,1,1,3.0,0,2.0,0,120.0,120.0,120.0,240.0,2024
2,D,176.0,46.0,6.0,1.0,65,1.0,0.0,0.0,1,73,2,0.0,0,5.0,3.0,3,2.0,7,1,0,1,1,0.0,0,1.0,0,188.0,235.0,60.0,240.0,2024
1,C,,66.0,8.0,1.0,41,1.0,1.0,0.0,1,47,1,0.0,0,1.0,1.0,4,0.0,8,0,1,3,0,0.0,0,1.0,0,10.0,16.0,0.0,60.0,2024
4,D,96.0,46.0,6.0,1.0,58,1.0,1.0,0.0,1,65,1,0.0,0,3.0,1.0,1,3.0,7,1,0,1,1,0.0,0,1.0,0,97.0,121.0,0.0,240.0,2024
1,D,140.0,35.0,4.0,1.0,50,1.0,1.0,11.0,1,56,1,0.0,0,3.0,1.0,1,3.0,7,1,0,1,1,12.0,0,5.0,0,130.0,162.0,120.0,240.0,2024
1,A,,52.0,7.0,1.0,41,1.0,1.0,0.0,1,47,0,1.0,0,5.0,1.0,1,2.0,8,0,1,4,0,0.0,0,1.0,0,0.0,6.0,0.0,60.0,2024
4,D,48.0,29.0,3.0,1.0,59,2.0,0.0,0.0,1,66,0,0.0,0,3.0,6.0,1,0.0,7,1,0,1,1,0.0,0,1.0,0,97.0,121.0,0.0,240.0,2024
1,D,151.0,53.0,7.0,1.0,40,1.0,1.0,6.0,1,46,1,0.0,0,5.0,1.0,1,0.0,7,1,0,1,1,6.0,0,3.0,0,120.0,121.0,120.0,240.0,2024
1,B,,35.0,4.0,1.0,41,1.0,1.0,1.0,1,47,1,0.0,0,5.0,1.0,1,0.0,8,0,1,3,0,1.0,0,1.0,0,6.0,12.0,0.0,60.0,2024
3,D,120.0,43.0,6.0,1.0,67,1.0,1.0,6.0,1,71,2,0.0,0,3.0,3.0,1,0.0,7,1,0,1,1,6.0,0,3.0,0,120.0,121.0,120.0,240.0,2024
2,D,60.0,66.0,8.0,1.0,24,1.0,1.0,0.0,1,22,1,0.0,0,3.0,1.0,3,0.0,7,1,0,1,1,0.0,0,1.0,0,151.0,188.0,60.0,240.0,2024
3,D,108.0,22.0,2.0,1.0,34,1.0,1.0,0.0,1,39,2,0.0,0,3.0,3.0,1,0.0,7,1,0,1,1,0.0,0,1.0,0,97.0,120.0,0.0,120.0,2024
2,D,27.0,42.0,6.0,1.0,73,1.0,1.0,1.0,1,78,2,0.0,0,5.0,3.0,1,0.0,7,1,0,1,1,1.0,0,1.0,0,78.0,97.0,0.0,240.0,2024
1,D,78.0,27.0,3.0,1.0,47,1.0,0.0,0.0,1,52,1,0.0,0,5.0,1.0,1,1.0,7,1,0,1,1,0.0,0,1.0,0,78.0,97.0,0.0,240.0,2024
3,D,36.0,27.0,3.0,1.0,42,1.0,0.0,0.0,1,48,1,0.0,0,3.0,1.0,1,0.0,7,1,0,1,1,0.0,0,1.0,0,97.0,121.0,0.0,240.0,2024
8,D,108.0,30.0,3.0,1.0,60,1.0,1.0,0.0,1,67,1,0.0,0,5.0,1.0,2,0.0,7,1,0,1,1,0.0,0,1.0,0,151.0,188.0,60.0,240.0,2024
4,D,108.0,32.0,4.0,1.0,56,1.0,0.0,0.0,1,63,1,0.0,0,5.0,1.0,1,0.0,7,1,0,1,1,0.0,0,1.0,0,151.0,188.0,60.0,240.0,2024
2,D,780.0,55.0,7.0,1.0,73,1.0,1.0,1.0,3,78,1,0.0,1,3.0,1.0,21,1.0,7,1,0,1,1,1.0,0,1.0,0,9996.0,9996.0,180.0,360.0,2024
2,D,84.0,29.0,3.0,1.0,17,1.0,0.0,0.0,1,15,1,0.0,0,5.0,1.0,1,0.0,7,1,0,1,1,0.0,0,1.0,0,97.0,121.0,60.0,240.0,2024
2,D,18.0,39.0,5.0,1.0,2,1.0,1.0,0.0,1,0,1,0.0,0,1.0,1.0,1,0.0,7,1,0,1,1,0.0,0,1.0,0,78.0,97.0,0.0,240.0,2024
1,A,,47.0,6.0,1.0,41,1.0,1.0,0.0,1,47,1,0.0,0,5.0,1.0,1,0.0,8,0,1,4,0,0.0,0,1.0,0,0.0,6.0,0.0,60.0,2024
1,D,120.0,56.0,7.0,1.0,3,1.0,1.0,4.0,1,1,1,0.0,0,3.0,2.0,1,0.0,7,1,0,1,1,4.0,0,3.0,0,120.0,121.0,120.0,240.0,2024
1,D,120.0,76.0,8.0,1.0,10,1.0,1.0,0.0,1,8,1,0.0,0,6.0,1.0,1,0.0,7,1,0,1,1,0.0,0,1.0,0,168.0,210.0,60.0,240.0,2024
8,D,60.0,71.0,8.0,1.0,89,1.0,0.0,0.0,1,30,1,0.0,0,3.0,1.0,2,0.0,7,1,0,1,1,0.0,0,1.0,0,78.0,97.0,60.0,240.0,2024
4,D,54.0,55.0,7.0,1.0,58,1.0,0.0,0.0,1,65,1,0.0,0,6.0,1.0,1,1.0,7,1,0,1,1,0.0,0,1.0,0,78.0,97.0,0.0,240.0,2024
2,D,37.0,36.0,5.0,1.0,21,1.0,0.0,0.0,1,18,1,0.0,0,6.0,1.0,1,0.0,7,1,0,1,1,0.0,0,1.0,0,37.0,46.0,0.0,240.0,2024
4,D,235.0,33.0,4.0,1.0,56,1.0,1.0,1.0,1,63,1,0.0,0,5.0,1.0,1,1.0,7,1,0,1,1,1.0,0,1.0,0,210.0,262.0,180.0,480.0,2024
3,D,24.0,41.0,6.0,1.0,23,1.0,1.0,0.0,1,20,1,0.0,0,5.0,1.0,1,0.0,7,1,0,1,1,0.0,0,1.0,0,97.0,121.0,0.0,240.0,2024
3,B,30.0,30.0,3.0,1.0,23,3.0,1.0,0.0,1,20,2,0.0,0,1.0,3.0,2,2.0,8,1,0,1,1,0.0,0,1.0,0,8.0,14.0,0.0,120.0,2024
1,D,120.0,42.0,6.0,1.0,9,1.0,1.0,3.0,1,6,1,0.0,0,3.0,1.0,2,0.0,7,1,0,1,1,3.0,0,2.0,0,120.0,135.0,120.0,240.0,2024
2,D,60.0,39.0,5.0,1.0,24,1.0,0.0,0.0,1,22,2,0.0,0,1.0,3.0,1,0.0,7,1,0,1,1,0.0,0,1.0,0,151.0,188.0,60.0,240.0,2024
5,D,168.0,31.0,4.0,1.0,62,1.0,1.0,13.0,1,69,1,0.0,0,1.0,1.0,1,0.0,7,1,0,1,1,14.0,0,6.0,0,168.0,210.0,60.0,240.0,2024
2,D,125.0,32.0,4.0,1.0,39,1.0,0.0,0.0,1,45,1,0.0,0,6.0,1.0,1,1.0,7,1,0,1,1,0.0,0,1.0,0,135.0,168.0,0.0,240.0,2024
8,D,180.0,37.0,5.0,1.0,89,1.0,1.0,3.0,1,30,1,0.0,0,3.0,1.0,1,0.0,7,1,0,1,1,3.0,0,2.0,0,180.0,210.0,180.0,480.0,2024
1,D,180.0,29.0,3.0,1.0,9,1.0,1.0,0.0,3,6,1,0.0,1,5.0,1.0,8,0.0,7,1,0,1,1,0.0,0,1.0,0,360.0,1920.0,60.0,240.0,2024
4,D,140.0,52.0,7.0,1.0,58,1.0,1.0,0.0,1,65,1,0.0,0,5.0,1.0,2,0.0,7,1,0,1,1,0.0,1,1.0,0,168.0,210.0,60.0,240.0,2024
1,D,22.0,58.0,7.0,1.0,70,1.0,1.0,0.0,1,75,1,0.0,0,3.0,2.0,1,0.0,8,1,0,1,1,0.0,0,1.0,0,18.0,24.0,0.0,60.0,2024
4,D,120.0,63.0,8.0,1.0,56,1.0,1.0,3.0,1,63,1,0.0,0,5.0,1.0,1,0.0,7,1,0,1,1,3.0,0,2.0,0,120.0,120.0,120.0,240.0,2024
1,D,360.0,48.0,6.0,1.0,19,1.0,1.0,3.0,1,16,1,0.0,0,5.0,1.0,1,0.0,7,1,0,1,1,3.0,0,2.0,0,600.0,600.0,300.0,600.0,2024
2,D,188.0,33.0,4.0,1.0,45,1.0,1.0,0.0,1,51,1,0.0,0,3.0,1.0,4,0.0,7,1,0,1,1,0.0,0,1.0,0,151.0,188.0,0.0,240.0,2024
8,D,72.0,22.0,2.0,1.0,89,1.0,0.0,0.0,1,30,1,0.0,0,3.0,1.0,1,0.0,7,1,0,1,1,0.0,0,1.0,0,97.0,121.0,0.0,240.0,2024
3,D,108.0,44.0,6.0,1.0,61,1.0,1.0,3.0,1,68,2,0.0,0,5.0,3.0,1,0.0,7,1,0,1,1,3.0,0,2.0,0,120.0,120.0,120.0,240.0,2024
3,D,480.0,34.0,4.0,1.0,90,1.0,1.0,0.0,1,29,2,0.0,0,3.0,3.0,5,0.0,7,1,0,1,1,0.0,0,1.0,0,9996.0,9996.0,180.0,360.0,2024
3,D,108.0,68.0,8.0,1.0,32,1.0,0.0,0.0,1,38,1,0.0,0,5.0,1.0,1,0.0,7,1,0,1,1,0.0,0,1.0,0,97.0,121.0,0.0,240.0,2024
2,D,151.0,32.0,4.0,1.0,66,1.0,1.0,1.0,1,72,1,0.0,0,1.0,1.0,1,0.0,7,1,0,1,1,1.0,0,1.0,0,151.0,188.0,60.0,240.0,2024
2,D,36.0,31.0,4.0,1.0,77,1.0,1.0,3.0,1,81,2,0.0,0,3.0,3.0,1,0.0,7,1,0,1,1,3.0,0,2.0,0,108.0,135.0,0.0,240.0,2024
4,D,255.0,44.0,6.0,1.0,59,1.0,0.0,0.0,1,66,0,0.0,0,5.0,1.0,1,0.0,7,1,0,1,1,0.0,0,1.0,0,292.0,360.0,180.0,360.0,2024
2,D,100.0,33.0,4.0,1.0,54,1.0,0.0,0.0,1,61,1,0.0,0,6.0,1.0,1,0.0,7,1,0,1,1,0.0,0,1.0,0,151.0,188.0,60.0,240.0,2024
1,D,204.0,65.0,8.0,1.0,19,1.0,1.0,0.0,1,16,1,0.0,0,6.0,1.0,1,1.0,7,1,0,1,1,0.0,0,1.0,0,9996.0,9996.0,120.0,9996.0,2024
8,D,78.0,51.0,7.0,1.0,89,1.0,1.0,0.0,1,30,1,0.0,0,5.0,2.0,2,0.0,7,1,0,1,1,0.0,0,1.0,0,97.0,121.0,60.0,240.0,2024
3,D,120.0,38.0,5.0,1.0,68,1.0,1.0,25.0,1,74,1,0.0,0,3.0,2.0,6,2.0,8,1,0,1,1,25.0,0,6.0,0,57.0,71.0,0.0,120.0,2024
8,D,60.0,62.0,8.0,1.0,89,1.0,0.0,0.0,1,30,1,0.0,0,6.0,1.0,1,0.0,7,1,0,1,1,0.0,0,1.0,0,70.0,87.0,0.0,240.0,2024
4,D,305.0,58.0,7.0,1.0,59,1.0,1.0,10.0,1,66,0,0.0,0,3.0,1.0,1,0.0,7,1,0,1,1,10.0,0,5.0,0,188.0,235.0,180.0,480.0,2024
8,D,72.0,63.0,8.0,1.0,89,1.0,0.0,0.0,1,30,1,0.0,0,5.0,1.0,1,0.0,7,1,0,1,1,0.0,0,1.0,0,97.0,121.0,60.0,240.0,2024
8,D,135.0,29.0,3.0,1.0,89,1.0,1.0,2.0,1,30,2,0.0,0,1.0,3.0,1,0.0,7,1,0,1,1,2.0,0,2.0,0,135.0,168.0,0.0,240.0,2024
1,D,36.0,25.0,2.0,1.0,10,3.0,0.0,0.0,1,8,2,0.0,0,3.0,3.0,2,0.0,7,1,0,1,1,0.0,0,1.0,0,97.0,121.0,0.0,240.0,2024
1,D,144.0,32.0,4.0,1.0,47,1.0,1.0,0.0,1,52,2,0.0,0,5.0,3.0,1,1.0,7,1,0,1,1,0.0,0,1.0,0,210.0,240.0,60.0,240.0,2024
1,D,0.03,31.0,4.0,1.0,10,1.0,0.0,0.0,1,8,2,0.0,0,5.0,3.0,1,0.0,7,1,0,2,1,0.0,0,1.0,0,97.0,120.0,0.0,120.0,2024
1,D,120.0,42.0,6.0,1.0,1,1.0,1.0,5.0,1,90,1,0.0,0,3.0,2.0,1,0.0,7,1,0,1,1,5.0,0,3.0,0,120.0,121.0,120.0,240.0,2024
8,D,600.0,43.0,6.0,1.0,89,1.0,1.0,0.0,1,30,1,0.0,0,6.0,1.0,2,0.0,7,1,0,1,1,0.0,0,1.0,0,600.0,600.0,180.0,360.0,2024
2,D,120.0,46.0,6.0,1.0,85,1.0,1.0,6.0,1,89,1,0.0,0,3.0,1.0,1,1.0,7,1,0,1,1,6.0,0,3.0,0,210.0,240.0,120.0,240.0,2024
1,D,120.0,55.0,7.0,1.0,11,1.0,1.0,3.0,1,9,1,0.0,0,6.0,1.0,1,0.0,7,1,0,1,1,3.0,0,2.0,0,120.0,120.0,120.0,240.0,2024
2,D,148.0,33.0,4.0,1.0,51,1.0,1.0,19.0,1,57,1,0.0,0,3.0,1.0,1,4.0,7,1,0,1,1,20.0,0,6.0,0,130.0,162.0,120.0,240.0,2024
2,D,120.0,40.0,5.0,1.0,77,1.0,1.0,5.0,1,81,1,0.0,0,3.0,1.0,1,0.0,7,1,0,1,1,5.0,0,3.0,0,121.0,151.0,120.0,240.0,2024
2,D,0.03,25.0,2.0,1.0,85,1.0,0.0,0.0,1,89,2,0.0,0,3.0,3.0,1,0.0,7,1,0,2,1,0.0,0,1.0,0,135.0,168.0,0.0,240.0,2024
6,D,51.0,77.0,8.0,1.0,33,1.0,1.0,0.0,1,40,1,0.0,0,6.0,1.0,1,0.0,7,1,0,1,1,0.0,0,1.0,0,51.0,63.0,0.0,240.0,2024
6,D,240.0,33.0,4.0,1.0,33,1.0,1.0,0.0,1,40,2,0.0,0,5.0,3.0,1,2.0,7,1,0,1,1,0.0,0,1.0,0,210.0,240.0,60.0,240.0,2024
4,D,168.0,36.0,5.0,1.0,58,1.0,1.0,15.0,1,65,1,0.0,0,1.0,1.0,1,0.0,7,1,0,1,1,16.0,0,6.0,0,168.0,210.0,120.0,240.0,2024
3,D,97.0,38.0,5.0,1.0,91,1.0,1.0,2.0,1,31,1,0.0,0,5.0,1.0,1,0.0,7,1,0,1,1,2.0,0,2.0,0,87.0,108.0,60.0,240.0,2024
4,D,228.0,47.0,6.0,1.0,35,1.0,0.0,0.0,1,41,1,0.0,0,6.0,1.0,1,1.0,7,1,0,1,1,0.0,0,1.0,0,240.0,240.0,60.0,240.0,2024
2,D,120.0,27.0,3.0,1.0,51,1.0,1.0,3.0,1,57,1,0.0,0,5.0,1.0,1,0.0,7,1,0,1,1,3.0,0,2.0,0,120.0,120.0,120.0,240.0,2024
1,C,,40.0,5.0,1.0,11,1.0,1.0,4.0,1,9,1,0.0,0,3.0,1.0,1,4.0,8,0,1,4,0,4.0,0,3.0,0,10.0,16.0,0.0,60.0,2024
2,D,120.0,37.0,5.0,1.0,84,1.0,1.0,6.0,1,88,1,0.0,0,5.0,1.0,1,0.0,7,1,0,1,1,6.0,0,3.0,0,120.0,121.0,120.0,240.0,2024
1,D,48.0,36.0,5.0,1.0,19,1.0,1.0,1.0,1,16,1,1.0,0,5.0,1.0,1,1.0,7,1,0,1,1,1.0,0,1.0,0,70.0,87.0,0.0,240.0,2024
4,D,78.0,29.0,3.0,1.0,35,2.0,0.0,0.0,1,41,2,0.0,0,6.0,3.0,1,0.0,7,1,0,1,1,0.0,0,1.0,0,78.0,97.0,0.0,240.0,2024
3,D,120.0,50.0,6.0,1.0,38,1.0,1.0,12.0,1,44,1,0.0,0,5.0,1.0,1,0.0,7,1,0,1,1,13.0,0,6.0,0,120.0,120.0,120.0,240.0,2024
4,D,180.0,32.0,4.0,1.0,35,1.0,1.0,6.0,1,41,1,0.0,0,3.0,1.0,2,0.0,7,1,0,1,1,6.0,0,3.0,0,188.0,235.0,180.0,480.0,2024
1,D,194.0,39.0,5.0,1.0,41,1.0,1.0,4.0,1,47,1,0.0,0,5.0,1.0,2,0.0,7,1,0,1,1,4.0,0,3.0,0,188.0,235.0,60.0,240.0,2024
6,D,78.0,22.0,2.0,1.0,79,1.0,1.0,0.0,1,83,1,0.0,0,1.0,1.0,1,0.0,7,1,0,1,1,0.0,0,1.0,0,97.0,121.0,0.0,240.0,2024
3,D,84.0,34.0,4.0,1.0,90,1.0,1.0,0.0,1,29,2,0.0,0,5.0,3.0,1,1.0,7,1,0,1,1,0.0,0,1.0,0,151.0,188.0,60.0,240.0,2024
1,D,120.0,59.0,7.0,1.0,93,1.0,1.0,3.0,1,32,1,0.0,0,3.0,1.0,1,0.0,7,1,0,1,1,3.0,0,2.0,0,120.0,120.0,120.0,240.0,2024
1,D,180.0,54.0,7.0,1.0,9,1.0,0.0,0.0,1,6,1,0.0,0,6.0,1.0,6,0.0,7,1,0,1,1,0.0,0,1.0,0,210.0,262.0,60.0,240.0,2024
2,D,90.0,37.0,5.0,1.0,39,1.0,1.0,0.0,1,45,1,0.0,0,3.0,2.0,1,0.0,7,1,0,1,1,0.0,0,1.0,0,210.0,240.0,60.0,240.0,2024
2,D,120.0,33.0,4.0,1.0,84,1.0,1.0,7.0,1,88,1,0.0,0,3.0,1.0,2,2.0,7,1,0,1,1,8.0,0,4.0,0,57.0,71.0,0.0,240.0,2024
4,D,120.0,41.0,6.0,1.0,35,1.0,1.0,0.0,1,41,2,0.0,0,5.0,3.0,1,0.0,7,1,0,1,1,0.0,0,1.0,0,151.0,188.0,60.0,240.0,2024
2,D,70.0,32.0,4.0,1.0,17,1.0,1.0,13.0,1,15,1,0.0,0,3.0,1.0,1,0.0,7,1,0,1,1,14.0,0,6.0,0,92.0,115.0,60.0,240.0,2024
4,D,120.0,40.0,5.0,1.0,56,1.0,1.0,1.0,1,63,1,0.0,0,1.0,1.0,1,0.0,7,1,0,1,1,1.0,0,1.0,0,151.0,188.0,60.0,240.0,2024
4,D,60.0,41.0,6.0,1.0,82,1.0,0.0,0.0,1,85,1,0.0,0,5.0,1.0,2,1.0,7,1,0,1,1,0.0,0,1.0,0,78.0,97.0,60.0,240.0,2024
1,A,,33.0,4.0,1.0,11,1.0,0.0,0.0,1,9,1,0.0,0,3.0,1.0,1,0.0,8,0,1,4,0,0.0,0,1.0,0,0.0,6.0,0.0,60.0,2024
8,D,97.0,27.0,3.0,1.0,89,3.0,0.0,0.0,1,30,2,0.0,0,1.0,3.0,3,1.0,7,1,0,1,1,0.0,0,1.0,0,151.0,188.0,60.0,240.0,2024
2,D,95.0,52.0,7.0,1.0,84,1.0,1.0,3.0,1,88,1,0.0,0,1.0,1.0,1,4.0,7,1,0,1,1,3.0,0,2.0,0,57.0,71.0,0.0,240.0,2024
8,D,72.0,44.0,6.0,1.0,60,1.0,1.0,22.0,1,67,1,0.0,0,3.0,1.0,2,1.0,7,1,0,1,1,22.0,0,6.0,0,262.0,327.0,60.0,240.0,2024
1,D,120.0,32.0,4.0,1.0,93,1.0,1.0,1.0,1,32,1,0.0,0,1.0,1.0,1,0.0,7,1,0,1,1,1.0,0,1.0,0,120.0,121.0,120.0,240.0,2024
1,D,180.0,19.0,1.0,1.0,78,1.0,0.0,0.0,1,82,1,0.0,0,3.0,6.0,2,0.0,7,1,0,1,1,0.0,0,1.0,0,210.0,262.0,60.0,240.0,2024
8,D,60.0,43.0,6.0,1.0,60,1.0,1.0,9.0,1,67,1,0.0,0,5.0,2.0,1,0.0,7,1,0,1,1,9.0,0,4.0,0,135.0,168.0,60.0,240.0,2024
4,D,144.0,41.0,6.0,1.0,58,1.0,0.0,0.0,1,65,1,0.0,0,5.0,1.0,3,1.0,7,1,0,1,1,0.0,0,1.0,0,151.0,188.0,60.0,240.0,2024
2,D,180.0,31.0,4.0,1.0,39,1.0,1.0,3.0,1,45,1,0.0,0,5.0,1.0,2,0.0,7,1,0,1,1,3.0,0,2.0,0,180.0,180.0,180.0,480.0,2024
3,D,180.0,33.0,4.0,1.0,90,1.0,1.0,0.0,1,29,1,0.0,0,3.0,1.0,2,0.0,7,1,0,1,1,0.0,0,1.0,0,151.0,188.0,60.0,240.0,2024
3,D,180.0,32.0,4.0,1.0,90,1.0,1.0,1.0,1,29,1,0.0,0,3.0,2.0,1,3.0,7,1,0,1,1,1.0,0,1.0,0,180.0,180.0,180.0,480.0,2024
1,D,180.0,48.0,6.0,1.0,41,1.0,1.0,3.0,1,47,1,0.0,0,3.0,1.0,1,1.0,7,1,0,1,1,3.0,0,2.0,0,168.0,210.0,120.0,240.0,2024
1,D,60.0,25.0,2.0,1.0,3,1.0,1.0,0.0,1,1,2,0.0,0,3.0,3.0,2,0.0,7,1,0,1,1,0.0,0,1.0,0,97.0,121.0,60.0,240.0,2024
6,D,97.0,33.0,4.0,1.0,81,1.0,1.0,1.0,1,86,1,0.0,0,3.0,6.0,1,0.0,7,1,0,1,1,1.0,0,1.0,0,97.0,121.0,0.0,240.0,2024
5,D,64.0,64.0,8.0,1.0,20,1.0,1.0,0.0,1,17,1,0.0,0,6.0,1.0,1,0.0,7,1,0,1,1,0.0,0,1.0,0,60.0,71.0,60.0,240.0,2024
1,D,420.0,53.0,7.0,1.0,10,1.0,1.0,1.0,1,8,1,0.0,0,5.0,1.0,2,0.0,7,1,0,1,1,1.0,0,1.0,0,600.0,600.0,60.0,240.0,2024
1,D,228.0,26.0,3.0,1.0,46,1.0,1.0,0.0,1,53,2,0.0,0,6.0,3.0,3,0.0,7,1,0,1,1,0.0,0,1.0,0,235.0,293.0,60.0,240.0,2024
4,D,240.0,33.0,4.0,1.0,58,1.0,1.0,1.0,1,65,2,0.0,0,6.0,3.0,1,0.0,7,1,0,1,1,1.0,0,1.0,0,240.0,240.0,60.0,240.0,2024
4,D,156.0,46.0,6.0,1.0,57,1.0,1.0,6.0,1,64,1,0.0,0,6.0,1.0,1,3.0,7,1,0,1,1,6.0,0,3.0,0,168.0,210.0,120.0,240.0,2024
2,D,180.0,63.0,8.0,1.0,76,1.0,1.0,3.0,1,80,1,0.0,0,6.0,1.0,1,0.0,7,1,0,1,1,3.0,0,2.0,0,292.0,365.0,180.0,480.0,2024
1,D,66.0,35.0,4.0,1.0,8,1.0,0.0,0.0,1,7,1,0.0,0,6.0,1.0,1,0.0,7,1,0,1,1,0.0,0,1.0,0,78.0,97.0,60.0,240.0,2024
1,D,220.0,40.0,5.0,1.0,47,1.0,1.0,12.0,1,52,0,0.0,0,3.0,1.0,2,0.0,7,1,0,1,1,12.0,0,5.0,0,235.0,293.0,180.0,480.0,2024
1,D,72.0,32.0,4.0,1.0,41,1.0,1.0,0.0,1,47,1,0.0,0,3.0,1.0,1,2.0,7,1,0,1,1,0.0,0,1.0,0,97.0,121.0,60.0,240.0,2024
2,D,84.0,39.0,5.0,1.0,24,1.0,1.0,2.0,1,22,1,0.0,0,3.0,1.0,1,1.0,7,1,0,1,1,2.0,0,2.0,0,168.0,210.0,60.0,240.0,2024
1,D,160.0,35.0,4.0,1.0,40,1.0,1.0,3.0,1,46,1,0.0,0,5.0,1.0,1,0.0,7,1,0,1,1,3.0,0,2.0,0,151.0,188.0,120.0,240.0,2024
2,D,99.59,54.0,7.0,1.0,84,1.0,1.0,5.0,1,88,1,0.0,0,5.0,1.0,1,0.0,7,1,0,1,1,5.0,0,3.0,0,120.0,121.0,120.0,240.0,2024
1,D,36.0,28.0,3.0,1.0,78,1.0,0.0,0.0,1,82,1,0.0,0,1.0,1.0,1,0.0,7,1,0,1,1,0.0,0,1.0,0,97.0,120.0,0.0,120.0,2024
6,D,60.0,45.0,6.0,1.0,79,1.0,0.0,0.0,1,83,1,0.0,0,6.0,1.0,1,2.0,7,1,0,1,1,0.0,0,1.0,0,51.0,63.0,0.0,120.0,2024
3,D,151.0,47.0,6.0,1.0,43,1.0,1.0,0.0,1,49,1,0.0,0,3.0,1.0,1,0.0,7,1,0,1,1,0.0,0,1.0,0,121.0,151.0,60.0,240.0,2024
1,D,0.03,37.0,5.0,1.0,71,1.0,0.0,0.0,1,76,1,0.0,0,3.0,1.0,1,0.0,7,1,0,1,1,0.0,0,1.0,0,37.0,46.0,0.0,120.0,2024
2,D,120.0,59.0,7.0,1.0,17,1.0,1.0,3.0,1,15,1,0.0,0,5.0,1.0,1,0.0,7,1,0,1,1,3.0,0,2.0,0,120.0,135.0,120.0,240.0,2024
2,D,120.0,36.0,5.0,1.0,85,1.0,1.0,3.0,1,89,1,0.0,0,3.0,1.0,1,0.0,7,1,0,1,1,3.0,0,2.0,0,188.0,235.0,120.0,240.0,2024
1,D,99.0,28.0,3.0,1.0,93,1.0,1.0,5.0,1,32,1,0.0,0,1.0,2.0,1,0.0,7,1,0,1,1,5.0,0,3.0,0,135.0,168.0,60.0,240.0,2024
2,D,92.0,49.0,6.0,1.0,27,1.0,1.0,3.0,1,25,1,0.0,0,3.0,1.0,1,1.0,7,1,0,1,1,3.0,0,2.0,0,87.0,108.0,0.0,240.0,2024
6,D,120.0,50.0,6.0,1.0,33,1.0,1.0,3.0,1,40,1,0.0,0,3.0,1.0,1,0.0,7,1,0,1,1,3.0,0,2.0,0,120.0,120.0,120.0,240.0,2024
3,D,151.0,40.0,5.0,1.0,38,1.0,0.0,0.0,1,44,1,0.0,0,5.0,1.0,7,0.0,7,1,0,1,1,0.0,0,1.0,0,210.0,262.0,60.0,240.0,2024
8,D,72.0,42.0,6.0,1.0,89,1.0,0.0,0.0,1,30,1,0.0,0,5.0,2.0,1,0.0,7,1,0,1,1,0.0,0,1.0,0,151.0,188.0,60.0,240.0,2024
8,D,200.0,37.0,5.0,1.0,89,1.0,1.0,4.0,1,30,1,0.0,0,5.0,1.0,3,0.0,7,1,0,1,1,4.0,0,3.0,0,188.0,235.0,180.0,480.0,2024
2,D,87.0,33.0,4.0,1.0,65,1.0,1.0,0.0,1,73,2,0.0,0,5.0,3.0,1,0.0,7,1,0,1,1,0.0,0,1.0,0,87.0,108.0,60.0,240.0,2024
4,D,135.0,43.0,6.0,1.0,53,1.0,1.0,6.0,1,60,1,0.0,0,5.0,1.0,1,0.0,7,1,0,1,1,6.0,0,3.0,0,120.0,135.0,120.0,240.0,2024
3,D,46.0,45.0,6.0,1.0,91,1.0,1.0,0.0,1,31,1,0.0,0,3.0,1.0,1,0.0,7,1,0,1,1,0.0,0,1.0,0,46.0,57.0,0.0,240.0,2024
5,D,84.0,27.0,3.0,1.0,83,1.0,0.0,0.0,1,87,1,0.0,0,3.0,1.0,1,0.0,7,1,0,1,1,0.0,0,1.0,0,97.0,121.0,0.0,240.0,2024
2,D,63.0,38.0,5.0,1.0,54,1.0,1.0,3.0,1,61,1,0.0,0,5.0,2.0,1,3.0,7,1,0,1,1,3.0,0,2.0,0,87.0,108.0,0.0,240.0,2024
1,D,110.0,33.0,4.0,1.0,41,1.0,0.0,0.0,1,47,1,0.0,0,5.0,1.0,2,2.0,7,1,0,1,1,0.0,0,1.0,0,151.0,188.0,60.0,240.0,2024
2,D,24.0,50.0,6.0,1.0,17,1.0,1.0,0.0,1,15,1,0.0,0,3.0,1.0,1,0.0,7,1,0,1,1,0.0,0,1.0,0,37.0,46.0,0.0,240.0,2024
5,D,600.0,26.0,3.0,1.0,37,1.0,1.0,3.0,1,43,1,0.0,0,3.0,1.0,2,1.0,7,1,0,1,1,3.0,0,2.0,0,600.0,600.0,180.0,360.0,2024
1,D,97.0,49.0,6.0,1.0,9,1.0,0.0,0.0,1,6,1,0.0,0,6.0,1.0,1,0.0,7,1,0,1,1,0.0,0,1.0,0,78.0,97.0,0.0,240.0,2024
4,D,46.0,33.0,4.0,1.0,59,1.0,1.0,0.0,1,66,0,0.0,0,6.0,1.0,1,0.0,7,1,0,1,1,0.0,0,1.0,0,97.0,121.0,0.0,240.0,2024
1,D,168.0,26.0,3.0,1.0,40,,1.0,1.0,1,46,2,0.0,0,3.0,3.0,1,0.0,7,1,0,1,1,1.0,0,1.0,0,135.0,168.0,0.0,240.0,2024
1,D,72.0,38.0,5.0,1.0,47,1.0,1.0,0.0,1,52,1,0.0,0,5.0,1.0,1,0.0,7,1,0,1,1,0.0,0,1.0,0,210.0,240.0,60.0,240.0,2024
5,D,46.0,25.0,2.0,1.0,62,1.0,0.0,0.0,1,69,1,0.0,0,6.0,2.0,1,0.0,7,1,0,1,1,0.0,0,1.0,0,46.0,57.0,0.0,120.0,2024
2,D,180.0,34.0,4.0,1.0,15,1.0,1.0,3.0,3,13,1,0.0,1,5.0,2.0,6,0.0,7,1,0,1,1,3.0,0,2.0,0,180.0,180.0,180.0,480.0,2024
3,D,66.0,37.0,5.0,1.0,68,1.0,1.0,0.0,1,74,1,0.0,0,5.0,1.0,1,0.0,7,1,0,2,1,0.0,0,1.0,0,87.0,108.0,0.0,240.0,2024
4,D,66.0,53.0,7.0,1.0,59,1.0,1.0,0.0,1,66,0,0.0,0,3.0,1.0,1,0.0,7,1,0,1,1,0.0,0,1.0,0,97.0,121.0,60.0,240.0,2024
2,D,108.0,36.0,5.0,1.0,84,1.0,1.0,1.0,1,88,1,0.0,0,5.0,1.0,1,0.0,7,1,0,1,1,1.0,0,1.0,0,121.0,151.0,60.0,240.0,2024
2,D,36.0,40.0,5.0,1.0,2,1.0,0.0,0.0,1,0,1,0.0,0,5.0,1.0,1,0.0,7,1,0,1,1,0.0,0,1.0,0,78.0,97.0,0.0,240.0,2024
5,D,36.0,65.0,8.0,1.0,20,1.0,0.0,0.0,1,17,1,0.0,0,3.0,1.0,1,0.0,7,1,0,1,1,0.0,0,1.0,0,63.0,78.0,0.0,240.0,2024
3,D,80.0,55.0,7.0,1.0,61,1.0,0.0,0.0,1,68,1,0.0,0,3.0,1.0,1,0.0,7,1,0,1,1,0.0,0,1.0,0,97.0,121.0,60.0,240.0,2024
2,D,840.0,43.0,6.0,1.0,87,1.0,1.0,1.0,1,26,1,0.0,0,6.0,1.0,3,1.0,7,1,0,1,1,1.0,0,1.0,0,1320.0,1320.0,180.0,480.0,2024
3,D,30.0,56.0,7.0,1.0,67,1.0,0.0,0.0,1,71,1,0.0,0,6.0,1.0,1,1.0,7,1,0,1,1,0.0,0,1.0,0,70.0,87.0,0.0,240.0,2024
1,D,41.0,33.0,4.0,1.0,93,1.0,1.0,0.0,1,32,1,0.0,0,5.0,1.0,1,0.0,7,1,0,1,1,0.0,0,1.0,0,78.0,97.0,0.0,240.0,2024
3,D,60.0,33.0,4.0,1.0,44,1.0,1.0,9.0,1,50,1,0.0,0,3.0,1.0,2,0.0,7,1,0,1,1,9.0,0,4.0,0,84.0,105.0,60.0,240.0,2024
2,D,97.0,42.0,6.0,1.0,66,1.0,1.0,0.0,1,72,1,1.0,0,6.0,1.0,1,0.0,7,1,0,1,1,0.0,0,1.0,0,97.0,121.0,0.0,240.0,2024
3,D,120.0,39.0,5.0,1.0,22,1.0,1.0,0.0,1,19,1,0.0,0,5.0,1.0,1,,7,1,0,1,1,0.0,0,1.0,0,151.0,188.0,60.0,240.0,2024
2,D,60.0,33.0,4.0,1.0,24,1.0,1.0,2.0,1,22,1,0.0,0,5.0,1.0,1,0.0,7,1,0,1,1,2.0,0,2.0,0,168.0,210.0,60.0,240.0,2024
3,D,96.0,39.0,5.0,1.0,90,1.0,0.0,0.0,1,29,2,0.0,0,5.0,3.0,1,0.0,7,1,0,1,1,0.0,0,1.0,0,121.0,151.0,60.0,240.0,2024
4,D,51.0,39.0,5.0,1.0,53,1.0,1.0,1.0,1,60,1,0.0,0,1.0,1.0,1,2.0,7,1,0,1,1,1.0,0,1.0,0,63.0,78.0,0.0,120.0,2024
1,D,36.0,43.0,6.0,1.0,8,1.0,0.0,0.0,1,7,1,0.0,0,6.0,1.0,1,1.0,7,1,0,1,1,0.0,0,1.0,0,97.0,120.0,0.0,120.0,2024
4,D,240.0,44.0,6.0,1.0,59,1.0,1.0,6.0,3,66,2,0.0,1,1.0,3.0,1,0.0,7,1,0,1,1,6.0,0,3.0,0,292.0,365.0,180.0,480.0,2024
1,D,120.0,63.0,8.0,1.0,6,1.0,1.0,20.0,1,3,1,0.0,0,3.0,1.0,1,0.0,7,1,0,1,1,21.0,0,6.0,0,120.0,120.0,120.0,240.0,2024
1,D,57.0,53.0,7.0,1.0,3,2.0,1.0,2.0,1,1,1,0.0,0,3.0,6.0,1,1.0,7,1,0,1,1,2.0,0,2.0,0,108.0,135.0,0.0,240.0,2024
8,D,60.0,38.0,5.0,1.0,60,1.0,1.0,0.0,1,67,1,0.0,0,6.0,1.0,1,2.0,7,1,0,1,1,0.0,0,1.0,0,97.0,121.0,60.0,240.0,2024
8,D,63.0,39.0,5.0,1.0,60,1.0,1.0,0.0,1,67,1,0.0,0,1.0,1.0,1,0.0,7,1,0,1,1,0.0,0,1.0,0,97.0,121.0,60.0,240.0,2024
2,D,60.0,46.0,6.0,1.0,51,1.0,0.0,0.0,1,57,1,0.0,0,5.0,1.0,1,0.0,7,1,0,1,1,0.0,0,1.0,0,70.0,87.0,60.0,240.0,2024
3,D,188.0,23.0,2.0,1.0,34,1.0,0.0,0.0,1,39,2,0.0,0,3.0,3.0,2,0.0,7,1,0,1,1,0.0,0,1.0,0,262.0,327.0,60.0,240.0,2024
4,D,60.0,45.0,6.0,1.0,35,1.0,0.0,0.0,1,41,2,0.0,0,3.0,3.0,2,0.0,7,1,0,1,1,0.0,0,1.0,0,63.0,78.0,60.0,240.0,2024
4,D,41.0,40.0,5.0,1.0,35,1.0,1.0,0.0,1,41,2,0.0,0,6.0,3.0,1,0.0,7,1,0,1,1,0.0,0,1.0,0,41.0,51.0,0.0,240.0,2024
4,D,72.0,40.0,5.0,1.0,35,2.0,0.0,0.0,1,41,2,0.0,0,1.0,3.0,1,1.0,7,1,0,1,1,0.0,0,1.0,0,97.0,121.0,60.0,240.0,2024
4,D,60.0,55.0,7.0,1.0,59,1.0,1.0,1.0,1,66,0,1.0,0,3.0,1.0,1,0.0,7,1,0,1,1,1.0,0,1.0,0,151.0,188.0,60.0,240.0,2024
1,D,72.0,39.0,5.0,1.0,8,1.0,0.0,0.0,1,7,1,0.0,0,5.0,1.0,1,1.0,7,1,0,1,1,0.0,0,1.0,0,151.0,188.0,60.0,240.0,2024
1,D,192.0,39.0,5.0,1.0,8,1.0,1.0,8.0,1,7,1,0.0,0,1.0,1.0,1,0.0,7,1,0,1,1,9.0,0,5.0,0,262.0,327.0,180.0,480.0,2024
3,D,66.0,61.0,8.0,1.0,5,1.0,0.0,0.0,1,4,2,0.0,0,6.0,3.0,1,0.0,7,1,0,1,1,0.0,0,1.0,0,78.0,97.0,0.0,240.0,2024
1,D,480.0,28.0,3.0,1.0,46,1.0,1.0,0.0,1,53,1,0.0,0,5.0,1.0,15,0.0,7,1,0,1,1,0.0,0,1.0,0,9996.0,9996.0,180.0,360.0,2024
1,D,0.03,54.0,7.0,1.0,8,1.0,1.0,0.0,1,7,1,0.0,0,3.0,2.0,1,0.0,7,1,0,1,1,0.0,0,1.0,0,63.0,78.0,0.0,240.0,2024
1,D,60.0,28.0,3.0,1.0,11,1.0,1.0,6.0,1,9,1,0.0,0,5.0,1.0,1,2.0,7,1,0,1,1,6.0,0,3.0,0,60.0,60.0,0.0,60.0,2024
5,D,360.0,34.0,4.0,1.0,83,1.0,1.0,15.0,1,87,1,0.0,0,5.0,1.0,1,1.0,7,1,0,1,1,16.0,0,6.0,0,480.0,480.0,180.0,480.0,2024
5,D,42.0,22.0,2.0,1.0,83,1.0,1.0,0.0,1,87,1,0.0,0,5.0,1.0,1,0.0,7,1,0,1,1,0.0,0,1.0,0,63.0,78.0,0.0,120.0,2024
2,D,84.0,41.0,6.0,1.0,73,1.0,1.0,2.0,1,78,1,0.0,0,3.0,1.0,1,0.0,7,1,0,1,1,2.0,0,2.0,0,168.0,210.0,60.0,240.0,2024
3,D,188.0,58.0,7.0,1.0,61,1.0,1.0,4.0,1,68,1,0.0,0,5.0,6.0,1,0.0,7,1,0,1,1,4.0,0,3.0,0,188.0,235.0,180.0,480.0,2024
3,D,135.0,66.0,8.0,1.0,61,1.0,1.0,2.0,1,68,1,0.0,0,5.0,1.0,1,0.0,7,1,0,1,1,2.0,0,2.0,0,135.0,168.0,60.0,240.0,2024
1,D,194.0,46.0,6.0,1.0,49,1.0,0.0,0.0,1,55,1,0.0,0,3.0,1.0,1,0.0,7,1,0,1,1,0.0,0,1.0,0,240.0,240.0,60.0,240.0,2024
1,C,8.99,72.0,8.0,1.0,50,1.0,1.0,1.0,1,56,1,0.0,0,5.0,2.0,3,0.0,8,1,0,1,1,1.0,0,1.0,0,12.0,18.0,0.0,60.0,2024
2,D,150.0,39.0,5.0,1.0,51,1.0,1.0,3.0,1,57,1,0.0,0,3.0,1.0,1,0.0,7,1,0,1,1,3.0,0,2.0,0,120.0,120.0,120.0,240.0,2024
4,D,72.0,46.0,6.0,1.0,56,1.0,0.0,0.0,1,63,1,0.0,0,5.0,1.0,1,3.0,7,1,0,1,1,0.0,0,1.0,0,97.0,121.0,0.0,240.0,2024
2,D,82.0,67.0,8.0,1.0,26,1.0,1.0,0.0,1,24,1,0.0,0,5.0,1.0,1,0.0,7,1,0,1,1,0.0,0,1.0,0,78.0,97.0,0.0,240.0,2024
1,D,96.0,40.0,5.0,1.0,50,1.0,1.0,1.0,1,56,1,0.0,0,3.0,1.0,4,2.0,7,1,0,1,1,1.0,0,1.0,0,78.0,97.0,0.0,120.0,2024
8,D,120.0,51.0,7.0,1.0,89,1.0,1.0,3.0,1,30,1,0.0,0,5.0,1.0,1,0.0,7,1,0,1,1,3.0,0,2.0,0,120.0,120.0,120.0,240.0,2024
1,D,37.0,27.0,3.0,1.0,71,1.0,1.0,1.0,1,76,1,0.0,0,3.0,1.0,1,0.0,7,1,0,1,1,1.0,0,1.0,0,70.0,87.0,0.0,240.0,2024
1,D,228.0,21.0,2.0,1.0,19,1.0,1.0,0.0,1,16,1,0.0,0,5.0,2.0,1,0.0,7,1,0,1,1,0.0,0,1.0,0,9996.0,9996.0,180.0,9996.0,2024
8,D,24.0,23.0,2.0,1.0,60,1.0,1.0,0.0,1,67,2,0.0,0,3.0,3.0,1,0.0,7,1,0,1,1,0.0,0,1.0,0,37.0,46.0,0.0,120.0,2024
2,D,120.0,26.0,3.0,1.0,51,1.0,1.0,0.0,1,57,1,0.0,0,3.0,1.0,2,0.0,7,1,0,1,1,0.0,0,1.0,0,51.0,63.0,0.0,120.0,2024
3,D,0.03,25.0,2.0,1.0,23,1.0,0.0,0.0,1,20,1,0.0,0,3.0,1.0,1,0.0,7,1,0,1,1,0.0,0,1.0,0,87.0,108.0,0.0,240.0,2024
4,D,180.0,37.0,5.0,1.0,58,1.0,1.0,2.0,1,65,1,0.0,0,1.0,1.0,1,1.0,7,1,0,1,1,2.0,0,2.0,0,188.0,235.0,60.0,240.0,2024
3,D,116.0,56.0,7.0,1.0,29,1.0,1.0,6.0,1,96,1,0.0,0,3.0,1.0,1,0.0,7,1,0,1,1,6.0,0,3.0,0,120.0,120.0,120.0,240.0,2024
3,D,180.0,44.0,6.0,1.0,90,1.0,1.0,3.0,1,29,1,0.0,0,3.0,1.0,1,0.0,7,1,0,1,1,3.0,0,2.0,0,180.0,180.0,180.0,480.0,2024
3,D,60.0,33.0,4.0,1.0,91,1.0,0.0,0.0,1,31,1,0.0,0,5.0,1.0,1,0.0,7,1,0,1,1,0.0,0,1.0,0,60.0,60.0,60.0,240.0,2024
3,D,36.0,45.0,6.0,1.0,7,1.0,0.0,0.0,1,5,1,0.0,0,6.0,1.0,1,3.0,7,1,0,1,1,0.0,0,1.0,0,41.0,51.0,0.0,120.0,2024
1,D,14.0,37.0,5.0,1.0,4,1.0,0.0,0.0,1,2,1,0.0,0,6.0,1.0,1,0.0,7,1,0,1,1,0.0,0,1.0,0,97.0,121.0,0.0,240.0,2024
1,D,186.0,35.0,4.0,1.0,41,1.0,1.0,0.0,1,47,1,0.0,0,3.0,1.0,4,0.0,7,1,0,1,1,0.0,0,1.0,0,151.0,188.0,60.0,240.0,2024
3,D,120.0,71.0,8.0,1.0,34,1.0,1.0,3.0,1,39,1,0.0,0,3.0,1.0,1,0.0,7,1,0,1,1,3.0,0,2.0,0,120.0,120.0,120.0,240.0,2024
8,D,90.0,35.0,4.0,1.0,60,1.0,0.0,0.0,1,67,1,0.0,0,5.0,1.0,1,0.0,7,1,0,1,1,0.0,0,1.0,0,151.0,188.0,60.0,240.0,2024
2,D,0.33,47.0,6.0,1.0,24,1.0,1.0,3.0,1,22,1,0.0,0,5.0,2.0,1,4.0,8,1,0,1,1,3.0,0,2.0,0,15.0,21.0,0.0,60.0,2024
1,D,24.0,21.0,2.0,1.0,9,3.0,1.0,1.0,1,6,2,0.0,0,1.0,3.0,1,0.0,7,1,0,1,1,1.0,0,1.0,0,78.0,97.0,0.0,240.0,2024
5,D,60.0,32.0,4.0,1.0,36,1.0,0.0,0.0,1,42,1,0.0,0,3.0,1.0,1,0.0,7,1,0,1,1,0.0,0,1.0,0,121.0,151.0,60.0,240.0,2024
6,D,240.0,44.0,6.0,1.0,33,1.0,1.0,0.0,3,40,1,0.0,1,5.0,1.0,4,0.0,7,1,0,1,1,0.0,0,1.0,0,210.0,262.0,60.0,240.0,2024
1,D,60.0,50.0,6.0,1.0,4,1.0,0.0,0.0,1,2,1,0.0,0,6.0,1.0,1,2.0,7,1,0,1,1,0.0,0,1.0,0,97.0,121.0,60.0,240.0,2024
1,D,168.0,33.0,4.0,1.0,80,1.0,1.0,0.0,1,84,2,0.0,0,1.0,3.0,1,0.0,7,1,0,2,1,0.0,0,1.0,0,97.0,121.0,60.0,240.0,2024
3,D,48.0,37.0,5.0,1.0,61,1.0,0.0,0.0,1,68,1,0.0,0,3.0,1.0,1,0.0,7,1,0,1,1,0.0,0,1.0,0,78.0,97.0,0.0,120.0,2024
5,D,120.0,41.0,6.0,1.0,36,1.0,0.0,0.0,1,42,2,0.0,0,5.0,3.0,1,0.0,7,1,0,1,1,0.0,0,1.0,0,151.0,188.0,60.0,240.0,2024
3,D,24.0,62.0,8.0,1.0,42,1.0,1.0,1.0,1,48,1,0.0,0,5.0,1.0,1,0.0,7,1,0,1,1,1.0,0,1.0,0,97.0,121.0,0.0,240.0,2024
4,D,78.0,23.0,2.0,1.0,58,1.0,0.0,0.0,1,65,1,0.0,0,5.0,1.0,1,0.0,7,1,0,1,1,0.0,0,1.0,0,210.0,240.0,60.0,240.0,2024
3,D,180.0,43.0,6.0,1.0,16,1.0,0.0,0.0,1,14,1,0.0,0,5.0,1.0,1,0.0,7,1,0,1,1,0.0,0,1.0,0,168.0,210.0,60.0,240.0,2024
8,D,360.0,57.0,7.0,1.0,60,1.0,1.0,6.0,1,67,0,0.0,0,3.0,1.0,1,0.0,7,1,0,1,1,6.0,0,3.0,0,210.0,262.0,180.0,480.0,2024
1,D,120.0,56.0,7.0,1.0,49,1.0,0.0,0.0,1,55,1,0.0,0,6.0,1.0,1,1.0,7,1,0,1,1,0.0,0,1.0,0,151.0,188.0,60.0,240.0,2024
1,D,200.0,35.0,4.0,1.0,50,1.0,1.0,0.0,1,56,1,1.0,0,1.0,2.0,2,0.0,7,1,0,1,1,0.0,0,1.0,0,210.0,262.0,180.0,360.0,2024
3,D,28.0,25.0,2.0,1.0,68,1.0,0.0,0.0,1,74,2,0.0,0,3.0,3.0,1,,7,1,0,1,1,0.0,0,1.0,0,78.0,97.0,0.0,240.0,2024
2,D,135.0,34.0,4.0,1.0,65,1.0,1.0,3.0,1,73,2,0.0,0,3.0,3.0,1,0.0,7,1,0,1,1,3.0,0,2.0,0,108.0,135.0,60.0,240.0,2024
2,D,48.0,33.0,4.0,1.0,27,1.0,1.0,0.0,1,25,1,0.0,0,6.0,1.0,1,2.0,7,1,0,1,1,0.0,0,1.0,0,78.0,97.0,0.0,240.0,2024
3,D,180.0,39.0,5.0,1.0,91,1.0,1.0,3.0,1,31,1,0.0,0,5.0,2.0,1,0.0,7,1,0,1,1,3.0,0,2.0,0,180.0,180.0,180.0,480.0,2024
2,D,60.0,22.0,2.0,1.0,24,1.0,0.0,0.0,1,22,2,0.0,0,5.0,3.0,2,0.0,7,1,0,1,1,0.0,0,1.0,0,97.0,121.0,60.0,240.0,2024
6,D,120.0,30.0,3.0,1.0,33,1.0,1.0,3.0,1,40,1,0.0,0,5.0,1.0,1,0.0,7,1,0,1,1,3.0,0,2.0,0,120.0,120.0,120.0,240.0,2024
2,D,30.0,42.0,6.0,1.0,24,1.0,1.0,0.0,1,22,1,0.0,0,5.0,1.0,1,2.0,7,1,0,1,1,0.0,0,1.0,0,37.0,46.0,0.0,120.0,2024
1,D,120.0,43.0,6.0,1.0,78,1.0,0.0,0.0,1,82,1,0.0,0,6.0,1.0,1,0.0,7,1,0,1,1,0.0,0,1.0,0,168.0,210.0,60.0,240.0,2024
2,D,60.0,21.0,2.0,1.0,45,1.0,1.0,0.0,1,51,1,0.0,0,3.0,1.0,2,1.0,7,1,0,1,1,0.0,0,1.0,0,60.0,60.0,0.0,120.0,2024
3,D,60.0,34.0,4.0,1.0,38,1.0,1.0,0.0,1,44,1,0.0,0,3.0,1.0,3,0.0,7,1,0,1,1,0.0,0,1.0,0,60.0,60.0,60.0,240.0,2024
2,D,76.0,62.0,8.0,1.0,94,1.0,0.0,0.0,1,34,1,0.0,0,6.0,1.0,1,0.0,7,1,0,1,1,0.0,0,1.0,0,121.0,151.0,60.0,240.0,2024
1,D,120.0,56.0,7.0,1.0,50,1.0,1.0,6.0,1,56,1,0.0,0,5.0,1.0,1,0.0,7,1,0,1,1,6.0,0,3.0,0,120.0,121.0,120.0,240.0,2024
1,D,84.0,45.0,6.0,1.0,19,1.0,1.0,2.0,1,16,1,0.0,0,3.0,2.0,2,1.0,8,1,0,1,1,2.0,0,2.0,0,21.0,27.0,0.0,60.0,2024
3,D,55.0,69.0,8.0,1.0,23,1.0,0.0,0.0,1,20,1,0.0,0,5.0,1.0,1,0.0,7,1,0,1,1,0.0,0,1.0,0,51.0,63.0,0.0,240.0,2024
3,D,46.0,27.0,3.0,1.0,5,1.0,0.0,0.0,1,4,2,0.0,0,5.0,3.0,2,0.0,7,1,0,1,1,0.0,0,1.0,0,46.0,57.0,0.0,120.0,2024
2,D,84.0,53.0,7.0,1.0,14,1.0,1.0,1.0,1,12,1,0.0,0,6.0,1.0,2,1.0,7,1,0,1,1,1.0,0,1.0,0,151.0,188.0,0.0,240.0,2024
1,D,71.0,48.0,6.0,1.0,3,1.0,1.0,0.0,1,1,1,0.0,0,5.0,1.0,1,0.0,7,1,0,2,1,0.0,0,1.0,0,97.0,121.0,60.0,240.0,2024
2,D,235.0,41.0,6.0,1.0,65,1.0,1.0,4.0,1,73,1,0.0,0,6.0,1.0,1,0.0,7,1,0,1,1,4.0,0,3.0,0,188.0,235.0,60.0,240.0,2024
1,C,,42.0,6.0,1.0,11,1.0,1.0,0.0,1,9,1,0.0,0,6.0,1.0,1,2.0,8,0,1,3,0,0.0,0,1.0,0,10.0,16.0,0.0,60.0,2024
8,D,121.0,73.0,8.0,1.0,89,2.0,0.0,0.0,1,30,2,0.0,0,6.0,3.0,3,1.0,7,1,0,1,1,0.0,0,1.0,0,151.0,188.0,0.0,240.0,2024
3,D,30.0,26.0,3.0,1.0,48,1.0,1.0,0.0,1,54,1,0.0,0,3.0,1.0,1,1.0,7,1,0,1,1,0.0,0,1.0,0,87.0,108.0,0.0,240.0,2024
3,D,40.0,37.0,5.0,1.0,5,1.0,1.0,0.0,1,4,2,0.0,0,6.0,3.0,2,1.0,7,1,0,1,1,0.0,0,1.0,0,24.0,30.0,0.0,120.0,2024
1,C,5.0,37.0,5.0,1.0,19,1.0,1.0,1.0,1,16,1,0.0,0,5.0,2.0,1,1.0,8,1,0,2,1,1.0,0,1.0,0,10.0,16.0,0.0,60.0,2024
1,D,180.0,33.0,4.0,1.0,88,1.0,1.0,3.0,1,28,1,0.0,0,1.0,1.0,2,2.0,7,1,0,1,1,3.0,0,2.0,0,180.0,180.0,180.0,480.0,2024
3,D,120.0,69.0,8.0,1.0,42,1.0,1.0,3.0,1,48,1,0.0,0,5.0,1.0,1,0.0,7,1,0,1,1,3.0,0,2.0,0,120.0,120.0,120.0,240.0,2024
5,D,64.0,35.0,4.0,1.0,83,1.0,0.0,0.0,1,87,1,0.0,0,1.0,1.0,1,1.0,7,1,0,1,1,0.0,0,1.0,0,78.0,97.0,60.0,240.0,2024
5,D,78.0,32.0,4.0,1.0,62,1.0,1.0,0.0,1,69,1,0.0,0,5.0,1.0,1,0.0,7,1,0,1,1,0.0,0,1.0,0,97.0,121.0,60.0,240.0,2024
3,D,120.0,56.0,7.0,1.0,38,1.0,1.0,3.0,1,44,1,0.0,0,5.0,1.0,1,0.0,7,1,0,1,1,3.0,0,2.0,0,120.0,120.0,120.0,240.0,2024
3,D,120.0,35.0,4.0,1.0,90,1.0,1.0,0.0,1,29,1,0.0,0,3.0,2.0,1,0.0,7,1,0,1,1,0.0,0,1.0,0,135.0,168.0,60.0,240.0,2024
3,D,97.0,36.0,5.0,1.0,48,1.0,1.0,2.0,1,54,1,0.0,0,3.0,1.0,3,0.0,7,1,0,1,1,2.0,0,2.0,0,97.0,121.0,60.0,240.0,2024
2,D,60.0,28.0,3.0,1.0,28,1.0,0.0,0.0,1,35,1,0.0,0,1.0,1.0,1,2.0,7,1,0,1,1,0.0,0,1.0,0,78.0,97.0,0.0,240.0,2024
1,D,24.0,34.0,4.0,1.0,93,1.0,0.0,0.0,1,32,1,0.0,0,5.0,1.0,1,0.0,7,1,0,1,1,0.0,0,1.0,0,87.0,108.0,0.0,240.0,2024
3,D,40.0,56.0,7.0,1.0,5,1.0,0.0,0.0,1,4,2,0.0,0,5.0,3.0,1,0.0,7,1,0,1,1,0.0,0,1.0,0,78.0,97.0,0.0,240.0,2024
3,D,45.0,24.0,2.0,1.0,52,1.0,1.0,3.0,1,58,1,0.0,0,5.0,1.0,1,0.0,7,1,0,1,1,3.0,0,2.0,0,70.0,87.0,0.0,240.0,2024
4,D,120.0,27.0,3.0,1.0,35,1.0,0.0,0.0,1,41,2,0.0,0,5.0,3.0,1,0.0,7,1,0,1,1,0.0,0,1.0,0,151.0,188.0,60.0,240.0,2024
3,D,72.0,53.0,7.0,1.0,31,1.0,1.0,4.0,1,37,1,0.0,0,3.0,1.0,1,0.0,7,1,0,1,1,4.0,0,3.0,0,97.0,121.0,0.0,240.0,2024
5,D,210.0,32.0,4.0,1.0,36,1.0,0.0,0.0,1,42,1,0.0,0,6.0,1.0,1,0.0,7,1,0,1,1,0.0,0,1.0,0,240.0,240.0,60.0,240.0,2024
4,D,78.0,29.0,3.0,1.0,58,3.0,1.0,0.0,1,65,2,0.0,0,1.0,3.0,1,0.0,7,1,0,1,1,0.0,0,1.0,0,78.0,97.0,0.0,240.0,2024
1,D,240.0,56.0,7.0,1.0,88,1.0,1.0,0.0,1,28,1,0.0,0,5.0,1.0,8,0.0,7,1,0,1,1,0.0,0,1.0,0,210.0,262.0,60.0,240.0,2024
4,D,84.0,34.0,4.0,1.0,56,1.0,1.0,1.0,1,63,2,0.0,0,3.0,3.0,1,0.0,7,1,0,1,1,1.0,0,1.0,0,97.0,121.0,60.0,240.0,2024
1,D,36.0,58.0,7.0,1.0,9,1.0,0.0,0.0,1,6,1,0.0,0,6.0,1.0,1,0.0,7,1,0,1,1,0.0,0,1.0,0,78.0,97.0,0.0,240.0,2024
1,D,71.0,26.0,3.0,1.0,69,1.0,0.0,0.0,1,93,1,0.0,0,3.0,1.0,1,0.0,7,1,0,1,1,0.0,0,1.0,0,151.0,188.0,60.0,240.0,2024
2,D,132.0,25.0,2.0,1.0,45,1.0,1.0,0.0,1,51,2,0.0,0,3.0,3.0,3,0.0,7,1,0,1,1,0.0,0,1.0,0,151.0,188.0,60.0,240.0,2024
5,D,85.0,21.0,2.0,1.0,37,1.0,1.0,0.0,1,43,1,0.0,0,5.0,1.0,1,0.0,7,1,0,1,1,0.0,0,1.0,0,97.0,121.0,60.0,240.0,2024
1,D,41.0,60.0,7.0,1.0,4,1.0,1.0,0.0,1,2,1,0.0,0,3.0,1.0,1,0.0,7,1,0,1,1,0.0,0,1.0,0,63.0,78.0,0.0,240.0,2024
4,D,144.0,38.0,5.0,1.0,53,1.0,1.0,4.0,1,60,2,0.0,0,5.0,3.0,1,2.0,7,1,0,1,1,4.0,0,3.0,0,121.0,151.0,120.0,240.0,2024
2,D,24.0,59.0,7.0,1.0,77,1.0,0.0,0.0,1,81,1,0.0,0,6.0,1.0,1,2.0,7,1,0,1,1,0.0,0,1.0,0,78.0,97.0,0.0,240.0,2024
4,D,151.0,45.0,6.0,1.0,56,1.0,1.0,0.0,1,63,1,0.0,0,3.0,1.0,1,2.0,7,1,0,1,1,0.0,0,1.0,0,151.0,188.0,60.0,240.0,2024
4,D,72.0,40.0,5.0,1.0,58,1.0,0.0,0.0,1,65,1,0.0,0,5.0,1.0,1,0.0,7,1,0,1,1,0.0,0,1.0,0,151.0,188.0,60.0,240.0,2024
5,D,188.0,33.0,4.0,1.0,20,1.0,1.0,0.0,1,17,1,0.0,0,3.0,1.0,1,0.0,7,1,0,1,1,0.0,0,1.0,0,151.0,188.0,60.0,240.0,2024
5,D,60.0,66.0,8.0,1.0,36,1.0,0.0,0.0,1,42,1,0.0,0,5.0,2.0,1,4.0,7,1,0,1,1,0.0,0,1.0,0,78.0,97.0,0.0,240.0,2024
4,D,60.0,31.0,4.0,1.0,72,1.0,1.0,0.0,1,77,2,0.0,0,6.0,3.0,1,0.0,7,1,0,1,1,0.0,0,1.0,0,97.0,121.0,60.0,240.0,2024
1,D,540.0,45.0,6.0,1.0,8,1.0,1.0,6.0,3,7,2,0.0,1,5.0,3.0,9,1.0,7,1,0,1,1,6.0,0,5.0,0,9996.0,9996.0,180.0,480.0,2024
4,D,97.0,23.0,2.0,1.0,35,1.0,0.0,0.0,1,41,2,0.0,0,3.0,3.0,1,0.0,7,1,0,1,1,0.0,0,1.0,0,121.0,151.0,60.0,240.0,2024
1,D,68.0,39.0,5.0,1.0,80,3.0,0.0,0.0,1,84,2,0.0,0,1.0,3.0,1,5.0,7,1,0,1,1,0.0,0,1.0,0,97.0,121.0,0.0,240.0,2024
3,D,228.0,34.0,4.0,1.0,34,1.0,1.0,0.0,1,39,1,0.0,0,5.0,1.0,1,0.0,7,1,0,1,1,0.0,0,1.0,0,188.0,235.0,60.0,240.0,2024
3,D,180.0,58.0,7.0,1.0,90,1.0,1.0,3.0,1,29,1,0.0,0,3.0,1.0,1,0.0,7,1,0,1,1,3.0,0,2.0,0,180.0,180.0,180.0,480.0,2024
1,D,120.0,51.0,7.0,1.0,9,1.0,1.0,3.0,1,6,1,0.0,0,5.0,1.0,1,0.0,7,1,0,1,1,3.0,0,2.0,0,120.0,120.0,120.0,240.0,2024
3,D,24.0,31.0,4.0,1.0,7,1.0,0.0,0.0,1,5,2,0.0,0,6.0,3.0,1,0.0,7,1,0,1,1,0.0,0,1.0,0,97.0,121.0,0.0,240.0,2024
3,D,108.0,26.0,3.0,1.0,32,1.0,0.0,0.0,1,38,1,0.0,0,5.0,6.0,1,0.0,7,1,0,1,1,0.0,0,1.0,0,87.0,108.0,0.0,120.0,2024
4,D,84.0,57.0,7.0,1.0,59,1.0,1.0,1.0,1,66,0,0.0,0,5.0,1.0,2,0.0,7,1,0,1,1,1.0,0,1.0,0,151.0,188.0,60.0,240.0,2024
5,D,97.0,29.0,3.0,1.0,20,1.0,0.0,0.0,1,17,1,0.0,0,6.0,1.0,1,0.0,7,1,0,1,1,0.0,0,1.0,0,97.0,121.0,60.0,240.0,2024
5,D,135.0,53.0,7.0,1.0,36,1.0,1.0,0.0,1,42,1,0.0,0,5.0,1.0,1,0.0,7,1,0,1,1,0.0,0,1.0,0,135.0,168.0,0.0,240.0,2024
1,D,36.0,66.0,8.0,1.0,47,1.0,0.0,0.0,1,52,1,0.0,0,6.0,1.0,1,0.0,7,1,0,1,1,0.0,0,1.0,0,121.0,151.0,0.0,240.0,2024
5,D,420.0,53.0,7.0,1.0,18,1.0,1.0,0.0,1,91,1,0.0,0,5.0,2.0,13,0.0,7,1,0,1,1,0.0,0,1.0,0,9996.0,9996.0,120.0,9996.0,2024
3,D,60.0,22.0,2.0,1.0,42,1.0,0.0,0.0,1,48,1,0.0,0,3.0,1.0,1,0.0,7,1,0,1,1,0.0,0,1.0,0,78.0,97.0,0.0,240.0,2024
8,D,480.0,44.0,6.0,1.0,89,1.0,1.0,3.0,3,30,1,0.0,1,5.0,1.0,2,0.0,7,1,0,1,1,3.0,0,2.0,0,360.0,720.0,180.0,480.0,2024
2,D,120.0,23.0,2.0,1.0,15,1.0,1.0,0.0,1,13,1,0.0,0,1.0,2.0,3,0.0,7,1,0,1,1,0.0,0,1.0,0,151.0,188.0,60.0,240.0,2024
3,D,120.0,61.0,8.0,1.0,16,1.0,1.0,3.0,1,14,1,1.0,0,3.0,1.0,1,0.0,7,1,0,1,1,3.0,0,2.0,0,120.0,120.0,120.0,240.0,2024
3,D,60.0,21.0,2.0,1.0,91,1.0,1.0,0.0,1,31,1,0.0,0,3.0,2.0,1,0.0,7,1,0,1,1,0.0,0,1.0,0,168.0,210.0,60.0,240.0,2024
5,D,41.0,48.0,6.0,1.0,62,1.0,1.0,1.0,1,69,1,0.0,0,3.0,1.0,1,0.0,7,1,0,1,1,1.0,0,1.0,0,63.0,78.0,0.0,120.0,2024
3,D,96.0,42.0,6.0,1.0,75,1.0,1.0,3.0,1,79,1,0.0,0,6.0,1.0,1,0.0,7,1,0,1,1,3.0,0,2.0,0,87.0,108.0,0.0,240.0,2024
4,D,70.0,45.0,6.0,1.0,35,1.0,1.0,4.0,1,41,2,0.0,0,1.0,3.0,1,0.0,7,1,0,1,1,6.0,0,3.0,0,78.0,97.0,60.0,240.0,2024
4,D,120.0,43.0,6.0,1.0,35,1.0,1.0,3.0,1,41,2,0.0,0,3.0,3.0,1,0.0,7,1,0,1,1,3.0,0,2.0,0,120.0,120.0,120.0,240.0,2024
1,D,30.0,20.0,1.0,1.0,1,1.0,0.0,0.0,1,90,1,0.0,0,3.0,1.0,1,0.0,7,1,0,1,1,0.0,0,1.0,0,87.0,108.0,0.0,240.0,2024
3,D,33.0,29.0,3.0,1.0,91,3.0,1.0,0.0,1,31,1,0.0,0,6.0,6.0,1,0.0,7,1,0,1,1,0.0,0,1.0,0,51.0,63.0,0.0,240.0,2024
3,D,72.0,37.0,5.0,1.0,5,1.0,1.0,0.0,1,4,2,0.0,0,5.0,3.0,1,2.0,7,1,0,1,1,0.0,0,1.0,0,121.0,151.0,60.0,240.0,2024
3,D,40.0,57.0,7.0,1.0,5,1.0,1.0,0.0,1,4,2,0.0,0,3.0,3.0,1,0.0,7,1,0,1,1,0.0,0,1.0,0,78.0,97.0,0.0,240.0,2024
4,D,60.0,32.0,4.0,1.0,35,1.0,0.0,0.0,1,41,2,0.0,0,3.0,3.0,1,0.0,7,1,0,1,1,0.0,0,1.0,0,60.0,71.0,60.0,240.0,2024
1,D,60.0,59.0,7.0,1.0,80,1.0,1.0,0.0,1,84,1,0.0,0,5.0,6.0,1,2.0,7,1,0,1,1,0.0,0,1.0,0,63.0,78.0,0.0,240.0,2024
5,D,36.0,47.0,6.0,1.0,83,1.0,0.0,0.0,1,87,1,0.0,0,6.0,1.0,1,0.0,7,1,0,1,1,0.0,0,1.0,0,78.0,97.0,0.0,120.0,2024
3,D,41.0,45.0,6.0,1.0,91,3.0,0.0,0.0,1,31,1,0.0,0,5.0,6.0,1,2.0,7,1,0,1,1,0.0,0,1.0,0,51.0,63.0,0.0,240.0,2024
3,D,40.0,36.0,5.0,1.0,68,1.0,0.0,0.0,1,74,1,0.0,0,6.0,1.0,1,,7,1,0,1,1,0.0,0,4.0,0,37.0,46.0,0.0,240.0,2024
1,D,60.0,43.0,6.0,1.0,8,1.0,1.0,0.0,1,7,1,0.0,0,5.0,2.0,1,1.0,7,1,0,1,1,0.0,0,1.0,0,78.0,97.0,60.0,240.0,2024
2,D,87.0,28.0,3.0,1.0,66,1.0,0.0,0.0,1,72,1,0.0,0,5.0,1.0,1,0.0,7,1,0,1,1,0.0,0,1.0,0,151.0,188.0,60.0,240.0,2024
1,D,151.0,26.0,3.0,1.0,8,1.0,0.0,0.0,1,7,2,0.0,0,1.0,3.0,1,0.0,7,1,0,1,1,0.0,0,1.0,0,151.0,188.0,60.0,240.0,2024
5,D,96.0,25.0,2.0,1.0,20,1.0,0.0,0.0,1,17,1,0.0,0,5.0,2.0,2,0.0,7,1,0,1,1,0.0,0,1.0,0,121.0,151.0,60.0,240.0,2024
5,D,30.0,60.0,7.0,1.0,36,1.0,0.0,0.0,1,42,1,0.0,0,5.0,1.0,1,3.0,7,1,0,1,1,0.0,0,1.0,0,135.0,168.0,0.0,240.0,2024
5,D,120.0,41.0,6.0,1.0,92,1.0,1.0,3.0,1,33,1,0.0,0,3.0,1.0,1,0.0,7,1,0,1,1,3.0,0,2.0,0,27.0,33.0,0.0,120.0,2024
1,D,120.0,40.0,5.0,1.0,74,1.0,1.0,3.0,1,94,1,0.0,0,1.0,6.0,1,3.0,7,1,0,1,1,3.0,0,2.0,0,120.0,120.0,120.0,240.0,2024
1,D,57.0,42.0,6.0,1.0,93,1.0,1.0,0.0,1,32,1,0.0,0,6.0,1.0,1,2.0,7,1,0,1,1,0.0,0,1.0,0,78.0,97.0,0.0,240.0,2024
4,D,144.0,32.0,4.0,1.0,35,1.0,0.0,0.0,1,41,2,0.0,0,5.0,3.0,1,0.0,7,1,0,1,1,0.0,0,1.0,0,121.0,151.0,60.0,240.0,2024
3,D,121.0,34.0,4.0,1.0,75,1.0,1.0,2.0,1,79,1,0.0,0,5.0,1.0,2,0.0,7,1,0,1,1,2.0,0,2.0,0,188.0,235.0,60.0,240.0,2024
3,D,360.0,27.0,3.0,1.0,91,1.0,1.0,0.0,1,31,1,0.0,0,6.0,1.0,3,0.0,7,1,0,1,1,0.0,0,1.0,0,840.0,840.0,180.0,360.0,2025
2,D,120.0,55.0,7.0,1.0,21,1.0,1.0,0.0,1,18,1,0.0,0,6.0,1.0,1,0.0,7,1,0,1,1,0.0,0,1.0,0,120.0,120.0,0.0,120.0,2025
3,D,180.0,64.0,8.0,1.0,90,1.0,1.0,3.0,1,29,1,0.0,0,3.0,1.0,1,0.0,7,1,0,1,1,3.0,0,2.0,0,180.0,180.0,180.0,480.0,2025
4,D,72.0,67.0,8.0,1.0,35,1.0,0.0,0.0,1,41,1,0.0,0,5.0,1.0,1,0.0,7,1,0,1,1,0.0,0,1.0,0,108.0,135.0,60.0,240.0,2025
1,A,0.03,52.0,7.0,1.0,11,1.0,1.0,0.0,1,9,1,0.0,0,3.0,1.0,1,1.0,8,1,0,1,1,0.0,0,1.0,0,0.0,6.0,0.0,60.0,2025
2,D,70.0,69.0,8.0,1.0,14,1.0,0.0,0.0,1,12,1,0.0,0,3.0,1.0,1,0.0,7,1,0,1,1,0.0,0,1.0,0,63.0,78.0,0.0,240.0,2025
2,D,180.0,64.0,8.0,1.0,15,1.0,1.0,3.0,1,13,1,0.0,0,5.0,1.0,2,0.0,7,1,0,1,1,3.0,0,2.0,0,180.0,180.0,180.0,480.0,2025
4,D,144.0,47.0,6.0,1.0,59,1.0,0.0,0.0,1,66,1,0.0,0,6.0,1.0,3,3.0,7,1,0,1,1,0.0,0,1.0,0,151.0,188.0,60.0,240.0,2025
3,D,120.0,24.0,2.0,1.0,63,1.0,1.0,0.0,1,95,1,0.0,0,6.0,6.0,1,0.0,7,1,0,1,1,0.0,0,1.0,0,121.0,151.0,60.0,240.0,2025
8,D,96.0,27.0,3.0,1.0,60,1.0,0.0,0.0,1,67,1,0.0,0,6.0,1.0,3,0.0,7,1,0,1,1,0.0,0,1.0,0,151.0,188.0,60.0,240.0,2025
2,D,121.0,62.0,8.0,1.0,2,1.0,1.0,3.0,3,0,1,0.0,1,3.0,1.0,1,0.0,7,1,0,1,1,3.0,0,2.0,0,121.0,151.0,120.0,240.0,2025
1,D,63.0,26.0,3.0,1.0,71,2.0,0.0,0.0,1,76,1,0.0,0,3.0,1.0,1,0.0,7,1,0,1,1,0.0,0,1.0,0,78.0,97.0,0.0,240.0,2025
6,D,13.0,26.0,3.0,1.0,30,1.0,0.0,0.0,1,36,1,0.0,0,5.0,1.0,1,0.0,7,1,0,1,1,0.0,0,1.0,0,97.0,120.0,0.0,120.0,2025
2,D,36.0,34.0,4.0,1.0,64,1.0,1.0,0.0,1,70,1,1.0,0,3.0,1.0,1,0.0,7,1,0,1,1,0.0,0,1.0,0,87.0,108.0,0.0,240.0,2025
2,D,180.0,33.0,4.0,1.0,65,1.0,1.0,3.0,1,73,1,0.0,0,5.0,1.0,1,0.0,7,1,0,1,1,3.0,0,2.0,0,180.0,210.0,180.0,480.0,2025
2,D,48.0,49.0,6.0,1.0,14,1.0,0.0,0.0,1,12,1,0.0,0,6.0,1.0,1,2.0,7,1,0,1,1,0.0,0,1.0,0,78.0,97.0,0.0,240.0,2025
3,D,24.0,40.0,5.0,1.0,42,1.0,1.0,0.0,1,48,1,0.0,0,5.0,1.0,1,0.0,7,1,0,1,1,0.0,0,1.0,0,51.0,63.0,0.0,120.0,2025
4,D,84.0,35.0,4.0,1.0,59,1.0,1.0,0.0,1,66,1,0.0,0,5.0,1.0,1,2.0,7,1,0,1,1,0.0,0,1.0,0,151.0,188.0,60.0,240.0,2025
6,D,210.0,36.0,5.0,1.0,79,1.0,1.0,3.0,1,83,1,0.0,0,3.0,1.0,1,1.0,7,1,0,1,1,3.0,0,2.0,0,180.0,210.0,180.0,480.0,2025
1,D,121.0,43.0,6.0,1.0,9,1.0,1.0,6.0,1,6,1,0.0,0,3.0,1.0,1,0.0,7,1,0,1,1,6.0,0,3.0,0,120.0,121.0,120.0,240.0,2025
2,D,120.0,41.0,6.0,1.0,85,1.0,1.0,3.0,1,89,1,0.0,0,5.0,1.0,1,1.0,7,1,0,1,1,3.0,0,2.0,0,120.0,120.0,120.0,240.0,2025
3,D,24.0,36.0,5.0,1.0,68,1.0,0.0,0.0,1,74,1,0.0,0,6.0,1.0,1,,7,1,0,1,1,0.0,0,1.0,0,78.0,97.0,0.0,240.0,2025
1,D,53.0,35.0,4.0,1.0,4,1.0,1.0,0.0,1,2,1,0.0,0,6.0,1.0,1,0.0,7,1,0,1,1,0.0,0,1.0,0,78.0,97.0,0.0,240.0,2025
1,D,60.0,22.0,2.0,1.0,11,1.0,1.0,0.0,1,9,2,0.0,0,5.0,3.0,1,0.0,7,1,0,1,1,0.0,0,1.0,0,135.0,168.0,0.0,240.0,2025
1,D,60.0,40.0,5.0,1.0,41,1.0,0.0,0.0,1,47,1,0.0,0,5.0,1.0,2,0.0,7,1,0,1,1,0.0,0,1.0,0,97.0,121.0,60.0,240.0,2025
1,D,144.0,20.0,1.0,1.0,49,1.0,0.0,0.0,1,55,1,0.0,0,1.0,1.0,1,0.0,7,1,0,1,1,0.0,0,1.0,0,210.0,240.0,60.0,240.0,2025
2,D,135.0,31.0,4.0,1.0,14,1.0,1.0,2.0,1,12,2,0.0,0,5.0,3.0,1,0.0,7,1,0,1,1,2.0,0,2.0,0,120.0,135.0,120.0,240.0,2025
1,D,180.0,40.0,5.0,1.0,41,1.0,1.0,7.0,1,47,1,0.0,0,5.0,1.0,1,1.0,7,1,0,1,1,8.0,0,4.0,0,360.0,480.0,180.0,480.0,2025
3,D,120.0,23.0,2.0,1.0,34,1.0,1.0,0.0,1,39,1,0.0,0,3.0,1.0,1,0.0,7,1,0,1,1,0.0,0,1.0,0,120.0,120.0,0.0,120.0,2025
6,D,78.0,34.0,4.0,1.0,79,1.0,1.0,0.0,1,83,2,0.0,0,5.0,3.0,1,0.0,7,1,0,1,1,0.0,0,1.0,0,97.0,121.0,0.0,240.0,2025
2,D,120.0,31.0,4.0,1.0,65,1.0,1.0,3.0,1,73,2,0.0,0,5.0,3.0,1,0.0,7,1,0,1,1,3.0,0,2.0,0,120.0,120.0,120.0,240.0,2025
1,B,,30.0,3.0,1.0,11,1.0,1.0,1.0,1,9,1,0.0,0,5.0,1.0,1,0.0,8,0,1,4,0,1.0,0,1.0,0,6.0,12.0,0.0,60.0,2025
2,D,84.0,43.0,6.0,1.0,66,1.0,1.0,1.0,1,72,1,0.0,0,5.0,1.0,1,2.0,7,1,0,1,1,1.0,0,1.0,0,151.0,188.0,60.0,240.0,2025
1,D,120.0,30.0,3.0,1.0,19,1.0,1.0,19.0,1,16,1,0.0,0,3.0,1.0,1,0.0,7,1,0,1,1,20.0,0,6.0,0,151.0,188.0,120.0,240.0,2025
3,D,120.0,34.0,4.0,1.0,90,1.0,0.0,0.0,1,29,1,0.0,0,5.0,1.0,2,0.0,7,1,0,1,1,0.0,0,1.0,0,151.0,188.0,60.0,240.0,2025
,D,121.0,60.0,7.0,1.0,81,1.0,1.0,1.0,1,86,1,0.0,0,3.0,1.0,1,0.0,7,1,0,1,1,1.0,0,1.0,0,151.0,188.0,60.0,240.0,2025
2,D,57.0,35.0,4.0,1.0,66,1.0,1.0,1.0,1,72,1,0.0,0,5.0,1.0,1,0.0,7,1,0,1,1,1.0,0,1.0,0,57.0,71.0,0.0,120.0,2025
2,D,41.0,31.0,4.0,1.0,21,2.0,0.0,0.0,1,18,1,0.0,0,6.0,6.0,1,0.0,7,1,0,1,1,0.0,0,1.0,0,78.0,97.0,0.0,120.0,2025
5,D,192.0,63.0,8.0,1.0,36,1.0,0.0,0.0,1,42,2,0.0,0,6.0,3.0,1,0.0,7,1,0,2,1,0.0,0,1.0,0,210.0,240.0,60.0,240.0,2025
3,D,60.0,40.0,5.0,1.0,91,1.0,0.0,0.0,1,31,2,0.0,0,6.0,3.0,1,1.0,7,1,0,1,1,0.0,0,1.0,0,151.0,188.0,60.0,240.0,2025
1,D,97.0,47.0,6.0,1.0,55,1.0,1.0,0.0,1,62,1,0.0,0,1.0,1.0,1,0.0,7,1,0,1,1,0.0,0,1.0,0,97.0,121.0,60.0,240.0,2025
1,D,120.0,44.0,6.0,1.0,88,1.0,1.0,1.0,1,28,1,0.0,0,5.0,1.0,1,1.0,7,1,0,1,1,1.0,0,1.0,0,120.0,120.0,120.0,240.0,2025
2,D,120.0,35.0,4.0,1.0,15,1.0,1.0,2.0,1,13,1,0.0,0,3.0,1.0,1,0.0,7,1,0,1,1,2.0,0,2.0,0,120.0,120.0,120.0,240.0,2025
5,D,84.0,29.0,3.0,1.0,37,1.0,1.0,1.0,1,43,1,0.0,0,3.0,1.0,1,0.0,7,1,0,1,1,1.0,0,1.0,0,97.0,121.0,60.0,240.0,2025
2,D,42.0,54.0,7.0,1.0,2,1.0,1.0,0.0,1,0,1,0.0,0,6.0,1.0,1,0.0,7,1,0,1,1,0.0,0,1.0,0,57.0,71.0,0.0,120.0,2025
2,D,240.0,40.0,5.0,1.0,14,1.0,0.0,0.0,1,12,1,0.0,0,5.0,1.0,1,3.0,7,1,0,1,1,0.0,0,1.0,0,210.0,240.0,60.0,240.0,2025
2,D,84.0,45.0,6.0,1.0,76,1.0,1.0,0.0,1,80,2,0.0,0,3.0,3.0,1,0.0,7,1,0,1,1,0.0,0,1.0,0,210.0,240.0,60.0,240.0,2025
2,D,84.0,43.0,6.0,1.0,27,1.0,1.0,1.0,1,25,1,0.0,0,3.0,1.0,1,0.0,7,1,0,1,1,1.0,0,1.0,0,97.0,121.0,0.0,240.0,2025
6,D,262.0,42.0,6.0,1.0,33,1.0,1.0,3.0,1,40,1,0.0,0,5.0,1.0,1,1.0,7,1,0,1,1,3.0,0,2.0,0,210.0,262.0,180.0,480.0,2025
1,D,168.0,45.0,6.0,1.0,71,1.0,1.0,6.0,1,76,2,0.0,0,3.0,3.0,1,0.0,7,1,0,1,1,6.0,0,3.0,0,168.0,210.0,120.0,240.0,2025
1,D,78.0,67.0,8.0,1.0,41,1.0,0.0,0.0,1,47,1,0.0,0,3.0,1.0,1,2.0,7,1,0,1,1,0.0,0,1.0,0,97.0,121.0,60.0,240.0,2025
4,D,120.0,64.0,8.0,1.0,59,1.0,0.0,0.0,1,66,1,0.0,0,5.0,2.0,1,0.0,7,1,0,1,1,0.0,0,1.0,0,151.0,188.0,60.0,240.0,2025
8,D,240.0,25.0,2.0,1.0,89,1.0,1.0,0.0,1,30,1,0.0,0,5.0,1.0,2,0.0,7,1,0,1,1,0.0,0,1.0,0,600.0,600.0,0.0,240.0,2025
4,D,190.0,37.0,5.0,1.0,58,1.0,1.0,8.0,1,65,1,0.0,0,5.0,1.0,2,2.0,7,1,0,1,1,8.0,0,4.0,0,188.0,235.0,120.0,240.0,2025
8,D,66.0,35.0,4.0,1.0,89,1.0,1.0,0.0,1,30,1,0.0,0,3.0,1.0,1,0.0,7,1,0,1,1,0.0,0,1.0,0,121.0,151.0,60.0,240.0,2025
8,D,235.0,34.0,4.0,1.0,89,1.0,1.0,4.0,1,30,1,0.0,0,3.0,1.0,2,2.0,7,1,0,1,1,4.0,0,3.0,0,188.0,235.0,60.0,240.0,2025
3,D,120.0,49.0,6.0,1.0,23,1.0,1.0,3.0,1,20,1,0.0,0,3.0,1.0,1,0.0,7,1,0,1,1,3.0,0,2.0,0,120.0,135.0,120.0,240.0,2025
2,D,60.0,52.0,7.0,1.0,24,1.0,1.0,0.0,1,22,1,0.0,0,5.0,2.0,1,0.0,7,1,0,1,1,0.0,0,1.0,0,151.0,188.0,60.0,240.0,2025
4,D,48.0,28.0,3.0,1.0,58,1.0,0.0,0.0,1,65,1,1.0,0,3.0,1.0,1,0.0,7,1,0,1,1,0.0,0,1.0,0,78.0,97.0,0.0,240.0,2025
4,D,120.0,60.0,7.0,1.0,57,1.0,1.0,2.0,1,64,1,0.0,0,5.0,1.0,1,0.0,7,1,0,1,1,2.0,0,2.0,0,120.0,120.0,120.0,240.0,2025
5,D,60.0,25.0,2.0,1.0,62,1.0,1.0,0.0,1,69,1,0.0,0,6.0,1.0,1,0.0,7,1,0,1,1,0.0,0,1.0,0,60.0,60.0,60.0,240.0,2025
5,D,12.03,24.0,2.0,1.0,62,1.0,0.0,0.0,1,69,1,0.0,0,5.0,1.0,1,0.0,7,1,0,1,1,0.0,0,1.0,0,78.0,97.0,0.0,240.0,2025
4,D,117.0,34.0,4.0,1.0,56,2.0,1.0,0.0,1,63,2,0.0,0,1.0,3.0,1,1.0,7,1,0,1,1,0.0,0,1.0,0,97.0,121.0,60.0,240.0,2025
2,D,120.0,49.0,6.0,1.0,24,1.0,1.0,2.0,1,22,1,0.0,0,5.0,1.0,1,0.0,7,1,0,1,1,2.0,0,2.0,0,120.0,120.0,120.0,240.0,2025
8,D,132.0,45.0,6.0,1.0,60,1.0,1.0,1.0,1,67,2,0.0,0,6.0,3.0,1,0.0,7,1,0,1,1,1.0,0,1.0,0,210.0,240.0,60.0,240.0,2025
2,D,72.0,42.0,6.0,1.0,24,1.0,0.0,0.0,1,22,1,0.0,0,6.0,1.0,1,0.0,7,1,0,1,1,0.0,0,1.0,0,97.0,121.0,60.0,240.0,2025
1,D,156.0,53.0,7.0,1.0,4,1.0,1.0,3.0,1,2,1,0.0,0,3.0,1.0,1,,7,1,0,1,1,3.0,0,2.0,0,120.0,120.0,120.0,240.0,2025
3,D,41.0,41.0,6.0,1.0,68,1.0,0.0,0.0,1,74,2,0.0,0,6.0,3.0,1,,7,1,0,1,1,0.0,0,1.0,0,78.0,97.0,0.0,240.0,2025
4,D,180.0,63.0,8.0,1.0,82,1.0,1.0,0.0,1,85,1,0.0,0,3.0,1.0,2,0.0,7,1,0,1,1,0.0,0,1.0,0,180.0,188.0,180.0,480.0,2025
3,D,75.0,36.0,5.0,1.0,67,1.0,0.0,0.0,1,71,1,0.0,0,5.0,1.0,2,0.0,7,1,0,1,1,0.0,0,1.0,0,97.0,121.0,60.0,240.0,2025
4,D,180.0,38.0,5.0,1.0,35,1.0,1.0,3.0,1,41,2,0.0,0,3.0,3.0,1,0.0,7,1,0,1,1,3.0,0,2.0,0,180.0,180.0,180.0,480.0,2025
2,D,144.0,21.0,2.0,1.0,39,1.0,0.0,0.0,1,45,1,0.0,0,5.0,1.0,1,0.0,7,1,0,1,1,0.0,0,1.0,0,188.0,235.0,60.0,240.0,2025
1,D,120.0,37.0,5.0,1.0,11,1.0,1.0,3.0,1,9,1,0.0,0,3.0,1.0,1,0.0,7,1,0,1,1,3.0,0,2.0,0,120.0,120.0,120.0,240.0,2025
1,D,36.0,24.0,2.0,1.0,41,1.0,0.0,0.0,1,47,1,0.0,0,5.0,1.0,1,0.0,7,1,0,1,1,0.0,0,1.0,0,97.0,121.0,0.0,240.0,2025
4,D,78.0,21.0,2.0,1.0,35,1.0,0.0,0.0,1,41,2,0.0,0,3.0,3.0,1,0.0,7,1,0,1,1,0.0,0,1.0,0,121.0,151.0,60.0,240.0,2025
5,B,,31.0,4.0,1.0,37,1.0,1.0,0.0,1,43,1,0.0,0,3.0,1.0,1,2.0,8,0,1,4,0,0.0,0,1.0,0,8.0,14.0,0.0,60.0,2025
3,D,96.0,35.0,4.0,1.0,5,1.0,0.0,0.0,1,4,2,0.0,0,3.0,3.0,2,3.0,7,1,0,1,1,0.0,0,1.0,0,87.0,108.0,60.0,240.0,2025
4,D,121.0,31.0,4.0,1.0,82,1.0,1.0,0.0,1,85,1,0.0,0,1.0,6.0,2,3.0,7,1,0,1,1,0.0,0,1.0,0,151.0,188.0,60.0,240.0,2025
4,D,97.0,29.0,3.0,1.0,58,1.0,0.0,0.0,1,65,1,0.0,0,6.0,1.0,2,0.0,7,1,0,1,1,0.0,0,1.0,0,151.0,188.0,60.0,240.0,2025
8,D,180.0,59.0,7.0,1.0,89,1.0,1.0,3.0,1,30,1,0.0,0,6.0,1.0,3,0.0,7,1,0,1,1,3.0,0,2.0,0,180.0,180.0,180.0,480.0,2025
1,D,120.0,26.0,3.0,1.0,41,1.0,0.0,0.0,1,47,1,0.0,0,3.0,1.0,2,0.0,7,1,0,1,1,0.0,0,1.0,0,360.0,9996.0,120.0,9996.0,2025
4,D,180.0,32.0,4.0,1.0,56,1.0,1.0,4.0,1,63,1,0.0,0,3.0,1.0,1,0.0,7,1,0,1,1,4.0,0,3.0,0,180.0,180.0,180.0,480.0,2025
4,D,240.0,42.0,6.0,1.0,58,1.0,1.0,0.0,1,65,1,0.0,0,6.0,1.0,2,1.0,7,1,0,1,1,0.0,0,1.0,0,600.0,600.0,180.0,360.0,2025
8,D,48.0,25.0,2.0,1.0,89,1.0,0.0,0.0,1,30,0,0.0,0,6.0,1.0,1,0.0,7,1,0,1,1,0.0,0,1.0,0,97.0,121.0,0.0,240.0,2025
2,D,120.0,48.0,6.0,1.0,54,1.0,1.0,0.0,1,61,1,0.0,0,3.0,1.0,1,0.0,7,1,0,1,1,0.0,0,1.0,0,78.0,97.0,0.0,240.0,2025
1,D,300.0,54.0,7.0,1.0,9,1.0,1.0,6.0,1,6,1,0.0,0,3.0,1.0,2,0.0,7,1,0,1,1,6.0,0,3.0,0,360.0,720.0,180.0,480.0,2025
3,D,96.0,47.0,6.0,1.0,42,1.0,1.0,0.0,1,48,1,0.0,0,3.0,2.0,1,0.0,7,1,0,1,1,0.0,0,1.0,0,135.0,168.0,0.0,240.0,2025
3,D,72.0,61.0,8.0,1.0,91,3.0,0.0,0.0,1,31,2,0.0,0,6.0,3.0,2,0.0,7,1,0,1,1,0.0,0,1.0,0,97.0,121.0,60.0,240.0,2025
5,D,240.0,55.0,7.0,1.0,36,1.0,1.0,0.0,1,42,1,0.0,0,5.0,1.0,1,0.0,7,1,0,1,1,0.0,0,1.0,0,240.0,240.0,60.0,240.0,2025
2,D,60.0,21.0,2.0,1.0,51,1.0,0.0,0.0,1,57,2,0.0,0,5.0,3.0,1,0.0,7,1,0,1,1,0.0,0,1.0,0,151.0,188.0,60.0,240.0,2025
4,D,151.0,64.0,8.0,1.0,56,1.0,1.0,0.0,1,63,1,0.0,0,3.0,1.0,1,0.0,7,1,0,1,1,0.0,0,1.0,0,151.0,188.0,60.0,240.0,2025
3,D,60.0,46.0,6.0,1.0,90,1.0,1.0,0.0,1,29,1,0.0,0,3.0,1.0,1,0.0,7,1,0,1,1,0.0,0,1.0,0,151.0,188.0,60.0,240.0,2025
4,D,84.0,57.0,7.0,1.0,53,1.0,0.0,0.0,3,60,1,0.0,1,5.0,1.0,2,0.0,7,1,0,1,1,0.0,0,1.0,0,151.0,188.0,60.0,240.0,2025
2,D,33.0,38.0,5.0,1.0,14,1.0,1.0,0.0,1,12,1,0.0,0,5.0,1.0,1,1.0,7,1,0,1,1,0.0,0,1.0,0,78.0,97.0,0.0,240.0,2025
3,D,63.0,51.0,7.0,1.0,16,1.0,1.0,0.0,1,14,1,0.0,0,3.0,1.0,1,0.0,7,1,0,1,1,0.0,0,1.0,0,78.0,97.0,60.0,240.0,2025
4,D,60.0,24.0,2.0,1.0,53,1.0,0.0,0.0,1,60,1,0.0,0,3.0,1.0,1,0.0,7,1,0,1,1,0.0,0,1.0,0,78.0,97.0,60.0,240.0,2025
1,D,87.0,36.0,5.0,1.0,4,1.0,1.0,1.0,1,2,1,0.0,0,3.0,1.0,2,0.0,7,1,0,1,1,1.0,0,1.0,0,188.0,235.0,0.0,240.0,2025
5,D,120.0,25.0,2.0,1.0,36,1.0,0.0,0.0,1,42,1,0.0,0,6.0,1.0,1,0.0,7,1,0,1,1,0.0,0,1.0,0,210.0,240.0,60.0,240.0,2025
4,A,0.2,38.0,5.0,1.0,35,1.0,0.0,0.0,1,41,2,0.0,0,3.0,3.0,1,3.0,8,1,0,1,1,0.0,0,1.0,0,0.0,6.0,0.0,60.0,2025
4,A,0.2,62.0,8.0,1.0,35,2.0,0.0,0.0,1,41,2,0.0,0,5.0,3.0,1,3.0,8,1,0,1,1,0.0,0,1.0,0,0.0,6.0,0.0,60.0,2025
4,C,0.2,52.0,7.0,1.0,35,1.0,1.0,1.0,1,41,2,0.0,0,1.0,3.0,1,2.0,8,1,0,1,1,1.0,0,1.0,0,12.0,18.0,0.0,60.0,2025
1,D,87.0,35.0,4.0,1.0,93,1.0,0.0,0.0,1,32,1,0.0,0,5.0,1.0,2,0.0,7,1,0,1,1,0.0,0,1.0,0,210.0,262.0,60.0,240.0,2025
4,A,0.92,54.0,7.0,1.0,35,1.0,1.0,0.0,1,41,2,0.0,0,3.0,3.0,1,2.0,8,1,0,1,1,0.0,0,1.0,0,0.0,6.0,0.0,60.0,2025
4,A,0.43,43.0,6.0,1.0,35,1.0,1.0,0.0,1,41,2,1.0,0,3.0,3.0,1,1.0,8,1,0,1,0,0.0,0,1.0,0,0.0,6.0,0.0,60.0,2025
4,A,1.97,33.0,4.0,1.0,35,3.0,1.0,0.0,1,41,2,1.0,0,1.0,3.0,1,5.0,8,1,0,1,0,0.0,0,1.0,0,0.0,6.0,0.0,60.0,2025
4,D,24.0,25.0,2.0,1.0,82,1.0,0.0,0.0,1,85,1,0.0,0,1.0,1.0,1,0.0,7,1,0,1,1,0.0,0,1.0,0,97.0,120.0,0.0,120.0,2025
5,D,240.0,30.0,3.0,1.0,37,1.0,1.0,8.0,1,43,1,0.0,0,3.0,1.0,1,0.0,7,1,0,1,1,9.0,0,4.0,0,235.0,293.0,180.0,480.0,2025
1,D,262.0,32.0,4.0,1.0,9,1.0,1.0,2.0,1,6,1,0.0,0,5.0,1.0,10,0.0,7,1,0,1,1,2.0,0,2.0,0,262.0,327.0,180.0,480.0,2025
2,D,168.0,55.0,7.0,1.0,64,1.0,1.0,0.0,3,70,2,0.0,1,5.0,3.0,5,0.0,7,1,0,1,1,0.0,0,1.0,0,135.0,168.0,0.0,240.0,2025
4,A,0.2,29.0,3.0,1.0,35,1.0,1.0,0.0,1,41,2,0.0,0,3.0,3.0,1,0.0,8,1,0,1,0,0.0,0,1.0,0,0.0,6.0,0.0,60.0,2025
4,A,0.39,34.0,4.0,1.0,35,1.0,0.0,0.0,1,41,2,1.0,0,5.0,3.0,1,4.0,8,1,0,1,0,0.0,0,1.0,0,0.0,6.0,0.0,60.0,2025
4,D,144.0,23.0,2.0,1.0,56,1.0,0.0,0.0,1,63,1,0.0,0,3.0,1.0,1,0.0,7,1,0,1,1,0.0,0,1.0,0,168.0,210.0,60.0,240.0,2025
3,D,24.0,44.0,6.0,1.0,42,1.0,1.0,0.0,1,48,1,0.0,0,3.0,1.0,1,0.0,7,1,0,1,1,0.0,0,1.0,0,78.0,97.0,0.0,240.0,2025
1,D,121.0,42.0,6.0,1.0,41,1.0,1.0,1.0,3,47,1,0.0,1,5.0,1.0,2,1.0,7,1,0,1,1,1.0,0,1.0,0,210.0,262.0,60.0,240.0,2025
1,B,,44.0,6.0,1.0,11,1.0,1.0,0.0,1,9,1,0.0,0,6.0,1.0,1,1.0,8,0,1,4,0,0.0,0,1.0,0,6.0,12.0,0.0,60.0,2025
4,D,144.0,37.0,5.0,1.0,58,1.0,0.0,0.0,1,65,1,0.0,0,3.0,1.0,1,2.0,7,1,0,1,1,0.0,0,1.0,0,151.0,188.0,60.0,240.0,2025
1,D,108.0,44.0,6.0,1.0,71,1.0,1.0,1.0,1,76,1,0.0,0,3.0,1.0,1,0.0,7,1,0,1,1,1.0,0,1.0,0,135.0,168.0,0.0,240.0,2025
4,D,48.0,58.0,7.0,1.0,35,1.0,1.0,0.0,1,41,2,0.0,0,5.0,3.0,1,0.0,7,1,0,1,1,0.0,0,1.0,0,78.0,97.0,0.0,240.0,2025
2,D,36.0,44.0,6.0,1.0,77,1.0,0.0,0.0,1,81,1,0.0,0,6.0,1.0,1,2.0,7,1,0,1,1,0.0,0,1.0,0,97.0,121.0,0.0,240.0,2025
3,D,66.0,36.0,5.0,1.0,91,3.0,1.0,0.0,1,31,1,0.0,0,1.0,6.0,2,0.0,7,1,0,1,1,0.0,0,1.0,0,78.0,97.0,60.0,240.0,2025
1,D,240.0,31.0,4.0,1.0,88,1.0,1.0,1.0,1,28,1,0.0,0,5.0,1.0,1,0.0,7,1,0,1,1,1.0,0,1.0,0,240.0,240.0,60.0,240.0,2025
1,D,120.0,47.0,6.0,1.0,71,1.0,1.0,3.0,1,76,1,0.0,0,3.0,1.0,1,0.0,7,1,0,1,1,3.0,0,2.0,0,120.0,120.0,120.0,240.0,2025
5,D,210.0,41.0,6.0,1.0,83,1.0,1.0,0.0,3,87,1,0.0,1,3.0,1.0,2,2.0,7,1,0,1,1,0.0,0,1.0,0,210.0,262.0,60.0,240.0,2025
4,D,120.0,53.0,7.0,1.0,58,1.0,1.0,1.0,1,65,1,0.0,0,1.0,1.0,1,0.0,7,1,0,1,1,1.0,0,1.0,0,120.0,120.0,120.0,240.0,2025
5,D,12.89,21.0,2.0,1.0,36,3.0,0.0,0.0,1,42,2,0.0,0,1.0,3.0,1,0.0,7,1,0,1,1,0.0,0,1.0,0,33.0,41.0,0.0,240.0,2025
4,D,160.0,39.0,5.0,1.0,59,1.0,1.0,1.0,1,66,0,0.0,0,1.0,1.0,2,0.0,7,1,0,1,1,1.0,0,1.0,0,188.0,235.0,60.0,240.0,2025
4,D,121.0,48.0,6.0,1.0,82,1.0,1.0,0.0,1,85,1,0.0,0,3.0,1.0,2,0.0,7,1,0,1,1,0.0,0,1.0,0,151.0,188.0,60.0,240.0,2025
1,D,180.0,27.0,3.0,1.0,55,1.0,1.0,2.0,1,62,1,0.0,0,3.0,1.0,1,0.0,7,1,0,1,1,2.0,0,2.0,0,180.0,180.0,180.0,480.0,2025
2,D,188.0,38.0,5.0,1.0,24,1.0,1.0,3.0,4,22,1,0.0,1,6.0,1.0,2,0.0,7,1,0,1,1,3.0,0,2.0,0,188.0,235.0,180.0,480.0,2025
6,D,120.0,34.0,4.0,1.0,33,1.0,1.0,2.0,3,40,1,0.0,1,3.0,1.0,1,0.0,7,1,0,1,1,2.0,0,2.0,0,108.0,135.0,0.0,240.0,2025
1,D,90.0,37.0,5.0,1.0,1,1.0,1.0,0.0,3,90,1,0.0,1,6.0,2.0,6,0.0,7,1,0,1,1,0.0,0,1.0,0,168.0,210.0,60.0,240.0,2025
3,D,84.0,36.0,5.0,1.0,42,1.0,1.0,0.0,1,48,1,0.0,0,5.0,1.0,1,0.0,7,1,0,1,1,0.0,0,1.0,0,78.0,97.0,0.0,240.0,2025
2,D,97.0,43.0,6.0,1.0,94,1.0,1.0,1.0,1,34,1,0.0,0,3.0,1.0,1,0.0,7,1,0,1,1,1.0,0,1.0,0,97.0,121.0,60.0,240.0,2025
3,D,78.0,20.0,1.0,1.0,90,1.0,0.0,0.0,1,29,1,0.0,0,5.0,2.0,1,0.0,7,1,0,1,1,0.0,0,1.0,0,210.0,240.0,60.0,240.0,2025
6,D,37.0,23.0,2.0,1.0,81,1.0,0.0,0.0,1,86,1,0.0,0,3.0,6.0,1,0.0,7,1,0,1,1,0.0,0,1.0,0,51.0,63.0,0.0,120.0,2025
1,D,60.0,44.0,6.0,1.0,3,2.0,0.0,0.0,1,1,2,0.0,0,6.0,3.0,1,0.0,7,1,0,1,1,0.0,0,1.0,0,63.0,78.0,0.0,240.0,2025
4,D,54.0,40.0,5.0,1.0,58,1.0,1.0,0.0,1,65,1,0.0,0,1.0,1.0,2,0.0,7,1,0,1,1,0.0,0,1.0,0,97.0,121.0,0.0,240.0,2025
8,D,65.0,30.0,3.0,1.0,89,1.0,0.0,0.0,1,30,1,0.0,0,5.0,6.0,1,1.0,7,1,0,1,1,0.0,0,1.0,0,78.0,97.0,60.0,240.0,2025
2,D,600.0,30.0,3.0,1.0,2,1.0,1.0,3.0,1,0,1,0.0,0,3.0,1.0,15,0.0,7,1,0,1,1,3.0,0,2.0,0,360.0,6360.0,180.0,480.0,2025
6,D,160.0,33.0,4.0,1.0,79,1.0,1.0,6.0,1,83,1,0.0,0,3.0,1.0,1,1.0,7,1,0,1,1,6.0,0,3.0,0,188.0,235.0,60.0,240.0,2025
3,D,240.0,25.0,2.0,1.0,34,1.0,1.0,1.0,1,39,2,0.0,0,3.0,3.0,1,0.0,7,1,0,1,1,1.0,0,1.0,0,240.0,240.0,60.0,240.0,2025
1,D,332.0,38.0,5.0,1.0,47,1.0,1.0,0.0,1,52,1,0.0,0,3.0,1.0,1,0.0,7,1,0,1,1,0.0,0,1.0,0,360.0,360.0,180.0,360.0,2025
1,D,34.0,49.0,6.0,1.0,50,1.0,1.0,12.0,1,56,1,0.0,0,5.0,2.0,2,2.0,8,1,0,1,1,12.0,0,5.0,0,30.0,37.0,0.0,60.0,2025
2,D,216.0,28.0,3.0,1.0,2,1.0,1.0,6.0,1,0,1,0.0,0,3.0,1.0,2,0.0,7,1,0,1,1,6.0,0,3.0,0,324.0,405.0,180.0,480.0,2025
5,D,,48.0,6.0,1.0,92,1.0,1.0,0.0,1,33,1,0.0,0,6.0,1.0,2,1.0,7,0,1,3,0,0.0,0,1.0,0,57.0,71.0,0.0,240.0,2025
2,D,300.0,40.0,5.0,1.0,24,1.0,1.0,0.0,1,22,1,0.0,0,6.0,1.0,4,1.0,7,1,0,1,1,0.0,0,1.0,0,9996.0,9996.0,120.0,9996.0,2025
1,D,166.0,24.0,2.0,1.0,93,1.0,1.0,0.0,1,32,1,0.0,0,3.0,2.0,3,0.0,7,1,0,1,1,0.0,0,1.0,0,168.0,210.0,0.0,60.0,2025
1,D,210.0,32.0,4.0,1.0,11,1.0,1.0,0.0,1,9,1,0.0,0,5.0,1.0,2,3.0,7,1,0,1,1,0.0,0,1.0,0,360.0,480.0,60.0,240.0,2025
1,D,60.0,29.0,3.0,1.0,71,1.0,0.0,0.0,1,76,1,0.0,0,5.0,1.0,1,0.0,7,1,0,1,1,0.0,0,1.0,0,97.0,120.0,0.0,120.0,2025
4,C,0.07,76.0,8.0,1.0,35,1.0,1.0,1.0,1,41,2,1.0,0,3.0,3.0,1,0.0,8,1,0,1,1,1.0,0,1.0,0,12.0,18.0,0.0,60.0,2025
4,B,,61.0,8.0,1.0,53,2.0,0.0,0.0,1,60,1,1.0,0,1.0,6.0,1,0.0,8,0,1,4,0,0.0,0,1.0,0,6.0,12.0,0.0,60.0,2025
4,B,,67.0,8.0,1.0,53,1.0,1.0,0.0,1,60,1,1.0,0,5.0,6.0,1,0.0,8,0,1,4,0,0.0,0,1.0,0,6.0,12.0,0.0,60.0,2025
1,D,78.0,42.0,6.0,1.0,71,1.0,1.0,1.0,1,76,1,0.0,0,5.0,1.0,1,0.0,7,1,0,1,1,1.0,0,1.0,0,97.0,121.0,0.0,240.0,2025
6,D,240.0,39.0,5.0,1.0,79,1.0,1.0,3.0,1,83,1,0.0,0,5.0,1.0,1,3.0,7,1,0,1,1,3.0,0,2.0,0,240.0,240.0,60.0,240.0,2025
6,D,48.0,36.0,5.0,1.0,81,1.0,1.0,1.0,1,86,1,0.0,0,3.0,6.0,1,3.0,7,1,0,1,1,1.0,0,1.0,0,24.0,30.0,0.0,120.0,2025
5,D,97.0,28.0,3.0,1.0,36,1.0,1.0,0.0,1,42,2,0.0,0,1.0,3.0,1,3.0,7,1,0,1,1,0.0,0,1.0,0,78.0,97.0,0.0,120.0,2025
1,D,42.0,67.0,8.0,1.0,47,1.0,0.0,0.0,1,52,1,0.0,0,6.0,1.0,1,0.0,7,1,0,1,1,0.0,0,1.0,0,51.0,63.0,0.0,240.0,2025
2,D,0.99,33.0,4.0,1.0,24,1.0,1.0,2.0,1,22,1,0.0,0,5.0,2.0,1,9.0,8,1,0,1,1,2.0,0,2.0,0,15.0,21.0,0.0,60.0,2025
1,D,70.0,66.0,8.0,1.0,40,1.0,1.0,0.0,1,46,1,0.0,0,5.0,1.0,1,0.0,7,1,0,1,1,0.0,0,1.0,0,97.0,121.0,0.0,240.0,2025
3,D,87.0,57.0,7.0,1.0,75,1.0,1.0,1.0,1,79,1,0.0,0,5.0,6.0,1,1.0,7,1,0,1,1,1.0,0,1.0,0,135.0,168.0,0.0,240.0,2025
3,D,74.0,53.0,7.0,1.0,90,1.0,1.0,0.0,1,29,1,0.0,0,6.0,1.0,1,1.0,7,1,0,1,1,0.0,0,1.0,0,121.0,151.0,60.0,240.0,2025
8,D,60.0,46.0,6.0,1.0,89,1.0,1.0,1.0,1,30,1,0.0,0,5.0,1.0,1,1.0,7,1,0,1,1,1.0,0,1.0,0,78.0,97.0,0.0,240.0,2025
5,D,60.0,55.0,7.0,1.0,83,3.0,0.0,0.0,1,87,2,0.0,0,1.0,3.0,1,0.0,7,1,0,1,1,0.0,0,1.0,0,78.0,97.0,0.0,240.0,2025
2,D,36.0,34.0,4.0,1.0,77,1.0,1.0,0.0,1,81,1,0.0,0,5.0,1.0,1,0.0,7,1,0,1,1,0.0,0,1.0,0,78.0,97.0,0.0,240.0,2025
4,D,179.0,40.0,5.0,1.0,58,1.0,1.0,0.0,1,65,1,0.0,0,1.0,1.0,1,2.0,7,1,0,1,1,0.0,0,1.0,0,151.0,188.0,60.0,240.0,2025
3,D,0.03,64.0,8.0,1.0,42,1.0,1.0,0.0,1,48,1,0.0,0,3.0,1.0,1,0.0,7,1,0,1,1,0.0,0,1.0,0,97.0,121.0,0.0,240.0,2025
1,D,24.0,45.0,6.0,1.0,50,1.0,1.0,6.0,1,56,1,0.0,0,1.0,2.0,5,7.0,8,1,0,1,1,6.0,0,3.0,0,18.0,24.0,0.0,60.0,2025
2,D,60.0,63.0,8.0,1.0,73,1.0,1.0,0.0,1,78,1,0.0,0,5.0,1.0,1,0.0,7,1,0,1,1,0.0,0,1.0,0,97.0,121.0,60.0,240.0,2025
5,D,51.0,44.0,6.0,1.0,83,1.0,1.0,0.0,1,87,1,0.0,0,6.0,1.0,1,0.0,7,1,0,1,1,0.0,0,1.0,0,51.0,63.0,0.0,120.0,2025
1,D,360.0,38.0,5.0,1.0,55,1.0,1.0,0.0,1,62,1,0.0,0,5.0,1.0,2,3.0,7,1,0,1,1,0.0,0,1.0,0,600.0,600.0,180.0,360.0,2025
1,D,108.0,45.0,6.0,1.0,71,1.0,1.0,4.0,1,76,1,0.0,0,3.0,1.0,1,0.0,7,1,0,1,1,4.0,0,3.0,0,168.0,210.0,0.0,240.0,2025
1,D,78.0,35.0,4.0,1.0,93,1.0,1.0,0.0,1,32,1,0.0,0,5.0,1.0,1,1.0,7,1,0,1,1,0.0,0,1.0,0,151.0,188.0,60.0,240.0,2025
4,D,75.0,32.0,4.0,1.0,58,1.0,1.0,0.0,1,65,1,0.0,0,5.0,1.0,1,0.0,7,1,0,1,1,0.0,0,1.0,0,151.0,188.0,60.0,240.0,2025
2,D,48.0,59.0,7.0,1.0,17,1.0,0.0,0.0,1,15,1,0.0,0,6.0,1.0,1,0.0,7,1,0,1,1,0.0,0,1.0,0,51.0,63.0,0.0,240.0,2025
2,D,36.0,45.0,6.0,1.0,84,1.0,1.0,0.0,1,88,1,0.0,0,5.0,1.0,1,2.0,7,1,0,1,1,0.0,0,1.0,0,78.0,97.0,0.0,240.0,2025
3,D,262.0,53.0,7.0,1.0,22,1.0,1.0,1.0,1,19,1,0.0,0,3.0,1.0,1,0.0,7,1,0,1,1,1.0,0,1.0,0,262.0,327.0,180.0,480.0,2025
3,D,51.0,66.0,8.0,1.0,5,1.0,0.0,0.0,1,4,2,0.0,0,6.0,3.0,1,0.0,7,1,0,1,1,0.0,0,1.0,0,78.0,97.0,0.0,240.0,2025
2,D,96.0,26.0,3.0,1.0,64,1.0,1.0,0.0,1,70,1,0.0,0,3.0,1.0,1,0.0,7,1,0,1,1,0.0,0,1.0,0,151.0,188.0,60.0,240.0,2025
2,D,66.0,47.0,6.0,1.0,65,1.0,1.0,0.0,1,73,1,0.0,0,6.0,1.0,1,0.0,7,1,0,1,1,0.0,0,1.0,0,151.0,188.0,60.0,240.0,2025
8,D,960.0,42.0,6.0,1.0,89,1.0,1.0,0.0,1,30,1,0.0,0,5.0,1.0,3,0.0,7,1,0,1,1,0.0,0,1.0,0,960.0,960.0,180.0,360.0,2025
1,D,78.0,23.0,2.0,1.0,13,1.0,1.0,1.0,1,11,1,0.0,0,3.0,1.0,1,0.0,7,1,0,1,1,1.0,0,1.0,0,97.0,120.0,0.0,120.0,2025
8,D,108.0,37.0,5.0,1.0,89,1.0,1.0,0.0,1,30,2,0.0,0,3.0,3.0,1,3.0,7,1,0,1,1,0.0,0,1.0,0,188.0,235.0,60.0,240.0,2025
2,D,120.0,39.0,5.0,1.0,77,1.0,1.0,2.0,1,81,1,0.0,0,3.0,1.0,1,0.0,7,1,0,1,1,2.0,0,2.0,0,120.0,120.0,120.0,240.0,2025
3,D,48.0,44.0,6.0,1.0,91,4.0,1.0,0.0,1,31,1,0.0,0,3.0,6.0,1,2.0,7,1,0,1,1,0.0,0,1.0,0,63.0,78.0,0.0,240.0,2025
1,D,48.0,41.0,6.0,1.0,4,1.0,1.0,0.0,1,2,1,0.0,0,1.0,1.0,1,0.0,7,1,0,1,1,0.0,0,1.0,0,78.0,97.0,0.0,240.0,2025
5,D,480.0,43.0,6.0,1.0,83,1.0,1.0,1.0,1,87,2,0.0,0,5.0,3.0,2,0.0,7,1,0,1,1,1.0,0,1.0,0,262.0,327.0,60.0,240.0,2025
3,D,480.0,28.0,3.0,1.0,34,1.0,1.0,10.0,1,39,1,0.0,0,3.0,1.0,1,0.0,7,1,0,1,1,11.0,0,5.0,0,188.0,235.0,180.0,480.0,2025
1,D,106.0,47.0,6.0,1.0,1,1.0,1.0,0.0,1,90,1,0.0,0,3.0,1.0,1,0.0,7,1,0,1,1,0.0,0,1.0,0,151.0,188.0,60.0,240.0,2025
3,D,120.0,67.0,8.0,1.0,68,1.0,1.0,0.0,1,74,1,0.0,0,5.0,1.0,1,,7,1,0,1,1,0.0,0,1.0,0,120.0,120.0,120.0,240.0,2025
4,D,80.0,31.0,4.0,1.0,56,1.0,1.0,1.0,1,63,2,0.0,0,3.0,3.0,1,3.0,7,1,0,1,1,1.0,0,1.0,0,97.0,121.0,60.0,240.0,2025
1,D,60.0,42.0,6.0,1.0,46,1.0,1.0,0.0,1,53,1,0.0,0,6.0,1.0,1,3.0,7,1,0,1,1,0.0,0,1.0,0,78.0,97.0,60.0,240.0,2025
2,D,63.0,59.0,7.0,1.0,66,1.0,1.0,0.0,1,72,1,0.0,0,6.0,1.0,1,2.0,7,1,0,1,1,0.0,0,1.0,0,63.0,78.0,60.0,240.0,2025
2,D,74.0,64.0,8.0,1.0,17,1.0,0.0,0.0,1,15,1,0.0,0,6.0,1.0,1,0.0,7,1,0,1,1,0.0,0,1.0,0,60.0,60.0,60.0,240.0,2025
2,D,240.0,43.0,6.0,1.0,51,1.0,1.0,0.0,1,57,1,0.0,0,3.0,1.0,1,0.0,7,1,0,1,1,0.0,0,1.0,0,60.0,71.0,60.0,240.0,2025
2,D,96.0,34.0,4.0,1.0,66,1.0,1.0,4.0,1,72,1,0.0,0,6.0,1.0,1,0.0,7,1,0,1,1,4.0,0,3.0,0,120.0,135.0,120.0,240.0,2025
1,D,360.0,38.0,5.0,1.0,10,1.0,1.0,11.0,3,8,2,0.0,1,3.0,3.0,2,3.0,7,1,0,1,1,11.0,0,5.0,0,600.0,600.0,180.0,360.0,2025
4,D,192.0,37.0,5.0,1.0,56,1.0,0.0,0.0,1,63,1,0.0,0,3.0,1.0,1,0.0,7,1,0,1,1,0.0,0,1.0,0,210.0,240.0,60.0,240.0,2025
1,D,30.0,48.0,6.0,1.0,9,1.0,0.0,0.0,1,6,1,0.0,0,5.0,1.0,1,3.0,7,1,0,1,1,0.0,0,1.0,0,30.0,37.0,0.0,240.0,2025
4,D,97.0,48.0,6.0,1.0,56,1.0,1.0,0.0,1,63,1,0.0,0,3.0,1.0,1,0.0,7,1,0,1,1,0.0,0,1.0,0,97.0,121.0,60.0,240.0,2025
1,D,36.0,23.0,2.0,1.0,55,1.0,0.0,0.0,1,62,2,0.0,0,5.0,3.0,1,0.0,7,1,0,1,1,0.0,0,1.0,0,78.0,97.0,0.0,240.0,2025
8,D,120.0,28.0,3.0,1.0,89,1.0,1.0,3.0,1,30,1,0.0,0,5.0,1.0,1,0.0,7,1,0,1,1,3.0,0,2.0,0,120.0,120.0,120.0,240.0,2025
1,D,135.0,36.0,5.0,1.0,40,1.0,0.0,0.0,1,46,1,0.0,0,3.0,1.0,1,0.0,7,1,0,1,1,0.0,0,1.0,0,135.0,168.0,0.0,240.0,2025
1,D,144.0,62.0,8.0,1.0,11,1.0,1.0,5.0,1,9,1,0.0,0,3.0,1.0,1,0.0,7,1,0,1,1,5.0,0,3.0,0,168.0,210.0,120.0,240.0,2025
5,D,72.0,28.0,3.0,1.0,92,1.0,0.0,0.0,1,33,1,0.0,0,6.0,1.0,1,0.0,7,1,0,1,1,0.0,0,1.0,0,97.0,121.0,0.0,240.0,2025
8,D,140.0,38.0,5.0,1.0,60,1.0,1.0,0.0,1,67,0,0.0,0,1.0,1.0,1,2.0,7,1,0,1,1,0.0,0,1.0,0,210.0,240.0,60.0,240.0,2025
2,D,180.0,28.0,3.0,1.0,15,1.0,1.0,3.0,1,13,1,0.0,0,1.0,1.0,2,0.0,7,1,0,1,1,3.0,0,2.0,0,168.0,210.0,120.0,240.0,2025
4,D,84.0,26.0,3.0,1.0,35,3.0,0.0,0.0,1,41,2,0.0,0,6.0,3.0,1,0.0,7,1,0,1,1,0.0,0,1.0,0,70.0,87.0,0.0,240.0,2025
8,D,262.0,39.0,5.0,1.0,60,1.0,1.0,7.0,3,67,1,0.0,1,3.0,1.0,2,0.0,7,1,0,1,1,7.0,0,4.0,0,262.0,327.0,60.0,240.0,2025
4,D,78.0,37.0,5.0,1.0,35,1.0,0.0,0.0,1,41,2,0.0,0,5.0,3.0,1,5.0,7,1,0,1,1,0.0,0,1.0,0,97.0,121.0,0.0,240.0,2025
4,D,75.0,45.0,6.0,1.0,53,1.0,1.0,3.0,1,60,1,0.0,0,1.0,1.0,1,1.0,7,1,0,1,1,3.0,0,2.0,0,70.0,87.0,0.0,120.0,2025
3,D,120.0,49.0,6.0,1.0,38,1.0,1.0,3.0,3,44,1,0.0,1,5.0,1.0,1,0.0,7,1,0,1,1,3.0,0,2.0,0,120.0,121.0,120.0,240.0,2025
5,D,120.0,40.0,5.0,1.0,20,1.0,1.0,3.0,1,17,2,0.0,0,3.0,3.0,1,0.0,7,1,0,1,1,3.0,0,2.0,0,120.0,120.0,120.0,240.0,2025
4,D,192.0,44.0,6.0,1.0,59,1.0,1.0,6.0,1,66,1,0.0,0,3.0,1.0,1,0.0,7,1,0,1,1,6.0,0,3.0,0,180.0,180.0,180.0,480.0,2025
4,D,360.0,37.0,5.0,1.0,59,1.0,1.0,4.0,1,66,1,0.0,0,3.0,1.0,2,0.0,7,1,0,1,1,5.0,0,3.0,0,360.0,660.0,180.0,480.0,2025
1,D,192.0,35.0,4.0,1.0,49,1.0,0.0,0.0,1,55,1,0.0,0,6.0,1.0,1,1.0,7,1,0,1,1,0.0,0,1.0,0,210.0,262.0,180.0,360.0,2025
2,D,96.0,42.0,6.0,1.0,84,1.0,0.0,0.0,3,88,1,0.0,1,5.0,1.0,1,0.0,7,1,0,1,1,0.0,0,1.0,0,108.0,135.0,0.0,240.0,2025
4,D,172.0,41.0,6.0,1.0,35,3.0,0.0,0.0,1,41,2,0.0,0,6.0,3.0,2,3.0,7,1,0,1,1,0.0,0,1.0,0,151.0,188.0,60.0,240.0,2025
1,D,50.0,25.0,2.0,1.0,93,1.0,1.0,0.0,1,32,1,0.0,0,1.0,2.0,1,0.0,7,1,0,1,1,0.0,0,1.0,0,78.0,97.0,0.0,240.0,2025
1,D,96.0,26.0,3.0,1.0,9,1.0,1.0,0.0,1,6,1,0.0,0,3.0,1.0,3,0.0,7,1,0,1,1,0.0,0,1.0,0,151.0,188.0,60.0,240.0,2025
3,D,63.0,48.0,6.0,1.0,68,1.0,0.0,0.0,1,74,1,0.0,0,1.0,1.0,1,0.0,7,1,0,1,1,0.0,0,1.0,0,78.0,97.0,0.0,240.0,2025
2,D,50.0,27.0,3.0,1.0,24,1.0,0.0,0.0,1,22,1,0.0,0,6.0,1.0,1,0.0,7,1,0,1,1,0.0,0,1.0,0,78.0,97.0,0.0,240.0,2025
3,D,87.0,31.0,4.0,1.0,32,1.0,0.0,0.0,1,38,1,0.0,0,3.0,2.0,1,0.0,7,1,0,1,1,0.0,0,1.0,0,78.0,97.0,0.0,240.0,2025
1,D,14.85,49.0,6.0,1.0,50,1.0,1.0,2.0,1,56,1,0.0,0,1.0,2.0,1,1.0,8,1,0,1,1,2.0,0,2.0,0,15.0,21.0,0.0,60.0,2025
1,D,60.0,48.0,6.0,1.0,46,1.0,1.0,16.0,1,53,1,0.0,0,5.0,2.0,1,1.0,7,1,0,1,1,17.0,0,6.0,0,84.0,105.0,60.0,240.0,2025
5,D,84.0,35.0,4.0,1.0,36,3.0,0.0,0.0,1,42,2,0.0,0,3.0,3.0,1,3.0,7,1,0,1,1,0.0,0,1.0,0,78.0,97.0,0.0,240.0,2025
2,D,240.0,48.0,6.0,1.0,15,1.0,1.0,3.0,1,13,1,0.0,0,3.0,1.0,3,0.0,7,1,0,1,1,3.0,0,2.0,0,292.0,365.0,180.0,480.0,2025
2,D,120.0,56.0,7.0,1.0,85,1.0,1.0,6.0,1,89,1,0.0,0,5.0,1.0,1,0.0,7,1,0,1,1,6.0,0,3.0,0,120.0,120.0,120.0,240.0,2025
2,D,169.0,35.0,4.0,1.0,66,1.0,1.0,6.0,1,72,2,0.0,0,3.0,3.0,1,0.0,7,1,0,1,1,6.0,0,3.0,0,151.0,188.0,60.0,240.0,2025
1,D,120.0,43.0,6.0,1.0,11,1.0,1.0,1.0,1,9,1,0.0,0,6.0,1.0,1,0.0,7,1,0,1,1,1.0,0,1.0,0,120.0,120.0,120.0,240.0,2025
5,D,144.0,58.0,7.0,1.0,62,1.0,1.0,0.0,1,69,1,0.0,0,3.0,1.0,2,2.0,7,1,0,1,1,0.0,1,1.0,0,151.0,188.0,60.0,240.0,2025
2,D,78.0,42.0,6.0,1.0,26,1.0,1.0,0.0,1,24,1,0.0,0,3.0,1.0,1,0.0,7,1,0,1,1,0.0,0,1.0,0,78.0,97.0,0.0,240.0,2025
4,D,120.0,36.0,5.0,1.0,35,1.0,0.0,0.0,1,41,2,0.0,0,5.0,3.0,1,2.0,7,1,0,2,1,0.0,0,1.0,0,60.0,71.0,60.0,240.0,2025
3,D,18.0,53.0,7.0,1.0,90,1.0,0.0,0.0,1,29,1,0.0,0,5.0,1.0,1,0.0,7,1,0,1,1,0.0,0,1.0,0,78.0,97.0,0.0,240.0,2025
4,D,0.03,23.0,2.0,1.0,58,1.0,1.0,0.0,1,65,1,0.0,0,3.0,1.0,1,0.0,7,1,0,1,1,0.0,0,1.0,0,97.0,121.0,0.0,240.0,2025
4,D,96.0,41.0,6.0,1.0,58,1.0,1.0,2.0,1,65,1,0.0,0,5.0,2.0,2,0.0,7,1,0,1,1,2.0,0,2.0,0,108.0,135.0,60.0,240.0,2025
8,D,85.0,38.0,5.0,1.0,89,1.0,0.0,0.0,1,30,1,0.0,0,6.0,2.0,3,0.0,7,1,0,1,1,0.0,0,1.0,0,135.0,168.0,60.0,240.0,2025
3,D,72.0,37.0,5.0,1.0,31,1.0,1.0,1.0,1,37,2,0.0,0,5.0,3.0,1,1.0,7,1,0,1,1,1.0,0,1.0,0,97.0,121.0,0.0,240.0,2025
4,D,120.0,31.0,4.0,1.0,58,1.0,1.0,3.0,1,65,1,0.0,0,5.0,1.0,1,0.0,7,1,0,1,1,3.0,0,2.0,0,120.0,120.0,120.0,240.0,2025
2,D,240.0,42.0,6.0,1.0,26,1.0,1.0,0.0,1,24,1,0.0,0,1.0,1.0,1,0.0,7,1,0,1,1,0.0,0,1.0,0,210.0,240.0,60.0,240.0,2025
5,D,165.0,26.0,3.0,1.0,37,1.0,1.0,0.0,1,43,1,0.0,0,3.0,1.0,1,0.0,7,1,0,1,1,0.0,0,1.0,0,210.0,240.0,60.0,240.0,2025
2,D,120.0,31.0,4.0,1.0,85,1.0,1.0,1.0,1,89,1,0.0,0,3.0,1.0,1,0.0,7,1,0,1,1,1.0,0,1.0,0,120.0,120.0,120.0,240.0,2025
2,D,80.0,57.0,7.0,1.0,17,1.0,1.0,1.0,1,15,1,0.0,0,3.0,1.0,1,0.0,7,1,0,1,1,1.0,0,1.0,0,78.0,97.0,0.0,240.0,2025
1,D,24.0,34.0,4.0,1.0,11,1.0,0.0,0.0,1,9,1,0.0,0,5.0,1.0,1,0.0,7,1,0,1,1,0.0,0,1.0,0,78.0,97.0,0.0,240.0,2025
3,D,210.0,39.0,5.0,1.0,42,1.0,1.0,1.0,1,48,2,0.0,0,6.0,3.0,2,0.0,7,1,0,1,1,1.0,0,1.0,0,210.0,262.0,60.0,240.0,2025
4,D,168.0,43.0,6.0,1.0,72,4.0,0.0,0.0,1,77,1,0.0,0,6.0,1.0,2,2.0,7,1,0,1,1,0.0,0,1.0,0,135.0,168.0,120.0,9996.0,2025
1,D,38.0,31.0,4.0,1.0,93,1.0,0.0,0.0,1,32,1,0.0,0,6.0,6.0,1,0.0,7,1,0,1,1,0.0,0,1.0,0,78.0,97.0,0.0,240.0,2025
5,B,,60.0,7.0,1.0,37,1.0,0.0,0.0,1,43,1,0.0,0,5.0,1.0,1,0.0,8,0,1,3,0,0.0,0,1.0,0,8.0,14.0,0.0,60.0,2025
3,D,96.0,29.0,3.0,1.0,22,1.0,0.0,0.0,1,19,1,0.0,0,5.0,1.0,1,0.0,7,1,0,1,1,0.0,0,1.0,0,151.0,188.0,60.0,240.0,2025
3,D,90.0,35.0,4.0,1.0,22,1.0,0.0,0.0,1,19,1,0.0,0,6.0,1.0,2,0.0,7,1,0,1,1,0.0,0,1.0,0,151.0,188.0,60.0,240.0,2025
5,D,194.0,45.0,6.0,1.0,36,1.0,1.0,3.0,1,42,1,0.0,0,3.0,1.0,1,0.0,7,1,0,1,1,3.0,0,2.0,0,168.0,210.0,60.0,240.0,2025
2,D,120.0,48.0,6.0,1.0,39,1.0,0.0,0.0,1,45,1,0.0,0,5.0,1.0,1,2.0,7,1,0,1,1,0.0,0,1.0,0,151.0,188.0,60.0,240.0,2025
2,D,84.0,60.0,7.0,1.0,39,1.0,0.0,0.0,1,45,1,0.0,0,6.0,1.0,1,0.0,7,1,0,1,1,0.0,0,1.0,0,151.0,188.0,60.0,240.0,2025
4,D,97.0,35.0,4.0,1.0,35,1.0,0.0,0.0,1,41,2,0.0,0,5.0,3.0,2,0.0,7,1,0,1,1,0.0,0,1.0,0,210.0,262.0,60.0,240.0,2025
3,D,78.0,33.0,4.0,1.0,23,1.0,1.0,0.0,1,20,1,0.0,0,5.0,1.0,1,0.0,7,1,0,1,1,0.0,0,1.0,0,78.0,97.0,0.0,120.0,2025
2,D,1.31,39.0,5.0,1.0,77,3.0,1.0,0.0,1,81,1,0.0,0,6.0,1.0,1,0.0,7,1,0,1,1,0.0,0,1.0,0,97.0,121.0,0.0,240.0,2025
4,D,97.0,31.0,4.0,1.0,58,1.0,1.0,0.0,1,65,1,0.0,0,3.0,1.0,1,0.0,7,1,0,1,1,0.0,0,1.0,0,151.0,188.0,60.0,240.0,2025
4,D,60.0,51.0,7.0,1.0,58,1.0,1.0,0.0,1,65,1,0.0,0,3.0,1.0,1,0.0,7,1,0,1,1,0.0,0,1.0,0,57.0,71.0,0.0,240.0,2025
5,D,60.0,46.0,6.0,1.0,62,1.0,1.0,1.0,1,69,1,0.0,0,3.0,1.0,1,4.0,7,1,0,1,1,1.0,0,1.0,0,60.0,63.0,60.0,240.0,2025
3,D,240.0,50.0,6.0,1.0,34,1.0,1.0,0.0,1,39,1,0.0,0,3.0,1.0,1,1.0,7,1,0,1,1,0.0,0,1.0,0,168.0,210.0,0.0,240.0,2025
3,D,240.0,68.0,8.0,1.0,34,1.0,1.0,0.0,1,39,1,0.0,0,6.0,1.0,1,0.0,7,1,0,1,1,0.0,0,1.0,0,121.0,151.0,0.0,240.0,2025
2,D,108.0,38.0,5.0,1.0,73,1.0,1.0,0.0,1,78,1,0.0,0,6.0,1.0,1,1.0,7,1,0,1,1,0.0,0,1.0,0,151.0,188.0,60.0,240.0,2025
3,D,0.03,27.0,3.0,1.0,23,1.0,0.0,0.0,1,20,1,0.0,0,5.0,1.0,1,0.0,7,1,0,2,1,0.0,0,1.0,0,78.0,97.0,0.0,240.0,2025
5,D,240.0,43.0,6.0,1.0,37,1.0,1.0,1.0,1,43,1,0.0,0,3.0,1.0,1,0.0,7,1,0,1,1,1.0,0,1.0,0,240.0,240.0,60.0,240.0,2025
2,D,72.0,28.0,3.0,1.0,2,1.0,1.0,0.0,1,0,1,0.0,0,3.0,1.0,2,0.0,7,1,0,1,1,0.0,0,1.0,0,97.0,121.0,0.0,240.0,2025
2,D,60.0,62.0,8.0,1.0,65,1.0,0.0,0.0,1,73,1,0.0,0,6.0,1.0,1,0.0,7,1,0,1,1,0.0,0,1.0,0,60.0,71.0,60.0,240.0,2025
2,D,96.0,27.0,3.0,1.0,65,1.0,1.0,0.0,1,73,2,0.0,0,5.0,3.0,1,0.0,7,1,0,1,1,0.0,0,1.0,0,151.0,188.0,60.0,240.0,2025
1,D,60.0,46.0,6.0,1.0,6,1.0,1.0,0.0,1,3,1,0.0,0,3.0,1.0,2,0.0,7,1,0,1,1,0.0,0,1.0,0,151.0,188.0,60.0,240.0,2025
8,D,60.0,68.0,8.0,1.0,89,1.0,1.0,0.0,1,30,1,0.0,0,3.0,1.0,1,0.0,7,1,0,1,1,0.0,0,1.0,0,70.0,87.0,0.0,240.0,2025
6,D,144.0,52.0,7.0,1.0,79,1.0,0.0,0.0,1,83,1,0.0,0,5.0,1.0,1,0.0,7,1,0,1,1,0.0,0,1.0,0,210.0,240.0,60.0,240.0,2025
3,D,84.0,41.0,6.0,1.0,48,1.0,1.0,1.0,1,54,1,0.0,0,3.0,1.0,2,0.0,7,1,0,1,1,1.0,0,1.0,0,151.0,188.0,60.0,240.0,2025
3,D,41.0,40.0,5.0,1.0,68,1.0,0.0,0.0,1,74,0,0.0,0,5.0,1.0,1,,7,1,0,1,1,0.0,0,1.0,0,78.0,97.0,0.0,240.0,2025
4,D,96.0,53.0,7.0,1.0,35,1.0,0.0,0.0,1,41,1,0.0,0,5.0,1.0,2,0.0,7,1,0,1,1,0.0,0,1.0,0,151.0,188.0,60.0,240.0,2025
3,D,60.0,37.0,5.0,1.0,23,1.0,1.0,0.0,1,20,0,0.0,0,5.0,1.0,1,0.0,7,1,0,1,1,0.0,0,1.0,0,78.0,97.0,0.0,240.0,2025
8,D,97.0,33.0,4.0,1.0,89,1.0,0.0,0.0,1,30,2,0.0,0,5.0,3.0,2,1.0,7,1,0,1,1,0.0,0,1.0,0,97.0,121.0,60.0,240.0,2025
5,D,133.0,36.0,5.0,1.0,20,1.0,1.0,0.0,1,17,1,0.0,0,3.0,6.0,1,2.0,7,1,0,1,1,0.0,0,1.0,0,121.0,151.0,60.0,240.0,2025
2,D,180.0,32.0,4.0,1.0,39,1.0,1.0,8.0,1,45,1,0.0,0,3.0,1.0,1,0.0,7,1,0,2,1,8.0,0,4.0,0,188.0,235.0,180.0,480.0,2025
1,D,120.0,31.0,4.0,1.0,6,1.0,1.0,6.0,1,3,1,0.0,0,3.0,1.0,2,1.0,7,1,0,1,1,6.0,0,3.0,0,120.0,120.0,120.0,240.0,2025
1,D,120.0,34.0,4.0,1.0,4,1.0,1.0,3.0,1,2,1,0.0,0,6.0,1.0,1,0.0,7,1,0,1,1,3.0,0,2.0,0,120.0,135.0,120.0,240.0,2025
8,D,97.0,80.0,8.0,1.0,89,1.0,1.0,0.0,1,30,1,0.0,0,6.0,1.0,2,0.0,7,1,0,1,1,0.0,0,1.0,0,121.0,151.0,60.0,240.0,2025
4,D,85.0,20.0,1.0,1.0,35,1.0,0.0,0.0,1,41,2,0.0,0,3.0,3.0,1,0.0,7,1,0,1,1,0.0,0,1.0,0,97.0,121.0,0.0,240.0,2025
3,D,120.0,36.0,5.0,1.0,7,1.0,1.0,6.0,1,5,1,0.0,0,3.0,1.0,1,0.0,7,1,0,1,1,6.0,0,3.0,0,120.0,120.0,120.0,240.0,2025
1,D,121.0,60.0,7.0,1.0,49,1.0,1.0,6.0,1,55,1,0.0,0,6.0,1.0,1,0.0,7,1,0,1,1,6.0,0,3.0,0,120.0,121.0,120.0,240.0,2025
3,D,120.0,30.0,3.0,1.0,34,1.0,1.0,3.0,1,39,1,0.0,0,5.0,1.0,1,0.0,7,1,0,1,1,3.0,0,2.0,0,120.0,120.0,120.0,240.0,2025
3,D,60.0,47.0,6.0,1.0,48,1.0,0.0,0.0,1,54,1,1.0,0,1.0,1.0,1,0.0,7,1,0,1,1,0.0,0,1.0,0,151.0,188.0,60.0,240.0,2025
4,D,84.0,42.0,6.0,1.0,56,1.0,1.0,0.0,1,63,1,0.0,0,6.0,1.0,1,0.0,7,1,0,1,1,0.0,0,1.0,0,97.0,121.0,60.0,240.0,2025
3,D,151.0,30.0,3.0,1.0,34,1.0,0.0,0.0,1,39,1,0.0,0,5.0,1.0,1,0.0,7,1,0,1,1,0.0,0,1.0,0,151.0,188.0,60.0,240.0,2025
3,D,180.0,38.0,5.0,1.0,90,1.0,1.0,3.0,1,29,1,0.0,0,3.0,1.0,1,0.0,7,1,0,1,1,3.0,0,2.0,0,180.0,180.0,180.0,480.0,2025
8,D,90.0,44.0,6.0,1.0,60,1.0,1.0,0.0,1,67,1,0.0,0,5.0,1.0,1,0.0,7,1,0,1,1,0.0,0,1.0,0,97.0,121.0,0.0,240.0,2025
3,D,180.0,32.0,4.0,1.0,91,1.0,1.0,4.0,1,31,1,0.0,0,1.0,1.0,1,0.0,7,1,0,1,1,4.0,0,3.0,0,240.0,240.0,60.0,240.0,2025
4,D,72.0,23.0,2.0,1.0,53,1.0,1.0,1.0,1,60,1,0.0,0,5.0,2.0,1,0.0,7,1,0,1,1,1.0,0,1.0,0,70.0,87.0,60.0,240.0,2025
2,D,84.0,33.0,4.0,1.0,94,1.0,0.0,0.0,1,34,1,0.0,0,5.0,1.0,1,2.0,7,1,0,1,1,0.0,0,1.0,0,78.0,97.0,0.0,240.0,2025
1,D,120.0,51.0,7.0,1.0,49,1.0,1.0,3.0,3,55,1,0.0,1,3.0,1.0,1,0.0,7,1,0,1,1,3.0,0,2.0,0,120.0,120.0,120.0,240.0,2025
1,D,54.0,39.0,5.0,1.0,11,1.0,1.0,0.0,1,9,1,0.0,0,5.0,1.0,1,0.0,7,1,0,1,1,0.0,0,1.0,0,78.0,97.0,0.0,240.0,2025
1,D,12.03,38.0,5.0,1.0,78,1.0,1.0,3.0,3,82,1,0.0,1,5.0,1.0,2,5.0,8,1,0,1,1,3.0,0,2.0,0,18.0,24.0,0.0,60.0,2025
3,D,195.0,38.0,5.0,1.0,91,1.0,1.0,2.0,1,31,2,0.0,0,5.0,3.0,2,0.0,7,1,0,1,1,2.0,0,2.0,0,235.0,293.0,60.0,240.0,2025
2,D,72.0,33.0,4.0,1.0,24,1.0,0.0,0.0,4,22,1,0.0,1,5.0,2.0,2,0.0,7,1,0,1,1,0.0,0,1.0,0,108.0,135.0,60.0,9996.0,2025
6,D,120.0,26.0,3.0,1.0,33,1.0,0.0,0.0,1,40,1,0.0,0,5.0,1.0,1,0.0,7,1,0,1,1,0.0,0,1.0,0,135.0,168.0,0.0,240.0,2025
8,D,84.0,34.0,4.0,1.0,60,1.0,1.0,1.0,1,67,1,0.0,0,1.0,1.0,1,0.0,7,1,0,1,1,1.0,0,1.0,0,151.0,188.0,60.0,240.0,2025
5,D,162.0,22.0,2.0,1.0,20,1.0,0.0,0.0,1,17,1,0.0,0,3.0,2.0,2,0.0,7,1,0,1,1,0.0,0,1.0,0,210.0,262.0,60.0,240.0,2025
4,D,120.0,77.0,8.0,1.0,82,1.0,1.0,0.0,1,85,1,0.0,0,3.0,1.0,1,0.0,7,1,0,1,1,0.0,0,1.0,0,120.0,121.0,120.0,240.0,2025
5,D,87.0,48.0,6.0,1.0,83,1.0,1.0,5.0,1,87,1,0.0,0,5.0,1.0,1,0.0,7,1,0,1,1,5.0,0,3.0,0,87.0,108.0,0.0,240.0,2025
2,D,91.0,55.0,7.0,1.0,14,1.0,1.0,1.0,1,12,1,0.0,0,5.0,1.0,2,0.0,7,1,0,1,1,1.0,0,1.0,0,121.0,151.0,60.0,240.0,2025
5,D,120.0,34.0,4.0,1.0,62,1.0,1.0,3.0,1,69,0,0.0,0,5.0,1.0,1,0.0,7,1,0,1,1,3.0,0,2.0,0,120.0,120.0,120.0,240.0,2025
5,D,151.0,40.0,5.0,1.0,62,1.0,1.0,4.0,1,69,1,0.0,0,5.0,1.0,1,0.0,7,1,0,1,1,4.0,0,3.0,0,151.0,188.0,60.0,240.0,2025
4,D,24.0,25.0,2.0,1.0,35,1.0,0.0,0.0,1,41,2,0.0,0,3.0,3.0,1,0.0,7,1,0,1,1,0.0,0,1.0,0,51.0,63.0,0.0,240.0,2025
4,D,48.0,42.0,6.0,1.0,58,1.0,1.0,0.0,1,65,2,0.0,0,5.0,3.0,1,1.0,7,1,0,1,1,0.0,0,1.0,0,97.0,121.0,0.0,240.0,2025
3,D,60.0,32.0,4.0,1.0,48,1.0,1.0,0.0,1,54,1,0.0,0,5.0,1.0,1,0.0,7,1,0,1,1,0.0,0,1.0,0,78.0,97.0,60.0,240.0,2025
4,D,87.0,40.0,5.0,1.0,59,1.0,1.0,0.0,1,66,0,0.0,0,6.0,1.0,1,1.0,7,1,0,1,1,0.0,0,1.0,0,151.0,188.0,60.0,240.0,2025
1,D,48.0,42.0,6.0,1.0,13,1.0,0.0,0.0,1,11,1,0.0,0,6.0,1.0,1,2.0,7,1,0,1,1,0.0,0,1.0,0,78.0,97.0,0.0,240.0,2025
1,D,136.0,57.0,7.0,1.0,55,1.0,1.0,0.0,1,62,1,0.0,0,5.0,1.0,1,0.0,7,1,0,1,1,0.0,0,1.0,0,151.0,188.0,60.0,240.0,2025
5,D,60.0,68.0,8.0,1.0,83,1.0,1.0,1.0,1,87,1,0.0,0,5.0,1.0,1,0.0,7,1,0,1,1,1.0,0,1.0,0,97.0,121.0,0.0,240.0,2025
1,D,120.0,69.0,8.0,1.0,11,1.0,1.0,0.0,1,9,1,0.0,0,3.0,1.0,1,0.0,7,1,0,1,1,0.0,0,1.0,0,120.0,120.0,120.0,240.0,2025
3,D,96.0,58.0,7.0,1.0,22,1.0,0.0,0.0,1,19,0,0.0,0,6.0,1.0,1,,7,1,0,1,1,0.0,0,1.0,0,151.0,188.0,60.0,240.0,2025
3,D,63.0,42.0,6.0,1.0,67,1.0,0.0,0.0,1,71,1,0.0,0,5.0,1.0,1,0.0,7,1,0,1,1,0.0,0,1.0,0,78.0,97.0,0.0,240.0,2025
3,D,78.0,29.0,3.0,1.0,75,1.0,1.0,0.0,1,79,1,0.0,0,3.0,1.0,1,0.0,7,1,0,1,1,0.0,0,1.0,0,151.0,188.0,60.0,240.0,2025
3,D,120.0,32.0,4.0,1.0,31,1.0,0.0,0.0,1,37,1,0.0,0,5.0,1.0,1,0.0,7,1,0,1,1,0.0,0,1.0,0,135.0,168.0,0.0,240.0,2025
5,D,48.0,25.0,2.0,1.0,92,1.0,0.0,0.0,1,33,1,0.0,0,6.0,2.0,1,0.0,7,1,0,1,1,0.0,0,1.0,0,97.0,121.0,0.0,240.0,2025
3,D,120.0,55.0,7.0,1.0,5,1.0,1.0,3.0,1,4,2,0.0,0,1.0,3.0,1,0.0,7,1,0,1,1,3.0,0,2.0,0,120.0,120.0,120.0,240.0,2025
1,D,0.03,23.0,2.0,1.0,93,1.0,0.0,0.0,1,32,1,0.0,0,3.0,6.0,1,0.0,7,1,0,2,1,0.0,0,1.0,0,78.0,97.0,0.0,240.0,2025
2,D,60.0,38.0,5.0,1.0,84,2.0,1.0,1.0,1,88,1,0.0,0,5.0,1.0,1,2.0,7,1,0,1,1,1.0,0,1.0,0,235.0,240.0,60.0,240.0,2025
1,D,72.0,46.0,6.0,1.0,55,1.0,0.0,0.0,1,62,1,0.0,0,6.0,1.0,1,2.0,7,1,0,1,1,0.0,0,1.0,0,151.0,188.0,60.0,240.0,2025
1,D,70.0,43.0,6.0,1.0,71,1.0,1.0,6.0,1,76,1,0.0,0,3.0,1.0,1,0.0,7,1,0,1,1,6.0,0,3.0,0,87.0,108.0,60.0,240.0,2025
2,D,60.0,41.0,6.0,1.0,39,1.0,1.0,0.0,1,45,1,1.0,0,3.0,2.0,1,2.0,7,1,0,1,1,0.0,0,1.0,0,97.0,121.0,0.0,240.0,2025
1,D,210.0,46.0,6.0,1.0,71,1.0,1.0,0.0,1,76,1,0.0,0,3.0,1.0,1,0.0,7,1,0,1,1,0.0,0,1.0,0,210.0,240.0,60.0,240.0,2025
2,D,120.0,42.0,6.0,1.0,28,1.0,1.0,3.0,1,35,1,0.0,0,6.0,1.0,1,0.0,7,1,0,1,1,3.0,0,2.0,0,120.0,120.0,120.0,240.0,2025
5,D,144.0,23.0,2.0,1.0,20,1.0,1.0,0.0,1,17,2,0.0,0,3.0,3.0,1,0.0,7,1,0,1,1,0.0,0,1.0,0,151.0,188.0,60.0,240.0,2025
5,D,130.0,27.0,3.0,1.0,20,1.0,1.0,3.0,1,17,1,0.0,0,3.0,1.0,1,0.0,7,1,0,1,1,3.0,0,2.0,0,120.0,135.0,120.0,240.0,2025
3,D,420.0,38.0,5.0,1.0,42,1.0,1.0,0.0,1,48,1,0.0,0,5.0,1.0,3,0.0,7,1,0,1,1,0.0,0,1.0,0,360.0,780.0,180.0,480.0,2025
3,D,57.0,69.0,8.0,1.0,5,1.0,1.0,1.0,1,4,2,0.0,0,5.0,3.0,1,0.0,7,1,0,1,1,1.0,0,1.0,0,46.0,57.0,0.0,240.0,2025
1,C,18.0,64.0,8.0,1.0,19,1.0,1.0,0.0,1,16,1,0.0,0,6.0,2.0,2,0.0,8,1,0,2,1,0.0,0,1.0,0,12.0,18.0,0.0,60.0,2025
2,D,180.0,39.0,5.0,1.0,76,1.0,1.0,3.0,1,80,0,0.0,0,5.0,6.0,1,0.0,7,1,0,1,1,3.0,0,2.0,0,120.0,120.0,120.0,240.0,2025
1,D,60.0,41.0,6.0,1.0,11,1.0,0.0,0.0,1,9,1,0.0,0,6.0,1.0,1,1.0,7,1,0,1,1,0.0,0,1.0,0,78.0,97.0,0.0,240.0,2025
3,D,72.0,28.0,3.0,1.0,44,1.0,1.0,0.0,1,50,1,0.0,0,3.0,1.0,5,0.0,7,1,0,1,1,0.0,0,1.0,0,151.0,188.0,60.0,240.0,2025
8,D,151.0,76.0,8.0,1.0,60,1.0,1.0,0.0,1,67,1,0.0,0,6.0,1.0,1,0.0,7,1,0,1,1,0.0,0,1.0,0,135.0,168.0,120.0,240.0,2025
3,D,240.0,27.0,3.0,1.0,34,1.0,1.0,0.0,1,39,2,0.0,0,5.0,3.0,1,0.0,7,1,0,1,1,0.0,0,1.0,0,240.0,240.0,60.0,240.0,2025
2,D,84.0,60.0,7.0,1.0,65,1.0,1.0,0.0,1,73,1,0.0,0,6.0,1.0,1,0.0,7,1,0,1,1,0.0,0,1.0,0,151.0,188.0,60.0,240.0,2025
4,D,204.0,37.0,5.0,1.0,59,1.0,1.0,3.0,1,66,0,0.0,0,3.0,1.0,1,0.0,7,1,0,1,1,4.0,0,3.0,0,188.0,235.0,180.0,480.0,2025
3,D,660.0,65.0,8.0,1.0,91,1.0,1.0,0.0,1,31,1,0.0,0,5.0,1.0,2,0.0,7,1,0,1,1,0.0,0,1.0,0,1080.0,1080.0,300.0,600.0,2025
3,D,139.0,45.0,6.0,1.0,38,1.0,0.0,0.0,1,44,1,0.0,0,6.0,1.0,2,3.0,7,1,0,1,1,0.0,0,1.0,0,151.0,188.0,60.0,240.0,2025
4,D,70.0,29.0,3.0,1.0,58,1.0,0.0,0.0,1,65,1,0.0,0,1.0,1.0,1,1.0,7,1,0,1,1,0.0,0,1.0,0,70.0,87.0,0.0,240.0,2025
2,D,78.0,35.0,4.0,1.0,51,1.0,1.0,0.0,1,57,1,0.0,0,3.0,1.0,2,0.0,7,1,0,1,1,0.0,0,1.0,0,97.0,120.0,0.0,60.0,2025
2,D,120.0,53.0,7.0,1.0,77,1.0,1.0,3.0,1,81,1,0.0,0,5.0,1.0,1,0.0,7,1,0,1,1,3.0,0,2.0,0,120.0,120.0,120.0,240.0,2025
1,D,66.0,35.0,4.0,1.0,11,1.0,0.0,0.0,1,9,1,0.0,0,6.0,1.0,1,0.0,7,1,0,1,1,0.0,0,1.0,0,78.0,97.0,0.0,240.0,2025
2,D,120.0,50.0,6.0,1.0,77,1.0,1.0,7.0,1,81,1,0.0,0,3.0,1.0,1,2.0,7,1,0,1,1,8.0,0,4.0,0,120.0,137.0,120.0,240.0,2025
3,D,120.0,60.0,7.0,1.0,42,1.0,1.0,6.0,1,48,1,0.0,0,6.0,1.0,1,2.0,7,1,0,1,1,6.0,0,3.0,0,120.0,120.0,120.0,240.0,2025
4,D,84.0,28.0,3.0,1.0,35,3.0,0.0,0.0,1,41,2,0.0,0,1.0,3.0,1,0.0,7,1,0,1,1,0.0,0,1.0,0,121.0,151.0,60.0,240.0,2025
2,D,120.0,36.0,5.0,1.0,2,1.0,1.0,6.0,1,0,1,0.0,0,3.0,1.0,1,0.0,7,1,0,1,1,6.0,0,3.0,0,120.0,121.0,120.0,240.0,2025
5,D,72.0,27.0,3.0,1.0,83,1.0,1.0,1.0,1,87,1,0.0,0,3.0,6.0,1,0.0,7,1,0,1,1,1.0,0,1.0,0,97.0,120.0,0.0,120.0,2025
3,D,180.0,29.0,3.0,1.0,43,1.0,1.0,0.0,1,49,1,0.0,0,3.0,1.0,1,0.0,7,1,0,1,1,0.0,0,1.0,0,188.0,235.0,60.0,240.0,2025
2,D,180.0,33.0,4.0,1.0,2,1.0,0.0,0.0,1,0,1,0.0,0,6.0,1.0,2,0.0,7,1,0,1,1,0.0,0,1.0,0,262.0,327.0,60.0,240.0,2025
4,D,63.0,63.0,8.0,1.0,82,1.0,1.0,0.0,1,85,1,0.0,0,3.0,1.0,1,0.0,7,1,0,1,1,0.0,0,1.0,0,78.0,97.0,0.0,240.0,2025
8,D,48.0,44.0,6.0,1.0,89,1.0,0.0,0.0,1,30,1,0.0,0,6.0,2.0,1,0.0,7,1,0,1,1,0.0,0,1.0,0,78.0,97.0,0.0,240.0,2025
1,D,36.0,47.0,6.0,1.0,6,1.0,0.0,0.0,1,3,1,0.0,0,3.0,2.0,1,2.0,7,1,0,1,1,0.0,0,1.0,0,78.0,97.0,0.0,240.0,2025
2,D,108.0,31.0,4.0,1.0,21,1.0,1.0,1.0,1,18,1,0.0,0,5.0,1.0,1,1.0,7,1,0,1,1,1.0,0,1.0,0,87.0,108.0,60.0,240.0,2025
2,D,192.0,28.0,3.0,1.0,64,1.0,0.0,0.0,1,70,2,0.0,0,1.0,3.0,1,0.0,7,1,0,1,1,0.0,0,1.0,0,240.0,240.0,60.0,240.0,2025
3,D,41.0,49.0,6.0,1.0,68,1.0,1.0,3.0,1,74,1,0.0,0,5.0,1.0,1,0.0,7,1,0,1,1,3.0,0,2.0,0,41.0,51.0,0.0,240.0,2025
1,D,41.0,31.0,4.0,1.0,93,1.0,1.0,0.0,1,32,1,0.0,0,3.0,1.0,1,0.0,7,1,0,1,1,0.0,0,1.0,0,78.0,97.0,0.0,240.0,2025
8,D,36.0,32.0,4.0,1.0,89,1.0,0.0,0.0,1,30,1,0.0,0,6.0,1.0,1,0.0,7,1,0,1,1,0.0,0,1.0,0,78.0,97.0,0.0,240.0,2025
2,D,150.0,45.0,6.0,1.0,24,1.0,0.0,0.0,1,22,1,0.0,0,5.0,1.0,1,0.0,7,1,0,1,1,0.0,0,1.0,0,151.0,188.0,60.0,240.0,2025
1,D,120.0,50.0,6.0,1.0,41,1.0,1.0,1.0,1,47,1,0.0,0,6.0,1.0,1,1.0,7,1,0,1,1,1.0,0,1.0,0,151.0,188.0,60.0,240.0,2025
3,D,78.0,39.0,5.0,1.0,91,1.0,0.0,0.0,1,31,1,0.0,0,5.0,1.0,1,0.0,7,1,0,1,1,0.0,0,1.0,0,78.0,97.0,0.0,240.0,2025
1,D,240.0,44.0,6.0,1.0,3,1.0,0.0,0.0,3,1,1,0.0,1,6.0,1.0,3,2.0,7,1,0,1,1,0.0,0,1.0,0,840.0,840.0,0.0,240.0,2025
5,D,120.0,28.0,3.0,1.0,20,1.0,1.0,2.0,1,17,1,0.0,0,5.0,1.0,1,0.0,7,1,0,1,1,2.0,0,2.0,0,120.0,120.0,120.0,240.0,2025
2,D,144.0,44.0,6.0,1.0,17,1.0,1.0,1.0,1,15,1,0.0,0,3.0,1.0,1,0.0,7,1,0,1,1,1.0,0,1.0,0,240.0,240.0,60.0,240.0,2025
2,D,180.0,65.0,8.0,1.0,65,1.0,1.0,3.0,1,73,1,0.0,0,3.0,1.0,1,0.0,7,1,0,1,1,3.0,0,2.0,0,180.0,180.0,180.0,480.0,2025
1,D,21.0,38.0,5.0,1.0,88,1.0,1.0,3.0,1,28,1,0.0,0,3.0,2.0,17,11.0,8,1,0,1,1,3.0,0,2.0,0,21.0,27.0,0.0,60.0,2025
1,D,180.0,39.0,5.0,1.0,71,1.0,1.0,3.0,1,76,1,0.0,0,3.0,1.0,1,0.0,7,1,0,1,1,3.0,0,2.0,0,235.0,293.0,180.0,480.0,2025
1,D,65.0,44.0,6.0,1.0,8,1.0,1.0,0.0,3,7,2,0.0,1,6.0,3.0,2,0.0,7,1,0,1,1,0.0,0,1.0,0,210.0,262.0,0.0,240.0,2025
1,D,96.0,21.0,2.0,1.0,41,1.0,0.0,0.0,1,47,1,0.0,0,5.0,1.0,1,0.0,7,1,0,1,1,0.0,0,1.0,0,151.0,188.0,60.0,240.0,2025
5,D,174.0,50.0,6.0,1.0,37,1.0,1.0,2.0,1,43,1,0.0,0,3.0,1.0,1,0.0,7,1,0,1,1,2.0,0,2.0,0,168.0,210.0,60.0,240.0,2025
5,D,63.0,24.0,2.0,1.0,62,1.0,0.0,0.0,1,69,1,0.0,0,3.0,6.0,1,1.0,7,1,0,1,1,0.0,0,1.0,0,63.0,78.0,0.0,240.0,2025
5,D,168.0,25.0,2.0,1.0,62,1.0,1.0,1.0,1,69,1,0.0,0,1.0,2.0,3,0.0,7,1,0,1,1,1.0,0,1.0,0,210.0,262.0,60.0,240.0,2025
2,D,120.0,37.0,5.0,1.0,84,1.0,1.0,3.0,1,88,0,0.0,0,5.0,1.0,1,0.0,7,1,0,1,1,3.0,0,2.0,0,120.0,121.0,120.0,240.0,2025
3,D,63.0,56.0,7.0,1.0,5,1.0,0.0,0.0,1,4,2,0.0,0,3.0,3.0,1,0.0,7,1,0,1,1,0.0,0,1.0,0,97.0,121.0,60.0,240.0,2025
2,D,60.0,42.0,6.0,1.0,54,1.0,1.0,3.0,1,61,1,0.0,0,1.0,1.0,1,0.0,7,1,0,1,1,3.0,0,2.0,0,70.0,87.0,60.0,240.0,2025
4,D,180.0,37.0,5.0,1.0,59,1.0,1.0,4.0,1,66,0,0.0,0,3.0,1.0,1,3.0,7,1,0,1,1,4.0,0,3.0,0,180.0,188.0,180.0,480.0,2025
4,D,360.0,46.0,6.0,1.0,35,1.0,1.0,9.0,1,41,2,0.0,0,3.0,3.0,4,0.0,7,1,0,1,1,10.0,0,5.0,0,360.0,9996.0,180.0,9996.0,2025
1,D,78.0,28.0,3.0,1.0,71,1.0,1.0,0.0,1,76,1,0.0,0,3.0,1.0,1,0.0,7,1,0,1,1,0.0,0,1.0,0,97.0,121.0,0.0,240.0,2025
2,D,120.0,29.0,3.0,1.0,45,1.0,1.0,4.0,1,51,1,0.0,0,3.0,1.0,1,0.0,7,1,0,1,1,4.0,0,3.0,0,121.0,151.0,60.0,240.0,2025
4,D,188.0,45.0,6.0,1.0,59,1.0,1.0,6.0,1,66,1,0.0,0,3.0,1.0,2,0.0,7,1,0,1,1,6.0,0,3.0,0,188.0,235.0,60.0,240.0,2025
1,D,72.0,42.0,6.0,1.0,9,1.0,1.0,3.0,1,6,1,0.0,0,3.0,1.0,1,0.0,7,1,0,1,1,3.0,0,2.0,0,135.0,168.0,60.0,240.0,2025
4,D,60.0,47.0,6.0,1.0,58,1.0,1.0,0.0,1,65,1,0.0,0,1.0,1.0,1,0.0,7,1,0,1,1,0.0,0,1.0,0,78.0,97.0,0.0,240.0,2025
8,D,108.0,44.0,6.0,1.0,89,1.0,1.0,0.0,1,30,1,0.0,0,3.0,1.0,1,1.0,7,1,0,1,1,0.0,0,1.0,0,108.0,135.0,60.0,240.0,2025
3,D,240.0,25.0,2.0,1.0,34,1.0,1.0,0.0,1,39,2,0.0,0,3.0,3.0,1,0.0,7,1,0,1,1,0.0,0,1.0,0,240.0,240.0,60.0,240.0,2025
2,D,24.0,44.0,6.0,1.0,76,1.0,0.0,0.0,1,80,1,0.0,0,1.0,1.0,1,0.0,7,1,0,1,1,0.0,0,1.0,0,87.0,108.0,0.0,240.0,2025
3,D,121.0,30.0,3.0,1.0,34,1.0,1.0,0.0,1,39,1,0.0,0,5.0,2.0,1,0.0,7,1,0,1,1,0.0,0,1.0,0,121.0,151.0,60.0,240.0,2025
4,D,46.0,68.0,8.0,1.0,53,1.0,1.0,0.0,1,60,1,0.0,0,1.0,1.0,1,0.0,7,1,0,1,1,0.0,0,1.0,0,37.0,46.0,0.0,120.0,2025
3,D,180.0,49.0,6.0,1.0,44,1.0,0.0,0.0,1,50,1,0.0,0,5.0,1.0,2,0.0,7,1,0,1,1,0.0,0,1.0,0,210.0,262.0,60.0,240.0,2025
2,D,132.0,41.0,6.0,1.0,39,1.0,1.0,1.0,3,45,1,0.0,1,3.0,1.0,2,2.0,7,1,0,1,1,1.0,0,1.0,0,151.0,188.0,60.0,240.0,2025
2,D,30.0,51.0,7.0,1.0,14,1.0,0.0,0.0,1,12,2,0.0,0,3.0,3.0,1,2.0,7,1,0,1,1,0.0,0,1.0,0,97.0,121.0,0.0,240.0,2025
2,D,120.0,33.0,4.0,1.0,14,1.0,1.0,5.0,1,12,1,0.0,0,3.0,1.0,1,0.0,7,1,0,1,1,5.0,0,3.0,0,120.0,121.0,120.0,240.0,2025
4,D,100.0,24.0,2.0,1.0,56,1.0,0.0,0.0,1,63,1,0.0,0,3.0,1.0,1,0.0,7,1,0,1,1,0.0,0,1.0,0,97.0,121.0,60.0,240.0,2025
8,D,135.0,38.0,5.0,1.0,60,1.0,1.0,0.0,1,67,1,0.0,0,3.0,1.0,1,0.0,7,1,0,1,1,0.0,0,1.0,0,151.0,188.0,60.0,240.0,2025
4,D,120.0,30.0,3.0,1.0,35,1.0,0.0,0.0,1,41,2,0.0,0,6.0,3.0,1,0.0,7,1,0,1,1,0.0,0,1.0,0,97.0,121.0,60.0,240.0,2025
2,D,60.0,40.0,5.0,1.0,14,1.0,1.0,4.0,1,12,1,0.0,0,3.0,1.0,1,0.0,7,1,0,1,1,4.0,0,3.0,0,60.0,60.0,0.0,60.0,2025
3,D,90.0,30.0,3.0,1.0,91,3.0,0.0,0.0,1,31,1,0.0,0,3.0,6.0,1,1.0,7,1,0,1,1,0.0,0,1.0,0,97.0,121.0,0.0,240.0,2025
4,D,48.0,19.0,1.0,1.0,35,1.0,0.0,0.0,1,41,2,0.0,0,5.0,3.0,1,0.0,7,1,0,1,1,0.0,0,1.0,0,78.0,97.0,0.0,120.0,2025
5,D,4.0,44.0,6.0,1.0,37,1.0,1.0,4.0,1,43,1,0.0,0,3.0,1.0,1,3.0,8,1,0,1,1,4.0,0,3.0,0,18.0,24.0,0.0,60.0,2025
4,D,97.0,36.0,5.0,1.0,58,1.0,1.0,2.0,1,65,1,0.0,0,3.0,1.0,2,0.0,7,1,0,1,1,2.0,0,2.0,0,108.0,135.0,60.0,240.0,2025
1,D,87.0,32.0,4.0,1.0,9,1.0,1.0,0.0,1,6,1,0.0,0,6.0,2.0,1,0.0,7,1,0,1,1,0.0,0,1.0,0,151.0,188.0,60.0,240.0,2025
3,D,91.0,35.0,4.0,1.0,43,1.0,1.0,1.0,1,49,1,0.0,0,3.0,1.0,1,1.0,7,1,0,1,1,1.0,0,1.0,0,97.0,121.0,60.0,240.0,2025
1,D,85.0,45.0,6.0,1.0,80,1.0,0.0,0.0,1,84,2,0.0,0,5.0,3.0,1,0.0,7,1,0,1,1,0.0,0,1.0,0,78.0,97.0,0.0,240.0,2025
5,D,200.0,36.0,5.0,1.0,36,1.0,1.0,1.0,1,42,2,0.0,0,5.0,3.0,1,0.0,7,1,0,1,1,1.0,0,1.0,0,210.0,240.0,60.0,240.0,2025
2,D,60.0,27.0,3.0,1.0,24,1.0,0.0,0.0,1,22,1,0.0,0,3.0,1.0,1,0.0,7,1,0,1,1,0.0,0,1.0,0,60.0,60.0,60.0,240.0,2025
1,D,120.0,40.0,5.0,1.0,93,1.0,1.0,7.0,1,32,1,0.0,0,3.0,1.0,1,0.0,7,1,0,1,1,8.0,0,4.0,0,135.0,168.0,120.0,240.0,2025
1,D,72.0,39.0,5.0,1.0,1,1.0,1.0,0.0,1,90,1,0.0,0,3.0,1.0,1,0.0,7,1,0,1,1,0.0,0,1.0,0,87.0,108.0,60.0,240.0,2025
1,D,180.0,40.0,5.0,1.0,1,1.0,1.0,1.0,1,90,1,0.0,0,5.0,2.0,1,0.0,7,1,0,1,1,1.0,0,1.0,0,180.0,188.0,180.0,480.0,2025
1,D,120.0,58.0,7.0,1.0,11,1.0,1.0,3.0,1,9,1,0.0,0,5.0,1.0,1,0.0,7,1,0,1,1,3.0,0,2.0,0,120.0,120.0,120.0,240.0,2025
3,D,45.0,85.0,8.0,1.0,75,1.0,1.0,3.0,1,79,1,0.0,0,3.0,1.0,1,0.0,7,1,0,1,1,3.0,0,2.0,0,97.0,121.0,0.0,240.0,2025
2,D,28.0,23.0,2.0,1.0,45,1.0,1.0,0.0,1,51,1,0.0,0,1.0,2.0,1,4.0,7,1,0,1,1,0.0,0,1.0,0,30.0,37.0,0.0,120.0,2025
4,D,210.0,63.0,8.0,1.0,56,1.0,1.0,0.0,1,63,1,0.0,0,3.0,1.0,1,0.0,7,1,0,1,1,0.0,0,1.0,0,210.0,240.0,60.0,240.0,2025
3,D,60.0,28.0,3.0,1.0,68,1.0,1.0,1.0,1,74,2,0.0,0,3.0,3.0,1,0.0,7,1,0,1,1,1.0,0,1.0,0,78.0,97.0,0.0,240.0,2025
1,D,36.0,39.0,5.0,1.0,8,1.0,0.0,0.0,1,7,1,0.0,0,5.0,1.0,1,0.0,7,1,0,1,1,0.0,0,1.0,0,120.0,120.0,0.0,120.0,2025
7,D,60.0,51.0,7.0,1.0,25,1.0,0.0,0.0,1,23,1,0.0,0,6.0,1.0,1,3.0,7,1,0,1,1,0.0,0,1.0,0,97.0,121.0,0.0,240.0,2025
2,D,0.07,29.0,3.0,1.0,51,1.0,0.0,0.0,1,57,1,0.0,0,3.0,1.0,1,0.0,7,1,0,1,1,0.0,0,1.0,0,46.0,57.0,0.0,240.0,2025
2,D,46.0,49.0,6.0,1.0,28,1.0,0.0,0.0,1,35,1,0.0,0,5.0,1.0,1,0.0,7,1,0,1,1,0.0,0,1.0,0,63.0,78.0,0.0,240.0,2025
2,D,300.0,49.0,6.0,1.0,51,1.0,1.0,3.0,1,57,1,0.0,0,5.0,1.0,1,3.0,7,1,0,1,1,3.0,0,2.0,0,180.0,180.0,180.0,480.0,2025
1,D,120.0,49.0,6.0,1.0,11,1.0,1.0,3.0,1,9,1,0.0,0,1.0,1.0,1,0.0,7,1,0,1,1,3.0,0,2.0,0,120.0,135.0,120.0,240.0,2025
2,D,96.0,26.0,3.0,1.0,14,1.0,1.0,0.0,1,12,1,0.0,0,3.0,2.0,1,0.0,7,1,0,1,1,0.0,0,1.0,0,135.0,168.0,0.0,240.0,2025
1,D,144.0,41.0,6.0,1.0,71,1.0,1.0,0.0,1,76,1,0.0,0,5.0,1.0,1,2.0,7,1,0,1,1,0.0,0,1.0,0,210.0,240.0,60.0,240.0,2025
2,D,180.0,50.0,6.0,1.0,2,1.0,1.0,1.0,1,0,1,0.0,0,5.0,1.0,1,0.0,7,1,0,1,1,1.0,0,1.0,0,210.0,262.0,180.0,360.0,2025
2,D,144.0,56.0,7.0,1.0,76,1.0,1.0,3.0,1,80,1,0.0,0,3.0,1.0,1,0.0,7,1,0,1,1,3.0,0,2.0,0,188.0,235.0,60.0,240.0,2025
3,D,60.0,23.0,2.0,1.0,16,1.0,0.0,0.0,1,14,1,0.0,0,5.0,2.0,1,0.0,7,1,0,1,1,0.0,0,1.0,0,210.0,240.0,60.0,240.0,2025
4,D,72.0,63.0,8.0,1.0,56,1.0,1.0,0.0,1,63,1,0.0,0,5.0,1.0,1,0.0,7,1,0,1,1,0.0,0,1.0,0,97.0,121.0,60.0,240.0,2025
5,D,180.0,43.0,6.0,1.0,36,1.0,1.0,3.0,1,42,2,0.0,0,3.0,3.0,1,0.0,7,1,0,1,1,3.0,0,2.0,0,180.0,180.0,180.0,480.0,2025
2,D,120.0,62.0,8.0,1.0,77,1.0,1.0,3.0,1,81,1,0.0,0,6.0,1.0,1,0.0,7,1,0,1,1,4.0,0,3.0,0,168.0,210.0,120.0,240.0,2025
1,D,54.0,60.0,7.0,1.0,41,1.0,1.0,0.0,1,47,1,0.0,0,6.0,1.0,1,0.0,7,1,0,1,1,0.0,0,1.0,0,51.0,63.0,0.0,240.0,2025
8,D,135.0,68.0,8.0,1.0,89,1.0,0.0,0.0,1,30,1,0.0,0,5.0,1.0,2,0.0,7,1,0,1,1,0.0,0,1.0,0,262.0,327.0,60.0,240.0,2025
4,D,120.0,55.0,7.0,1.0,72,1.0,1.0,3.0,1,77,1,0.0,0,3.0,1.0,1,0.0,7,1,0,1,1,3.0,0,2.0,0,151.0,188.0,0.0,240.0,2025
8,D,324.0,36.0,5.0,1.0,60,1.0,1.0,3.0,1,67,1,0.0,0,5.0,1.0,1,0.0,7,1,0,1,1,3.0,0,2.0,0,180.0,210.0,180.0,480.0,2025
1,C,6.0,50.0,6.0,1.0,19,1.0,1.0,1.0,1,16,1,0.0,0,3.0,2.0,2,1.0,8,1,0,2,1,1.0,0,1.0,0,12.0,18.0,0.0,60.0,2025
8,D,240.0,45.0,6.0,1.0,89,1.0,1.0,0.0,1,30,1,0.0,0,3.0,1.0,1,0.0,7,1,0,1,1,0.0,0,1.0,0,240.0,240.0,60.0,240.0,2025
5,B,15.0,62.0,8.0,1.0,37,1.0,1.0,0.0,1,43,1,0.0,0,1.0,1.0,1,0.0,8,1,0,1,1,0.0,0,1.0,0,8.0,14.0,0.0,60.0,2025
3,D,24.0,55.0,7.0,1.0,91,1.0,1.0,0.0,1,31,1,0.0,0,1.0,1.0,1,0.0,7,1,0,1,1,0.0,0,1.0,0,97.0,121.0,0.0,240.0,2025
2,D,120.0,80.0,8.0,1.0,15,1.0,1.0,1.0,1,13,1,0.0,0,6.0,1.0,1,0.0,7,1,0,1,1,1.0,0,1.0,0,120.0,120.0,120.0,240.0,2025
5,B,15.0,51.0,7.0,1.0,37,1.0,1.0,0.0,1,43,1,1.0,0,3.0,1.0,1,0.0,8,1,0,1,1,0.0,0,1.0,0,8.0,14.0,0.0,60.0,2025
4,D,72.0,35.0,4.0,1.0,53,1.0,1.0,0.0,1,60,1,0.0,0,3.0,2.0,1,0.0,7,1,0,1,1,0.0,0,1.0,0,63.0,78.0,0.0,120.0,2025
1,D,120.0,39.0,5.0,1.0,41,1.0,1.0,2.0,1,47,1,0.0,0,5.0,1.0,3,0.0,7,1,0,1,1,2.0,0,2.0,0,135.0,168.0,60.0,240.0,2025
5,D,60.0,23.0,2.0,1.0,62,1.0,1.0,0.0,1,69,1,0.0,0,3.0,1.0,1,0.0,7,1,0,1,1,0.0,0,1.0,0,60.0,63.0,60.0,240.0,2025
3,D,120.0,60.0,7.0,1.0,43,1.0,1.0,4.0,1,49,1,0.0,0,3.0,1.0,1,0.0,7,1,0,1,1,4.0,0,3.0,0,121.0,151.0,120.0,240.0,2025
1,D,168.0,29.0,3.0,1.0,9,1.0,0.0,0.0,1,6,1,0.0,0,5.0,1.0,7,0.0,7,1,0,1,1,0.0,0,1.0,0,210.0,262.0,60.0,240.0,2025
1,D,20.0,66.0,8.0,1.0,11,1.0,0.0,0.0,1,9,1,0.0,0,6.0,1.0,1,0.0,7,1,0,1,1,0.0,0,1.0,0,57.0,71.0,0.0,240.0,2025
5,D,60.0,25.0,2.0,1.0,62,1.0,0.0,0.0,1,69,0,0.0,0,1.0,6.0,1,1.0,7,1,0,1,1,0.0,0,1.0,0,60.0,60.0,60.0,240.0,2025
1,D,60.0,38.0,5.0,1.0,11,1.0,1.0,0.0,1,9,1,0.0,0,3.0,1.0,1,2.0,7,1,0,1,1,0.0,0,1.0,0,78.0,97.0,0.0,240.0,2025
8,D,60.0,46.0,6.0,1.0,89,1.0,1.0,0.0,1,30,1,0.0,0,6.0,1.0,1,1.0,7,1,0,1,1,0.0,0,1.0,0,78.0,97.0,60.0,240.0,2025
3,D,50.0,70.0,8.0,1.0,23,1.0,1.0,0.0,1,20,1,0.0,0,5.0,1.0,1,0.0,7,1,0,1,1,0.0,0,1.0,0,78.0,97.0,0.0,240.0,2025
2,D,240.0,38.0,5.0,1.0,94,1.0,1.0,12.0,1,34,1,0.0,0,3.0,2.0,1,0.0,7,1,0,1,1,15.0,0,6.0,0,240.0,240.0,60.0,240.0,2025
1,D,0.03,33.0,4.0,1.0,10,3.0,1.0,0.0,1,8,1,0.0,0,5.0,2.0,1,0.0,7,1,0,1,1,0.0,0,1.0,0,78.0,97.0,0.0,240.0,2025
2,D,8.0,50.0,6.0,1.0,12,1.0,0.0,0.0,1,10,1,0.0,0,6.0,1.0,1,0.0,7,1,0,1,1,0.0,0,1.0,0,78.0,97.0,0.0,120.0,2025
5,D,97.0,27.0,3.0,1.0,92,1.0,1.0,0.0,1,33,1,0.0,0,6.0,2.0,1,0.0,7,1,0,1,1,0.0,0,1.0,0,97.0,121.0,0.0,240.0,2025
1,D,135.0,28.0,3.0,1.0,41,1.0,1.0,0.0,1,47,1,0.0,0,3.0,1.0,2,0.0,7,1,0,1,1,0.0,0,1.0,0,188.0,235.0,60.0,240.0,2025
4,D,84.0,55.0,7.0,1.0,56,1.0,0.0,0.0,1,63,1,0.0,0,5.0,1.0,1,0.0,7,1,0,1,1,0.0,0,1.0,0,97.0,121.0,60.0,240.0,2025
4,D,18.0,45.0,6.0,1.0,57,1.0,1.0,1.0,1,64,2,0.0,0,5.0,3.0,1,0.0,7,1,0,1,1,1.0,0,1.0,0,78.0,97.0,0.0,240.0,2025
8,D,70.0,63.0,8.0,1.0,89,1.0,1.0,1.0,1,30,1,0.0,0,5.0,1.0,2,0.0,7,1,0,1,1,1.0,0,1.0,0,121.0,151.0,60.0,240.0,2025
3,B,,38.0,5.0,1.0,31,1.0,1.0,0.0,1,37,1,0.0,0,3.0,2.0,1,8.0,8,0,1,4,0,0.0,0,1.0,0,8.0,14.0,0.0,60.0,2025
4,D,60.0,22.0,2.0,1.0,35,3.0,0.0,0.0,1,41,2,0.0,0,3.0,3.0,1,0.0,7,1,0,1,1,0.0,0,1.0,0,78.0,97.0,0.0,240.0,2025
4,D,0.03,78.0,8.0,1.0,58,1.0,0.0,0.0,1,65,1,0.0,0,5.0,1.0,1,0.0,7,1,0,1,1,0.0,0,1.0,0,78.0,97.0,0.0,240.0,2025
2,D,42.0,24.0,2.0,1.0,27,1.0,0.0,0.0,1,25,1,0.0,0,3.0,1.0,1,2.0,7,1,0,1,1,0.0,0,1.0,0,97.0,121.0,0.0,240.0,2025
1,D,120.0,51.0,7.0,1.0,55,1.0,0.0,0.0,1,62,1,0.0,0,6.0,1.0,1,0.0,7,1,0,1,1,0.0,0,1.0,0,97.0,121.0,60.0,240.0,2025
3,D,120.0,22.0,2.0,1.0,91,1.0,1.0,1.0,1,31,2,0.0,0,3.0,3.0,1,0.0,7,1,0,1,1,1.0,0,1.0,0,151.0,188.0,0.0,240.0,2025
1,D,135.0,37.0,5.0,1.0,13,1.0,1.0,3.0,1,11,1,0.0,0,5.0,1.0,1,0.0,7,1,0,1,1,3.0,0,2.0,0,120.0,135.0,120.0,240.0,2025
3,D,66.0,24.0,2.0,1.0,5,1.0,0.0,0.0,1,4,2,0.0,0,5.0,3.0,1,0.0,7,1,0,1,1,0.0,0,1.0,0,78.0,97.0,0.0,240.0,2025
4,D,72.0,22.0,2.0,1.0,58,1.0,0.0,0.0,1,65,1,0.0,0,3.0,2.0,1,0.0,7,1,0,1,1,0.0,0,1.0,0,135.0,168.0,0.0,240.0,2025
3,D,192.0,46.0,6.0,1.0,29,1.0,1.0,6.0,1,96,1,0.0,0,3.0,1.0,1,0.0,7,1,0,1,1,6.0,0,3.0,0,135.0,168.0,60.0,240.0,2025
1,D,240.0,39.0,5.0,1.0,9,1.0,1.0,1.0,1,6,1,0.0,0,6.0,1.0,2,2.0,7,1,0,1,1,1.0,0,1.0,0,262.0,327.0,0.0,360.0,2025
6,D,168.0,28.0,3.0,1.0,33,1.0,1.0,0.0,1,40,1,0.0,0,3.0,1.0,1,0.0,7,1,0,1,1,0.0,0,1.0,0,135.0,168.0,0.0,240.0,2025
3,D,78.0,57.0,7.0,1.0,29,1.0,1.0,0.0,1,96,1,0.0,0,6.0,1.0,1,0.0,7,1,0,1,1,0.0,0,1.0,0,151.0,188.0,60.0,240.0,2025
2,D,110.0,38.0,5.0,1.0,15,1.0,1.0,0.0,1,13,2,0.0,0,3.0,3.0,2,0.0,7,1,0,1,1,0.0,0,1.0,0,97.0,121.0,60.0,240.0,2025
5,D,120.0,57.0,7.0,1.0,37,1.0,1.0,2.0,1,43,1,0.0,0,6.0,1.0,1,2.0,7,1,0,1,1,2.0,0,2.0,0,120.0,120.0,120.0,240.0,2025
4,D,40.0,46.0,6.0,1.0,58,1.0,1.0,3.0,1,65,1,0.0,0,5.0,1.0,2,1.0,7,1,0,1,1,3.0,0,2.0,0,70.0,87.0,0.0,240.0,2025
2,D,144.0,35.0,4.0,1.0,65,1.0,0.0,0.0,1,73,1,0.0,0,5.0,1.0,3,0.0,7,1,0,1,1,0.0,0,1.0,0,151.0,188.0,60.0,240.0,2025
6,D,120.0,54.0,7.0,1.0,30,1.0,1.0,0.0,1,36,1,0.0,0,5.0,1.0,1,0.0,7,1,0,1,1,0.0,0,1.0,0,135.0,168.0,60.0,240.0,2025
2,D,98.0,48.0,6.0,1.0,24,1.0,0.0,0.0,1,22,1,0.0,0,3.0,1.0,1,2.0,7,1,0,1,1,0.0,0,1.0,0,168.0,210.0,60.0,240.0,2025
6,D,168.0,34.0,4.0,1.0,79,1.0,1.0,1.0,1,83,2,0.0,0,3.0,3.0,1,0.0,7,1,0,1,1,1.0,0,1.0,0,210.0,240.0,60.0,240.0,2025
5,D,78.0,68.0,8.0,1.0,36,1.0,0.0,0.0,1,42,1,0.0,0,6.0,1.0,1,0.0,7,1,0,1,1,0.0,0,1.0,0,78.0,97.0,0.0,240.0,2025
2,D,97.0,42.0,6.0,1.0,64,1.0,0.0,0.0,1,70,1,0.0,0,1.0,1.0,1,2.0,7,1,0,1,1,0.0,0,1.0,0,97.0,121.0,60.0,240.0,2025
4,D,168.0,45.0,6.0,1.0,58,1.0,1.0,0.0,1,65,1,0.0,0,3.0,1.0,3,3.0,7,1,0,1,1,0.0,0,1.0,0,9996.0,9996.0,60.0,240.0,2025
4,D,84.0,38.0,5.0,1.0,58,1.0,1.0,0.0,1,65,1,0.0,0,3.0,1.0,1,3.0,7,1,0,1,1,0.0,0,1.0,0,151.0,188.0,60.0,240.0,2025
1,D,300.0,40.0,5.0,1.0,19,1.0,1.0,0.0,1,16,1,0.0,0,3.0,1.0,3,0.0,7,1,0,1,1,0.0,0,1.0,0,360.0,960.0,180.0,360.0,2025
5,D,78.0,31.0,4.0,1.0,83,1.0,1.0,1.0,1,87,1,0.0,0,3.0,1.0,1,0.0,7,1,0,1,1,1.0,0,1.0,0,78.0,97.0,0.0,240.0,2025
1,D,72.0,20.0,1.0,1.0,55,1.0,0.0,0.0,1,62,1,0.0,0,3.0,1.0,1,0.0,7,1,0,1,1,0.0,0,1.0,0,135.0,168.0,0.0,240.0,2025
3,D,70.0,51.0,7.0,1.0,16,1.0,0.0,0.0,1,14,1,0.0,0,3.0,1.0,1,0.0,7,1,0,1,1,0.0,0,1.0,0,70.0,87.0,60.0,240.0,2025
4,D,60.0,34.0,4.0,1.0,35,1.0,1.0,2.0,1,41,2,0.0,0,5.0,3.0,1,4.0,7,1,0,1,1,2.0,0,2.0,0,121.0,151.0,60.0,240.0,2025
1,D,120.0,41.0,6.0,1.0,93,1.0,1.0,3.0,1,32,1,0.0,0,5.0,1.0,1,3.0,7,1,0,1,1,3.0,0,2.0,0,120.0,120.0,120.0,240.0,2025
2,D,180.0,33.0,4.0,1.0,76,1.0,1.0,0.0,1,80,1,0.0,0,3.0,1.0,1,0.0,7,1,0,1,1,0.0,0,1.0,0,240.0,240.0,60.0,240.0,2025
5,D,36.0,34.0,4.0,1.0,83,3.0,1.0,0.0,1,87,1,0.0,0,5.0,6.0,1,0.0,7,1,0,1,1,0.0,0,1.0,0,63.0,78.0,0.0,240.0,2025
4,D,324.0,31.0,4.0,1.0,57,2.0,1.0,1.0,1,64,2,0.0,0,1.0,3.0,3,4.0,7,1,0,1,1,1.0,0,1.0,0,840.0,840.0,180.0,360.0,2025
4,D,97.0,40.0,5.0,1.0,53,1.0,1.0,3.0,1,60,1,0.0,0,3.0,1.0,1,3.0,7,1,0,1,1,3.0,0,2.0,0,78.0,97.0,60.0,240.0,2025
3,D,160.0,68.0,8.0,1.0,29,1.0,1.0,18.0,1,96,1,0.0,0,6.0,1.0,1,0.0,7,1,0,1,1,19.0,0,6.0,0,130.0,162.0,60.0,240.0,2025
2,D,60.0,57.0,7.0,1.0,28,1.0,1.0,0.0,1,35,1,0.0,0,6.0,6.0,1,0.0,7,1,0,1,1,0.0,0,1.0,0,78.0,97.0,0.0,240.0,2025
3,D,76.0,45.0,6.0,1.0,22,1.0,1.0,1.0,3,19,1,0.0,1,3.0,1.0,2,2.0,7,1,0,1,1,1.0,0,1.0,0,324.0,405.0,60.0,240.0,2025
3,D,0.03,31.0,4.0,1.0,38,1.0,1.0,4.0,1,44,1,0.0,0,3.0,2.0,1,4.0,8,1,0,1,1,4.0,0,3.0,0,15.0,21.0,0.0,120.0,2025
3,D,96.0,21.0,2.0,1.0,61,1.0,0.0,0.0,1,68,1,0.0,0,3.0,1.0,2,0.0,7,1,0,1,1,0.0,0,1.0,0,135.0,168.0,0.0,240.0,2025
4,D,72.0,54.0,7.0,1.0,58,1.0,0.0,0.0,1,65,1,0.0,0,5.0,1.0,1,2.0,7,1,0,1,1,0.0,0,1.0,0,151.0,188.0,60.0,240.0,2025
2,D,120.0,47.0,6.0,1.0,14,1.0,1.0,1.0,1,12,1,0.0,0,5.0,1.0,1,0.0,7,1,0,1,1,1.0,0,1.0,0,120.0,120.0,120.0,240.0,2025
2,D,135.0,47.0,6.0,1.0,21,1.0,1.0,3.0,1,18,1,0.0,0,1.0,1.0,1,0.0,7,1,0,1,1,3.0,0,2.0,0,120.0,135.0,120.0,240.0,2025
3,D,54.0,52.0,7.0,1.0,22,1.0,1.0,0.0,1,19,1,0.0,0,6.0,1.0,1,2.0,7,1,0,1,1,0.0,0,1.0,0,63.0,78.0,0.0,240.0,2025
2,D,90.0,40.0,5.0,1.0,65,1.0,1.0,0.0,1,73,2,0.0,0,3.0,3.0,1,1.0,7,1,0,1,1,0.0,0,1.0,0,210.0,240.0,60.0,240.0,2025
3,D,18.0,32.0,4.0,1.0,5,1.0,0.0,0.0,1,4,2,0.0,0,6.0,3.0,1,0.0,7,1,0,1,1,0.0,0,1.0,0,78.0,97.0,0.0,240.0,2025
2,D,87.0,51.0,7.0,1.0,24,1.0,1.0,0.0,1,22,1,0.0,0,5.0,1.0,1,2.0,7,1,0,1,1,0.0,0,1.0,0,151.0,188.0,60.0,240.0,2025
3,D,180.0,57.0,7.0,1.0,90,1.0,1.0,0.0,1,29,1,0.0,0,6.0,1.0,1,0.0,7,1,0,1,1,0.0,0,1.0,0,210.0,240.0,60.0,240.0,2025
2,D,24.0,54.0,7.0,1.0,77,1.0,1.0,10.0,1,81,1,0.0,0,5.0,1.0,1,0.0,7,1,0,1,1,10.0,0,5.0,0,92.0,115.0,0.0,240.0,2025
8,D,136.0,49.0,6.0,1.0,89,1.0,0.0,0.0,1,30,1,0.0,0,3.0,1.0,1,1.0,7,1,0,1,1,0.0,0,1.0,0,121.0,151.0,60.0,240.0,2025
3,D,63.0,48.0,6.0,1.0,44,1.0,1.0,0.0,1,50,1,0.0,0,3.0,1.0,2,1.0,7,1,0,1,1,0.0,0,1.0,0,63.0,78.0,60.0,240.0,2025
2,D,70.0,34.0,4.0,1.0,54,1.0,0.0,0.0,1,61,1,0.0,0,3.0,1.0,1,0.0,7,1,0,1,1,0.0,0,1.0,0,97.0,121.0,60.0,240.0,2025
4,D,78.0,38.0,5.0,1.0,58,1.0,1.0,0.0,1,65,2,0.0,0,1.0,3.0,1,2.0,7,1,0,1,1,0.0,0,1.0,0,78.0,97.0,0.0,120.0,2025
2,D,120.0,56.0,7.0,1.0,27,1.0,1.0,0.0,1,25,0,0.0,0,1.0,1.0,1,0.0,7,1,0,1,1,0.0,0,1.0,0,151.0,188.0,60.0,240.0,2025
1,D,78.0,32.0,4.0,1.0,41,1.0,1.0,0.0,1,47,1,0.0,0,5.0,1.0,2,0.0,7,1,0,1,1,0.0,0,1.0,0,78.0,97.0,60.0,240.0,2025
2,D,36.0,28.0,3.0,1.0,65,1.0,0.0,0.0,1,73,1,0.0,0,3.0,1.0,1,0.0,7,1,0,1,1,0.0,0,1.0,0,70.0,87.0,0.0,240.0,2025
3,D,240.0,38.0,5.0,1.0,91,1.0,1.0,0.0,1,31,2,0.0,0,3.0,3.0,2,2.0,7,1,0,1,1,0.0,0,1.0,0,262.0,327.0,180.0,360.0,2025
1,D,120.0,39.0,5.0,1.0,6,1.0,1.0,4.0,1,3,1,0.0,0,3.0,1.0,1,1.0,7,1,0,1,1,4.0,0,3.0,0,120.0,121.0,120.0,240.0,2025
4,D,72.0,32.0,4.0,1.0,56,1.0,1.0,0.0,1,63,1,0.0,0,5.0,1.0,1,0.0,7,1,0,1,1,0.0,0,1.0,0,97.0,121.0,60.0,240.0,2025
1,D,151.0,31.0,4.0,1.0,70,1.0,1.0,0.0,1,75,1,0.0,0,3.0,6.0,1,0.0,7,1,0,1,1,0.0,0,1.0,0,151.0,188.0,60.0,240.0,2025
2,D,42.0,46.0,6.0,1.0,77,1.0,1.0,2.0,1,81,1,0.0,0,5.0,1.0,1,1.0,7,1,0,1,1,2.0,0,2.0,0,108.0,135.0,0.0,240.0,2025
1,D,0.03,43.0,6.0,1.0,6,1.0,0.0,0.0,1,3,1,1.0,0,5.0,1.0,1,1.0,7,1,0,1,1,0.0,0,1.0,0,63.0,78.0,0.0,240.0,2025
3,D,36.0,36.0,5.0,1.0,68,1.0,1.0,1.0,1,74,2,0.0,0,3.0,3.0,1,0.0,7,1,0,1,1,1.0,0,1.0,0,70.0,87.0,0.0,240.0,2025
6,D,135.0,21.0,2.0,1.0,33,1.0,0.0,0.0,1,40,2,0.0,0,5.0,3.0,1,0.0,7,1,0,1,1,0.0,0,1.0,0,135.0,168.0,0.0,240.0,2025
2,D,180.0,60.0,7.0,1.0,66,1.0,1.0,1.0,1,72,1,0.0,0,5.0,1.0,1,0.0,7,1,0,1,1,1.0,0,1.0,0,180.0,180.0,180.0,480.0,2025
3,D,78.0,35.0,4.0,1.0,5,1.0,0.0,0.0,1,4,2,0.0,0,5.0,3.0,1,0.0,7,1,0,1,1,0.0,0,1.0,0,78.0,97.0,0.0,240.0,2025
2,D,120.0,55.0,7.0,1.0,77,1.0,1.0,3.0,1,81,1,0.0,0,5.0,1.0,1,0.0,7,1,0,1,1,3.0,0,2.0,0,120.0,121.0,120.0,240.0,2025
2,D,12.03,50.0,6.0,1.0,65,2.0,0.0,0.0,1,73,2,0.0,0,3.0,3.0,1,0.0,7,1,0,2,1,0.0,0,1.0,0,78.0,97.0,0.0,240.0,2025
1,D,60.0,55.0,7.0,1.0,71,1.0,1.0,0.0,1,76,1,0.0,0,5.0,1.0,1,1.0,7,1,0,1,1,0.0,0,1.0,0,97.0,121.0,60.0,240.0,2025
8,D,84.0,52.0,7.0,1.0,89,1.0,1.0,0.0,1,30,2,0.0,0,1.0,3.0,2,1.0,8,1,0,1,1,0.0,0,1.0,0,18.0,24.0,0.0,60.0,2025
1,D,24.0,62.0,8.0,1.0,11,1.0,0.0,0.0,1,9,1,0.0,0,5.0,1.0,1,0.0,7,1,0,1,1,0.0,0,1.0,0,78.0,97.0,0.0,240.0,2025
3,D,37.0,38.0,5.0,1.0,68,1.0,1.0,0.0,1,74,0,0.0,0,5.0,1.0,1,,7,1,0,1,1,0.0,0,1.0,0,78.0,97.0,0.0,240.0,2025
3,D,120.0,40.0,5.0,1.0,31,1.0,1.0,3.0,1,37,1,0.0,0,3.0,1.0,1,0.0,7,1,0,1,1,3.0,0,2.0,0,120.0,120.0,120.0,240.0,2025
2,D,300.0,51.0,7.0,1.0,24,1.0,1.0,3.0,1,22,1,0.0,0,5.0,1.0,1,0.0,7,1,0,1,1,3.0,0,2.0,0,360.0,480.0,180.0,480.0,2025
3,D,38.0,45.0,6.0,1.0,42,1.0,0.0,0.0,1,48,2,0.0,0,6.0,3.0,1,0.0,7,1,0,1,1,0.0,0,1.0,0,57.0,71.0,0.0,240.0,2025
3,D,120.0,29.0,3.0,1.0,34,3.0,1.0,0.0,1,39,2,0.0,0,6.0,3.0,1,0.0,7,1,0,1,1,0.0,0,1.0,0,97.0,121.0,0.0,240.0,2025
2,D,0.03,81.0,8.0,1.0,24,1.0,0.0,0.0,1,22,1,0.0,0,6.0,1.0,1,0.0,7,1,0,1,1,0.0,0,1.0,0,51.0,63.0,0.0,240.0,2025
3,D,225.0,34.0,4.0,1.0,68,1.0,1.0,1.0,1,74,0,0.0,0,5.0,1.0,1,0.0,7,1,0,1,1,1.0,0,1.0,0,210.0,262.0,180.0,480.0,2025
3,D,51.0,50.0,6.0,1.0,34,1.0,0.0,0.0,1,39,1,0.0,0,6.0,1.0,1,0.0,7,1,0,1,1,0.0,0,1.0,0,51.0,63.0,0.0,240.0,2025
2,D,180.0,34.0,4.0,1.0,76,1.0,1.0,9.0,1,80,1,0.0,0,6.0,1.0,1,3.0,7,1,0,1,1,10.0,0,5.0,0,188.0,235.0,180.0,480.0,2025
4,D,70.0,73.0,8.0,1.0,82,1.0,0.0,0.0,1,85,1,0.0,0,3.0,6.0,2,0.0,7,1,0,1,1,0.0,0,1.0,0,97.0,121.0,60.0,240.0,2025
2,A,0.03,42.0,6.0,1.0,66,1.0,1.0,0.0,1,72,1,0.0,0,3.0,1.0,1,2.0,8,1,0,1,1,0.0,0,1.0,0,0.0,6.0,0.0,60.0,2025
1,D,75.0,45.0,6.0,1.0,41,1.0,1.0,0.0,1,47,1,0.0,0,5.0,1.0,1,2.0,7,1,0,1,1,0.0,0,1.0,0,151.0,188.0,60.0,240.0,2025
4,D,240.0,59.0,7.0,1.0,59,1.0,1.0,6.0,1,66,0,0.0,0,6.0,1.0,1,0.0,7,1,0,1,1,6.0,0,3.0,0,240.0,240.0,120.0,240.0,2025
3,D,60.0,32.0,4.0,1.0,63,1.0,1.0,0.0,1,95,1,0.0,0,3.0,1.0,1,0.0,7,1,0,1,1,0.0,0,1.0,0,63.0,78.0,60.0,480.0,2025
4,D,300.0,34.0,4.0,1.0,58,1.0,0.0,0.0,1,65,1,0.0,0,6.0,1.0,4,0.0,7,1,0,1,1,0.0,0,1.0,0,292.0,365.0,120.0,9996.0,2025
1,D,97.0,45.0,6.0,1.0,10,2.0,0.0,0.0,1,8,2,0.0,0,6.0,3.0,4,0.0,7,1,0,1,1,0.0,0,1.0,0,78.0,97.0,0.0,60.0,2025
1,D,12.03,46.0,6.0,1.0,10,2.0,0.0,0.0,1,8,1,1.0,0,3.0,6.0,1,2.0,8,1,0,1,1,0.0,0,1.0,0,27.0,33.0,0.0,60.0,2025
1,D,96.0,62.0,8.0,1.0,46,1.0,1.0,2.0,1,53,2,0.0,0,1.0,3.0,2,0.0,7,1,0,1,1,2.0,0,2.0,0,135.0,168.0,60.0,240.0,2025
1,D,300.0,32.0,4.0,1.0,41,1.0,1.0,0.0,1,47,1,0.0,0,6.0,1.0,4,0.0,7,1,0,1,1,0.0,0,1.0,0,9996.0,9996.0,120.0,9996.0,2025
1,D,120.0,34.0,4.0,1.0,3,1.0,1.0,2.0,1,1,1,0.0,0,6.0,1.0,1,0.0,7,1,0,1,1,2.0,0,2.0,0,120.0,135.0,120.0,240.0,2025
2,D,84.0,51.0,7.0,1.0,84,1.0,1.0,0.0,1,88,1,0.0,0,5.0,1.0,1,0.0,7,1,0,1,1,0.0,0,1.0,0,151.0,188.0,60.0,240.0,2025
2,D,470.0,46.0,6.0,1.0,64,1.0,1.0,0.0,3,70,1,0.0,1,3.0,1.0,8,9.0,7,1,0,1,1,0.0,0,1.0,0,9996.0,9996.0,60.0,240.0,2025
3,D,120.0,28.0,3.0,1.0,91,3.0,1.0,2.0,1,31,2,0.0,0,3.0,3.0,2,0.0,7,1,0,1,1,2.0,0,2.0,0,135.0,168.0,60.0,240.0,2025
1,D,84.0,39.0,5.0,1.0,93,1.0,0.0,0.0,1,32,1,0.0,0,3.0,2.0,1,0.0,7,1,0,1,1,0.0,0,1.0,0,151.0,188.0,60.0,240.0,2025
2,D,132.0,31.0,4.0,1.0,39,1.0,0.0,0.0,1,45,1,1.0,0,3.0,1.0,1,0.0,7,1,0,1,1,0.0,0,1.0,0,151.0,188.0,60.0,240.0,2025
6,D,87.0,46.0,6.0,1.0,79,1.0,0.0,0.0,1,83,1,0.0,0,6.0,1.0,2,1.0,7,1,0,1,1,0.0,0,1.0,0,87.0,108.0,0.0,360.0,2025
3,D,120.0,53.0,7.0,1.0,22,1.0,1.0,0.0,1,19,1,0.0,0,5.0,1.0,2,,7,1,0,1,1,0.0,0,1.0,0,151.0,188.0,60.0,240.0,2025
8,D,120.0,50.0,6.0,1.0,89,1.0,1.0,3.0,1,30,1,0.0,0,5.0,2.0,1,0.0,7,1,0,1,1,3.0,0,2.0,0,120.0,121.0,120.0,240.0,2025
2,D,120.0,40.0,5.0,1.0,39,1.0,1.0,0.0,1,45,1,0.0,0,3.0,1.0,1,2.0,7,1,0,1,1,0.0,0,1.0,0,240.0,240.0,60.0,240.0,2025
3,D,180.0,58.0,7.0,1.0,34,1.0,0.0,0.0,1,39,1,0.0,0,3.0,1.0,1,0.0,7,1,0,1,1,0.0,0,1.0,0,168.0,210.0,60.0,240.0,2025
3,D,97.0,29.0,3.0,1.0,16,1.0,1.0,0.0,1,14,1,0.0,0,3.0,1.0,1,0.0,7,1,0,1,1,0.0,0,1.0,0,121.0,151.0,60.0,240.0,2025
1,D,114.0,29.0,3.0,1.0,1,1.0,1.0,0.0,1,90,1,0.0,0,3.0,2.0,1,0.0,7,1,0,1,1,0.0,0,1.0,0,151.0,188.0,60.0,240.0,2025
4,D,120.0,43.0,6.0,1.0,58,1.0,1.0,3.0,1,65,1,0.0,0,3.0,1.0,1,0.0,7,1,0,1,1,3.0,0,2.0,0,120.0,120.0,120.0,240.0,2025
2,D,97.0,41.0,6.0,1.0,54,1.0,1.0,0.0,1,61,1,0.0,0,3.0,1.0,2,0.0,7,1,0,1,1,0.0,0,1.0,0,97.0,121.0,0.0,120.0,2025
3,D,151.0,40.0,5.0,1.0,22,1.0,1.0,3.0,1,19,1,0.0,0,3.0,1.0,1,0.0,7,1,0,1,1,3.0,0,2.0,0,151.0,188.0,120.0,240.0,2025
3,D,48.0,46.0,6.0,1.0,91,2.0,0.0,0.0,1,31,1,0.0,0,6.0,6.0,1,0.0,7,1,0,1,1,0.0,0,1.0,0,51.0,63.0,0.0,240.0,2025
3,D,60.0,22.0,2.0,1.0,67,1.0,0.0,0.0,1,71,2,0.0,0,1.0,3.0,1,0.0,7,1,0,1,1,0.0,0,1.0,0,168.0,210.0,60.0,240.0,2025
1,C,8.0,35.0,4.0,1.0,50,1.0,1.0,1.0,1,56,1,0.0,0,3.0,2.0,3,3.0,8,1,0,2,1,1.0,0,1.0,0,12.0,18.0,0.0,60.0,2025
2,D,120.0,27.0,3.0,1.0,45,1.0,1.0,0.0,1,51,1,0.0,0,5.0,1.0,2,0.0,7,1,0,1,1,0.0,0,1.0,0,151.0,188.0,60.0,240.0,2025
5,D,78.0,36.0,5.0,1.0,83,1.0,1.0,0.0,1,87,1,0.0,0,3.0,1.0,1,0.0,7,1,0,1,1,0.0,0,1.0,0,78.0,97.0,0.0,240.0,2025
3,D,36.0,40.0,5.0,1.0,67,1.0,0.0,0.0,1,71,1,0.0,0,5.0,1.0,1,0.0,7,1,0,1,1,0.0,0,1.0,0,51.0,63.0,0.0,240.0,2025
3,D,60.0,25.0,2.0,1.0,91,1.0,1.0,0.0,1,31,1,0.0,0,6.0,1.0,2,0.0,7,1,0,1,1,0.0,0,1.0,0,87.0,108.0,60.0,240.0,2025
1,D,60.0,37.0,5.0,1.0,3,1.0,0.0,0.0,1,1,1,0.0,0,6.0,1.0,1,0.0,7,1,0,1,1,0.0,0,1.0,0,121.0,151.0,60.0,240.0,2025
5,D,12.03,54.0,7.0,1.0,36,1.0,0.0,0.0,1,42,1,0.0,0,1.0,1.0,1,1.0,7,1,0,1,1,0.0,0,1.0,0,78.0,97.0,0.0,240.0,2025
4,D,78.0,55.0,7.0,1.0,59,1.0,1.0,0.0,1,66,1,0.0,0,5.0,1.0,1,0.0,7,1,0,1,1,0.0,0,1.0,0,151.0,188.0,60.0,240.0,2025
4,D,84.0,32.0,4.0,1.0,59,1.0,1.0,1.0,1,66,0,0.0,0,5.0,1.0,1,0.0,7,1,0,1,1,1.0,0,1.0,0,108.0,135.0,60.0,240.0,2025
3,D,100.0,73.0,8.0,1.0,52,1.0,1.0,3.0,1,58,1,0.0,0,3.0,1.0,2,0.0,7,1,0,1,1,3.0,0,2.0,0,70.0,87.0,0.0,60.0,2025
3,D,0.03,48.0,6.0,1.0,23,1.0,1.0,0.0,1,20,0,0.0,0,1.0,1.0,1,0.0,7,1,0,1,1,0.0,0,1.0,0,78.0,97.0,0.0,240.0,2025
1,D,120.0,39.0,5.0,1.0,13,1.0,1.0,1.0,1,11,1,0.0,0,3.0,1.0,1,0.0,7,1,0,1,1,1.0,0,1.0,0,97.0,121.0,0.0,240.0,2025
2,D,292.0,62.0,8.0,1.0,66,1.0,1.0,3.0,1,72,1,0.0,0,5.0,1.0,8,0.0,7,1,0,1,1,3.0,0,2.0,0,292.0,365.0,180.0,480.0,2025
3,D,18.0,25.0,2.0,1.0,42,1.0,1.0,0.0,1,48,1,0.0,0,5.0,1.0,1,0.0,7,1,0,1,1,0.0,0,1.0,0,135.0,168.0,0.0,240.0,2025
2,D,120.0,67.0,8.0,1.0,39,1.0,1.0,4.0,1,45,1,0.0,0,6.0,1.0,1,0.0,7,1,0,1,1,4.0,0,3.0,0,120.0,120.0,120.0,240.0,2025
4,D,87.0,48.0,6.0,1.0,82,1.0,0.0,0.0,1,85,1,0.0,0,3.0,1.0,1,0.0,7,1,0,1,1,0.0,0,1.0,0,135.0,168.0,60.0,240.0,2025
3,D,120.0,53.0,7.0,1.0,75,1.0,1.0,4.0,1,79,1,0.0,0,3.0,1.0,1,1.0,7,1,0,1,1,4.0,0,3.0,0,120.0,120.0,120.0,240.0,2025
3,D,156.0,45.0,6.0,1.0,91,1.0,1.0,1.0,1,31,1,0.0,0,5.0,2.0,1,2.0,7,1,0,1,1,1.0,0,1.0,0,120.0,120.0,120.0,240.0,2025
4,D,97.0,33.0,4.0,1.0,82,3.0,1.0,0.0,1,85,2,0.0,0,1.0,3.0,1,3.0,7,1,0,1,1,0.0,0,1.0,0,60.0,60.0,60.0,240.0,2025
3,D,28.0,67.0,8.0,1.0,23,1.0,0.0,0.0,1,20,1,0.0,0,6.0,1.0,1,1.0,7,1,0,1,1,0.0,0,1.0,0,108.0,135.0,0.0,240.0,2025
5,D,70.0,21.0,2.0,1.0,83,1.0,0.0,0.0,1,87,2,0.0,0,3.0,3.0,1,0.0,7,1,0,1,1,0.0,0,1.0,0,97.0,121.0,0.0,240.0,2025
2,D,96.0,29.0,3.0,1.0,84,1.0,1.0,0.0,1,88,1,0.0,0,3.0,1.0,1,0.0,7,1,0,1,1,0.0,0,1.0,0,121.0,151.0,60.0,240.0,2025
4,D,146.0,44.0,6.0,1.0,35,1.0,1.0,0.0,1,41,1,0.0,0,5.0,1.0,1,2.0,7,1,0,1,1,0.0,0,1.0,0,188.0,235.0,60.0,240.0,2025
3,D,48.0,39.0,5.0,1.0,91,1.0,1.0,0.0,1,31,1,0.0,0,5.0,2.0,1,4.0,7,1,0,1,1,0.0,0,1.0,0,78.0,97.0,0.0,240.0,2025
4,D,0.03,23.0,2.0,1.0,59,1.0,0.0,0.0,1,66,0,0.0,0,3.0,1.0,2,0.0,7,1,0,1,1,0.0,0,1.0,0,78.0,97.0,0.0,240.0,2025
5,D,180.0,60.0,7.0,1.0,36,1.0,1.0,0.0,1,42,2,0.0,0,5.0,3.0,2,2.0,7,1,0,1,1,0.0,0,1.0,0,151.0,188.0,0.0,240.0,2025
4,D,120.0,48.0,6.0,1.0,72,1.0,1.0,3.0,1,77,1,0.0,0,3.0,1.0,1,2.0,7,1,0,1,1,3.0,0,2.0,0,120.0,120.0,120.0,240.0,2025
3,D,108.0,24.0,2.0,1.0,16,1.0,1.0,1.0,1,14,1,0.0,0,1.0,1.0,1,1.0,7,1,0,1,1,1.0,0,1.0,0,97.0,121.0,60.0,480.0,2025
1,D,36.0,26.0,3.0,1.0,93,1.0,0.0,0.0,1,32,1,1.0,0,5.0,1.0,1,0.0,7,1,0,1,1,0.0,0,1.0,0,30.0,37.0,0.0,240.0,2025
2,D,74.0,29.0,3.0,1.0,84,1.0,1.0,0.0,1,88,1,0.0,0,5.0,1.0,2,0.0,7,1,0,1,1,0.0,0,1.0,0,78.0,97.0,0.0,240.0,2025
3,D,120.0,76.0,8.0,1.0,38,1.0,1.0,3.0,1,44,1,0.0,0,6.0,1.0,1,0.0,7,1,0,1,1,3.0,0,2.0,0,120.0,120.0,120.0,240.0,2025
5,D,60.0,35.0,4.0,1.0,36,1.0,1.0,0.0,1,42,2,0.0,0,6.0,3.0,1,0.0,7,1,0,1,1,0.0,0,1.0,0,63.0,78.0,60.0,240.0,2025
1,D,63.0,46.0,6.0,1.0,46,1.0,0.0,0.0,3,53,1,0.0,1,5.0,1.0,1,0.0,7,1,0,1,1,0.0,0,1.0,0,63.0,78.0,0.0,120.0,2025
5,D,120.0,46.0,6.0,1.0,92,1.0,1.0,3.0,1,33,1,0.0,0,5.0,2.0,1,0.0,7,1,0,1,1,3.0,0,2.0,0,120.0,120.0,120.0,240.0,2025
1,D,540.0,40.0,5.0,1.0,9,1.0,1.0,4.0,1,6,1,0.0,0,3.0,1.0,10,2.0,7,1,0,1,1,4.0,0,5.0,0,5280.0,5280.0,300.0,600.0,2025
8,D,87.0,39.0,5.0,1.0,60,1.0,1.0,1.0,1,67,1,0.0,0,3.0,1.0,1,1.0,7,1,0,1,1,1.0,0,1.0,0,151.0,188.0,60.0,240.0,2025
1,D,190.0,49.0,6.0,1.0,8,1.0,1.0,8.0,1,7,1,0.0,0,5.0,1.0,1,0.0,7,1,0,1,1,8.0,0,4.0,0,180.0,210.0,180.0,480.0,2025
2,D,36.0,25.0,2.0,1.0,77,3.0,0.0,0.0,1,81,1,1.0,0,3.0,1.0,1,0.0,7,1,0,1,1,0.0,0,1.0,0,78.0,97.0,0.0,240.0,2025
3,D,120.0,52.0,7.0,1.0,91,1.0,1.0,0.0,3,31,1,0.0,1,3.0,1.0,2,0.0,7,1,0,1,1,0.0,0,1.0,0,108.0,135.0,60.0,240.0,2025
3,D,60.0,23.0,2.0,1.0,90,1.0,1.0,0.0,1,29,1,0.0,0,5.0,1.0,1,0.0,7,1,0,1,1,0.0,0,1.0,0,168.0,210.0,60.0,240.0,2025
2,D,60.0,28.0,3.0,1.0,24,1.0,0.0,0.0,1,22,2,0.0,0,5.0,3.0,1,0.0,7,1,0,1,1,0.0,0,1.0,0,210.0,240.0,60.0,240.0,2025
3,D,,23.0,2.0,1.0,75,1.0,0.0,0.0,1,79,2,0.0,0,3.0,3.0,1,0.0,7,0,1,4,0,0.0,0,1.0,0,78.0,97.0,0.0,240.0,2025
3,D,188.0,35.0,4.0,1.0,34,1.0,0.0,0.0,1,39,1,0.0,0,3.0,1.0,1,0.0,7,1,0,1,1,0.0,0,1.0,0,188.0,235.0,60.0,240.0,2025
3,D,216.0,23.0,2.0,1.0,34,1.0,1.0,0.0,1,39,2,0.0,0,3.0,3.0,1,0.0,7,1,0,1,1,0.0,0,1.0,0,240.0,240.0,60.0,240.0,2025
3,D,51.0,27.0,3.0,1.0,91,1.0,0.0,0.0,1,31,2,0.0,0,5.0,3.0,1,0.0,7,1,0,1,1,0.0,0,1.0,0,70.0,87.0,0.0,240.0,2025
3,D,91.0,28.0,3.0,1.0,91,2.0,1.0,0.0,1,31,2,0.0,0,5.0,3.0,1,0.0,7,1,0,1,1,0.0,0,1.0,0,121.0,151.0,60.0,240.0,2025
6,D,97.0,37.0,5.0,1.0,30,1.0,1.0,4.0,1,36,1,0.0,0,5.0,1.0,1,0.0,7,1,0,1,1,4.0,0,3.0,0,97.0,121.0,0.0,240.0,2025
4,D,78.0,42.0,6.0,1.0,82,1.0,0.0,0.0,1,85,1,0.0,0,3.0,1.0,3,0.0,7,1,0,1,1,0.0,0,1.0,0,78.0,97.0,0.0,36.0,2025
2,D,480.0,33.0,4.0,1.0,24,1.0,0.0,0.0,1,22,2,0.0,0,3.0,3.0,2,1.0,7,1,0,1,1,0.0,0,1.0,0,600.0,600.0,180.0,360.0,2025
2,D,80.0,42.0,6.0,1.0,65,1.0,0.0,0.0,1,73,1,0.0,0,5.0,1.0,2,0.0,7,1,0,1,1,0.0,0,1.0,0,151.0,188.0,60.0,240.0,2025
2,D,5.0,34.0,4.0,1.0,12,1.0,0.0,0.0,1,10,1,0.0,0,3.0,1.0,1,2.0,7,1,0,1,1,0.0,0,1.0,0,70.0,87.0,0.0,120.0,2025
3,D,120.0,36.0,5.0,1.0,22,1.0,1.0,3.0,1,19,1,0.0,0,5.0,1.0,1,,7,1,0,1,1,3.0,0,2.0,0,120.0,120.0,120.0,240.0,2025
1,D,135.0,45.0,6.0,1.0,49,1.0,1.0,0.0,1,55,1,0.0,0,6.0,1.0,1,0.0,7,1,0,1,1,0.0,0,1.0,0,135.0,168.0,60.0,240.0,2025
2,D,51.0,28.0,3.0,1.0,14,1.0,1.0,0.0,1,12,1,0.0,0,3.0,1.0,1,0.0,7,1,0,1,1,0.0,0,1.0,0,97.0,121.0,0.0,240.0,2025
1,D,120.0,29.0,3.0,1.0,49,1.0,1.0,5.0,1,55,1,0.0,0,5.0,1.0,1,0.0,7,1,0,1,1,5.0,0,3.0,0,120.0,120.0,120.0,240.0,2025
3,D,96.0,28.0,3.0,1.0,42,1.0,0.0,0.0,1,48,1,1.0,0,3.0,1.0,1,0.0,7,1,0,1,1,0.0,0,1.0,0,108.0,135.0,60.0,240.0,2025
4,D,84.0,52.0,7.0,1.0,56,1.0,1.0,0.0,1,63,1,0.0,0,5.0,1.0,1,1.0,7,1,0,1,1,0.0,0,1.0,0,151.0,188.0,60.0,240.0,2025
2,D,190.0,55.0,7.0,1.0,87,1.0,1.0,0.0,1,26,1,0.0,0,5.0,1.0,2,0.0,7,1,0,1,1,0.0,0,1.0,0,210.0,262.0,60.0,240.0,2025
6,D,85.0,24.0,2.0,1.0,33,1.0,0.0,0.0,1,40,1,0.0,0,1.0,1.0,1,0.0,7,1,0,1,1,0.0,0,1.0,0,97.0,121.0,0.0,240.0,2025
3,D,151.0,38.0,5.0,1.0,91,1.0,0.0,0.0,1,31,1,0.0,0,6.0,2.0,3,0.0,7,1,0,1,1,0.0,0,1.0,0,151.0,188.0,60.0,240.0,2025
4,D,86.0,38.0,5.0,1.0,56,1.0,1.0,4.0,1,63,1,0.0,0,3.0,1.0,1,0.0,7,1,0,1,1,4.0,0,3.0,0,121.0,151.0,0.0,240.0,2025
3,D,144.0,20.0,1.0,1.0,34,1.0,0.0,0.0,1,39,1,0.0,0,5.0,1.0,1,0.0,7,1,0,1,1,0.0,0,1.0,0,135.0,168.0,0.0,240.0,2025
8,D,60.0,45.0,6.0,1.0,60,1.0,1.0,0.0,1,67,0,0.0,0,3.0,1.0,1,0.0,7,1,0,1,1,0.0,0,1.0,0,97.0,121.0,60.0,240.0,2025
3,D,24.0,27.0,3.0,1.0,23,1.0,0.0,0.0,1,20,1,0.0,0,3.0,1.0,1,0.0,7,1,0,1,1,0.0,0,1.0,0,60.0,60.0,0.0,60.0,2025
6,D,188.0,57.0,7.0,1.0,79,1.0,1.0,2.0,1,83,1,0.0,0,5.0,1.0,1,0.0,7,1,0,1,1,2.0,0,2.0,0,151.0,188.0,120.0,240.0,2025
1,D,188.0,45.0,6.0,1.0,11,1.0,1.0,3.0,1,9,1,0.0,0,5.0,1.0,1,1.0,7,1,0,1,1,3.0,0,2.0,0,188.0,235.0,120.0,240.0,2025
3,D,0.03,55.0,7.0,1.0,91,1.0,1.0,0.0,1,31,2,0.0,0,5.0,3.0,1,0.0,7,1,0,1,1,0.0,0,1.0,0,78.0,97.0,0.0,240.0,2025
3,D,96.0,42.0,6.0,1.0,52,1.0,1.0,5.0,1,58,1,0.0,0,5.0,6.0,1,0.0,7,1,0,1,1,5.0,0,3.0,0,78.0,97.0,60.0,240.0,2025
3,D,120.0,53.0,7.0,1.0,42,1.0,1.0,3.0,1,48,1,0.0,0,3.0,1.0,1,0.0,7,1,0,1,1,3.0,0,2.0,0,135.0,168.0,120.0,240.0,2025
1,D,96.0,70.0,8.0,1.0,41,1.0,1.0,0.0,1,47,1,0.0,0,5.0,1.0,2,0.0,7,1,0,1,1,0.0,0,1.0,0,151.0,188.0,60.0,240.0,2025
2,D,70.0,57.0,7.0,1.0,17,1.0,1.0,0.0,1,15,1,0.0,0,3.0,1.0,1,0.0,7,1,0,1,1,0.0,0,1.0,0,78.0,97.0,0.0,240.0,2025
2,D,144.0,33.0,4.0,1.0,17,1.0,1.0,,1,15,1,0.0,0,,1.0,1,,7,1,0,1,1,,0,2.0,0,151.0,188.0,0.0,240.0,2025
2,D,,24.0,2.0,1.0,17,1.0,1.0,1.0,1,15,1,1.0,0,3.0,6.0,1,1.0,8,0,1,4,0,1.0,0,1.0,0,18.0,24.0,0.0,60.0,2025
5,D,24.0,44.0,6.0,1.0,92,1.0,1.0,11.0,1,33,1,0.0,0,1.0,2.0,1,2.0,8,1,0,1,1,12.0,0,5.0,0,30.0,37.0,0.0,60.0,2025
1,A,,61.0,8.0,1.0,8,1.0,1.0,0.0,1,7,1,0.0,0,3.0,1.0,1,0.0,8,0,1,4,0,0.0,0,1.0,0,0.0,6.0,0.0,60.0,2025
4,D,72.0,47.0,6.0,1.0,58,1.0,1.0,0.0,1,65,1,0.0,0,5.0,1.0,1,1.0,7,1,0,1,1,0.0,0,1.0,0,135.0,168.0,0.0,240.0,2025
4,D,168.0,66.0,8.0,1.0,58,1.0,1.0,0.0,1,65,1,0.0,0,5.0,1.0,1,0.0,7,1,0,1,1,0.0,0,1.0,0,168.0,210.0,120.0,240.0,2025
3,D,108.0,52.0,7.0,1.0,67,3.0,1.0,0.0,1,71,2,0.0,0,1.0,3.0,1,0.0,7,1,0,1,1,0.0,0,1.0,0,97.0,121.0,0.0,240.0,2025
3,D,64.0,24.0,2.0,1.0,38,1.0,0.0,0.0,1,44,1,0.0,0,3.0,1.0,2,0.0,7,1,0,1,1,0.0,0,1.0,0,63.0,78.0,60.0,240.0,2025
5,D,84.0,57.0,7.0,1.0,36,1.0,0.0,0.0,4,42,1,0.0,1,6.0,1.0,1,1.0,7,1,0,1,1,0.0,0,1.0,0,78.0,97.0,0.0,240.0,2025
2,D,70.0,56.0,7.0,1.0,24,1.0,0.0,0.0,1,22,1,0.0,0,6.0,1.0,1,1.0,7,1,0,1,1,0.0,0,1.0,0,121.0,151.0,60.0,240.0,2025
4,D,192.0,30.0,3.0,1.0,56,1.0,0.0,0.0,1,63,1,0.0,0,1.0,1.0,1,0.0,7,1,0,1,1,0.0,0,1.0,0,210.0,240.0,60.0,240.0,2025
1,D,720.0,31.0,4.0,1.0,46,1.0,1.0,0.0,1,53,1,0.0,0,6.0,1.0,34,0.0,7,1,0,1,1,0.0,0,1.0,0,8880.0,8880.0,180.0,360.0,2025
7,D,120.0,54.0,7.0,1.0,25,1.0,1.0,0.0,1,23,1,0.0,0,5.0,1.0,1,0.0,7,1,0,1,1,0.0,0,1.0,0,135.0,168.0,0.0,240.0,2025
1,D,21.0,49.0,6.0,1.0,50,1.0,1.0,3.0,1,56,1,0.0,0,5.0,2.0,1,0.0,8,1,0,1,1,3.0,0,2.0,0,15.0,21.0,0.0,60.0,2025
2,D,,72.0,8.0,1.0,26,1.0,1.0,0.0,1,24,1,0.0,0,6.0,1.0,1,0.0,7,0,1,4,0,0.0,0,1.0,0,51.0,63.0,0.0,240.0,2025
4,D,0.03,76.0,8.0,1.0,58,1.0,0.0,0.0,1,65,1,0.0,0,6.0,1.0,1,0.0,7,1,0,1,1,0.0,0,1.0,0,78.0,97.0,0.0,240.0,2025
1,D,120.0,32.0,4.0,1.0,6,1.0,1.0,2.0,1,3,2,0.0,0,5.0,3.0,1,0.0,7,1,0,1,1,2.0,0,2.0,0,120.0,120.0,120.0,240.0,2025
8,D,84.0,19.0,1.0,1.0,89,1.0,1.0,0.0,1,30,1,0.0,0,5.0,1.0,1,0.0,7,1,0,1,1,0.0,0,1.0,0,97.0,121.0,0.0,240.0,2025
1,D,170.0,42.0,6.0,1.0,9,1.0,1.0,0.0,1,6,1,0.0,0,5.0,1.0,2,0.0,7,1,0,1,1,0.0,0,1.0,0,151.0,188.0,60.0,240.0,2025
1,D,120.0,34.0,4.0,1.0,46,1.0,0.0,0.0,1,53,1,0.0,0,1.0,1.0,6,0.0,7,1,0,1,1,0.0,0,1.0,0,292.0,365.0,60.0,240.0,2025
3,D,60.0,34.0,4.0,1.0,63,1.0,0.0,0.0,1,95,1,0.0,0,3.0,1.0,1,0.0,7,1,0,1,1,0.0,0,1.0,0,210.0,240.0,60.0,240.0,2025
8,D,97.0,56.0,7.0,1.0,89,1.0,1.0,0.0,1,30,1,0.0,0,6.0,1.0,1,0.0,7,1,0,1,1,0.0,0,1.0,0,97.0,121.0,60.0,240.0,2025
5,D,210.0,34.0,4.0,1.0,62,1.0,1.0,0.0,1,69,1,0.0,0,3.0,6.0,2,2.0,7,1,0,1,1,0.0,0,1.0,0,210.0,262.0,60.0,240.0,2025
2,D,60.0,23.0,2.0,1.0,17,1.0,0.0,0.0,1,15,2,0.0,0,3.0,3.0,1,0.0,7,1,0,1,1,0.0,0,1.0,0,60.0,63.0,60.0,240.0,2025
3,B,12.03,65.0,8.0,1.0,34,2.0,1.0,0.0,1,39,1,1.0,0,1.0,6.0,1,0.0,8,1,0,1,1,0.0,0,1.0,0,6.0,12.0,0.0,60.0,2025
7,D,210.0,43.0,6.0,1.0,25,1.0,1.0,8.0,1,23,1,0.0,0,5.0,1.0,1,0.0,7,1,0,1,1,9.0,0,4.0,0,210.0,262.0,180.0,480.0,2025
2,D,180.0,47.0,6.0,1.0,54,1.0,1.0,3.0,1,61,1,0.0,0,5.0,1.0,1,0.0,7,1,0,1,1,3.0,0,2.0,0,180.0,180.0,180.0,9996.0,2025
1,D,157.0,24.0,2.0,1.0,41,1.0,0.0,0.0,1,47,0,0.0,0,3.0,1.0,2,0.0,7,1,0,1,1,0.0,0,1.0,0,210.0,262.0,60.0,240.0,2025
8,D,97.0,28.0,3.0,1.0,60,1.0,1.0,1.0,1,67,1,0.0,0,5.0,1.0,1,0.0,7,1,0,1,1,1.0,0,1.0,0,151.0,188.0,60.0,240.0,2025
1,D,72.0,41.0,6.0,1.0,41,1.0,1.0,0.0,1,47,1,0.0,0,5.0,1.0,1,2.0,7,1,0,1,1,0.0,0,1.0,0,151.0,188.0,60.0,240.0,2025
2,D,144.0,54.0,7.0,1.0,84,1.0,1.0,0.0,1,88,0,0.0,0,3.0,1.0,1,0.0,7,1,0,1,1,0.0,0,1.0,0,60.0,60.0,60.0,240.0,2025
1,D,144.0,29.0,3.0,1.0,40,1.0,0.0,0.0,1,46,1,0.0,0,3.0,1.0,1,0.0,7,1,0,1,1,0.0,0,1.0,0,135.0,168.0,0.0,240.0,2025
1,D,75.0,24.0,2.0,1.0,13,1.0,1.0,0.0,1,11,1,0.0,0,3.0,1.0,1,0.0,7,1,0,1,1,0.0,0,1.0,0,63.0,78.0,60.0,240.0,2025
2,D,210.0,22.0,2.0,1.0,39,1.0,1.0,4.0,1,45,1,0.0,0,5.0,1.0,1,3.0,7,1,0,1,1,4.0,0,3.0,0,188.0,235.0,60.0,240.0,2025
4,D,78.0,45.0,6.0,1.0,57,1.0,1.0,0.0,1,64,1,0.0,0,6.0,1.0,1,0.0,7,1,0,1,1,0.0,0,1.0,0,97.0,121.0,0.0,240.0,2025
1,D,240.0,43.0,6.0,1.0,47,1.0,1.0,0.0,1,52,1,0.0,0,5.0,1.0,2,1.0,7,1,0,1,1,0.0,0,1.0,0,9996.0,9996.0,120.0,9996.0,2025
3,D,78.0,50.0,6.0,1.0,91,2.0,0.0,0.0,1,31,1,0.0,0,3.0,6.0,1,0.0,7,1,0,1,1,0.0,0,1.0,0,78.0,97.0,0.0,240.0,2025
4,D,18.0,22.0,2.0,1.0,35,3.0,0.0,0.0,1,41,2,0.0,0,3.0,3.0,1,0.0,7,1,0,1,1,0.0,0,1.0,0,78.0,97.0,0.0,240.0,2025
3,D,235.0,40.0,5.0,1.0,38,1.0,1.0,0.0,1,44,1,0.0,0,5.0,1.0,7,0.0,7,1,0,1,1,0.0,0,1.0,0,188.0,235.0,60.0,240.0,2025
4,D,24.0,31.0,4.0,1.0,58,1.0,1.0,2.0,1,65,1,0.0,0,3.0,2.0,1,3.0,8,1,0,1,1,2.0,0,2.0,0,21.0,27.0,0.0,120.0,2025
8,D,60.0,23.0,2.0,1.0,89,1.0,0.0,0.0,1,30,1,0.0,0,5.0,6.0,2,0.0,7,1,0,1,1,0.0,0,1.0,0,97.0,121.0,60.0,240.0,2025
2,D,78.0,36.0,5.0,1.0,64,1.0,1.0,0.0,1,70,1,0.0,0,5.0,1.0,2,0.0,7,1,0,1,1,0.0,0,1.0,0,87.0,108.0,0.0,240.0,2025
4,D,108.0,51.0,7.0,1.0,58,3.0,0.0,0.0,1,65,2,0.0,0,6.0,3.0,1,0.0,7,1,0,1,1,0.0,0,1.0,0,97.0,121.0,0.0,240.0,2025
8,D,180.0,42.0,6.0,1.0,89,1.0,1.0,3.0,1,30,1,0.0,0,3.0,1.0,1,0.0,7,1,0,1,1,3.0,0,2.0,0,180.0,188.0,180.0,480.0,2025
5,D,200.0,28.0,3.0,1.0,36,1.0,0.0,0.0,1,42,2,0.0,0,5.0,3.0,1,0.0,7,1,0,1,1,0.0,0,1.0,0,240.0,240.0,60.0,240.0,2025
5,D,84.0,48.0,6.0,1.0,36,1.0,0.0,0.0,1,42,2,0.0,0,6.0,3.0,1,0.0,7,1,0,1,1,0.0,0,1.0,0,121.0,151.0,60.0,480.0,2025
5,D,151.0,30.0,3.0,1.0,36,1.0,0.0,0.0,1,42,2,0.0,0,5.0,3.0,1,0.0,7,1,0,1,1,0.0,0,1.0,0,210.0,240.0,60.0,240.0,2025
4,C,16.0,34.0,4.0,1.0,58,1.0,1.0,3.0,1,65,1,0.0,0,1.0,2.0,1,2.0,8,1,0,1,1,3.0,0,2.0,0,12.0,18.0,0.0,120.0,2025
5,D,12.03,31.0,4.0,1.0,83,1.0,1.0,0.0,1,87,1,0.0,0,5.0,6.0,1,0.0,7,1,0,1,1,0.0,0,1.0,0,97.0,121.0,0.0,240.0,2025
1,D,100.0,39.0,5.0,1.0,11,1.0,0.0,0.0,1,9,1,0.0,0,3.0,1.0,1,1.0,7,1,0,1,1,0.0,0,1.0,0,151.0,188.0,60.0,240.0,2025
1,D,84.0,68.0,8.0,1.0,41,1.0,0.0,0.0,1,47,1,0.0,0,6.0,1.0,1,0.0,7,1,0,1,1,0.0,0,1.0,0,151.0,188.0,60.0,240.0,2025
3,D,120.0,41.0,6.0,1.0,16,1.0,1.0,1.0,1,14,1,0.0,0,5.0,1.0,1,1.0,7,1,0,1,1,1.0,0,1.0,0,188.0,235.0,60.0,240.0,2025
1,D,21.0,29.0,3.0,1.0,8,1.0,0.0,0.0,1,7,2,0.0,0,5.0,3.0,1,0.0,7,1,0,1,1,0.0,0,1.0,0,70.0,87.0,0.0,240.0,2025
8,D,151.0,54.0,7.0,1.0,89,1.0,1.0,0.0,1,30,2,0.0,0,3.0,3.0,2,1.0,7,1,0,1,1,0.0,0,1.0,0,151.0,188.0,60.0,240.0,2025
1,D,27.0,63.0,8.0,1.0,93,1.0,0.0,0.0,1,32,1,0.0,0,5.0,1.0,1,2.0,7,1,0,1,1,0.0,0,1.0,0,97.0,121.0,0.0,240.0,2025
1,D,120.0,32.0,4.0,1.0,47,1.0,0.0,0.0,1,52,1,0.0,0,3.0,1.0,2,0.0,7,1,0,1,1,0.0,0,1.0,0,210.0,262.0,0.0,240.0,2025
1,D,120.0,32.0,4.0,1.0,50,1.0,1.0,7.0,1,56,1,0.0,0,3.0,1.0,2,1.0,7,1,0,1,1,7.0,0,4.0,0,120.0,137.0,120.0,240.0,2025
8,D,360.0,24.0,2.0,1.0,89,1.0,1.0,0.0,1,30,2,0.0,0,5.0,3.0,3,0.0,7,1,0,1,1,0.0,0,1.0,0,9996.0,9996.0,120.0,9996.0,2025
3,D,94.0,24.0,2.0,1.0,31,1.0,1.0,0.0,1,37,1,0.0,0,5.0,2.0,1,0.0,7,1,0,1,1,0.0,0,1.0,0,168.0,210.0,60.0,240.0,2025
3,D,60.0,56.0,7.0,1.0,90,1.0,1.0,0.0,1,29,1,0.0,0,5.0,1.0,1,0.0,7,1,0,1,1,0.0,0,1.0,0,97.0,121.0,60.0,240.0,2025
1,D,130.0,29.0,3.0,1.0,41,1.0,1.0,3.0,1,47,1,0.0,0,3.0,1.0,2,0.0,7,1,0,1,1,3.0,0,2.0,0,135.0,168.0,60.0,240.0,2025
2,D,168.0,49.0,6.0,1.0,21,2.0,1.0,0.0,1,18,0,0.0,0,1.0,1.0,1,0.0,7,1,0,1,1,0.0,0,1.0,0,135.0,168.0,0.0,240.0,2025
3,D,132.0,25.0,2.0,1.0,34,1.0,1.0,0.0,1,39,2,0.0,0,3.0,3.0,1,1.0,7,1,0,1,1,0.0,0,1.0,0,121.0,151.0,0.0,240.0,2025
3,D,1.12,24.0,2.0,1.0,43,1.0,0.0,0.0,1,49,1,0.0,0,5.0,1.0,1,0.0,7,1,0,1,1,0.0,0,1.0,0,37.0,46.0,0.0,120.0,2025
3,D,96.0,34.0,4.0,1.0,34,1.0,1.0,3.0,1,39,2,0.0,0,6.0,3.0,1,0.0,7,1,0,1,1,3.0,0,2.0,0,87.0,108.0,0.0,240.0,2025
2,D,96.0,33.0,4.0,1.0,84,1.0,1.0,0.0,1,88,1,0.0,0,3.0,1.0,1,0.0,7,1,0,1,1,0.0,0,1.0,0,70.0,87.0,60.0,240.0,2025
1,D,120.0,57.0,7.0,1.0,19,1.0,1.0,5.0,1,16,1,0.0,0,3.0,1.0,1,0.0,7,1,0,1,1,5.0,0,3.0,0,120.0,121.0,120.0,240.0,2025
2,D,120.0,67.0,8.0,1.0,2,1.0,1.0,2.0,1,0,1,0.0,0,6.0,1.0,1,0.0,7,1,0,1,1,2.0,0,2.0,0,120.0,120.0,120.0,240.0,2025
2,D,30.0,46.0,6.0,1.0,2,1.0,1.0,0.0,1,0,1,0.0,0,3.0,1.0,1,0.0,7,1,0,1,1,0.0,0,1.0,0,57.0,71.0,0.0,240.0,2025
4,D,78.0,26.0,3.0,1.0,35,3.0,0.0,0.0,1,41,2,0.0,0,5.0,3.0,1,0.0,7,1,0,1,1,0.0,0,1.0,0,78.0,97.0,0.0,240.0,2025
2,D,151.0,32.0,4.0,1.0,45,1.0,1.0,0.0,1,51,1,0.0,0,5.0,1.0,1,2.0,7,1,0,1,1,0.0,0,1.0,0,151.0,188.0,60.0,240.0,2025
3,D,57.0,36.0,5.0,1.0,5,1.0,0.0,0.0,1,4,2,0.0,0,6.0,3.0,1,0.0,7,1,0,1,1,0.0,0,1.0,0,46.0,57.0,0.0,120.0,2025
4,D,300.0,63.0,8.0,1.0,35,1.0,1.0,6.0,1,41,1,0.0,0,5.0,1.0,2,1.0,7,1,0,1,1,9.0,0,4.0,0,262.0,327.0,180.0,480.0,2025
3,D,270.0,33.0,4.0,1.0,67,1.0,0.0,0.0,1,71,2,0.0,0,6.0,3.0,5,0.0,7,1,0,1,1,0.0,0,1.0,0,235.0,293.0,0.0,9996.0,2025
3,D,65.0,40.0,5.0,1.0,75,1.0,1.0,5.0,1,79,1,0.0,0,3.0,6.0,1,1.0,7,1,0,2,1,5.0,0,3.0,0,188.0,235.0,60.0,240.0,2025
3,D,120.0,27.0,3.0,1.0,5,1.0,1.0,0.0,1,4,2,0.0,0,3.0,3.0,1,0.0,7,1,0,1,1,0.0,0,1.0,0,70.0,87.0,60.0,240.0,2025
5,D,60.0,23.0,2.0,1.0,36,1.0,0.0,0.0,1,42,1,0.0,0,3.0,1.0,1,0.0,7,1,0,1,1,0.0,0,1.0,0,60.0,63.0,60.0,240.0,2025
6,D,180.0,41.0,6.0,1.0,30,1.0,1.0,3.0,1,36,1,0.0,0,5.0,1.0,1,0.0,7,1,0,1,1,3.0,0,2.0,0,180.0,180.0,180.0,480.0,2025
2,D,180.0,39.0,5.0,1.0,76,1.0,1.0,10.0,1,80,1,0.0,0,1.0,6.0,1,0.0,7,1,0,1,1,11.0,0,5.0,0,188.0,235.0,180.0,480.0,2025
5,D,78.0,37.0,5.0,1.0,92,1.0,1.0,0.0,1,33,1,0.0,0,6.0,1.0,1,0.0,7,1,0,1,1,0.0,0,1.0,0,78.0,97.0,0.0,240.0,2025
2,D,51.0,33.0,4.0,1.0,17,1.0,0.0,0.0,1,15,1,0.0,0,3.0,1.0,1,0.0,7,1,0,1,1,0.0,0,1.0,0,51.0,63.0,0.0,240.0,2025
3,D,40.0,36.0,5.0,1.0,68,1.0,0.0,0.0,1,74,1,0.0,0,5.0,1.0,1,0.0,7,1,0,1,1,0.0,0,1.0,0,78.0,97.0,0.0,240.0,2025
2,D,120.0,35.0,4.0,1.0,39,1.0,1.0,2.0,1,45,1,0.0,0,3.0,1.0,1,0.0,7,1,0,1,1,2.0,0,2.0,0,120.0,120.0,120.0,240.0,2025
1,D,96.0,45.0,6.0,1.0,46,1.0,1.0,0.0,1,53,1,0.0,0,6.0,1.0,3,0.0,7,1,0,1,1,0.0,0,1.0,0,210.0,262.0,60.0,240.0,2025
5,D,540.0,36.0,5.0,1.0,36,1.0,1.0,0.0,1,42,1,0.0,0,5.0,1.0,4,2.0,7,1,0,1,1,0.0,0,1.0,0,1200.0,1200.0,0.0,240.0,2025
2,D,120.0,45.0,6.0,1.0,39,1.0,1.0,2.0,1,45,1,0.0,0,5.0,1.0,1,0.0,7,1,0,1,1,2.0,0,2.0,0,120.0,120.0,120.0,240.0,2025
2,D,60.0,57.0,7.0,1.0,66,1.0,0.0,0.0,1,72,1,0.0,0,5.0,1.0,2,0.0,7,1,0,1,1,0.0,0,1.0,0,70.0,87.0,60.0,240.0,2025
4,D,262.0,47.0,6.0,1.0,57,1.0,1.0,1.0,3,64,1,0.0,1,5.0,1.0,4,0.0,7,1,0,1,1,1.0,0,1.0,0,262.0,327.0,180.0,360.0,2025
2,D,330.0,37.0,5.0,1.0,87,1.0,1.0,1.0,1,26,1,0.0,0,5.0,1.0,2,1.0,7,1,0,1,1,1.0,0,1.0,0,292.0,365.0,180.0,360.0,2025
4,D,121.0,31.0,4.0,1.0,82,1.0,0.0,0.0,1,85,1,0.0,0,3.0,1.0,2,0.0,7,1,0,1,1,0.0,0,1.0,0,151.0,188.0,60.0,240.0,2025
2,D,198.0,22.0,2.0,1.0,54,1.0,0.0,0.0,1,61,1,0.0,0,5.0,1.0,1,0.0,7,1,0,1,1,0.0,0,1.0,0,240.0,240.0,60.0,240.0,2025
1,D,36.0,59.0,7.0,1.0,19,1.0,1.0,0.0,1,16,1,0.0,0,3.0,1.0,1,0.0,7,1,0,1,1,0.0,0,1.0,0,63.0,78.0,0.0,240.0,2025
2,D,151.0,75.0,8.0,1.0,65,1.0,1.0,0.0,1,73,1,0.0,0,5.0,1.0,5,0.0,7,1,0,1,1,0.0,0,1.0,0,151.0,188.0,0.0,240.0,2025
4,D,19.2,30.0,3.0,1.0,35,3.0,1.0,3.0,1,41,2,0.0,0,1.0,3.0,1,3.0,8,1,0,1,1,3.0,0,2.0,0,15.0,21.0,0.0,60.0,2025
4,D,240.0,23.0,2.0,1.0,35,1.0,1.0,0.0,1,41,2,0.0,0,1.0,3.0,1,0.0,7,1,0,1,1,0.0,0,1.0,0,240.0,240.0,60.0,240.0,2025
2,D,84.0,56.0,7.0,1.0,39,1.0,1.0,0.0,1,45,1,0.0,0,3.0,1.0,1,0.0,7,1,0,1,1,0.0,0,1.0,0,108.0,135.0,60.0,240.0,2025
5,D,420.0,31.0,4.0,1.0,83,2.0,1.0,0.0,1,87,1,0.0,0,6.0,6.0,2,3.0,7,1,0,1,1,0.0,0,1.0,0,600.0,600.0,180.0,360.0,2025
1,D,43.0,50.0,6.0,1.0,3,1.0,1.0,0.0,1,1,2,0.0,0,6.0,3.0,2,1.0,7,1,0,1,1,0.0,0,1.0,0,60.0,60.0,60.0,240.0,2025
3,D,240.0,31.0,4.0,1.0,68,1.0,0.0,0.0,1,74,1,0.0,0,5.0,1.0,2,0.0,7,1,0,1,1,0.0,0,1.0,0,235.0,293.0,0.0,240.0,2025
1,D,120.0,43.0,6.0,1.0,55,1.0,1.0,0.0,1,62,1,0.0,0,5.0,1.0,1,0.0,7,1,0,1,1,0.0,0,1.0,0,135.0,168.0,0.0,240.0,2025
3,D,33.0,39.0,5.0,1.0,68,1.0,0.0,0.0,1,74,2,0.0,0,3.0,3.0,1,,7,1,0,1,1,0.0,0,1.0,0,41.0,51.0,0.0,240.0,2025
6,D,180.0,47.0,6.0,1.0,79,1.0,1.0,0.0,1,83,1,0.0,0,5.0,1.0,1,1.0,7,1,0,1,1,0.0,0,1.0,0,180.0,188.0,180.0,480.0,2025
2,D,107.0,33.0,4.0,1.0,84,1.0,1.0,1.0,1,88,1,1.0,0,5.0,1.0,1,0.0,7,1,0,1,1,1.0,0,1.0,0,188.0,235.0,60.0,240.0,2025
5,D,87.0,62.0,8.0,1.0,20,1.0,0.0,0.0,1,17,1,0.0,0,6.0,1.0,1,0.0,7,1,0,1,1,0.0,0,1.0,0,87.0,108.0,0.0,240.0,2025
2,D,33.8,54.0,7.0,1.0,64,1.0,1.0,0.0,1,70,1,0.0,0,3.0,1.0,1,0.0,7,1,0,2,1,0.0,0,1.0,0,41.0,51.0,0.0,240.0,2025
4,D,300.0,39.0,5.0,1.0,59,1.0,1.0,3.0,1,66,1,0.0,0,3.0,1.0,2,0.0,7,1,0,1,1,3.0,0,2.0,0,180.0,210.0,180.0,480.0,2025
1,D,1.0,28.0,3.0,1.0,8,1.0,0.0,0.0,1,7,1,0.0,0,6.0,1.0,1,0.0,7,1,0,1,1,0.0,0,1.0,0,78.0,97.0,0.0,120.0,2025
1,D,0.03,61.0,8.0,1.0,8,1.0,0.0,0.0,1,7,1,0.0,0,3.0,1.0,1,0.0,7,1,0,1,1,0.0,0,1.0,0,78.0,97.0,0.0,120.0,2025
4,D,204.0,46.0,6.0,1.0,58,1.0,1.0,11.0,1,65,1,0.0,0,1.0,1.0,1,0.0,7,1,0,1,1,12.0,0,5.0,0,240.0,240.0,120.0,240.0,2025
5,D,70.0,34.0,4.0,1.0,36,1.0,0.0,0.0,1,42,1,0.0,0,5.0,1.0,1,3.0,7,1,0,1,1,0.0,0,1.0,0,78.0,97.0,0.0,240.0,2025
2,D,120.0,52.0,7.0,1.0,27,1.0,1.0,4.0,1,25,1,0.0,0,3.0,1.0,1,0.0,7,1,0,1,1,4.0,0,3.0,0,121.0,151.0,120.0,240.0,2025
2,D,228.0,41.0,6.0,1.0,21,1.0,1.0,3.0,1,18,1,0.0,0,3.0,1.0,1,0.0,7,1,0,1,1,3.0,0,2.0,0,188.0,235.0,120.0,240.0,2025
1,D,60.0,29.0,3.0,1.0,6,1.0,0.0,0.0,1,3,1,0.0,0,6.0,6.0,6,0.0,7,1,0,1,1,0.0,0,1.0,0,151.0,188.0,60.0,240.0,2025
3,D,360.0,31.0,4.0,1.0,34,1.0,1.0,2.0,1,39,2,0.0,0,3.0,3.0,2,0.0,7,1,0,1,1,2.0,0,2.0,0,480.0,480.0,60.0,240.0,2025
2,D,72.0,30.0,3.0,1.0,15,1.0,1.0,0.0,1,13,1,0.0,0,3.0,2.0,6,0.0,7,1,0,1,1,0.0,0,1.0,0,210.0,262.0,60.0,240.0,2025
3,D,600.0,57.0,7.0,1.0,34,1.0,1.0,0.0,1,39,1,0.0,0,5.0,1.0,2,3.0,7,1,0,1,1,0.0,0,1.0,0,600.0,600.0,180.0,360.0,2025
1,D,120.0,43.0,6.0,1.0,6,1.0,1.0,4.0,1,3,1,0.0,0,3.0,1.0,1,0.0,7,1,0,1,1,4.0,0,3.0,0,120.0,135.0,120.0,240.0,2025
8,D,151.0,37.0,5.0,1.0,89,1.0,1.0,0.0,1,30,1,0.0,0,5.0,1.0,2,0.0,7,1,0,1,1,0.0,0,1.0,0,121.0,151.0,60.0,240.0,2025
2,D,60.0,35.0,4.0,1.0,73,1.0,0.0,0.0,1,78,1,0.0,0,5.0,1.0,2,0.0,7,1,0,1,1,0.0,0,1.0,0,78.0,97.0,0.0,240.0,2025
2,D,18.0,35.0,4.0,1.0,28,3.0,0.0,0.0,1,35,0,0.0,0,3.0,6.0,1,2.0,7,1,0,1,1,0.0,0,1.0,0,78.0,97.0,0.0,120.0,2025
4,D,84.0,46.0,6.0,1.0,59,1.0,1.0,0.0,1,66,0,0.0,0,3.0,1.0,1,0.0,7,1,0,1,1,0.0,0,1.0,0,168.0,210.0,60.0,240.0,2025
4,D,120.0,33.0,4.0,1.0,59,1.0,1.0,0.0,1,66,0,0.0,0,1.0,1.0,2,1.0,7,1,0,1,1,0.0,0,1.0,0,168.0,210.0,60.0,240.0,2025
4,D,151.0,44.0,6.0,1.0,35,3.0,0.0,0.0,1,41,2,0.0,0,1.0,3.0,2,2.0,7,1,0,1,1,0.0,0,1.0,60,121.0,151.0,60.0,480.0,2025
5,D,201.0,26.0,3.0,1.0,20,1.0,0.0,0.0,1,17,1,0.0,0,3.0,1.0,1,0.0,7,1,0,1,1,0.0,0,1.0,0,240.0,240.0,60.0,240.0,2025
4,D,72.0,55.0,7.0,1.0,57,1.0,1.0,0.0,1,64,1,0.0,0,6.0,1.0,1,0.0,7,1,0,1,1,0.0,0,1.0,0,210.0,240.0,60.0,240.0,2025
3,D,120.0,56.0,7.0,1.0,42,1.0,1.0,3.0,1,48,1,0.0,0,5.0,1.0,1,0.0,7,1,0,1,1,3.0,0,2.0,0,120.0,120.0,120.0,240.0,2025
2,D,80.0,67.0,8.0,1.0,14,1.0,1.0,0.0,1,12,1,0.0,0,6.0,1.0,1,0.0,7,1,0,1,1,0.0,0,1.0,0,121.0,151.0,60.0,240.0,2025
1,C,9.0,51.0,7.0,1.0,3,1.0,1.0,0.0,1,1,1,0.0,0,5.0,1.0,9,1.0,8,1,0,2,1,0.0,0,1.0,0,12.0,18.0,0.0,60.0,2025
2,D,86.0,35.0,4.0,1.0,14,1.0,1.0,2.0,1,12,1,0.0,0,3.0,1.0,2,0.0,7,1,0,1,1,2.0,0,2.0,0,168.0,210.0,60.0,240.0,2025
1,D,151.0,47.0,6.0,1.0,9,1.0,1.0,0.0,1,6,1,0.0,0,6.0,1.0,2,2.0,7,1,0,1,1,0.0,0,1.0,0,210.0,262.0,60.0,240.0,2025
2,D,72.0,52.0,7.0,1.0,24,1.0,0.0,0.0,1,22,1,0.0,0,6.0,2.0,1,0.0,7,1,0,1,1,0.0,0,1.0,0,121.0,151.0,60.0,240.0,2025
4,D,96.0,59.0,7.0,1.0,59,1.0,1.0,12.0,1,66,1,0.0,0,3.0,1.0,1,0.0,7,1,0,1,1,13.0,0,6.0,0,240.0,240.0,60.0,240.0,2025
3,D,210.0,59.0,7.0,1.0,75,1.0,1.0,6.0,1,79,1,0.0,0,6.0,1.0,2,0.0,7,1,0,2,1,6.0,0,3.0,0,188.0,235.0,180.0,480.0,2025
1,D,120.0,46.0,6.0,1.0,41,1.0,1.0,3.0,1,47,1,0.0,0,5.0,1.0,2,0.0,7,1,0,1,1,3.0,0,2.0,0,108.0,135.0,60.0,240.0,2025
8,D,97.0,23.0,2.0,1.0,60,1.0,1.0,3.0,1,67,1,0.0,0,3.0,1.0,1,0.0,7,1,0,1,1,3.0,0,2.0,0,97.0,121.0,0.0,240.0,2025
4,D,60.0,31.0,4.0,1.0,35,1.0,0.0,0.0,1,41,1,0.0,0,6.0,1.0,2,1.0,7,1,0,1,1,0.0,0,1.0,0,151.0,188.0,60.0,240.0,2025
2,D,120.0,36.0,5.0,1.0,77,1.0,1.0,3.0,1,81,1,0.0,0,3.0,1.0,1,0.0,7,1,0,1,1,3.0,0,2.0,0,188.0,235.0,120.0,240.0,2025
6,D,97.0,47.0,6.0,1.0,81,1.0,1.0,0.0,1,86,1,0.0,0,5.0,1.0,1,0.0,7,1,0,1,1,0.0,0,1.0,0,78.0,97.0,0.0,240.0,2025
2,D,60.0,37.0,5.0,1.0,24,1.0,0.0,0.0,1,22,1,0.0,0,5.0,1.0,1,0.0,7,1,0,1,1,0.0,0,1.0,0,78.0,97.0,60.0,240.0,2025
1,D,144.0,21.0,2.0,1.0,49,1.0,0.0,0.0,1,55,1,0.0,0,1.0,1.0,1,0.0,7,1,0,1,1,0.0,0,1.0,0,210.0,240.0,60.0,240.0,2025
3,D,60.0,46.0,6.0,1.0,91,1.0,1.0,0.0,1,31,1,0.0,0,1.0,1.0,1,0.0,7,1,0,1,1,0.0,0,1.0,0,78.0,97.0,0.0,240.0,2025
4,D,60.0,40.0,5.0,1.0,35,1.0,0.0,0.0,1,41,1,0.0,0,3.0,1.0,2,0.0,7,1,0,1,1,0.0,0,1.0,0,151.0,188.0,60.0,240.0,2025
5,D,72.0,39.0,5.0,1.0,83,1.0,0.0,0.0,1,87,1,0.0,0,5.0,1.0,1,1.0,7,1,0,1,1,0.0,0,1.0,0,97.0,121.0,60.0,240.0,2025
4,D,151.0,34.0,4.0,1.0,53,1.0,1.0,0.0,1,60,1,0.0,0,3.0,1.0,1,1.0,7,1,0,1,1,0.0,0,1.0,0,121.0,151.0,60.0,240.0,2025
2,D,120.0,23.0,2.0,1.0,65,1.0,0.0,0.0,1,73,2,0.0,0,3.0,3.0,1,0.0,7,1,0,1,1,0.0,0,1.0,0,210.0,240.0,60.0,240.0,2025
2,D,48.0,48.0,6.0,1.0,65,1.0,1.0,0.0,1,73,0,0.0,0,6.0,1.0,1,0.0,7,1,0,1,1,0.0,0,1.0,0,78.0,97.0,0.0,240.0,2025
1,C,8.0,48.0,6.0,1.0,50,1.0,1.0,0.0,1,56,1,0.0,0,1.0,2.0,1,1.0,8,1,0,2,1,0.0,0,1.0,0,10.0,16.0,0.0,60.0,2025
3,D,72.0,26.0,3.0,1.0,91,1.0,1.0,2.0,1,31,2,0.0,0,3.0,3.0,1,0.0,7,1,0,1,1,2.0,0,2.0,0,87.0,108.0,0.0,240.0,2025
4,D,46.0,40.0,5.0,1.0,82,1.0,1.0,0.0,1,85,1,0.0,0,3.0,1.0,1,1.0,7,1,0,1,1,0.0,0,1.0,0,37.0,46.0,0.0,240.0,2025
2,D,108.0,47.0,6.0,1.0,54,1.0,0.0,0.0,1,61,1,0.0,0,5.0,1.0,1,0.0,7,1,0,1,1,0.0,0,1.0,0,135.0,168.0,60.0,240.0,2025
1,D,39.0,59.0,7.0,1.0,50,1.0,1.0,4.0,1,56,1,0.0,0,3.0,2.0,2,0.0,8,1,0,1,1,4.0,0,3.0,0,18.0,24.0,0.0,60.0,2025
4,D,120.0,44.0,6.0,1.0,59,1.0,0.0,0.0,1,66,0,0.0,0,3.0,1.0,1,5.0,7,1,0,1,1,0.0,0,1.0,0,151.0,188.0,60.0,240.0,2025
4,D,84.0,31.0,4.0,1.0,59,1.0,1.0,0.0,1,66,0,0.0,0,5.0,1.0,1,0.0,7,1,0,1,1,0.0,0,1.0,0,151.0,188.0,60.0,240.0,2025
3,D,189.0,26.0,3.0,1.0,43,1.0,1.0,2.0,1,49,1,0.0,0,5.0,1.0,3,1.0,7,1,0,1,1,2.0,0,2.0,0,168.0,210.0,60.0,240.0,2025
2,D,96.0,27.0,3.0,1.0,24,1.0,0.0,0.0,1,22,1,0.0,0,5.0,1.0,1,0.0,7,1,0,1,1,0.0,0,1.0,0,210.0,240.0,60.0,240.0,2025
6,D,78.0,34.0,4.0,1.0,79,1.0,1.0,0.0,1,83,1,0.0,0,5.0,1.0,1,2.0,7,1,0,1,1,0.0,0,1.0,0,78.0,97.0,0.0,240.0,2025
5,D,60.0,32.0,4.0,1.0,36,1.0,0.0,0.0,1,42,2,0.0,0,5.0,3.0,1,2.0,7,1,0,1,1,0.0,0,1.0,0,57.0,71.0,0.0,240.0,2025
2,C,,35.0,4.0,1.0,14,1.0,1.0,3.0,1,12,1,0.0,0,3.0,2.0,1,4.0,8,0,1,3,0,3.0,0,2.0,0,10.0,16.0,0.0,60.0,2025
2,D,60.0,25.0,2.0,1.0,28,1.0,0.0,0.0,1,35,1,0.0,0,3.0,1.0,1,0.0,7,1,0,1,1,0.0,0,1.0,0,97.0,121.0,60.0,240.0,2025
3,D,84.0,55.0,7.0,1.0,16,1.0,1.0,3.0,1,14,1,0.0,0,3.0,1.0,1,0.0,7,1,0,1,1,3.0,0,2.0,0,60.0,63.0,60.0,240.0,2025
2,D,130.0,33.0,4.0,1.0,24,1.0,0.0,0.0,1,22,1,0.0,0,6.0,1.0,1,0.0,7,1,0,1,1,0.0,0,1.0,0,210.0,240.0,60.0,240.0,2025
4,D,240.0,30.0,3.0,1.0,72,1.0,1.0,1.0,1,77,2,0.0,0,5.0,3.0,2,0.0,7,1,0,1,1,1.0,0,1.0,0,360.0,480.0,60.0,240.0,2025
1,D,180.0,50.0,6.0,1.0,55,1.0,1.0,0.0,1,62,1,0.0,0,5.0,1.0,1,0.0,7,1,0,1,1,0.0,0,1.0,0,180.0,210.0,180.0,480.0,2025
2,C,,40.0,5.0,1.0,65,1.0,1.0,0.0,1,73,2,0.0,0,5.0,3.0,1,0.0,8,0,1,4,0,0.0,0,1.0,0,12.0,18.0,0.0,60.0,2025
5,D,84.0,55.0,7.0,1.0,37,1.0,1.0,1.0,1,43,1,0.0,0,1.0,1.0,1,0.0,7,1,0,1,1,1.0,0,1.0,0,121.0,151.0,60.0,240.0,2025
3,D,180.0,59.0,7.0,1.0,67,1.0,1.0,6.0,1,71,1,0.0,0,3.0,1.0,1,0.0,7,1,0,1,1,6.0,0,3.0,0,324.0,405.0,180.0,480.0,2025
3,D,84.0,25.0,2.0,1.0,91,2.0,0.0,0.0,1,31,2,0.0,0,6.0,3.0,2,0.0,7,1,0,1,1,0.0,0,1.0,0,151.0,188.0,60.0,240.0,2025
1,D,135.0,37.0,5.0,1.0,93,1.0,1.0,3.0,1,32,1,0.0,0,3.0,2.0,1,1.0,7,1,0,1,1,3.0,0,2.0,0,120.0,135.0,120.0,240.0,2025
3,D,151.0,35.0,4.0,1.0,22,1.0,1.0,0.0,1,19,1,0.0,0,5.0,1.0,1,,7,1,0,1,1,0.0,0,1.0,0,151.0,188.0,60.0,240.0,2025
1,D,120.0,59.0,7.0,1.0,11,1.0,1.0,3.0,1,9,1,0.0,0,5.0,1.0,1,0.0,7,1,0,1,1,3.0,0,2.0,0,120.0,120.0,120.0,240.0,2025
2,D,60.0,45.0,6.0,1.0,51,1.0,1.0,0.0,1,57,2,0.0,0,5.0,3.0,1,0.0,7,1,0,1,1,0.0,0,1.0,0,121.0,151.0,60.0,240.0,2025
1,D,12.0,51.0,7.0,1.0,10,1.0,0.0,0.0,1,8,1,0.0,0,6.0,6.0,1,2.0,8,1,0,1,1,0.0,0,1.0,0,27.0,33.0,0.0,60.0,2025
3,D,60.0,29.0,3.0,1.0,68,1.0,0.0,0.0,1,74,0,0.0,0,5.0,1.0,1,,7,1,0,1,1,0.0,0,1.0,0,97.0,121.0,0.0,240.0,2025
3,D,293.0,27.0,3.0,1.0,42,1.0,0.0,0.0,1,48,1,0.0,0,3.0,6.0,2,0.0,7,1,0,1,1,0.0,0,1.0,0,235.0,293.0,180.0,360.0,2025
3,C,0.03,27.0,3.0,1.0,38,1.0,1.0,2.0,1,44,1,1.0,0,1.0,1.0,2,0.0,8,1,0,1,1,2.0,0,2.0,0,12.0,18.0,0.0,120.0,2025
3,D,90.0,64.0,8.0,1.0,5,1.0,1.0,8.0,1,4,2,0.0,0,3.0,3.0,1,0.0,7,1,0,1,1,8.0,0,4.0,0,77.0,96.0,0.0,240.0,2025
8,D,120.0,53.0,7.0,1.0,89,1.0,1.0,0.0,1,30,1,0.0,0,3.0,1.0,2,0.0,7,1,0,1,1,0.0,0,1.0,0,97.0,121.0,60.0,240.0,2025
2,B,,45.0,6.0,1.0,65,3.0,1.0,0.0,1,73,2,0.0,0,5.0,3.0,1,1.0,8,0,1,4,0,0.0,0,1.0,0,8.0,14.0,0.0,60.0,2025
3,D,260.0,35.0,4.0,1.0,91,1.0,1.0,0.0,1,31,2,0.0,0,3.0,3.0,3,0.0,7,1,0,1,1,0.0,0,1.0,0,9996.0,9996.0,180.0,360.0,2025
1,D,78.0,53.0,7.0,1.0,71,1.0,1.0,2.0,1,76,1,0.0,0,3.0,1.0,1,0.0,7,1,0,1,1,2.0,0,2.0,0,87.0,108.0,0.0,240.0,2025
2,D,180.0,37.0,5.0,1.0,14,1.0,1.0,1.0,1,12,1,0.0,0,5.0,1.0,3,0.0,7,1,0,1,1,1.0,0,1.0,0,262.0,327.0,60.0,240.0,2025
3,D,97.0,28.0,3.0,1.0,31,1.0,1.0,0.0,1,37,1,0.0,0,5.0,1.0,1,0.0,7,1,0,1,1,0.0,0,1.0,0,97.0,121.0,0.0,240.0,2025
3,D,48.0,59.0,7.0,1.0,91,1.0,1.0,0.0,1,31,1,0.0,0,5.0,1.0,1,0.0,7,1,0,1,1,0.0,0,1.0,0,51.0,63.0,0.0,240.0,2025
6,D,97.0,45.0,6.0,1.0,79,1.0,1.0,0.0,1,83,1,0.0,0,5.0,1.0,1,2.0,7,1,0,1,1,0.0,0,1.0,0,97.0,120.0,0.0,120.0,2025
4,D,60.0,49.0,6.0,1.0,58,1.0,1.0,2.0,1,65,1,0.0,0,3.0,1.0,1,3.0,7,1,0,1,1,2.0,0,2.0,0,57.0,71.0,0.0,240.0,2025
4,D,132.0,53.0,7.0,1.0,58,1.0,1.0,3.0,1,65,1,0.0,0,3.0,1.0,1,0.0,7,1,0,1,1,3.0,0,2.0,0,120.0,135.0,120.0,240.0,2025
3,D,180.0,37.0,5.0,1.0,42,1.0,1.0,3.0,1,48,1,0.0,0,5.0,1.0,1,1.0,7,1,0,1,1,3.0,0,2.0,0,235.0,240.0,60.0,240.0,2025
3,D,60.0,38.0,5.0,1.0,5,1.0,1.0,8.0,1,4,2,0.0,0,3.0,3.0,2,4.0,7,1,0,1,1,8.0,0,4.0,0,63.0,78.0,0.0,120.0,2025
3,D,220.0,49.0,6.0,1.0,34,1.0,0.0,0.0,1,39,1,0.0,0,3.0,1.0,1,0.0,7,1,0,1,1,0.0,0,1.0,0,97.0,121.0,60.0,240.0,2025
2,D,180.0,37.0,5.0,1.0,39,1.0,1.0,3.0,1,45,1,0.0,0,1.0,1.0,1,2.0,7,1,0,1,1,3.0,0,2.0,0,180.0,180.0,180.0,480.0,2025
3,D,70.0,30.0,3.0,1.0,91,1.0,1.0,0.0,1,31,1,0.0,0,5.0,1.0,1,0.0,7,1,0,1,1,0.0,0,1.0,0,97.0,121.0,60.0,240.0,2025
2,D,60.0,61.0,8.0,1.0,24,1.0,0.0,0.0,1,22,1,0.0,0,5.0,1.0,1,0.0,7,1,0,1,1,0.0,0,1.0,0,151.0,188.0,60.0,240.0,2025
4,D,293.0,35.0,4.0,1.0,58,1.0,1.0,3.0,1,65,1,0.0,0,3.0,1.0,1,0.0,7,1,0,1,1,3.0,0,2.0,0,235.0,293.0,180.0,480.0,2025
8,D,151.0,45.0,6.0,1.0,89,1.0,1.0,0.0,1,30,1,0.0,0,1.0,1.0,1,1.0,7,1,0,1,1,0.0,0,1.0,0,151.0,188.0,60.0,240.0,2025
2,D,120.0,62.0,8.0,1.0,2,1.0,1.0,3.0,1,0,1,0.0,0,6.0,1.0,1,0.0,7,1,0,1,1,3.0,0,2.0,0,120.0,120.0,120.0,240.0,2025
8,D,60.0,59.0,7.0,1.0,89,1.0,1.0,0.0,1,30,1,0.0,0,3.0,1.0,1,0.0,7,1,0,1,1,0.0,0,1.0,0,78.0,97.0,0.0,240.0,2025
1,D,120.0,52.0,7.0,1.0,19,1.0,1.0,3.0,1,16,1,0.0,0,3.0,1.0,1,0.0,7,1,0,1,1,3.0,0,2.0,0,120.0,120.0,120.0,240.0,2025
3,D,210.0,39.0,5.0,1.0,42,1.0,1.0,11.0,1,48,1,0.0,0,3.0,1.0,1,0.0,7,1,0,1,1,12.0,0,5.0,0,210.0,240.0,120.0,240.0,2025
1,D,120.0,37.0,5.0,1.0,3,1.0,1.0,10.0,1,1,1,0.0,0,3.0,1.0,1,2.0,7,1,0,1,1,11.0,0,5.0,0,130.0,162.0,120.0,240.0,2025
2,D,74.0,45.0,6.0,1.0,14,1.0,1.0,3.0,1,12,1,0.0,0,5.0,1.0,1,0.0,7,1,0,1,1,3.0,0,2.0,0,120.0,120.0,120.0,240.0,2025
1,B,,67.0,8.0,1.0,70,1.0,1.0,0.0,1,75,1,0.0,0,3.0,6.0,1,0.0,8,0,1,4,0,0.0,0,1.0,0,6.0,12.0,0.0,60.0,2025
3,D,57.0,70.0,8.0,1.0,29,1.0,0.0,0.0,1,96,1,0.0,0,6.0,1.0,1,0.0,7,1,0,1,1,0.0,0,1.0,0,57.0,71.0,0.0,240.0,2025
6,D,151.0,27.0,3.0,1.0,79,1.0,1.0,2.0,1,83,1,0.0,0,1.0,1.0,1,0.0,7,1,0,1,1,2.0,0,2.0,0,168.0,210.0,60.0,240.0,2025
3,D,240.0,64.0,8.0,1.0,61,1.0,1.0,7.0,1,68,1,0.0,0,6.0,1.0,1,0.0,7,1,0,1,1,8.0,0,4.0,0,240.0,240.0,60.0,240.0,2025
3,D,384.0,37.0,5.0,1.0,61,1.0,1.0,11.0,1,68,1,0.0,0,3.0,1.0,1,1.0,7,1,0,1,1,12.0,0,5.0,0,324.0,405.0,180.0,480.0,2025
3,D,168.0,34.0,4.0,1.0,91,1.0,1.0,2.0,1,31,2,0.0,0,5.0,3.0,2,0.0,7,1,0,1,1,2.0,0,2.0,0,168.0,210.0,60.0,240.0,2025
6,D,60.0,40.0,5.0,1.0,30,1.0,1.0,0.0,1,36,1,0.0,0,3.0,1.0,1,1.0,7,1,0,1,1,0.0,0,1.0,0,97.0,121.0,60.0,240.0,2025
8,D,80.0,33.0,4.0,1.0,89,1.0,0.0,0.0,1,30,1,0.0,0,3.0,1.0,1,0.0,7,1,0,1,1,0.0,0,1.0,0,135.0,168.0,60.0,240.0,2025
1,D,135.0,46.0,6.0,1.0,88,1.0,1.0,0.0,1,28,1,0.0,0,5.0,1.0,1,0.0,7,1,0,1,1,0.0,0,1.0,0,135.0,168.0,60.0,240.0,2025
5,D,72.0,25.0,2.0,1.0,83,1.0,1.0,1.0,1,87,1,0.0,0,1.0,1.0,1,0.0,7,1,0,1,1,1.0,0,1.0,0,78.0,97.0,0.0,120.0,2025
3,D,180.0,38.0,5.0,1.0,31,1.0,1.0,9.0,1,37,1,0.0,0,3.0,1.0,1,0.0,7,1,0,1,1,10.0,0,5.0,0,151.0,188.0,0.0,240.0,2025
1,D,78.0,46.0,6.0,1.0,9,1.0,1.0,0.0,1,6,1,0.0,0,3.0,1.0,3,1.0,7,1,0,1,1,0.0,0,1.0,0,210.0,262.0,60.0,240.0,2025
5,D,90.0,65.0,8.0,1.0,37,1.0,1.0,0.0,1,43,1,0.0,0,1.0,1.0,1,0.0,7,1,0,1,1,0.0,0,1.0,0,87.0,108.0,60.0,240.0,2025
8,D,130.0,44.0,6.0,1.0,60,1.0,0.0,0.0,1,67,1,0.0,0,5.0,1.0,1,2.0,7,1,0,1,1,0.0,0,1.0,0,151.0,188.0,60.0,240.0,2025
2,D,144.0,22.0,2.0,1.0,21,1.0,0.0,0.0,1,18,1,0.0,0,5.0,1.0,1,0.0,7,1,0,1,1,0.0,0,1.0,0,240.0,240.0,60.0,240.0,2025
8,D,151.0,59.0,7.0,1.0,89,1.0,1.0,0.0,1,30,1,0.0,0,5.0,1.0,1,0.0,7,1,0,1,1,0.0,0,1.0,0,121.0,151.0,60.0,240.0,2025
3,D,270.0,46.0,6.0,1.0,42,1.0,1.0,4.0,1,48,1,0.0,0,3.0,1.0,2,0.0,7,1,0,1,1,4.0,0,3.0,0,360.0,720.0,180.0,480.0,2025
4,D,180.0,37.0,5.0,1.0,53,1.0,1.0,3.0,1,60,1,0.0,0,5.0,1.0,1,2.0,7,1,0,1,1,3.0,0,2.0,0,180.0,180.0,180.0,480.0,2025
5,D,72.0,24.0,2.0,1.0,62,1.0,1.0,0.0,1,69,1,0.0,0,3.0,6.0,1,0.0,7,1,0,1,1,0.0,0,1.0,0,97.0,121.0,60.0,240.0,2025
4,D,121.0,41.0,6.0,1.0,35,1.0,1.0,1.0,1,41,2,0.0,0,5.0,3.0,1,0.0,7,1,0,1,1,1.0,0,1.0,0,121.0,151.0,60.0,240.0,2025
1,D,180.0,38.0,5.0,1.0,47,1.0,1.0,3.0,1,52,1,0.0,0,5.0,1.0,1,0.0,7,1,0,1,1,3.0,0,2.0,0,180.0,188.0,180.0,480.0,2025
1,C,,35.0,4.0,1.0,8,3.0,0.0,0.0,1,7,2,1.0,0,1.0,3.0,1,4.0,8,0,1,4,0,0.0,0,1.0,0,12.0,18.0,0.0,60.0,2025
1,D,144.0,33.0,4.0,1.0,50,1.0,1.0,4.0,1,56,1,0.0,0,3.0,1.0,1,0.0,7,1,0,1,1,4.0,0,3.0,0,120.0,120.0,120.0,240.0,2025
4,D,151.0,55.0,7.0,1.0,35,1.0,1.0,0.0,1,41,1,0.0,0,5.0,1.0,1,0.0,7,1,0,1,1,0.0,0,1.0,0,151.0,188.0,60.0,240.0,2025
5,D,120.0,34.0,4.0,1.0,36,1.0,1.0,3.0,1,42,1,0.0,0,5.0,1.0,1,0.0,7,1,0,1,1,3.0,0,2.0,0,151.0,188.0,120.0,240.0,2025
2,D,144.0,43.0,6.0,1.0,76,1.0,1.0,0.0,1,80,1,0.0,0,3.0,1.0,1,2.0,7,1,0,2,1,0.0,0,1.0,0,151.0,188.0,60.0,9996.0,2025
6,D,97.0,32.0,4.0,1.0,33,1.0,1.0,0.0,1,40,2,0.0,0,3.0,3.0,1,0.0,7,1,0,1,1,0.0,0,1.0,0,97.0,121.0,0.0,240.0,2025
2,D,108.0,33.0,4.0,1.0,86,1.0,1.0,0.0,1,27,1,0.0,0,6.0,1.0,3,0.0,7,1,0,1,1,0.0,0,1.0,0,87.0,108.0,0.0,120.0,2025
1,D,75.0,24.0,2.0,1.0,71,1.0,0.0,0.0,1,76,1,0.0,0,5.0,1.0,1,0.0,7,1,0,1,1,0.0,0,1.0,0,87.0,108.0,0.0,240.0,2025
1,D,106.0,52.0,7.0,1.0,71,1.0,1.0,3.0,1,76,1,0.0,0,3.0,1.0,1,0.0,7,1,0,1,1,3.0,0,2.0,0,121.0,151.0,120.0,240.0,2025
2,D,120.0,28.0,3.0,1.0,21,1.0,1.0,3.0,1,18,1,0.0,0,5.0,2.0,1,0.0,7,1,0,1,1,3.0,0,2.0,0,120.0,120.0,120.0,240.0,2025
1,D,120.0,43.0,6.0,1.0,80,1.0,1.0,0.0,1,84,1,0.0,0,5.0,1.0,1,2.0,7,1,0,2,1,0.0,0,1.0,0,120.0,121.0,120.0,240.0,2025
2,D,78.0,48.0,6.0,1.0,17,1.0,1.0,0.0,1,15,1,0.0,0,3.0,1.0,2,1.0,7,1,0,1,1,0.0,0,1.0,0,63.0,78.0,60.0,240.0,2025
3,D,180.0,25.0,2.0,1.0,44,1.0,1.0,0.0,1,50,1,0.0,0,3.0,2.0,8,0.0,7,1,0,1,1,0.0,0,1.0,0,1644.0,1644.0,180.0,360.0,2025
5,D,151.0,24.0,2.0,1.0,37,1.0,1.0,1.0,1,43,1,0.0,0,3.0,1.0,1,0.0,7,1,0,1,1,1.0,0,1.0,0,151.0,188.0,60.0,240.0,2025
2,D,27.0,55.0,7.0,1.0,24,1.0,1.0,7.0,1,22,1,0.0,0,5.0,2.0,1,6.0,8,1,0,1,1,8.0,0,4.0,0,27.0,33.0,0.0,60.0,2025
1,D,60.0,25.0,2.0,1.0,3,3.0,1.0,0.0,1,1,2,0.0,0,5.0,3.0,2,0.0,7,1,0,1,1,0.0,0,1.0,0,97.0,121.0,60.0,240.0,2025
6,D,63.0,65.0,8.0,1.0,81,1.0,1.0,0.0,1,86,1,0.0,0,5.0,6.0,1,0.0,7,1,0,1,1,0.0,0,1.0,0,78.0,97.0,0.0,120.0,2025
3,D,42.0,29.0,3.0,1.0,68,1.0,0.0,0.0,1,74,1,0.0,0,6.0,2.0,1,0.0,7,1,0,1,1,0.0,0,1.0,0,78.0,97.0,0.0,240.0,2025
4,D,200.0,26.0,3.0,1.0,56,1.0,0.0,0.0,1,63,1,0.0,0,6.0,1.0,1,0.0,7,1,0,1,1,0.0,0,1.0,0,240.0,240.0,60.0,240.0,2025
4,D,180.0,22.0,2.0,1.0,56,1.0,1.0,0.0,1,63,1,0.0,0,5.0,1.0,1,0.0,7,1,0,1,1,0.0,0,1.0,0,240.0,240.0,60.0,240.0,2025
8,D,300.0,60.0,7.0,1.0,60,1.0,1.0,2.0,1,67,1,0.0,0,3.0,1.0,1,0.0,7,1,0,1,1,2.0,0,2.0,0,360.0,480.0,180.0,480.0,2025
3,D,121.0,58.0,7.0,1.0,90,1.0,1.0,0.0,1,29,1,0.0,0,3.0,1.0,1,1.0,7,1,0,1,1,0.0,0,1.0,0,121.0,151.0,60.0,240.0,2025
3,D,180.0,37.0,5.0,1.0,44,1.0,1.0,0.0,1,50,1,0.0,0,1.0,1.0,3,0.0,7,1,0,1,1,0.0,0,1.0,0,262.0,327.0,180.0,360.0,2025
3,D,180.0,43.0,6.0,1.0,42,1.0,0.0,0.0,1,48,1,0.0,0,6.0,1.0,1,0.0,7,1,0,1,1,0.0,0,1.0,0,210.0,240.0,60.0,240.0,2025
4,D,144.0,40.0,5.0,1.0,58,1.0,1.0,7.0,1,65,1,0.0,0,1.0,1.0,1,0.0,7,1,0,1,1,7.0,0,4.0,0,168.0,210.0,120.0,240.0,2025
1,D,87.0,33.0,4.0,1.0,1,1.0,0.0,0.0,1,90,1,0.0,0,6.0,1.0,1,0.0,7,1,0,1,1,0.0,0,1.0,0,151.0,188.0,60.0,240.0,2025
4,C,0.03,53.0,7.0,1.0,35,1.0,1.0,3.0,1,41,1,0.0,0,1.0,2.0,1,0.0,8,1,0,1,1,3.0,0,2.0,0,12.0,18.0,0.0,120.0,2025
3,D,120.0,61.0,8.0,1.0,22,1.0,1.0,3.0,1,19,1,0.0,0,5.0,1.0,1,,7,1,0,2,1,3.0,0,2.0,0,120.0,135.0,120.0,240.0,2025
5,D,151.0,49.0,6.0,1.0,20,1.0,0.0,0.0,1,17,1,0.0,0,5.0,1.0,12,0.0,7,1,0,1,1,0.0,0,1.0,0,151.0,188.0,60.0,240.0,2025
6,D,37.0,40.0,5.0,1.0,81,1.0,0.0,0.0,1,86,1,0.0,0,5.0,1.0,1,2.0,7,1,0,1,1,0.0,0,1.0,0,37.0,46.0,0.0,240.0,2025
6,D,360.0,25.0,2.0,1.0,81,1.0,1.0,0.0,1,86,1,0.0,0,5.0,6.0,1,0.0,7,1,0,1,1,0.0,0,1.0,0,360.0,360.0,180.0,360.0,2025
2,D,30.0,34.0,4.0,1.0,77,1.0,1.0,1.0,1,81,1,0.0,0,6.0,1.0,1,0.0,7,1,0,1,1,1.0,0,1.0,0,97.0,121.0,0.0,240.0,2025
6,D,168.0,40.0,5.0,1.0,30,1.0,1.0,3.0,1,36,1,0.0,0,3.0,1.0,1,1.0,7,1,0,1,1,3.0,0,2.0,0,168.0,210.0,60.0,240.0,2025
2,D,80.0,78.0,8.0,1.0,64,1.0,0.0,0.0,1,70,1,0.0,0,6.0,1.0,5,0.0,7,1,0,1,1,0.0,0,1.0,0,97.0,121.0,0.0,240.0,2025
1,D,210.0,24.0,2.0,1.0,11,1.0,1.0,0.0,1,9,1,0.0,0,3.0,1.0,1,0.0,7,1,0,1,1,0.0,0,1.0,0,240.0,240.0,60.0,240.0,2025
2,D,151.0,35.0,4.0,1.0,65,3.0,1.0,0.0,1,73,2,0.0,0,1.0,3.0,1,0.0,7,1,0,1,1,0.0,0,1.0,0,151.0,188.0,60.0,240.0,2025
4,D,168.0,41.0,6.0,1.0,59,1.0,1.0,0.0,1,66,1,0.0,0,5.0,1.0,1,0.0,7,1,0,1,1,0.0,0,1.0,0,135.0,168.0,0.0,240.0,2025
1,D,60.0,27.0,3.0,1.0,3,1.0,1.0,2.0,1,1,1,0.0,0,6.0,1.0,2,0.0,7,1,0,1,1,2.0,0,2.0,0,168.0,210.0,60.0,240.0,2025
3,D,70.0,20.0,1.0,1.0,5,1.0,0.0,0.0,1,4,2,0.0,0,3.0,3.0,1,0.0,7,1,0,1,1,0.0,0,1.0,0,97.0,121.0,60.0,240.0,2025
1,D,108.0,22.0,2.0,1.0,49,1.0,0.0,0.0,1,55,1,0.0,0,5.0,1.0,1,0.0,7,1,0,1,1,0.0,0,1.0,0,108.0,135.0,60.0,240.0,2025
2,D,12.03,40.0,5.0,1.0,77,1.0,1.0,2.0,1,81,1,0.0,0,6.0,1.0,1,0.0,7,1,0,1,1,2.0,0,2.0,0,57.0,71.0,0.0,240.0,2025
4,D,63.0,29.0,3.0,1.0,56,1.0,0.0,0.0,1,63,1,0.0,0,3.0,1.0,1,0.0,7,1,0,1,1,0.0,0,1.0,0,63.0,78.0,60.0,240.0,2025
3,A,,48.0,6.0,1.0,23,1.0,1.0,0.0,1,20,1,1.0,0,3.0,2.0,1,0.0,8,0,1,4,0,0.0,0,1.0,0,0.0,6.0,0.0,60.0,2025
3,D,235.0,31.0,4.0,1.0,42,1.0,1.0,3.0,1,48,1,0.0,0,3.0,1.0,2,0.0,7,1,0,1,1,3.0,0,2.0,0,235.0,293.0,180.0,480.0,2025
3,D,72.0,42.0,6.0,1.0,42,1.0,1.0,0.0,1,48,1,0.0,0,3.0,1.0,1,3.0,7,1,0,1,1,0.0,0,1.0,0,78.0,97.0,0.0,120.0,2025
1,D,52.0,29.0,3.0,1.0,10,1.0,0.0,0.0,1,8,1,0.0,0,6.0,1.0,1,0.0,7,1,0,1,1,0.0,0,1.0,0,78.0,97.0,0.0,240.0,2025
4,C,19.66,34.0,4.0,1.0,35,1.0,1.0,1.0,1,41,1,0.0,0,3.0,2.0,1,0.0,8,1,0,1,1,1.0,0,1.0,0,10.0,16.0,0.0,120.0,2025
3,D,60.0,37.0,5.0,1.0,63,1.0,0.0,0.0,1,95,1,0.0,0,5.0,1.0,1,0.0,7,1,0,1,1,0.0,0,1.0,0,63.0,78.0,60.0,240.0,2025
2,D,96.0,35.0,4.0,1.0,84,1.0,1.0,0.0,1,88,1,0.0,0,5.0,1.0,1,0.0,7,1,0,1,1,0.0,0,1.0,0,60.0,60.0,60.0,240.0,2025
6,D,84.0,35.0,4.0,1.0,79,1.0,1.0,0.0,1,83,1,0.0,0,5.0,1.0,1,0.0,7,1,0,1,1,0.0,0,1.0,0,97.0,121.0,0.0,240.0,2025
2,A,,46.0,6.0,1.0,87,1.0,1.0,0.0,1,26,1,0.0,0,6.0,1.0,1,4.0,8,0,1,4,0,0.0,0,1.0,0,0.0,6.0,0.0,60.0,2025
1,D,90.0,36.0,5.0,1.0,55,1.0,1.0,2.0,1,62,2,0.0,0,1.0,3.0,2,7.0,7,1,0,1,1,2.0,0,2.0,0,108.0,135.0,60.0,240.0,2025
2,D,120.0,31.0,4.0,1.0,77,1.0,1.0,3.0,1,81,1,0.0,0,3.0,6.0,1,4.0,7,1,0,1,1,3.0,0,2.0,0,120.0,120.0,120.0,240.0,2025
1,D,210.0,23.0,2.0,1.0,50,1.0,1.0,1.0,1,56,1,0.0,0,3.0,2.0,2,0.0,7,1,0,1,1,1.0,0,1.0,0,210.0,262.0,180.0,360.0,2025
4,D,168.0,34.0,4.0,1.0,82,1.0,0.0,0.0,1,85,1,0.0,0,5.0,6.0,2,0.0,7,1,0,1,1,0.0,0,1.0,0,120.0,121.0,120.0,9996.0,2025
1,D,292.0,32.0,4.0,1.0,9,1.0,1.0,1.0,1,6,1,0.0,0,3.0,1.0,1,0.0,7,1,0,1,1,1.0,0,1.0,0,292.0,365.0,180.0,480.0,2025
5,D,190.0,33.0,4.0,1.0,20,1.0,1.0,0.0,1,17,1,0.0,0,1.0,1.0,1,0.0,7,1,0,1,1,0.0,0,1.0,0,240.0,240.0,60.0,240.0,2025
1,D,84.0,50.0,6.0,1.0,8,1.0,0.0,0.0,1,7,1,0.0,0,6.0,1.0,1,1.0,7,1,0,1,1,0.0,0,1.0,0,210.0,240.0,60.0,240.0,2025
4,D,136.0,37.0,5.0,1.0,53,1.0,1.0,4.0,1,60,1,0.0,0,1.0,1.0,1,3.0,7,1,0,1,1,4.0,0,3.0,0,121.0,151.0,60.0,240.0,2025
1,D,18.0,59.0,7.0,1.0,4,1.0,0.0,0.0,1,2,1,0.0,0,5.0,1.0,1,,7,1,0,1,1,0.0,0,1.0,0,78.0,97.0,0.0,240.0,2025
1,D,180.0,31.0,4.0,1.0,9,1.0,1.0,3.0,1,6,1,0.0,0,3.0,1.0,6,0.0,7,1,0,1,1,3.0,0,2.0,0,235.0,293.0,180.0,480.0,2025
5,D,18.0,48.0,6.0,1.0,92,1.0,1.0,1.0,1,33,1,0.0,0,3.0,2.0,1,1.0,8,1,0,1,1,1.0,0,1.0,0,18.0,24.0,0.0,60.0,2025
5,B,0.03,57.0,7.0,1.0,92,1.0,1.0,0.0,1,33,1,0.0,0,3.0,2.0,1,2.0,8,1,0,1,1,0.0,0,1.0,0,8.0,14.0,0.0,60.0,2025
3,D,121.0,63.0,8.0,1.0,34,1.0,0.0,0.0,1,39,1,0.0,0,6.0,1.0,1,1.0,7,1,0,1,1,0.0,0,1.0,0,121.0,151.0,0.0,240.0,2025
1,D,180.0,50.0,6.0,1.0,88,1.0,1.0,3.0,1,28,1,0.0,0,3.0,1.0,1,0.0,7,1,0,1,1,3.0,0,2.0,0,180.0,210.0,180.0,480.0,2025
8,D,200.0,40.0,5.0,1.0,60,1.0,1.0,7.0,1,67,1,0.0,0,5.0,1.0,1,0.0,7,1,0,1,1,8.0,0,4.0,0,188.0,235.0,180.0,480.0,2025
3,D,60.0,37.0,5.0,1.0,67,1.0,0.0,0.0,1,71,1,0.0,0,6.0,1.0,2,0.0,7,1,0,1,1,0.0,0,1.0,0,60.0,71.0,60.0,240.0,2025
8,D,480.0,48.0,6.0,1.0,89,1.0,1.0,0.0,1,30,1,0.0,0,3.0,1.0,2,0.0,7,1,0,1,1,0.0,0,1.0,0,480.0,480.0,180.0,360.0,2025
2,D,80.0,29.0,3.0,1.0,51,1.0,1.0,0.0,1,57,1,0.0,0,5.0,1.0,1,1.0,7,1,0,1,1,0.0,0,1.0,0,210.0,240.0,60.0,240.0,2025
1,D,51.0,26.0,3.0,1.0,93,1.0,0.0,0.0,1,32,1,0.0,0,5.0,2.0,1,0.0,7,1,0,1,1,0.0,0,1.0,0,97.0,121.0,0.0,240.0,2025
8,D,180.0,29.0,3.0,1.0,89,1.0,1.0,1.0,1,30,1,0.0,0,3.0,2.0,1,0.0,7,1,0,1,1,1.0,0,1.0,0,180.0,180.0,180.0,480.0,2025
3,D,60.0,49.0,6.0,1.0,90,1.0,1.0,0.0,1,29,1,0.0,0,5.0,1.0,1,3.0,7,1,0,1,1,0.0,0,1.0,0,97.0,121.0,60.0,240.0,2025
1,D,144.0,48.0,6.0,1.0,4,1.0,1.0,11.0,1,2,1,0.0,0,5.0,1.0,1,,7,1,0,1,1,11.0,0,5.0,0,210.0,240.0,120.0,240.0,2025
6,D,90.0,42.0,6.0,1.0,30,1.0,0.0,0.0,1,36,1,0.0,0,1.0,6.0,1,3.0,7,1,0,1,1,0.0,0,1.0,0,60.0,60.0,60.0,240.0,2025
4,D,60.0,73.0,8.0,1.0,59,1.0,1.0,0.0,1,66,1,0.0,0,3.0,1.0,1,0.0,7,1,0,1,1,0.0,0,1.0,0,151.0,188.0,60.0,240.0,2025
4,D,60.0,32.0,4.0,1.0,53,1.0,1.0,0.0,1,60,1,0.0,0,3.0,2.0,1,0.0,7,1,0,1,1,0.0,0,1.0,0,78.0,97.0,60.0,240.0,2025
5,D,84.0,35.0,4.0,1.0,83,1.0,1.0,3.0,1,87,1,0.0,0,5.0,1.0,1,0.0,7,1,0,1,1,3.0,0,2.0,0,87.0,108.0,0.0,240.0,2025
6,D,174.0,28.0,3.0,1.0,79,1.0,1.0,2.0,1,83,1,0.0,0,5.0,1.0,1,0.0,7,1,0,1,1,2.0,0,2.0,0,235.0,240.0,60.0,240.0,2025
4,D,180.0,57.0,7.0,1.0,53,1.0,1.0,6.0,1,60,1,0.0,0,3.0,1.0,1,0.0,7,1,0,1,1,6.0,0,3.0,0,120.0,120.0,120.0,240.0,2025
4,D,48.0,52.0,7.0,1.0,59,3.0,1.0,0.0,1,66,0,0.0,0,6.0,1.0,1,3.0,7,1,0,1,1,0.0,0,1.0,0,57.0,71.0,0.0,240.0,2025
1,D,60.0,23.0,2.0,1.0,55,1.0,0.0,0.0,1,62,1,0.0,0,3.0,1.0,1,0.0,7,1,0,1,1,0.0,0,1.0,0,135.0,168.0,0.0,240.0,2025
4,D,70.0,47.0,6.0,1.0,35,3.0,1.0,3.0,1,41,2,0.0,0,1.0,3.0,1,1.0,7,1,0,1,1,3.0,0,2.0,0,70.0,87.0,0.0,240.0,2025
3,D,168.0,37.0,5.0,1.0,16,1.0,1.0,0.0,1,14,1,0.0,0,5.0,1.0,1,0.0,7,1,0,1,1,0.0,0,1.0,0,151.0,188.0,60.0,240.0,2025
4,D,70.0,28.0,3.0,1.0,82,1.0,1.0,0.0,1,85,1,0.0,0,1.0,1.0,1,0.0,7,1,0,1,1,0.0,0,1.0,0,108.0,135.0,60.0,240.0,2025
2,D,120.0,35.0,4.0,1.0,28,1.0,0.0,0.0,1,35,1,0.0,0,5.0,2.0,2,0.0,7,1,0,1,1,0.0,0,1.0,0,151.0,188.0,60.0,240.0,2025
3,D,240.0,54.0,7.0,1.0,34,1.0,1.0,3.0,1,39,1,0.0,0,3.0,1.0,1,0.0,7,1,0,1,1,3.0,0,2.0,0,135.0,168.0,120.0,240.0,2025
3,D,78.0,20.0,1.0,1.0,16,1.0,1.0,0.0,1,14,2,0.0,0,3.0,3.0,2,0.0,7,1,0,1,1,0.0,0,1.0,0,78.0,97.0,60.0,240.0,2025
1,D,,31.0,4.0,1.0,93,1.0,0.0,0.0,1,32,1,0.0,0,3.0,1.0,1,0.0,7,0,1,4,0,0.0,0,1.0,0,97.0,121.0,0.0,240.0,2025
5,D,24.0,38.0,5.0,1.0,83,1.0,0.0,0.0,1,87,1,0.0,0,5.0,1.0,1,2.0,7,1,0,1,1,0.0,0,1.0,0,46.0,57.0,0.0,120.0,2025
5,D,27.0,41.0,6.0,1.0,92,1.0,1.0,9.0,1,33,1,0.0,0,1.0,2.0,2,3.0,8,1,0,1,1,9.0,0,4.0,0,24.0,30.0,0.0,60.0,2025
5,D,35.0,37.0,5.0,1.0,92,1.0,1.0,11.0,1,33,1,0.0,0,5.0,2.0,2,2.0,8,1,0,1,1,11.0,0,5.0,0,30.0,37.0,0.0,60.0,2025
5,D,30.0,38.0,5.0,1.0,92,1.0,1.0,9.0,1,33,1,0.0,0,5.0,1.0,2,3.0,8,1,0,1,1,9.0,0,4.0,0,24.0,30.0,0.0,60.0,2025
3,D,60.0,56.0,7.0,1.0,91,1.0,0.0,0.0,1,31,1,0.0,0,5.0,1.0,1,0.0,7,1,0,1,1,0.0,0,1.0,0,87.0,108.0,60.0,240.0,2025
5,D,24.0,36.0,5.0,1.0,92,1.0,1.0,6.0,1,33,1,0.0,0,1.0,2.0,2,2.0,8,1,0,1,1,6.0,0,3.0,0,18.0,24.0,0.0,60.0,2025
5,D,20.0,46.0,6.0,1.0,92,1.0,1.0,3.0,1,33,1,0.0,0,3.0,2.0,2,6.0,8,1,0,1,1,3.0,0,2.0,0,15.0,21.0,0.0,60.0,2025
1,D,168.0,39.0,5.0,1.0,41,1.0,1.0,6.0,1,47,1,0.0,0,3.0,1.0,2,0.0,7,1,0,1,1,6.0,0,3.0,0,168.0,210.0,120.0,240.0,2025
4,D,78.0,37.0,5.0,1.0,58,1.0,0.0,0.0,1,65,1,0.0,0,5.0,1.0,1,2.0,7,1,0,1,1,0.0,0,1.0,0,78.0,97.0,0.0,240.0,2025
2,D,78.0,49.0,6.0,1.0,24,2.0,0.0,0.0,1,22,1,0.0,0,6.0,1.0,1,5.0,7,1,0,1,1,0.0,0,1.0,0,97.0,121.0,60.0,240.0,2025
1,D,87.0,41.0,6.0,1.0,9,1.0,1.0,0.0,1,6,1,0.0,0,5.0,1.0,3,1.0,7,1,0,1,1,0.0,0,1.0,0,210.0,262.0,60.0,240.0,2025
5,D,36.0,36.0,5.0,1.0,83,1.0,0.0,0.0,1,87,1,0.0,0,3.0,6.0,1,4.0,7,1,0,1,1,0.0,0,1.0,0,46.0,57.0,0.0,120.0,2025
6,D,188.0,54.0,7.0,1.0,33,1.0,1.0,0.0,1,40,1,0.0,0,3.0,1.0,2,0.0,7,1,0,1,1,0.0,0,1.0,0,151.0,188.0,60.0,240.0,2025
2,D,12.03,30.0,3.0,1.0,28,2.0,1.0,0.0,1,35,1,0.0,0,6.0,6.0,1,0.0,7,1,0,1,1,0.0,0,1.0,0,97.0,121.0,0.0,240.0,2025
3,D,96.0,23.0,2.0,1.0,34,1.0,1.0,7.0,1,39,1,0.0,0,1.0,1.0,1,4.0,7,1,0,1,1,8.0,0,4.0,0,77.0,96.0,0.0,240.0,2025
2,D,63.0,21.0,2.0,1.0,14,1.0,1.0,1.0,1,12,2,0.0,0,5.0,3.0,1,0.0,7,1,0,1,1,1.0,0,1.0,0,63.0,78.0,60.0,240.0,2025
1,D,144.0,25.0,2.0,1.0,9,1.0,1.0,3.0,1,6,1,0.0,0,3.0,1.0,1,0.0,7,1,0,1,1,3.0,0,2.0,0,120.0,135.0,120.0,240.0,2025
3,D,121.0,43.0,6.0,1.0,16,1.0,1.0,0.0,1,14,1,0.0,0,3.0,1.0,1,0.0,7,1,0,1,1,0.0,0,1.0,0,151.0,188.0,60.0,240.0,2025
2,D,60.0,36.0,5.0,1.0,24,1.0,0.0,0.0,1,22,1,0.0,0,6.0,1.0,1,2.0,7,1,0,1,1,0.0,0,1.0,0,210.0,240.0,60.0,240.0,2025
2,D,109.0,58.0,7.0,1.0,14,1.0,1.0,0.0,1,12,2,0.0,0,6.0,3.0,2,0.0,7,1,0,1,1,0.0,0,1.0,0,151.0,188.0,0.0,240.0,2025
8,D,168.0,39.0,5.0,1.0,89,1.0,0.0,0.0,1,30,1,0.0,0,6.0,1.0,2,2.0,7,1,0,1,1,0.0,0,1.0,0,135.0,168.0,60.0,240.0,2025
8,D,57.0,36.0,5.0,1.0,89,1.0,1.0,0.0,1,30,2,0.0,0,5.0,3.0,1,0.0,7,1,0,1,1,0.0,0,1.0,0,57.0,71.0,0.0,240.0,2025
3,D,192.0,40.0,5.0,1.0,22,1.0,1.0,7.0,1,19,1,0.0,0,5.0,1.0,1,0.0,7,1,0,1,1,8.0,0,4.0,0,210.0,262.0,180.0,480.0,2025
6,D,121.0,35.0,4.0,1.0,33,1.0,0.0,0.0,1,40,1,0.0,0,5.0,1.0,1,0.0,7,1,0,1,1,0.0,0,1.0,0,97.0,121.0,0.0,240.0,2025
4,D,240.0,21.0,2.0,1.0,35,1.0,0.0,0.0,1,41,2,0.0,0,3.0,3.0,1,0.0,7,1,0,1,1,0.0,0,1.0,0,240.0,240.0,60.0,240.0,2025
1,D,151.0,32.0,4.0,1.0,50,1.0,1.0,0.0,1,56,1,0.0,0,5.0,1.0,1,0.0,7,1,0,1,1,0.0,0,1.0,0,151.0,188.0,60.0,240.0,2025
3,D,175.0,44.0,6.0,1.0,61,1.0,1.0,14.0,1,68,1,0.0,0,3.0,6.0,1,0.0,7,1,0,1,1,15.0,0,6.0,0,140.0,175.0,120.0,240.0,2025
6,D,84.0,29.0,3.0,1.0,81,1.0,0.0,0.0,1,86,1,0.0,0,6.0,6.0,1,1.0,7,1,0,1,1,0.0,0,1.0,0,60.0,60.0,60.0,240.0,2025
8,D,97.0,39.0,5.0,1.0,89,1.0,1.0,0.0,1,30,1,0.0,0,6.0,2.0,3,2.0,7,1,0,1,1,0.0,0,1.0,0,97.0,121.0,60.0,240.0,2025
2,D,840.0,44.0,6.0,1.0,76,1.0,1.0,9.0,3,80,1,0.0,1,5.0,1.0,5,0.0,7,1,0,1,1,9.0,0,5.0,0,2280.0,2280.0,300.0,600.0,2025
8,D,60.0,35.0,4.0,1.0,89,1.0,0.0,0.0,1,30,1,0.0,0,6.0,1.0,2,0.0,7,1,0,1,1,0.0,0,1.0,0,108.0,135.0,60.0,240.0,2025
1,D,167.0,37.0,5.0,1.0,41,1.0,1.0,11.0,1,47,1,0.0,0,5.0,1.0,1,2.0,7,1,0,1,1,12.0,0,5.0,0,151.0,188.0,60.0,240.0,2025
1,D,48.0,25.0,2.0,1.0,49,1.0,0.0,0.0,1,55,1,0.0,0,3.0,1.0,1,0.0,7,1,0,1,1,0.0,0,1.0,0,135.0,168.0,0.0,240.0,2025
3,D,27.0,33.0,4.0,1.0,34,1.0,1.0,9.0,1,39,1,0.0,0,1.0,2.0,1,3.0,8,1,0,1,1,9.0,0,4.0,0,21.0,27.0,0.0,120.0,2025
2,D,60.0,54.0,7.0,1.0,17,1.0,0.0,0.0,1,15,1,0.0,0,6.0,1.0,1,0.0,7,1,0,1,1,0.0,0,1.0,0,63.0,78.0,60.0,240.0,2025
5,D,72.0,24.0,2.0,1.0,83,1.0,0.0,0.0,1,87,1,0.0,0,6.0,1.0,1,0.0,7,1,0,1,1,0.0,0,1.0,0,97.0,121.0,60.0,240.0,2025
2,D,60.0,41.0,6.0,1.0,28,1.0,1.0,0.0,1,35,1,0.0,0,6.0,1.0,1,3.0,7,1,0,1,1,0.0,0,1.0,0,63.0,78.0,60.0,240.0,2025
1,D,24.0,39.0,5.0,1.0,1,1.0,1.0,0.0,1,90,1,0.0,0,5.0,2.0,2,1.0,8,1,0,1,1,0.0,0,1.0,0,18.0,24.0,0.0,120.0,2025
8,D,180.0,33.0,4.0,1.0,89,1.0,0.0,0.0,1,30,1,0.0,0,5.0,1.0,3,0.0,7,1,0,1,1,0.0,0,1.0,0,87.0,108.0,60.0,240.0,2025
6,D,188.0,32.0,4.0,1.0,81,2.0,1.0,0.0,1,86,1,0.0,0,5.0,6.0,1,,7,1,0,1,1,0.0,0,1.0,0,210.0,240.0,60.0,240.0,2025
4,D,108.0,45.0,6.0,1.0,82,1.0,1.0,0.0,1,85,1,0.0,0,6.0,1.0,1,0.0,7,1,0,1,1,0.0,0,1.0,0,135.0,168.0,0.0,240.0,2025
1,D,120.0,66.0,8.0,1.0,6,1.0,1.0,3.0,3,3,1,0.0,1,3.0,1.0,2,1.0,7,1,0,1,1,3.0,0,2.0,0,120.0,120.0,120.0,240.0,2025
1,D,188.0,37.0,5.0,1.0,49,1.0,0.0,0.0,1,55,1,0.0,0,5.0,1.0,1,0.0,7,1,0,1,1,0.0,0,1.0,0,188.0,235.0,60.0,240.0,2025
3,D,151.0,32.0,4.0,1.0,34,1.0,1.0,0.0,1,39,1,0.0,0,5.0,1.0,2,1.0,7,1,0,1,1,0.0,0,1.0,0,121.0,151.0,60.0,240.0,2025
5,D,78.0,72.0,8.0,1.0,36,1.0,1.0,0.0,1,42,1,0.0,0,3.0,1.0,1,0.0,7,1,0,1,1,0.0,0,1.0,0,78.0,97.0,0.0,240.0,2025
1,D,72.0,30.0,3.0,1.0,8,1.0,1.0,0.0,3,7,1,0.0,1,3.0,2.0,3,1.0,7,1,0,1,1,0.0,0,1.0,0,292.0,365.0,60.0,240.0,2025
2,D,144.0,60.0,7.0,1.0,12,1.0,0.0,0.0,1,10,1,0.0,0,3.0,1.0,1,0.0,7,1,0,1,1,0.0,0,1.0,0,235.0,240.0,60.0,240.0,2025
1,D,54.0,48.0,6.0,1.0,19,1.0,1.0,0.0,1,16,2,0.0,0,5.0,3.0,1,0.0,7,1,0,1,1,0.0,0,1.0,0,97.0,120.0,0.0,120.0,2025
2,D,180.0,72.0,8.0,1.0,77,1.0,1.0,0.0,1,81,1,0.0,0,5.0,1.0,2,0.0,7,1,0,1,1,0.0,0,1.0,0,262.0,327.0,180.0,480.0,2025
3,D,72.0,67.0,8.0,1.0,42,1.0,1.0,1.0,1,48,1,0.0,0,5.0,1.0,1,0.0,7,1,0,1,1,1.0,0,1.0,0,63.0,78.0,0.0,120.0,2025
2,D,121.0,35.0,4.0,1.0,94,1.0,1.0,0.0,1,34,1,0.0,0,5.0,1.0,2,,7,1,0,1,1,0.0,0,1.0,0,121.0,151.0,120.0,9996.0,2025
2,D,120.0,43.0,6.0,1.0,17,1.0,1.0,3.0,1,15,1,0.0,0,5.0,1.0,1,0.0,7,1,0,1,1,3.0,0,2.0,0,120.0,120.0,120.0,240.0,2025
3,D,180.0,25.0,2.0,1.0,42,1.0,1.0,0.0,1,48,1,0.0,0,3.0,1.0,2,0.0,7,1,0,1,1,0.0,0,1.0,0,360.0,480.0,60.0,240.0,2025
2,D,72.0,39.0,5.0,1.0,39,1.0,1.0,2.0,1,45,1,0.0,0,6.0,1.0,1,1.0,7,1,0,1,1,2.0,0,2.0,0,135.0,168.0,60.0,240.0,2025
2,D,40.0,42.0,6.0,1.0,24,1.0,0.0,0.0,1,22,1,0.0,0,5.0,2.0,1,0.0,7,1,0,1,1,0.0,0,1.0,0,70.0,87.0,0.0,120.0,2025
1,D,36.0,43.0,6.0,1.0,93,1.0,1.0,0.0,1,32,1,0.0,0,3.0,1.0,2,1.0,7,1,0,1,1,0.0,0,1.0,0,78.0,97.0,0.0,240.0,2025
1,D,78.0,45.0,6.0,1.0,93,1.0,1.0,7.0,1,32,1,0.0,0,3.0,1.0,1,0.0,7,1,0,1,1,7.0,0,4.0,0,100.0,125.0,0.0,240.0,2025
4,D,168.0,57.0,7.0,1.0,59,1.0,1.0,2.0,1,66,0,0.0,0,5.0,1.0,1,0.0,7,1,0,1,1,2.0,0,2.0,0,235.0,240.0,60.0,240.0,2025
3,D,28.0,44.0,6.0,1.0,75,1.0,0.0,0.0,1,79,1,0.0,0,3.0,1.0,1,0.0,7,1,0,1,1,0.0,0,1.0,0,37.0,46.0,0.0,120.0,2025
3,D,240.0,57.0,7.0,1.0,38,1.0,1.0,0.0,1,44,1,0.0,0,5.0,1.0,5,0.0,7,1,0,1,1,0.0,0,1.0,0,9996.0,9996.0,120.0,9996.0,2025
1,D,120.0,34.0,4.0,1.0,3,1.0,1.0,1.0,1,1,1,0.0,0,3.0,1.0,1,0.0,7,1,0,1,1,1.0,0,1.0,0,120.0,120.0,120.0,240.0,2025
3,D,30.0,69.0,8.0,1.0,75,1.0,0.0,0.0,1,79,1,0.0,0,3.0,1.0,1,0.0,7,1,0,1,1,0.0,0,1.0,0,51.0,63.0,0.0,240.0,2025
1,D,240.0,31.0,4.0,1.0,9,1.0,1.0,3.0,1,6,1,0.0,0,3.0,1.0,4,0.0,7,1,0,1,1,3.0,0,2.0,0,360.0,1680.0,180.0,480.0,2025
6,D,195.0,49.0,6.0,1.0,33,1.0,1.0,0.0,1,40,1,0.0,0,3.0,1.0,1,0.0,7,1,0,1,1,0.0,0,1.0,0,360.0,480.0,180.0,480.0,2025
1,D,135.0,47.0,6.0,1.0,1,1.0,1.0,0.0,1,90,1,1.0,0,6.0,1.0,1,0.0,7,1,0,1,1,0.0,0,1.0,0,135.0,168.0,60.0,240.0,2025
3,D,188.0,24.0,2.0,1.0,22,1.0,1.0,6.0,1,19,1,0.0,0,3.0,1.0,1,0.0,7,1,0,1,1,6.0,0,3.0,0,188.0,235.0,180.0,480.0,2025
8,D,40.0,61.0,8.0,1.0,89,1.0,1.0,0.0,1,30,1,0.0,0,3.0,1.0,1,0.0,7,1,0,1,1,0.0,0,1.0,0,78.0,97.0,0.0,240.0,2025
2,D,30.0,23.0,2.0,1.0,24,1.0,1.0,0.0,1,22,2,0.0,0,3.0,3.0,1,0.0,7,1,0,1,1,0.0,0,1.0,0,78.0,97.0,0.0,120.0,2025
3,D,120.0,41.0,6.0,1.0,7,1.0,1.0,4.0,1,5,1,0.0,0,5.0,1.0,1,1.0,7,1,0,1,1,4.0,0,3.0,0,120.0,120.0,120.0,240.0,2025
3,D,63.0,44.0,6.0,1.0,68,1.0,0.0,0.0,1,74,1,0.0,0,5.0,1.0,1,0.0,7,1,0,1,1,0.0,0,1.0,0,97.0,121.0,0.0,240.0,2025
2,D,120.0,38.0,5.0,1.0,64,1.0,0.0,0.0,1,70,1,0.0,0,5.0,1.0,1,0.0,7,1,0,2,1,0.0,0,1.0,0,151.0,188.0,60.0,240.0,2025
3,D,86.0,38.0,5.0,1.0,29,1.0,0.0,0.0,1,96,1,0.0,0,3.0,1.0,1,6.0,7,1,0,1,1,0.0,0,1.0,0,121.0,151.0,60.0,240.0,2025
2,D,0.03,33.0,4.0,1.0,27,1.0,0.0,0.0,1,25,0,0.0,0,5.0,2.0,1,0.0,7,1,0,1,1,0.0,0,1.0,0,78.0,97.0,0.0,240.0,2025
4,D,110.0,53.0,7.0,1.0,58,1.0,1.0,0.0,1,65,1,0.0,0,3.0,1.0,1,0.0,7,1,0,1,1,0.0,0,1.0,0,151.0,188.0,60.0,240.0,2025
2,D,0.03,34.0,4.0,1.0,65,1.0,1.0,0.0,1,73,1,0.0,0,5.0,1.0,1,0.0,7,1,0,1,1,0.0,0,1.0,0,120.0,120.0,0.0,120.0,2025
1,D,96.0,45.0,6.0,1.0,46,1.0,0.0,0.0,1,53,1,0.0,0,5.0,1.0,19,1.0,7,1,0,1,1,0.0,0,1.0,0,135.0,168.0,60.0,240.0,2025
2,D,78.0,58.0,7.0,1.0,94,1.0,1.0,0.0,1,34,1,0.0,0,5.0,1.0,1,1.0,7,1,0,1,1,0.0,0,1.0,0,78.0,97.0,0.0,240.0,2025
3,D,60.0,41.0,6.0,1.0,38,1.0,1.0,1.0,1,44,1,0.0,0,3.0,1.0,1,3.0,7,1,0,1,1,1.0,0,1.0,0,60.0,71.0,60.0,240.0,2025
3,D,48.0,69.0,8.0,1.0,52,1.0,0.0,0.0,1,58,1,0.0,0,5.0,1.0,1,0.0,7,1,0,1,1,0.0,0,1.0,0,57.0,71.0,0.0,240.0,2025
1,D,0.03,37.0,5.0,1.0,10,1.0,0.0,0.0,1,8,1,0.0,0,1.0,1.0,1,0.0,7,1,0,1,1,0.0,0,1.0,0,70.0,87.0,0.0,240.0,2025
2,D,70.0,50.0,6.0,1.0,39,1.0,0.0,0.0,1,45,1,0.0,0,6.0,1.0,1,3.0,7,1,0,1,1,0.0,0,1.0,0,121.0,151.0,60.0,240.0,2025
1,D,144.0,56.0,7.0,1.0,41,1.0,1.0,2.0,1,47,1,0.0,0,5.0,1.0,1,0.0,7,1,0,1,1,2.0,0,2.0,0,235.0,240.0,60.0,240.0,2025
4,D,210.0,45.0,6.0,1.0,82,1.0,1.0,0.0,1,85,1,0.0,0,6.0,6.0,2,1.0,7,1,0,1,1,0.0,0,1.0,0,324.0,405.0,120.0,9996.0,2025
4,D,36.0,54.0,7.0,1.0,58,1.0,1.0,0.0,1,65,1,0.0,0,5.0,1.0,1,3.0,7,1,0,1,1,0.0,0,1.0,0,87.0,108.0,0.0,240.0,2025
1,D,0.03,37.0,5.0,1.0,71,1.0,1.0,0.0,1,76,1,0.0,0,5.0,1.0,1,0.0,7,1,0,1,1,0.0,0,1.0,0,97.0,120.0,0.0,120.0,2025
4,D,48.0,45.0,6.0,1.0,56,1.0,0.0,0.0,1,63,1,0.0,0,5.0,1.0,1,2.0,7,1,0,1,1,0.0,0,1.0,0,78.0,97.0,0.0,240.0,2025
3,A,,51.0,7.0,1.0,23,1.0,0.0,0.0,1,20,1,1.0,0,3.0,1.0,1,0.0,8,0,1,4,0,0.0,0,1.0,0,0.0,6.0,0.0,60.0,2025
1,D,20.0,39.0,5.0,1.0,3,1.0,1.0,0.0,1,1,1,1.0,0,1.0,2.0,1,1.0,8,1,0,1,1,0.0,0,1.0,0,30.0,37.0,0.0,240.0,2025
5,D,36.0,27.0,3.0,1.0,36,1.0,0.0,0.0,1,42,1,1.0,0,1.0,2.0,1,0.0,7,1,0,1,1,0.0,0,1.0,0,78.0,97.0,0.0,240.0,2025
4,D,48.0,56.0,7.0,1.0,58,1.0,1.0,0.0,1,65,1,0.0,0,6.0,1.0,1,0.0,7,1,0,1,1,0.0,0,1.0,0,78.0,97.0,0.0,240.0,2025
2,D,96.0,48.0,6.0,1.0,14,1.0,1.0,0.0,1,12,2,0.0,0,5.0,3.0,2,0.0,7,1,0,1,1,0.0,0,1.0,0,151.0,188.0,60.0,240.0,2025
3,D,120.0,37.0,5.0,1.0,7,1.0,1.0,3.0,1,5,1,0.0,0,5.0,1.0,1,0.0,7,1,0,1,1,3.0,0,2.0,0,120.0,135.0,120.0,240.0,2025
8,D,97.0,57.0,7.0,1.0,60,1.0,1.0,0.0,1,67,2,0.0,0,3.0,3.0,1,0.0,7,1,0,1,1,0.0,0,1.0,0,97.0,121.0,60.0,240.0,2025
3,D,120.0,62.0,8.0,1.0,22,1.0,1.0,3.0,1,19,1,0.0,0,6.0,1.0,1,0.0,7,1,0,1,1,3.0,0,2.0,0,120.0,120.0,120.0,240.0,2025
4,D,70.0,45.0,6.0,1.0,82,1.0,1.0,0.0,1,85,1,0.0,0,3.0,1.0,1,1.0,7,1,0,1,1,0.0,0,1.0,0,87.0,108.0,0.0,240.0,2025
1,D,60.0,38.0,5.0,1.0,40,1.0,1.0,1.0,1,46,1,0.0,0,3.0,1.0,1,0.0,7,1,0,1,1,1.0,0,1.0,0,78.0,97.0,0.0,240.0,2025
8,D,60.0,30.0,3.0,1.0,89,1.0,0.0,0.0,1,30,2,1.0,0,6.0,3.0,1,0.0,7,1,0,1,1,0.0,0,1.0,0,188.0,235.0,60.0,240.0,2025
8,D,60.0,25.0,2.0,1.0,89,1.0,0.0,0.0,1,30,1,0.0,0,3.0,1.0,2,0.0,7,1,0,1,1,0.0,0,1.0,0,78.0,97.0,0.0,240.0,2025
3,D,168.0,45.0,6.0,1.0,44,1.0,1.0,3.0,1,50,1,0.0,0,1.0,1.0,1,0.0,7,1,0,1,1,3.0,0,2.0,0,168.0,210.0,60.0,240.0,2025
3,D,96.0,41.0,6.0,1.0,42,1.0,0.0,0.0,1,48,1,0.0,0,6.0,1.0,2,0.0,7,1,0,1,1,0.0,0,1.0,0,97.0,121.0,60.0,240.0,2025
5,D,30.0,53.0,7.0,1.0,92,1.0,1.0,0.0,1,33,2,0.0,0,1.0,3.0,3,2.0,8,1,0,1,1,0.0,0,1.0,0,24.0,30.0,0.0,60.0,2025
1,B,,33.0,4.0,1.0,70,1.0,1.0,0.0,1,75,1,1.0,0,3.0,6.0,1,0.0,8,0,1,3,0,0.0,0,1.0,0,6.0,12.0,0.0,60.0,2025
5,D,20.0,42.0,6.0,1.0,92,1.0,1.0,4.0,1,33,1,0.0,0,3.0,2.0,2,2.0,8,1,0,1,1,4.0,0,3.0,0,18.0,24.0,0.0,60.0,2025
5,D,180.0,27.0,3.0,1.0,36,1.0,0.0,0.0,1,42,2,0.0,0,6.0,3.0,1,0.0,7,1,0,1,1,0.0,0,1.0,0,210.0,240.0,60.0,240.0,2025
3,D,120.0,45.0,6.0,1.0,22,1.0,1.0,3.0,1,19,1,0.0,0,5.0,2.0,1,0.0,7,1,0,1,1,3.0,0,2.0,0,120.0,120.0,120.0,240.0,2025
1,D,97.0,68.0,8.0,1.0,41,1.0,0.0,0.0,1,47,1,0.0,0,6.0,1.0,2,0.0,7,1,0,1,1,0.0,0,1.0,0,151.0,188.0,60.0,240.0,2025
2,D,180.0,44.0,6.0,1.0,39,1.0,1.0,0.0,1,45,1,0.0,0,5.0,1.0,1,0.0,7,1,0,1,1,0.0,0,1.0,0,180.0,188.0,180.0,480.0,2025
3,D,60.0,27.0,3.0,1.0,63,1.0,1.0,3.0,1,95,0,0.0,0,3.0,1.0,1,0.0,7,1,0,1,1,3.0,0,2.0,0,60.0,63.0,60.0,240.0,2025
2,D,120.0,34.0,4.0,1.0,26,1.0,1.0,7.0,1,24,1,0.0,0,5.0,1.0,1,0.0,7,1,0,1,1,8.0,0,4.0,0,120.0,120.0,120.0,240.0,2025
4,D,36.0,25.0,2.0,1.0,58,1.0,0.0,0.0,1,65,1,0.0,0,5.0,1.0,1,0.0,7,1,0,1,1,0.0,0,1.0,0,57.0,71.0,0.0,240.0,2025
8,D,78.0,43.0,6.0,1.0,89,1.0,0.0,0.0,1,30,1,0.0,0,5.0,6.0,1,0.0,7,1,0,1,1,0.0,0,1.0,0,78.0,97.0,0.0,240.0,2025
4,D,108.0,44.0,6.0,1.0,82,1.0,1.0,3.0,1,85,1,0.0,0,3.0,1.0,1,1.0,7,1,0,2,1,3.0,0,2.0,0,135.0,168.0,60.0,240.0,2025
5,D,51.0,33.0,4.0,1.0,83,1.0,1.0,0.0,1,87,1,0.0,0,3.0,6.0,1,3.0,7,1,0,1,1,0.0,0,1.0,0,51.0,63.0,0.0,240.0,2025
5,D,60.0,40.0,5.0,1.0,92,1.0,1.0,4.0,1,33,1,0.0,0,3.0,1.0,1,0.0,7,1,0,1,1,4.0,0,3.0,0,97.0,121.0,0.0,240.0,2025
5,D,84.0,34.0,4.0,1.0,62,1.0,1.0,3.0,1,69,1,0.0,0,5.0,1.0,1,0.0,7,1,0,1,1,3.0,0,2.0,0,240.0,240.0,60.0,240.0,2025
1,D,120.0,42.0,6.0,1.0,93,1.0,1.0,0.0,1,32,1,0.0,0,3.0,1.0,1,0.0,7,1,0,1,1,0.0,0,1.0,0,97.0,121.0,0.0,240.0,2025
2,D,42.0,46.0,6.0,1.0,64,1.0,0.0,0.0,1,70,1,0.0,0,6.0,1.0,1,2.0,7,1,0,1,1,0.0,0,1.0,0,63.0,78.0,0.0,240.0,2025
1,D,120.0,31.0,4.0,1.0,19,1.0,1.0,2.0,1,16,1,0.0,0,5.0,1.0,1,0.0,7,1,0,1,1,2.0,0,2.0,0,120.0,121.0,120.0,240.0,2025
8,D,103.0,43.0,6.0,1.0,60,1.0,1.0,1.0,1,67,1,0.0,0,1.0,1.0,1,1.0,7,1,0,1,1,1.0,0,1.0,0,97.0,121.0,0.0,240.0,2025
8,D,151.0,52.0,7.0,1.0,89,1.0,1.0,0.0,1,30,1,0.0,0,3.0,1.0,2,2.0,7,1,0,1,1,0.0,0,1.0,0,121.0,151.0,120.0,9996.0,2025
4,D,78.0,37.0,5.0,1.0,59,1.0,1.0,0.0,1,66,0,0.0,0,5.0,1.0,1,0.0,7,1,0,1,1,0.0,0,1.0,0,151.0,188.0,60.0,240.0,2025
4,D,180.0,42.0,6.0,1.0,35,2.0,0.0,0.0,1,41,2,0.0,0,1.0,3.0,1,1.0,7,1,0,1,1,0.0,0,1.0,0,210.0,240.0,60.0,240.0,2025
1,D,120.0,44.0,6.0,1.0,46,1.0,1.0,1.0,1,53,1,0.0,0,1.0,1.0,1,0.0,7,1,0,1,1,1.0,0,1.0,0,120.0,120.0,120.0,240.0,2025
2,D,120.0,58.0,7.0,1.0,85,1.0,1.0,6.0,1,89,1,0.0,0,5.0,1.0,1,0.0,7,1,0,1,1,6.0,0,3.0,0,120.0,121.0,120.0,240.0,2025
4,D,60.0,46.0,6.0,1.0,59,1.0,1.0,0.0,1,66,1,0.0,0,6.0,1.0,1,1.0,7,1,0,1,1,0.0,0,1.0,0,97.0,121.0,60.0,240.0,2025
4,D,108.0,52.0,7.0,1.0,58,1.0,0.0,0.0,1,65,1,0.0,0,5.0,1.0,1,0.0,7,1,0,1,1,0.0,0,1.0,0,151.0,188.0,60.0,240.0,2025
4,D,156.0,44.0,6.0,1.0,56,1.0,1.0,5.0,1,63,1,0.0,0,3.0,1.0,2,0.0,7,1,0,1,1,5.0,0,3.0,0,151.0,188.0,120.0,9996.0,2025
4,D,240.0,21.0,2.0,1.0,82,1.0,1.0,0.0,1,85,1,0.0,0,1.0,1.0,2,0.0,7,1,0,1,1,0.0,0,1.0,0,600.0,600.0,180.0,360.0,2025
4,D,120.0,77.0,8.0,1.0,82,1.0,1.0,0.0,1,85,1,0.0,0,6.0,1.0,1,0.0,7,1,0,1,1,0.0,0,1.0,0,120.0,120.0,120.0,240.0,2025
3,D,96.0,35.0,4.0,1.0,5,1.0,1.0,3.0,1,4,1,0.0,0,5.0,1.0,2,0.0,7,1,0,1,1,3.0,0,2.0,0,60.0,71.0,60.0,240.0,2025
3,D,210.0,29.0,3.0,1.0,43,1.0,1.0,4.0,1,49,1,0.0,0,3.0,1.0,1,1.0,7,1,0,1,1,4.0,0,3.0,0,240.0,240.0,120.0,240.0,2025
1,D,24.0,37.0,5.0,1.0,71,1.0,1.0,0.0,1,76,1,0.0,0,3.0,1.0,1,0.0,7,1,0,1,1,0.0,0,1.0,0,78.0,97.0,0.0,240.0,2025
1,D,46.0,39.0,5.0,1.0,70,1.0,0.0,0.0,1,75,0,0.0,0,3.0,1.0,1,0.0,7,1,0,1,1,0.0,0,1.0,0,51.0,63.0,0.0,240.0,2025
1,D,36.0,57.0,7.0,1.0,71,1.0,1.0,0.0,1,76,1,0.0,0,3.0,1.0,1,0.0,7,1,0,1,1,0.0,0,1.0,0,37.0,46.0,0.0,240.0,2025
3,D,240.0,78.0,8.0,1.0,91,1.0,1.0,6.0,3,31,1,0.0,1,6.0,1.0,2,0.0,7,1,0,1,1,6.0,0,3.0,0,210.0,262.0,180.0,480.0,2025
6,D,180.0,24.0,2.0,1.0,79,1.0,1.0,0.0,1,83,1,0.0,0,3.0,1.0,1,0.0,7,1,0,1,1,0.0,0,1.0,0,168.0,210.0,0.0,240.0,2025
1,D,18.0,49.0,6.0,1.0,70,1.0,1.0,0.0,1,75,1,0.0,0,1.0,6.0,1,0.0,8,1,0,1,1,0.0,0,1.0,0,21.0,27.0,0.0,60.0,2025
2,D,300.0,33.0,4.0,1.0,84,1.0,1.0,8.0,1,88,1,0.0,0,3.0,1.0,1,0.0,7,1,0,1,1,8.0,0,4.0,0,360.0,480.0,180.0,480.0,2025
4,D,65.0,65.0,8.0,1.0,59,1.0,1.0,0.0,1,66,1,0.0,0,3.0,1.0,1,0.0,7,1,0,1,1,0.0,0,1.0,0,97.0,121.0,60.0,240.0,2025
5,D,135.0,33.0,4.0,1.0,36,1.0,0.0,0.0,1,42,1,0.0,0,6.0,1.0,1,0.0,7,1,0,1,1,0.0,0,1.0,0,240.0,240.0,60.0,240.0,2025
2,D,144.0,32.0,4.0,1.0,17,,,,1,15,1,0.0,0,,6.0,4,,7,1,0,1,1,,0,1.0,0,168.0,210.0,120.0,9996.0,2025
1,D,70.0,27.0,3.0,1.0,70,1.0,0.0,0.0,1,75,1,0.0,0,3.0,6.0,4,0.0,7,1,0,1,1,0.0,0,1.0,0,210.0,262.0,60.0,240.0,2025
2,D,0.03,48.0,6.0,1.0,28,1.0,0.0,0.0,1,35,2,0.0,0,3.0,3.0,1,0.0,7,1,0,1,1,0.0,0,1.0,0,97.0,121.0,0.0,240.0,2025
1,D,168.0,35.0,4.0,1.0,71,1.0,1.0,3.0,1,76,1,0.0,0,3.0,1.0,1,0.0,7,1,0,1,1,3.0,0,2.0,0,188.0,235.0,120.0,240.0,2025
3,D,120.0,31.0,4.0,1.0,68,1.0,1.0,3.0,1,74,1,0.0,0,3.0,1.0,1,0.0,7,1,0,1,1,3.0,0,2.0,0,120.0,120.0,120.0,240.0,2025
1,D,108.0,35.0,4.0,1.0,55,1.0,1.0,1.0,1,62,1,0.0,0,6.0,1.0,1,0.0,7,1,0,1,1,1.0,0,1.0,0,121.0,151.0,60.0,240.0,2025
3,D,60.0,20.0,1.0,1.0,90,1.0,1.0,0.0,1,29,2,0.0,0,3.0,3.0,1,0.0,7,1,0,1,1,0.0,0,1.0,0,60.0,60.0,60.0,240.0,2025
1,D,180.0,41.0,6.0,1.0,41,1.0,1.0,0.0,1,47,1,0.0,0,5.0,1.0,1,0.0,7,1,0,1,1,0.0,0,1.0,0,151.0,188.0,60.0,240.0,2025
1,D,120.0,50.0,6.0,1.0,9,1.0,1.0,3.0,1,6,1,0.0,0,3.0,1.0,1,0.0,7,1,0,1,1,3.0,0,2.0,0,120.0,120.0,120.0,240.0,2025
8,D,12.03,24.0,2.0,1.0,89,1.0,0.0,0.0,1,30,1,0.0,0,6.0,2.0,1,0.0,7,1,0,1,1,0.0,0,1.0,0,51.0,63.0,0.0,240.0,2025
3,D,420.0,41.0,6.0,1.0,90,1.0,1.0,0.0,3,29,1,0.0,1,5.0,6.0,3,2.0,7,1,0,1,1,0.0,0,1.0,0,121.0,151.0,60.0,240.0,2025
3,D,0.39,42.0,6.0,1.0,68,1.0,0.0,0.0,1,74,1,0.0,0,3.0,1.0,1,,7,1,0,1,1,0.0,0,1.0,0,78.0,97.0,0.0,240.0,2025
1,D,600.0,40.0,5.0,1.0,41,1.0,1.0,1.0,1,47,1,0.0,0,5.0,1.0,8,1.0,7,1,0,1,1,1.0,0,6.0,0,2640.0,2640.0,60.0,240.0,2025
1,D,100.0,50.0,6.0,1.0,93,1.0,1.0,5.0,1,32,1,0.0,0,3.0,1.0,1,2.0,7,1,0,1,1,5.0,0,3.0,0,188.0,235.0,60.0,240.0,2025
4,D,108.0,38.0,5.0,1.0,35,1.0,1.0,0.0,1,41,1,0.0,0,6.0,1.0,2,0.0,7,1,0,1,1,0.0,0,1.0,0,97.0,121.0,60.0,240.0,2025
5,D,87.0,41.0,6.0,1.0,83,1.0,0.0,0.0,1,87,1,0.0,0,6.0,1.0,1,3.0,7,1,0,1,1,0.0,0,1.0,0,70.0,87.0,60.0,240.0,2025
2,D,60.0,63.0,8.0,1.0,76,1.0,0.0,0.0,1,80,1,0.0,0,5.0,1.0,1,0.0,7,1,0,1,1,0.0,0,1.0,0,151.0,188.0,60.0,240.0,2025
3,D,210.0,46.0,6.0,1.0,5,1.0,1.0,0.0,1,4,2,0.0,0,5.0,3.0,3,3.0,7,1,0,1,1,0.0,0,1.0,0,210.0,262.0,60.0,240.0,2025
1,D,360.0,40.0,5.0,1.0,19,1.0,1.0,0.0,1,16,1,0.0,0,5.0,1.0,3,1.0,7,1,0,1,1,0.0,0,1.0,0,720.0,720.0,180.0,360.0,2025
2,D,120.0,44.0,6.0,1.0,76,1.0,1.0,3.0,1,80,1,0.0,0,3.0,1.0,1,0.0,7,1,0,1,1,3.0,0,2.0,0,120.0,120.0,120.0,240.0,2025
4,D,84.0,39.0,5.0,1.0,58,1.0,0.0,0.0,1,65,1,0.0,0,6.0,1.0,1,0.0,7,1,0,1,1,0.0,0,1.0,0,78.0,97.0,0.0,240.0,2025
6,D,180.0,69.0,8.0,1.0,30,1.0,1.0,0.0,1,36,1,0.0,0,3.0,1.0,3,0.0,7,1,0,1,1,0.0,0,1.0,0,262.0,327.0,60.0,240.0,2025
1,B,0.03,50.0,6.0,1.0,8,2.0,1.0,1.0,1,7,1,0.0,0,1.0,6.0,1,3.0,8,1,0,2,1,1.0,0,1.0,0,6.0,12.0,0.0,24.0,2025
6,D,210.0,31.0,4.0,1.0,79,1.0,1.0,3.0,1,83,1,0.0,0,3.0,1.0,1,0.0,7,1,0,1,1,3.0,0,2.0,0,235.0,293.0,180.0,480.0,2025
2,D,78.0,55.0,7.0,1.0,77,1.0,1.0,3.0,1,81,1,0.0,0,6.0,1.0,1,0.0,7,1,0,1,1,3.0,0,2.0,0,97.0,121.0,0.0,240.0,2025
5,D,114.0,25.0,2.0,1.0,37,1.0,1.0,0.0,1,43,1,0.0,0,5.0,1.0,1,0.0,7,1,0,1,1,0.0,0,1.0,0,151.0,188.0,60.0,240.0,2025
3,D,85.0,36.0,5.0,1.0,16,1.0,1.0,0.0,1,14,1,0.0,0,5.0,1.0,1,3.0,7,1,0,1,1,0.0,0,1.0,0,151.0,188.0,60.0,240.0,2025
2,D,60.0,39.0,5.0,1.0,24,1.0,0.0,0.0,1,22,1,0.0,0,6.0,6.0,1,1.0,7,1,0,1,1,0.0,0,1.0,0,168.0,210.0,60.0,240.0,2025
3,D,300.0,53.0,7.0,1.0,42,1.0,1.0,3.0,1,48,1,0.0,0,3.0,1.0,2,0.0,7,1,0,1,1,3.0,0,2.0,0,360.0,720.0,180.0,480.0,2025
6,D,72.0,33.0,4.0,1.0,81,1.0,0.0,0.0,1,86,0,0.0,0,3.0,2.0,1,0.0,7,1,0,1,1,0.0,0,1.0,0,97.0,121.0,0.0,240.0,2025
4,D,144.0,56.0,7.0,1.0,58,1.0,1.0,1.0,1,65,1,0.0,0,1.0,1.0,2,1.0,7,1,0,1,1,1.0,0,1.0,0,168.0,210.0,120.0,240.0,2025
2,D,63.0,51.0,7.0,1.0,77,1.0,1.0,6.0,1,81,1,0.0,0,5.0,1.0,1,0.0,7,1,0,1,1,6.0,0,3.0,0,63.0,78.0,0.0,240.0,2025
1,D,235.0,42.0,6.0,1.0,9,1.0,1.0,10.0,1,6,1,0.0,0,5.0,1.0,2,1.0,7,1,0,1,1,11.0,0,5.0,0,324.0,405.0,180.0,480.0,2025
4,D,63.0,58.0,7.0,1.0,58,1.0,0.0,0.0,1,65,1,0.0,0,6.0,1.0,1,0.0,7,1,0,1,1,0.0,0,1.0,0,78.0,97.0,0.0,240.0,2025
4,D,72.0,25.0,2.0,1.0,58,1.0,0.0,0.0,1,65,1,0.0,0,5.0,1.0,1,0.0,7,1,0,1,1,0.0,0,1.0,0,151.0,188.0,60.0,240.0,2025
3,D,120.0,37.0,5.0,1.0,34,1.0,1.0,20.0,1,39,1,0.0,0,3.0,1.0,1,0.0,7,1,0,1,1,20.0,0,6.0,0,168.0,210.0,0.0,240.0,2025
3,D,90.0,22.0,2.0,1.0,42,1.0,1.0,0.0,1,48,1,0.0,0,3.0,1.0,3,1.0,7,1,0,1,1,0.0,0,1.0,0,78.0,97.0,0.0,240.0,2025
1,D,188.0,41.0,6.0,1.0,70,1.0,0.0,0.0,1,75,1,0.0,0,5.0,1.0,1,1.0,7,1,0,1,1,0.0,0,1.0,0,210.0,240.0,60.0,240.0,2025
1,D,72.0,66.0,8.0,1.0,9,1.0,1.0,0.0,1,6,1,0.0,0,5.0,1.0,2,2.0,7,1,0,1,1,0.0,0,1.0,0,188.0,235.0,60.0,240.0,2025
3,D,108.0,29.0,3.0,1.0,42,1.0,0.0,0.0,1,48,1,0.0,0,3.0,1.0,1,0.0,7,1,0,1,1,0.0,0,1.0,0,210.0,240.0,60.0,240.0,2025
2,D,48.0,74.0,8.0,1.0,77,1.0,0.0,0.0,1,81,1,0.0,0,6.0,1.0,2,0.0,7,1,0,1,1,0.0,0,1.0,0,121.0,151.0,0.0,360.0,2025
3,B,,45.0,6.0,1.0,91,1.0,1.0,0.0,2,31,1,0.0,0,1.0,2.0,1,1.0,8,0,1,4,0,0.0,0,1.0,0,8.0,14.0,0.0,60.0,2025
1,D,78.0,58.0,7.0,1.0,11,1.0,0.0,0.0,1,9,1,0.0,0,5.0,1.0,1,0.0,7,1,0,1,1,0.0,0,1.0,0,78.0,97.0,0.0,240.0,2025
3,D,180.0,33.0,4.0,1.0,91,1.0,1.0,6.0,1,31,1,0.0,0,3.0,2.0,3,0.0,7,1,0,1,1,6.0,0,3.0,0,180.0,188.0,180.0,480.0,2025
3,D,60.0,26.0,3.0,1.0,75,1.0,0.0,0.0,1,79,2,0.0,0,3.0,3.0,1,0.0,7,1,0,1,1,0.0,0,1.0,0,97.0,121.0,60.0,240.0,2025
4,D,,37.0,5.0,1.0,35,1.0,0.0,0.0,1,41,1,0.0,0,5.0,6.0,1,0.0,7,0,1,4,0,0.0,0,1.0,0,97.0,120.0,0.0,120.0,2025
4,D,180.0,49.0,6.0,1.0,35,1.0,1.0,0.0,1,41,1,0.0,0,5.0,1.0,1,0.0,7,1,0,1,1,0.0,0,1.0,0,135.0,168.0,60.0,240.0,2025
2,D,125.0,37.0,5.0,1.0,85,1.0,1.0,12.0,1,89,1,0.0,0,3.0,1.0,1,0.0,7,1,0,1,1,12.0,0,5.0,0,140.0,175.0,120.0,240.0,2025
3,D,87.0,31.0,4.0,1.0,29,1.0,0.0,0.0,1,96,1,0.0,0,3.0,1.0,1,0.0,7,1,0,1,1,0.0,0,1.0,0,151.0,188.0,60.0,240.0,2025
3,D,96.0,57.0,7.0,1.0,34,1.0,0.0,0.0,1,39,1,0.0,0,5.0,1.0,1,0.0,7,1,0,1,1,0.0,0,1.0,0,121.0,151.0,60.0,240.0,2025
8,D,180.0,35.0,4.0,1.0,89,1.0,1.0,6.0,1,30,1,0.0,0,5.0,1.0,1,0.0,7,1,0,1,1,6.0,0,3.0,0,120.0,120.0,120.0,240.0,2025
6,D,120.0,34.0,4.0,1.0,30,1.0,1.0,3.0,1,36,1,0.0,0,5.0,1.0,1,1.0,7,1,0,1,1,3.0,0,2.0,0,120.0,121.0,120.0,240.0,2025
3,D,121.0,56.0,7.0,1.0,91,1.0,1.0,0.0,1,31,2,0.0,0,6.0,3.0,2,0.0,7,1,0,1,1,0.0,0,1.0,0,121.0,151.0,0.0,240.0,2025
5,D,27.0,28.0,3.0,1.0,62,1.0,1.0,1.0,1,69,1,0.0,0,5.0,1.0,1,0.0,7,1,0,1,1,1.0,0,1.0,0,24.0,30.0,0.0,120.0,2025
1,D,228.0,41.0,6.0,1.0,41,1.0,1.0,3.0,1,47,1,0.0,0,3.0,1.0,1,0.0,7,1,0,1,1,3.0,0,2.0,0,262.0,327.0,180.0,480.0,2025
2,D,0.03,69.0,8.0,1.0,14,1.0,1.0,0.0,1,12,1,0.0,0,3.0,1.0,1,1.0,7,1,0,1,1,0.0,0,1.0,0,41.0,51.0,0.0,120.0,2025
3,D,168.0,25.0,2.0,1.0,34,1.0,1.0,0.0,1,39,1,0.0,0,5.0,2.0,1,0.0,7,1,0,1,1,0.0,0,1.0,0,168.0,210.0,0.0,240.0,2025
3,D,72.0,56.0,7.0,1.0,34,1.0,1.0,0.0,1,39,2,0.0,0,3.0,3.0,2,0.0,7,1,0,1,1,0.0,0,1.0,0,41.0,51.0,0.0,240.0,2025
4,D,240.0,44.0,6.0,1.0,35,1.0,1.0,9.0,3,41,2,0.0,1,3.0,3.0,1,0.0,7,1,0,1,1,9.0,0,4.0,0,151.0,188.0,120.0,240.0,2025
4,D,168.0,36.0,5.0,1.0,58,1.0,1.0,1.0,1,65,1,0.0,0,5.0,1.0,1,0.0,7,1,0,1,1,1.0,0,1.0,0,168.0,210.0,60.0,240.0,2025
5,D,63.0,51.0,7.0,1.0,62,1.0,1.0,1.0,1,69,0,0.0,0,5.0,1.0,1,0.0,7,1,0,1,1,1.0,0,1.0,0,78.0,97.0,60.0,240.0,2025
1,D,120.0,31.0,4.0,1.0,9,1.0,1.0,8.0,1,6,1,0.0,0,5.0,1.0,1,0.0,7,1,0,1,1,9.0,0,4.0,0,120.0,137.0,120.0,240.0,2025
2,D,96.0,30.0,3.0,1.0,2,1.0,1.0,2.0,1,0,1,0.0,0,5.0,1.0,1,0.0,7,1,0,1,1,2.0,0,2.0,0,151.0,188.0,0.0,240.0,2025
4,D,97.0,42.0,6.0,1.0,58,1.0,1.0,1.0,1,65,1,0.0,0,5.0,2.0,1,0.0,7,1,0,1,1,1.0,0,1.0,0,78.0,97.0,0.0,240.0,2025
3,D,87.0,33.0,4.0,1.0,43,1.0,1.0,0.0,1,49,1,0.0,0,5.0,1.0,1,1.0,7,1,0,1,1,0.0,0,1.0,0,97.0,121.0,60.0,240.0,2025
1,D,168.0,19.0,1.0,1.0,9,1.0,1.0,0.0,1,6,1,0.0,0,1.0,1.0,2,0.0,7,1,0,1,1,0.0,0,1.0,0,262.0,327.0,60.0,240.0,2025
1,D,60.0,39.0,5.0,1.0,71,1.0,1.0,0.0,1,76,2,0.0,0,1.0,3.0,1,0.0,7,1,0,1,1,0.0,0,1.0,0,78.0,97.0,0.0,240.0,2025
6,D,51.0,27.0,3.0,1.0,79,1.0,0.0,0.0,1,83,1,0.0,0,6.0,1.0,1,0.0,7,1,0,1,1,0.0,0,1.0,0,78.0,97.0,0.0,240.0,2025
3,D,96.0,42.0,6.0,1.0,91,1.0,1.0,0.0,1,31,1,0.0,0,3.0,1.0,2,1.0,7,1,0,1,1,0.0,0,1.0,0,151.0,188.0,60.0,240.0,2025
4,D,180.0,36.0,5.0,1.0,59,1.0,1.0,0.0,1,66,0,0.0,0,5.0,1.0,1,2.0,7,1,0,1,1,0.0,0,1.0,0,210.0,240.0,60.0,240.0,2025
2,D,470.0,79.0,8.0,1.0,65,1.0,1.0,0.0,1,73,1,0.0,0,6.0,6.0,4,0.0,7,1,0,1,1,0.0,0,1.0,0,9996.0,9996.0,60.0,240.0,2025
3,D,97.0,73.0,8.0,1.0,91,2.0,1.0,0.0,1,31,2,0.0,0,5.0,3.0,1,0.0,7,1,0,1,1,0.0,0,1.0,0,97.0,121.0,0.0,240.0,2025
4,D,60.0,64.0,8.0,1.0,58,1.0,1.0,0.0,1,65,1,0.0,0,5.0,1.0,1,0.0,7,1,0,1,1,0.0,0,1.0,0,78.0,97.0,0.0,240.0,2025
1,D,46.0,33.0,4.0,1.0,1,2.0,0.0,0.0,1,90,1,0.0,0,6.0,1.0,1,0.0,7,1,0,1,1,0.0,0,1.0,0,97.0,121.0,0.0,240.0,2025
3,D,84.0,53.0,7.0,1.0,42,1.0,1.0,1.0,1,48,1,0.0,0,6.0,1.0,1,0.0,7,1,0,1,1,1.0,0,1.0,0,97.0,121.0,0.0,240.0,2025
4,D,18.0,52.0,7.0,1.0,58,1.0,1.0,3.0,1,65,1,0.0,0,1.0,2.0,1,2.0,8,1,0,1,1,3.0,0,2.0,0,15.0,21.0,0.0,60.0,2025
4,D,720.0,25.0,2.0,1.0,35,1.0,1.0,0.0,1,41,1,0.0,0,3.0,2.0,3,1.0,7,1,0,1,1,0.0,0,1.0,0,720.0,720.0,60.0,240.0,2025
3,D,36.0,33.0,4.0,1.0,91,1.0,0.0,0.0,1,31,1,0.0,0,6.0,1.0,1,0.0,7,1,0,1,1,0.0,0,1.0,0,63.0,78.0,0.0,240.0,2025
4,D,60.0,72.0,8.0,1.0,59,1.0,0.0,0.0,1,66,0,0.0,0,5.0,1.0,1,0.0,7,1,0,1,1,0.0,0,1.0,0,97.0,121.0,60.0,240.0,2025
3,D,168.0,32.0,4.0,1.0,90,1.0,1.0,0.0,1,29,1,0.0,0,3.0,1.0,3,2.0,7,1,0,1,1,0.0,0,1.0,0,135.0,168.0,120.0,9996.0,2025
1,D,151.0,29.0,3.0,1.0,41,1.0,0.0,0.0,1,47,1,0.0,0,3.0,1.0,2,0.0,7,1,0,1,1,0.0,0,1.0,0,151.0,188.0,60.0,240.0,2025
2,D,126.0,62.0,8.0,1.0,77,1.0,1.0,5.0,1,81,1,0.0,0,5.0,1.0,1,0.0,7,1,0,1,1,5.0,0,3.0,0,121.0,151.0,120.0,240.0,2025
5,D,108.0,43.0,6.0,1.0,36,1.0,0.0,0.0,1,42,1,0.0,0,3.0,6.0,1,4.0,7,1,0,1,1,0.0,0,1.0,0,97.0,121.0,0.0,240.0,2025
4,D,130.0,48.0,6.0,1.0,59,1.0,1.0,0.0,1,66,0,0.0,0,3.0,1.0,1,0.0,7,1,0,1,1,0.0,0,1.0,0,240.0,240.0,60.0,240.0,2025
1,D,180.0,38.0,5.0,1.0,50,1.0,1.0,8.0,1,56,1,0.0,0,3.0,1.0,2,0.0,7,1,0,1,1,9.0,0,4.0,0,180.0,180.0,180.0,480.0,2025
3,D,0.03,35.0,4.0,1.0,75,1.0,1.0,1.0,1,79,1,0.0,0,3.0,1.0,1,0.0,7,1,0,1,1,1.0,0,1.0,0,78.0,97.0,0.0,240.0,2025
3,D,,60.0,7.0,1.0,75,1.0,1.0,4.0,1,79,1,0.0,0,5.0,1.0,1,0.0,7,0,1,4,0,4.0,0,3.0,0,97.0,120.0,0.0,120.0,2025
3,D,250.0,52.0,7.0,1.0,91,1.0,0.0,0.0,1,31,1,0.0,0,6.0,1.0,2,0.0,7,1,0,1,1,0.0,0,1.0,0,292.0,365.0,180.0,360.0,2025
3,D,60.0,37.0,5.0,1.0,91,3.0,0.0,0.0,1,31,1,0.0,0,3.0,6.0,1,0.0,7,1,0,1,1,0.0,0,1.0,0,78.0,97.0,0.0,240.0,2025
3,D,,23.0,2.0,1.0,75,1.0,0.0,0.0,1,79,2,0.0,0,5.0,3.0,1,0.0,7,0,1,4,0,0.0,0,1.0,0,24.0,30.0,0.0,120.0,2025
8,D,12.03,78.0,8.0,1.0,89,1.0,0.0,0.0,1,30,1,0.0,0,6.0,1.0,1,0.0,7,1,0,1,1,0.0,0,1.0,0,78.0,97.0,0.0,240.0,2025
3,D,34.0,39.0,5.0,1.0,91,1.0,1.0,4.0,1,31,1,0.0,0,1.0,2.0,1,3.0,7,1,0,1,1,4.0,0,3.0,0,37.0,46.0,0.0,120.0,2025
2,D,165.0,31.0,4.0,1.0,15,2.0,0.0,0.0,1,13,1,0.0,0,5.0,2.0,2,0.0,7,1,0,1,1,0.0,0,1.0,0,210.0,262.0,60.0,240.0,2025
1,D,100.0,34.0,4.0,1.0,40,1.0,0.0,0.0,1,46,1,0.0,0,5.0,1.0,2,0.0,7,1,0,1,1,0.0,0,1.0,0,135.0,168.0,60.0,240.0,2025
3,D,120.0,64.0,8.0,1.0,52,1.0,1.0,3.0,1,58,1,0.0,0,6.0,1.0,1,0.0,7,1,0,1,1,3.0,0,2.0,0,120.0,135.0,120.0,240.0,2025
2,D,180.0,34.0,4.0,1.0,24,1.0,1.0,2.0,1,22,1,0.0,0,1.0,1.0,1,1.0,7,1,0,1,1,2.0,0,2.0,0,180.0,180.0,180.0,480.0,2025
8,D,60.0,47.0,6.0,1.0,89,1.0,1.0,0.0,1,30,2,0.0,0,1.0,3.0,1,0.0,7,1,0,1,1,0.0,0,1.0,0,78.0,97.0,0.0,240.0,2025
3,D,120.0,46.0,6.0,1.0,31,1.0,0.0,0.0,1,37,1,0.0,0,6.0,1.0,1,1.0,7,1,0,1,1,0.0,0,1.0,0,151.0,188.0,60.0,240.0,2025
3,D,97.0,42.0,6.0,1.0,91,1.0,0.0,0.0,1,31,2,0.0,0,5.0,3.0,2,2.0,7,1,0,1,1,0.0,0,1.0,0,97.0,121.0,60.0,240.0,2025
4,D,180.0,44.0,6.0,1.0,59,1.0,1.0,11.0,1,66,1,0.0,0,1.0,1.0,1,0.0,7,1,0,1,1,11.0,0,5.0,0,360.0,480.0,180.0,480.0,2025
4,D,121.0,47.0,6.0,1.0,35,1.0,1.0,4.0,1,41,2,0.0,0,3.0,3.0,1,0.0,7,1,0,1,1,4.0,0,3.0,0,121.0,151.0,0.0,240.0,2025
4,D,80.0,34.0,4.0,1.0,35,1.0,0.0,0.0,1,41,2,0.0,0,6.0,3.0,1,0.0,7,1,0,1,1,0.0,0,1.0,0,121.0,151.0,60.0,240.0,2025
4,D,97.0,36.0,5.0,1.0,35,2.0,0.0,0.0,1,41,2,0.0,0,1.0,3.0,1,0.0,7,1,0,1,1,0.0,0,1.0,0,97.0,121.0,0.0,240.0,2025
1,D,36.0,37.0,5.0,1.0,11,1.0,1.0,0.0,1,9,1,0.0,0,5.0,1.0,1,0.0,7,1,0,1,1,0.0,0,1.0,0,78.0,97.0,0.0,240.0,2025
3,D,87.0,29.0,3.0,1.0,32,1.0,1.0,0.0,1,38,1,0.0,0,3.0,1.0,1,0.0,7,1,0,1,1,0.0,0,1.0,0,78.0,97.0,0.0,240.0,2025
4,D,65.0,35.0,4.0,1.0,35,1.0,0.0,0.0,1,41,2,1.0,0,5.0,3.0,1,0.0,7,1,0,1,1,0.0,0,1.0,0,78.0,97.0,0.0,240.0,2025
5,D,240.0,31.0,4.0,1.0,36,1.0,1.0,0.0,1,42,1,0.0,0,1.0,2.0,1,0.0,7,1,0,1,1,0.0,0,1.0,0,210.0,240.0,60.0,240.0,2025
3,D,48.0,56.0,7.0,1.0,42,1.0,1.0,0.0,1,48,1,0.0,0,1.0,1.0,1,0.0,7,1,0,1,1,0.0,0,1.0,0,120.0,120.0,0.0,120.0,2025
2,D,96.0,37.0,5.0,1.0,2,1.0,1.0,2.0,1,0,1,0.0,0,3.0,1.0,2,0.0,7,1,0,1,1,2.0,0,2.0,0,168.0,210.0,60.0,240.0,2025
1,D,108.0,37.0,5.0,1.0,3,1.0,0.0,0.0,1,1,1,0.0,0,5.0,1.0,8,0.0,7,1,0,1,1,0.0,0,1.0,0,108.0,135.0,0.0,60.0,2025
4,D,80.0,26.0,3.0,1.0,35,1.0,0.0,0.0,1,41,2,0.0,0,5.0,3.0,2,0.0,7,1,0,1,1,0.0,0,1.0,0,151.0,188.0,60.0,240.0,2025
8,D,78.0,66.0,8.0,1.0,89,1.0,0.0,0.0,1,30,1,0.0,0,6.0,1.0,1,0.0,7,1,0,1,1,0.0,0,1.0,0,121.0,151.0,60.0,240.0,2025
2,D,96.0,43.0,6.0,1.0,65,1.0,0.0,0.0,1,73,1,0.0,0,6.0,1.0,1,0.0,7,1,0,1,1,0.0,0,1.0,0,151.0,188.0,60.0,240.0,2025
3,D,120.0,34.0,4.0,1.0,5,1.0,0.0,0.0,1,4,2,0.0,0,5.0,3.0,1,0.0,7,1,0,1,1,0.0,0,1.0,0,151.0,188.0,60.0,240.0,2025
2,D,74.0,62.0,8.0,1.0,65,1.0,0.0,0.0,1,73,1,0.0,0,6.0,1.0,1,0.0,7,1,0,1,1,0.0,0,1.0,0,151.0,188.0,60.0,240.0,2025
3,D,46.0,22.0,2.0,1.0,5,1.0,0.0,0.0,1,4,2,0.0,0,5.0,3.0,1,0.0,7,1,0,1,1,0.0,0,1.0,0,78.0,97.0,0.0,240.0,2025
1,D,60.0,78.0,8.0,1.0,41,1.0,0.0,0.0,1,47,1,0.0,0,6.0,1.0,1,0.0,7,1,0,1,1,0.0,0,1.0,0,70.0,87.0,60.0,240.0,2025
4,D,180.0,55.0,7.0,1.0,56,1.0,1.0,0.0,1,63,1,0.0,0,3.0,1.0,2,0.0,7,1,0,1,1,0.0,0,1.0,0,210.0,262.0,60.0,240.0,2025
1,D,210.0,39.0,5.0,1.0,55,1.0,1.0,3.0,1,62,1,0.0,0,3.0,1.0,1,0.0,7,1,0,1,1,3.0,0,2.0,0,180.0,210.0,180.0,480.0,2025
3,D,60.0,21.0,2.0,1.0,31,1.0,0.0,0.0,1,37,1,0.0,0,5.0,1.0,1,0.0,7,1,0,1,1,0.0,0,1.0,0,151.0,188.0,60.0,240.0,2025
5,D,121.0,42.0,6.0,1.0,83,1.0,0.0,0.0,1,87,2,0.0,0,5.0,3.0,1,0.0,7,1,0,1,1,0.0,0,1.0,0,97.0,121.0,0.0,240.0,2025
1,D,108.0,31.0,4.0,1.0,1,1.0,1.0,1.0,1,90,2,0.0,0,6.0,3.0,1,0.0,7,1,0,1,1,1.0,0,1.0,0,151.0,188.0,60.0,240.0,2025
8,D,72.0,30.0,3.0,1.0,89,3.0,1.0,0.0,1,30,2,0.0,0,1.0,3.0,1,0.0,7,1,0,1,1,0.0,0,1.0,0,78.0,97.0,0.0,240.0,2025
2,D,0.16,27.0,3.0,1.0,86,1.0,0.0,0.0,1,27,1,0.0,0,3.0,1.0,1,0.0,7,1,0,1,1,0.0,0,1.0,0,120.0,120.0,0.0,120.0,2025
2,D,84.0,36.0,5.0,1.0,21,1.0,1.0,2.0,1,18,1,0.0,0,5.0,1.0,1,0.0,7,1,0,1,1,2.0,0,2.0,0,87.0,108.0,0.0,240.0,2025
1,D,63.0,48.0,6.0,1.0,71,1.0,1.0,0.0,1,76,1,0.0,0,3.0,1.0,1,0.0,7,1,0,1,1,0.0,0,1.0,0,78.0,97.0,0.0,240.0,2025
5,D,210.0,44.0,6.0,1.0,36,1.0,0.0,0.0,1,42,2,0.0,0,5.0,3.0,1,0.0,7,1,0,2,1,0.0,0,1.0,0,210.0,240.0,60.0,240.0,2025
8,D,180.0,44.0,6.0,1.0,89,1.0,1.0,0.0,4,30,1,0.0,1,5.0,1.0,4,2.0,7,1,0,1,1,0.0,0,1.0,0,108.0,135.0,0.0,240.0,2025
2,D,168.0,29.0,3.0,1.0,39,1.0,1.0,3.0,1,45,1,0.0,0,5.0,1.0,1,0.0,7,1,0,1,1,3.0,0,2.0,0,168.0,210.0,60.0,240.0,2025
3,D,180.0,33.0,4.0,1.0,42,1.0,1.0,1.0,1,48,1,0.0,0,3.0,1.0,2,0.0,7,1,0,1,1,1.0,0,1.0,0,210.0,262.0,180.0,480.0,2025
2,D,194.0,51.0,7.0,1.0,14,1.0,1.0,0.0,1,12,1,0.0,0,6.0,1.0,2,2.0,7,1,0,1,1,0.0,0,1.0,0,78.0,97.0,60.0,240.0,2025
2,D,144.0,44.0,6.0,1.0,15,1.0,0.0,0.0,1,13,1,0.0,0,5.0,1.0,2,0.0,7,1,0,1,1,0.0,0,1.0,0,151.0,188.0,60.0,240.0,2025
1,D,60.0,38.0,5.0,1.0,3,1.0,1.0,0.0,1,1,1,0.0,0,3.0,1.0,2,0.0,7,1,0,1,1,0.0,0,1.0,0,97.0,121.0,60.0,240.0,2025
1,D,0.03,21.0,2.0,1.0,41,1.0,1.0,1.0,1,47,1,0.0,0,5.0,1.0,1,0.0,7,1,0,1,1,1.0,0,1.0,0,97.0,121.0,0.0,240.0,2025
6,D,240.0,39.0,5.0,1.0,33,1.0,1.0,3.0,1,40,1,0.0,0,3.0,1.0,1,0.0,7,1,0,1,1,3.0,0,2.0,0,151.0,188.0,120.0,240.0,2025
4,D,41.0,21.0,2.0,1.0,58,1.0,0.0,0.0,1,65,1,1.0,0,3.0,2.0,1,0.0,7,1,0,1,1,0.0,0,1.0,0,87.0,108.0,0.0,240.0,2025
2,D,72.0,43.0,6.0,1.0,24,1.0,1.0,0.0,1,22,1,0.0,0,3.0,6.0,1,3.0,7,1,0,1,1,0.0,0,1.0,0,151.0,188.0,60.0,240.0,2025
4,D,80.0,32.0,4.0,1.0,35,1.0,0.0,0.0,1,41,2,0.0,0,3.0,3.0,3,0.0,7,1,0,1,1,0.0,0,1.0,0,151.0,188.0,60.0,240.0,2025
8,D,60.0,48.0,6.0,1.0,89,1.0,0.0,0.0,1,30,2,0.0,0,3.0,3.0,1,0.0,7,1,0,1,1,0.0,0,1.0,0,60.0,71.0,60.0,240.0,2025
2,D,120.0,55.0,7.0,1.0,39,1.0,1.0,3.0,1,45,1,0.0,0,3.0,1.0,1,0.0,7,1,0,1,1,3.0,0,2.0,0,120.0,120.0,120.0,240.0,2025
2,D,45.0,30.0,3.0,1.0,64,1.0,0.0,0.0,1,70,1,0.0,0,5.0,1.0,1,0.0,7,1,0,1,1,0.0,0,1.0,0,87.0,108.0,0.0,240.0,2025
6,D,151.0,59.0,7.0,1.0,33,1.0,0.0,0.0,1,40,1,1.0,0,6.0,1.0,1,0.0,7,1,0,1,1,0.0,0,1.0,0,151.0,188.0,60.0,240.0,2025
2,D,175.0,52.0,7.0,1.0,28,1.0,0.0,0.0,1,35,1,0.0,0,6.0,1.0,1,0.0,7,1,0,1,1,0.0,0,1.0,0,151.0,188.0,60.0,240.0,2025
4,D,48.0,21.0,2.0,1.0,35,1.0,0.0,0.0,1,41,2,0.0,0,5.0,3.0,1,0.0,7,1,0,1,1,0.0,0,1.0,0,78.0,97.0,0.0,240.0,2025
1,D,120.0,69.0,8.0,1.0,11,1.0,1.0,2.0,1,9,1,0.0,0,1.0,1.0,1,0.0,7,1,0,1,1,2.0,0,2.0,0,151.0,188.0,120.0,240.0,2025
3,D,100.0,68.0,8.0,1.0,43,1.0,0.0,0.0,1,49,1,0.0,0,5.0,1.0,1,0.0,7,1,0,1,1,0.0,0,1.0,0,60.0,60.0,60.0,240.0,2025
4,D,120.0,46.0,6.0,1.0,72,1.0,1.0,6.0,1,77,1,0.0,0,3.0,1.0,1,0.0,7,1,0,1,1,6.0,0,3.0,0,120.0,120.0,120.0,240.0,2025
8,D,24.0,43.0,6.0,1.0,89,1.0,0.0,0.0,1,30,1,0.0,0,6.0,1.0,1,2.0,7,1,0,1,1,0.0,0,1.0,0,37.0,46.0,0.0,240.0,2025
2,D,72.0,26.0,3.0,1.0,39,1.0,1.0,1.0,1,45,1,0.0,0,3.0,2.0,1,0.0,7,1,0,1,1,1.0,0,1.0,0,151.0,188.0,60.0,240.0,2025
3,D,240.0,51.0,7.0,1.0,91,1.0,1.0,0.0,1,31,2,0.0,0,3.0,3.0,1,0.0,7,1,0,1,1,0.0,0,1.0,0,240.0,240.0,60.0,240.0,2025
3,D,60.0,30.0,3.0,1.0,90,1.0,1.0,0.0,1,29,1,0.0,0,5.0,1.0,1,0.0,7,1,0,1,1,0.0,0,1.0,0,151.0,188.0,60.0,240.0,2025
6,D,180.0,48.0,6.0,1.0,30,1.0,1.0,3.0,1,36,1,0.0,0,3.0,1.0,1,0.0,7,1,0,1,1,3.0,0,2.0,0,180.0,180.0,180.0,480.0,2025
3,D,180.0,33.0,4.0,1.0,42,1.0,1.0,0.0,1,48,1,0.0,0,5.0,1.0,2,2.0,7,1,0,1,1,0.0,0,1.0,0,9996.0,9996.0,120.0,9996.0,2025
1,D,120.0,61.0,8.0,1.0,93,1.0,1.0,0.0,1,32,1,0.0,0,5.0,1.0,1,0.0,7,1,0,1,1,0.0,0,1.0,0,151.0,188.0,60.0,240.0,2025
4,D,121.0,23.0,2.0,1.0,35,1.0,0.0,0.0,1,41,2,0.0,0,3.0,3.0,2,0.0,7,1,0,1,1,0.0,0,1.0,0,121.0,151.0,60.0,240.0,2025
8,D,120.0,30.0,3.0,1.0,89,1.0,1.0,0.0,1,30,1,0.0,0,5.0,1.0,1,0.0,7,1,0,1,1,0.0,0,1.0,0,151.0,188.0,60.0,240.0,2025
5,D,60.0,66.0,8.0,1.0,83,1.0,0.0,0.0,1,87,1,0.0,0,3.0,1.0,1,0.0,7,1,0,1,1,0.0,0,1.0,0,97.0,121.0,0.0,240.0,2025
1,D,144.0,69.0,8.0,1.0,55,1.0,1.0,3.0,1,62,1,0.0,0,5.0,1.0,2,0.0,7,1,0,1,1,3.0,0,2.0,0,120.0,120.0,120.0,240.0,2025
1,D,252.0,44.0,6.0,1.0,55,1.0,1.0,0.0,1,62,1,0.0,0,3.0,1.0,2,2.0,7,1,0,1,1,0.0,0,1.0,0,262.0,327.0,180.0,360.0,2025
3,D,97.0,45.0,6.0,1.0,91,1.0,1.0,0.0,1,31,2,0.0,0,5.0,3.0,1,1.0,7,1,0,1,1,0.0,0,1.0,0,151.0,188.0,60.0,240.0,2025
8,D,97.0,35.0,4.0,1.0,89,1.0,0.0,0.0,1,30,1,0.0,0,5.0,1.0,1,1.0,7,1,0,1,1,0.0,0,1.0,0,97.0,121.0,60.0,240.0,2025
3,D,24.0,44.0,6.0,1.0,61,1.0,1.0,0.0,1,68,1,0.0,0,6.0,1.0,2,0.0,7,1,0,1,1,0.0,0,1.0,0,78.0,97.0,0.0,240.0,2025
3,D,240.0,27.0,3.0,1.0,90,1.0,1.0,0.0,1,29,1,0.0,0,6.0,1.0,2,0.0,7,1,0,1,1,0.0,0,1.0,0,600.0,600.0,180.0,360.0,2025
1,D,12.03,30.0,3.0,1.0,71,1.0,1.0,0.0,1,76,1,0.0,0,5.0,1.0,1,0.0,7,1,0,1,1,0.0,0,1.0,0,97.0,121.0,0.0,240.0,2025
1,D,60.0,25.0,2.0,1.0,8,1.0,0.0,0.0,1,7,1,0.0,0,5.0,1.0,1,0.0,7,1,0,1,1,0.0,0,1.0,0,70.0,87.0,60.0,240.0,2025
2,D,60.0,40.0,5.0,1.0,24,1.0,0.0,0.0,3,22,1,0.0,1,6.0,1.0,2,0.0,7,1,0,1,1,0.0,0,1.0,0,135.0,168.0,60.0,240.0,2025
3,D,75.0,23.0,2.0,1.0,91,1.0,1.0,0.0,1,31,2,0.0,0,1.0,3.0,2,0.0,7,1,0,1,1,0.0,0,1.0,0,151.0,188.0,60.0,240.0,2025
8,D,151.0,35.0,4.0,1.0,89,1.0,1.0,0.0,1,30,2,1.0,0,5.0,3.0,3,0.0,7,1,0,1,1,0.0,0,1.0,0,151.0,188.0,60.0,240.0,2025
8,D,60.0,41.0,6.0,1.0,89,1.0,0.0,0.0,1,30,1,0.0,0,6.0,1.0,4,1.0,7,1,0,1,1,0.0,0,1.0,0,70.0,87.0,60.0,240.0,2025
2,D,78.0,40.0,5.0,1.0,54,1.0,1.0,0.0,1,61,2,0.0,0,6.0,3.0,1,0.0,7,1,0,1,1,0.0,0,1.0,0,78.0,97.0,0.0,240.0,2025
5,D,90.0,56.0,7.0,1.0,83,1.0,1.0,0.0,1,87,1,0.0,0,6.0,6.0,1,0.0,7,1,0,1,1,0.0,0,1.0,0,97.0,121.0,0.0,240.0,2025
1,D,30.0,50.0,6.0,1.0,8,1.0,1.0,0.0,1,7,1,0.0,0,5.0,2.0,1,3.0,7,1,0,1,1,0.0,0,1.0,0,78.0,97.0,0.0,240.0,2025
1,D,120.0,48.0,6.0,1.0,8,1.0,1.0,15.0,1,7,1,0.0,0,3.0,1.0,1,2.0,7,1,0,1,1,15.0,0,2.0,0,168.0,210.0,60.0,240.0,2025
1,D,6.0,47.0,6.0,1.0,8,1.0,1.0,6.0,1,7,1,0.0,0,1.0,1.0,1,1.0,8,1,0,1,1,8.0,0,4.0,0,15.0,21.0,0.0,60.0,2025
8,D,300.0,27.0,3.0,1.0,89,1.0,1.0,0.0,1,30,1,0.0,0,3.0,1.0,2,0.0,7,1,0,1,1,0.0,0,1.0,0,210.0,262.0,60.0,240.0,2025
3,D,240.0,21.0,2.0,1.0,63,1.0,0.0,0.0,1,95,2,0.0,0,3.0,3.0,3,0.0,7,1,0,2,1,0.0,0,1.0,0,324.0,360.0,60.0,240.0,2025
3,D,72.0,34.0,4.0,1.0,48,1.0,1.0,0.0,1,54,1,0.0,0,5.0,1.0,2,0.0,7,1,0,1,1,0.0,0,1.0,0,97.0,121.0,60.0,240.0,2025
2,D,210.0,51.0,7.0,1.0,84,1.0,1.0,6.0,3,88,1,0.0,1,5.0,1.0,1,0.0,7,1,0,1,1,6.0,0,3.0,0,168.0,210.0,120.0,240.0,2025
1,D,36.0,79.0,8.0,1.0,3,1.0,1.0,0.0,1,1,1,0.0,0,5.0,1.0,1,0.0,7,1,0,1,1,0.0,0,1.0,0,97.0,121.0,0.0,240.0,2025
1,D,210.0,48.0,6.0,1.0,50,1.0,1.0,23.0,1,56,1,0.0,0,3.0,1.0,2,0.0,7,1,0,1,1,23.0,0,6.0,0,210.0,262.0,180.0,480.0,2025
3,D,151.0,33.0,4.0,1.0,38,1.0,1.0,7.0,1,44,1,0.0,0,3.0,1.0,1,0.0,7,1,0,1,1,8.0,0,4.0,0,151.0,188.0,120.0,240.0,2025
1,D,84.0,36.0,5.0,1.0,80,1.0,1.0,0.0,1,84,1,0.0,0,3.0,1.0,1,1.0,7,1,0,1,1,0.0,0,1.0,0,151.0,188.0,60.0,240.0,2025
3,D,121.0,40.0,5.0,1.0,75,1.0,0.0,0.0,1,79,1,0.0,0,5.0,1.0,1,1.0,7,1,0,1,1,0.0,0,1.0,0,121.0,151.0,60.0,240.0,2025
1,D,188.0,52.0,7.0,1.0,1,1.0,1.0,0.0,1,90,1,0.0,0,6.0,1.0,1,0.0,7,1,0,1,1,0.0,0,1.0,0,240.0,240.0,60.0,240.0,2025
4,D,240.0,39.0,5.0,1.0,58,1.0,1.0,3.0,1,65,1,0.0,0,3.0,1.0,1,0.0,7,1,0,1,1,3.0,0,2.0,0,240.0,240.0,120.0,240.0,2025
1,D,121.0,47.0,6.0,1.0,41,1.0,1.0,0.0,1,47,1,0.0,0,5.0,1.0,2,0.0,7,1,0,1,1,0.0,0,1.0,0,151.0,188.0,60.0,240.0,2025
4,D,180.0,42.0,6.0,1.0,58,1.0,1.0,1.0,1,65,1,0.0,0,3.0,1.0,1,0.0,7,1,0,1,1,1.0,0,1.0,0,180.0,180.0,180.0,480.0,2025
2,D,120.0,22.0,2.0,1.0,94,1.0,1.0,0.0,1,34,1,0.0,0,3.0,1.0,1,0.0,7,1,0,1,1,0.0,0,1.0,0,188.0,235.0,0.0,240.0,2025
6,D,126.0,38.0,5.0,1.0,79,1.0,1.0,0.0,1,83,1,0.0,0,5.0,1.0,1,2.0,7,1,0,1,1,0.0,0,1.0,0,151.0,188.0,60.0,240.0,2025
3,D,120.0,63.0,8.0,1.0,34,1.0,1.0,3.0,1,39,1,0.0,0,3.0,1.0,1,0.0,7,1,0,1,1,3.0,0,2.0,0,120.0,135.0,120.0,240.0,2025
5,D,144.0,39.0,5.0,1.0,36,1.0,1.0,0.0,1,42,2,0.0,0,3.0,3.0,1,0.0,7,1,0,1,1,0.0,0,1.0,0,168.0,210.0,0.0,240.0,2025
6,D,192.0,59.0,7.0,1.0,79,1.0,1.0,3.0,1,83,1,0.0,0,1.0,1.0,1,0.0,7,1,0,1,1,3.0,0,2.0,0,180.0,210.0,180.0,480.0,2025
4,D,108.0,35.0,4.0,1.0,59,1.0,1.0,0.0,1,66,1,0.0,0,3.0,1.0,1,0.0,7,1,0,1,1,0.0,0,1.0,0,210.0,240.0,60.0,240.0,2025
3,D,120.0,58.0,7.0,1.0,5,1.0,1.0,3.0,1,4,2,0.0,0,5.0,3.0,1,0.0,7,1,0,1,1,3.0,0,2.0,0,120.0,120.0,120.0,240.0,2025
1,B,,72.0,8.0,1.0,70,1.0,1.0,0.0,1,75,1,1.0,0,3.0,6.0,1,0.0,8,0,1,3,0,0.0,0,1.0,0,8.0,14.0,0.0,60.0,2025
2,D,120.0,59.0,7.0,1.0,45,1.0,1.0,11.0,3,51,1,0.0,1,5.0,1.0,1,0.0,7,1,0,1,1,11.0,0,5.0,0,120.0,120.0,120.0,240.0,2025
1,D,66.0,41.0,6.0,1.0,41,1.0,1.0,0.0,1,47,0,0.0,0,3.0,1.0,1,5.0,7,1,0,1,1,0.0,0,1.0,0,78.0,97.0,60.0,240.0,2025
2,D,160.0,48.0,6.0,1.0,77,1.0,1.0,0.0,3,81,1,0.0,1,5.0,1.0,2,0.0,7,1,0,1,1,0.0,0,1.0,0,135.0,168.0,60.0,240.0,2025
4,D,60.0,21.0,2.0,1.0,35,1.0,0.0,0.0,1,41,2,0.0,0,3.0,3.0,1,0.0,7,1,0,1,1,0.0,0,1.0,0,78.0,97.0,0.0,120.0,2025
3,D,210.0,49.0,6.0,1.0,75,1.0,1.0,6.0,1,79,1,0.0,0,5.0,1.0,1,0.0,7,1,0,1,1,6.0,0,3.0,0,210.0,262.0,180.0,480.0,2025
4,D,108.0,23.0,2.0,1.0,35,1.0,1.0,1.0,1,41,2,0.0,0,5.0,3.0,1,0.0,7,1,0,1,1,1.0,0,1.0,0,151.0,188.0,60.0,240.0,2025
4,D,108.0,29.0,3.0,1.0,35,1.0,0.0,0.0,1,41,2,0.0,0,5.0,3.0,1,0.0,7,1,0,1,1,0.0,0,1.0,0,188.0,235.0,60.0,240.0,2025
4,D,24.0,19.0,1.0,1.0,35,3.0,1.0,0.0,1,41,1,1.0,0,1.0,6.0,1,0.0,7,1,0,2,1,0.0,0,1.0,0,57.0,71.0,0.0,240.0,2025
4,D,120.0,36.0,5.0,1.0,35,2.0,0.0,0.0,1,41,2,0.0,0,5.0,3.0,1,0.0,7,1,0,1,1,0.0,0,1.0,0,151.0,188.0,60.0,240.0,2025
6,D,97.0,38.0,5.0,1.0,33,1.0,0.0,0.0,1,40,1,0.0,0,5.0,6.0,1,2.0,7,1,0,1,0,0.0,0,1.0,0,121.0,151.0,0.0,240.0,2025
1,D,540.0,35.0,4.0,1.0,47,1.0,1.0,0.0,1,52,2,0.0,0,5.0,3.0,2,0.0,7,1,0,1,1,0.0,0,1.0,0,600.0,600.0,180.0,360.0,2025
4,D,72.0,46.0,6.0,1.0,58,1.0,1.0,10.0,1,65,1,0.0,0,5.0,1.0,1,0.0,7,1,0,1,1,10.0,0,5.0,0,130.0,162.0,0.0,240.0,2025
3,D,70.0,24.0,2.0,1.0,43,1.0,0.0,0.0,1,49,1,0.0,0,5.0,1.0,1,0.0,7,1,0,1,1,0.0,0,1.0,0,97.0,121.0,0.0,240.0,2025
2,D,60.0,43.0,6.0,1.0,15,1.0,1.0,3.0,1,13,1,0.0,0,5.0,1.0,1,0.0,7,1,0,1,1,3.0,0,2.0,0,60.0,60.0,0.0,60.0,2025
2,D,180.0,44.0,6.0,1.0,17,1.0,1.0,,1,15,1,0.0,0,,1.0,1,,7,1,0,1,1,,0,4.0,0,180.0,180.0,180.0,480.0,2025
1,C,8.0,32.0,4.0,1.0,50,1.0,1.0,0.0,1,56,1,0.0,0,1.0,2.0,2,0.0,8,1,0,2,1,0.0,0,1.0,0,12.0,18.0,0.0,60.0,2025
1,D,120.0,48.0,6.0,1.0,50,1.0,1.0,3.0,1,56,1,0.0,0,3.0,1.0,1,0.0,7,1,0,1,1,3.0,0,2.0,0,120.0,120.0,120.0,240.0,2025
4,D,96.0,40.0,5.0,1.0,58,1.0,1.0,0.0,1,65,1,0.0,0,3.0,1.0,1,0.0,7,1,0,1,1,0.0,0,1.0,0,97.0,121.0,0.0,240.0,2025
4,D,97.0,43.0,6.0,1.0,59,1.0,1.0,0.0,1,66,1,0.0,0,5.0,1.0,1,0.0,7,1,0,1,1,0.0,0,1.0,0,97.0,121.0,60.0,240.0,2025
3,D,144.0,25.0,2.0,1.0,34,1.0,1.0,2.0,1,39,2,0.0,0,1.0,3.0,1,0.0,7,1,0,1,1,2.0,0,2.0,0,121.0,151.0,60.0,240.0,2025
3,D,180.0,42.0,6.0,1.0,43,1.0,1.0,4.0,1,49,1,0.0,0,3.0,1.0,1,0.0,7,1,0,1,1,4.0,0,3.0,0,188.0,235.0,180.0,480.0,2025
3,D,97.0,29.0,3.0,1.0,31,1.0,0.0,0.0,1,37,1,0.0,0,5.0,1.0,1,0.0,7,1,0,1,1,0.0,0,1.0,0,97.0,121.0,0.0,240.0,2025
1,D,228.0,38.0,5.0,1.0,49,1.0,0.0,0.0,3,55,1,0.0,1,6.0,1.0,2,1.0,7,1,0,1,1,0.0,0,1.0,0,210.0,262.0,60.0,240.0,2025
3,D,125.0,35.0,4.0,1.0,23,1.0,1.0,9.0,1,20,1,0.0,0,5.0,1.0,2,0.0,7,1,0,1,1,10.0,1,5.0,0,210.0,262.0,0.0,240.0,2025
5,D,170.0,24.0,2.0,1.0,36,3.0,0.0,0.0,1,42,2,0.0,0,5.0,3.0,1,0.0,7,1,0,1,1,0.0,0,1.0,0,151.0,188.0,60.0,240.0,2025
3,D,360.0,54.0,7.0,1.0,5,1.0,1.0,0.0,3,4,2,0.0,1,3.0,3.0,5,2.0,7,1,0,1,1,0.0,0,1.0,0,9996.0,9996.0,120.0,9996.0,2025
3,D,12.03,33.0,4.0,1.0,42,1.0,0.0,0.0,1,48,1,0.0,0,5.0,1.0,1,0.0,7,1,0,1,1,0.0,0,1.0,0,120.0,120.0,0.0,120.0,2025
1,D,48.0,47.0,6.0,1.0,1,1.0,1.0,0.0,1,90,1,0.0,0,3.0,2.0,1,0.0,7,1,0,1,1,0.0,0,1.0,0,78.0,97.0,0.0,240.0,2025
5,D,36.0,22.0,2.0,1.0,92,1.0,0.0,0.0,1,33,1,0.0,0,5.0,2.0,1,0.0,7,1,0,1,1,0.0,0,1.0,0,78.0,97.0,0.0,240.0,2025
4,D,60.0,40.0,5.0,1.0,58,1.0,1.0,0.0,2,65,1,0.0,0,6.0,1.0,1,1.0,7,1,0,1,1,0.0,0,1.0,0,97.0,121.0,0.0,240.0,2025
4,C,6.0,33.0,4.0,1.0,35,2.0,0.0,0.0,1,41,2,1.0,0,3.0,3.0,1,1.0,8,1,0,1,0,0.0,0,1.0,0,12.0,18.0,0.0,120.0,2025
4,D,78.0,32.0,4.0,1.0,53,1.0,1.0,0.0,1,60,1,0.0,0,6.0,1.0,1,0.0,7,1,0,1,1,0.0,0,1.0,0,78.0,97.0,60.0,240.0,2025
4,D,90.0,58.0,7.0,1.0,58,1.0,1.0,0.0,1,65,1,0.0,0,5.0,1.0,1,0.0,7,1,0,1,1,0.0,0,1.0,0,78.0,97.0,0.0,240.0,2025
5,D,180.0,29.0,3.0,1.0,36,1.0,1.0,0.0,1,42,1,0.0,0,3.0,1.0,4,0.0,7,1,0,1,1,0.0,0,1.0,0,135.0,168.0,60.0,240.0,2025
4,D,96.0,41.0,6.0,1.0,53,1.0,1.0,0.0,1,60,1,0.0,0,3.0,1.0,1,2.0,7,1,0,1,1,0.0,0,1.0,0,97.0,121.0,60.0,240.0,2025
4,C,0.03,25.0,2.0,1.0,53,1.0,1.0,0.0,1,60,1,0.0,0,3.0,2.0,1,4.0,8,1,0,1,1,0.0,0,1.0,0,10.0,16.0,0.0,240.0,2025
2,D,70.0,28.0,3.0,1.0,84,1.0,1.0,2.0,1,88,0,0.0,0,3.0,1.0,1,3.0,7,1,0,1,1,2.0,0,2.0,0,108.0,135.0,60.0,240.0,2025
8,D,480.0,48.0,6.0,1.0,89,1.0,1.0,0.0,1,30,1,0.0,0,6.0,1.0,2,0.0,7,1,0,1,1,0.0,0,1.0,0,360.0,480.0,60.0,240.0,2025
2,D,108.0,47.0,6.0,1.0,15,1.0,1.0,0.0,1,13,1,0.0,0,5.0,2.0,2,0.0,7,1,0,1,1,0.0,0,1.0,0,97.0,121.0,60.0,240.0,2025
3,D,78.0,36.0,5.0,1.0,5,1.0,1.0,1.0,1,4,2,0.0,0,5.0,3.0,1,3.0,7,1,0,1,1,1.0,0,1.0,0,78.0,97.0,0.0,240.0,2025
8,D,121.0,41.0,6.0,1.0,89,1.0,1.0,5.0,1,30,1,0.0,0,5.0,1.0,1,0.0,7,1,0,1,1,5.0,0,3.0,0,121.0,151.0,60.0,240.0,2025
3,D,,27.0,3.0,1.0,75,1.0,0.0,0.0,1,79,1,1.0,0,6.0,1.0,1,0.0,7,0,1,4,0,0.0,0,1.0,0,97.0,121.0,0.0,240.0,2025
2,D,120.0,38.0,5.0,1.0,77,1.0,1.0,6.0,1,81,1,0.0,0,3.0,1.0,1,0.0,7,1,0,1,1,6.0,0,3.0,0,120.0,120.0,120.0,240.0,2025
5,D,210.0,38.0,5.0,1.0,20,1.0,1.0,3.0,1,17,1,0.0,0,3.0,1.0,1,0.0,7,1,0,1,1,3.0,0,2.0,0,180.0,210.0,180.0,480.0,2025
5,D,300.0,27.0,3.0,1.0,20,1.0,1.0,3.0,1,17,2,0.0,0,5.0,3.0,1,0.0,7,1,0,1,1,3.0,0,2.0,0,292.0,365.0,180.0,480.0,2025
8,D,52.0,40.0,5.0,1.0,60,1.0,1.0,0.0,1,67,1,0.0,0,5.0,1.0,1,0.0,7,1,0,1,1,0.0,0,1.0,0,87.0,108.0,0.0,240.0,2025
5,D,228.0,31.0,4.0,1.0,36,1.0,1.0,0.0,1,42,2,0.0,0,5.0,3.0,1,0.0,7,1,0,1,1,0.0,0,1.0,0,240.0,240.0,60.0,240.0,2025
3,D,78.0,21.0,2.0,1.0,5,1.0,0.0,0.0,1,4,2,0.0,0,1.0,3.0,1,0.0,7,1,0,1,1,0.0,0,1.0,0,135.0,168.0,60.0,240.0,2025
1,D,216.0,53.0,7.0,1.0,46,1.0,1.0,3.0,1,53,1,0.0,0,3.0,1.0,1,0.0,7,1,0,1,1,3.0,0,2.0,0,120.0,120.0,120.0,240.0,2025
2,D,27.0,72.0,8.0,1.0,65,1.0,1.0,0.0,1,73,1,0.0,0,6.0,1.0,2,1.0,7,1,0,1,1,0.0,0,1.0,0,63.0,78.0,0.0,240.0,2025
3,D,78.0,27.0,3.0,1.0,75,1.0,0.0,0.0,1,79,1,0.0,0,3.0,1.0,1,0.0,7,1,0,1,1,0.0,0,1.0,0,121.0,151.0,60.0,240.0,2025
8,D,120.0,40.0,5.0,1.0,60,1.0,1.0,7.0,1,67,1,0.0,0,3.0,1.0,1,0.0,7,1,0,1,1,8.0,0,4.0,0,120.0,120.0,120.0,240.0,2025
4,D,87.0,29.0,3.0,1.0,56,1.0,1.0,0.0,1,63,1,1.0,0,6.0,1.0,1,2.0,7,1,0,1,1,0.0,0,1.0,0,87.0,108.0,0.0,240.0,2025
2,D,120.0,51.0,7.0,1.0,84,1.0,1.0,3.0,1,88,1,0.0,0,3.0,1.0,1,0.0,7,1,0,1,1,3.0,0,2.0,0,120.0,120.0,120.0,240.0,2025
2,D,60.0,61.0,8.0,1.0,76,1.0,1.0,0.0,1,80,1,0.0,0,5.0,1.0,1,0.0,7,1,0,1,1,0.0,0,1.0,0,97.0,121.0,0.0,240.0,2025
2,D,60.0,23.0,2.0,1.0,28,1.0,0.0,0.0,1,35,1,0.0,0,5.0,1.0,1,0.0,7,1,0,1,1,0.0,0,1.0,0,63.0,78.0,60.0,240.0,2025
2,D,180.0,51.0,7.0,1.0,39,1.0,1.0,3.0,1,45,1,0.0,0,3.0,1.0,1,0.0,7,1,0,2,1,3.0,0,2.0,0,180.0,180.0,180.0,480.0,2025
5,D,70.0,33.0,4.0,1.0,36,1.0,0.0,0.0,1,42,2,0.0,0,6.0,3.0,1,1.0,7,1,0,1,1,0.0,0,1.0,0,70.0,87.0,0.0,240.0,2025
3,D,63.0,41.0,6.0,1.0,34,1.0,1.0,6.0,1,39,1,0.0,0,3.0,1.0,1,2.0,7,1,0,1,1,6.0,0,3.0,0,60.0,63.0,60.0,240.0,2025
4,D,180.0,44.0,6.0,1.0,58,1.0,1.0,0.0,1,65,1,0.0,0,3.0,2.0,2,0.0,7,1,0,2,1,0.0,0,1.0,0,360.0,9996.0,120.0,9996.0,2025
1,D,30.0,42.0,6.0,1.0,47,1.0,1.0,0.0,1,52,2,0.0,0,5.0,3.0,1,1.0,7,1,0,1,1,0.0,0,1.0,0,78.0,97.0,0.0,240.0,2025
1,C,6.0,36.0,5.0,1.0,3,1.0,0.0,0.0,1,1,1,0.0,0,6.0,6.0,1,0.0,8,1,0,1,1,0.0,0,1.0,0,12.0,18.0,0.0,240.0,2025
3,D,60.0,72.0,8.0,1.0,48,1.0,1.0,0.0,1,54,1,0.0,0,5.0,1.0,3,0.0,7,1,0,1,1,0.0,0,1.0,0,121.0,151.0,60.0,480.0,2025
3,D,41.0,35.0,4.0,1.0,91,3.0,0.0,0.0,1,31,1,0.0,0,3.0,1.0,1,0.0,7,1,0,1,1,0.0,0,1.0,0,51.0,63.0,0.0,240.0,2025
3,D,70.0,29.0,3.0,1.0,75,1.0,0.0,0.0,1,79,1,1.0,0,3.0,1.0,1,1.0,7,1,0,1,1,0.0,0,1.0,0,97.0,121.0,0.0,240.0,2025
1,D,120.0,40.0,5.0,1.0,4,1.0,1.0,3.0,1,2,1,0.0,0,5.0,1.0,1,0.0,7,1,0,1,1,3.0,0,2.0,0,120.0,120.0,120.0,240.0,2025
3,D,470.0,48.0,6.0,1.0,91,1.0,1.0,0.0,3,31,1,0.0,1,1.0,1.0,8,0.0,7,1,0,1,1,0.0,0,1.0,0,9996.0,9996.0,120.0,9996.0,2025
2,D,192.0,38.0,5.0,1.0,64,1.0,1.0,2.0,1,70,2,0.0,0,3.0,3.0,1,0.0,7,1,0,1,1,2.0,0,2.0,0,292.0,365.0,180.0,480.0,2025
2,D,78.0,51.0,7.0,1.0,65,1.0,1.0,0.0,1,73,1,0.0,0,5.0,1.0,1,0.0,7,1,0,1,1,0.0,0,1.0,0,78.0,97.0,0.0,240.0,2025
1,C,2.0,62.0,8.0,1.0,8,1.0,1.0,6.0,1,7,1,0.0,0,3.0,1.0,1,0.0,8,1,0,1,1,6.0,0,3.0,0,10.0,16.0,0.0,60.0,2025
1,D,168.0,21.0,2.0,1.0,9,1.0,1.0,4.0,1,6,1,0.0,0,5.0,1.0,3,0.0,7,1,0,1,1,4.0,0,3.0,0,168.0,210.0,120.0,240.0,2025
6,D,360.0,21.0,2.0,1.0,33,1.0,0.0,0.0,1,40,1,0.0,0,3.0,2.0,1,0.0,7,1,0,1,1,0.0,0,1.0,0,360.0,360.0,180.0,360.0,2025
3,D,1320.0,48.0,6.0,1.0,32,1.0,1.0,0.0,1,38,1,0.0,0,5.0,1.0,4,0.0,7,1,0,1,1,0.0,0,1.0,0,1320.0,1320.0,180.0,360.0,2025
2,D,210.0,45.0,6.0,1.0,86,1.0,1.0,3.0,1,27,1,0.0,0,1.0,1.0,4,0.0,7,1,0,1,1,3.0,0,2.0,0,235.0,293.0,180.0,480.0,2025
4,D,132.0,49.0,6.0,1.0,56,1.0,1.0,0.0,1,63,1,0.0,0,5.0,1.0,1,0.0,7,1,0,1,1,0.0,0,1.0,0,151.0,188.0,60.0,240.0,2025
1,D,120.0,50.0,6.0,1.0,19,1.0,1.0,7.0,1,16,1,0.0,0,5.0,1.0,1,4.0,7,1,0,1,1,8.0,0,4.0,0,120.0,137.0,120.0,240.0,2025
8,D,250.0,44.0,6.0,1.0,60,1.0,1.0,3.0,1,67,1,0.0,0,3.0,1.0,1,0.0,7,1,0,1,1,3.0,0,2.0,0,235.0,293.0,180.0,480.0,2025
3,D,360.0,47.0,6.0,1.0,42,1.0,1.0,7.0,1,48,1,0.0,0,3.0,1.0,1,0.0,7,1,0,1,1,7.0,0,4.0,0,360.0,480.0,180.0,480.0,2025
6,D,121.0,42.0,6.0,1.0,30,1.0,1.0,0.0,1,36,1,0.0,0,6.0,1.0,1,2.0,7,1,0,1,1,0.0,0,1.0,0,121.0,151.0,60.0,240.0,2025
3,D,136.0,64.0,8.0,1.0,34,1.0,0.0,0.0,1,39,2,0.0,0,6.0,3.0,1,0.0,7,1,0,1,1,0.0,0,1.0,0,121.0,151.0,0.0,240.0,2025
2,D,60.0,36.0,5.0,1.0,65,1.0,1.0,1.0,1,73,1,0.0,0,3.0,6.0,1,0.0,7,1,0,1,1,1.0,0,1.0,0,78.0,97.0,0.0,240.0,2025
3,D,262.0,44.0,6.0,1.0,75,1.0,1.0,3.0,1,79,1,0.0,0,3.0,1.0,2,0.0,7,1,0,1,1,3.0,0,2.0,0,210.0,262.0,180.0,480.0,2025
3,D,156.0,32.0,4.0,1.0,48,1.0,1.0,2.0,1,54,1,0.0,0,5.0,1.0,1,0.0,7,1,0,1,1,2.0,0,5.0,0,140.0,175.0,60.0,240.0,2025
8,D,600.0,30.0,3.0,1.0,89,1.0,0.0,0.0,1,30,1,0.0,0,3.0,1.0,6,0.0,7,1,0,1,1,0.0,0,1.0,0,9996.0,9996.0,120.0,9996.0,2025
2,B,1.0,60.0,7.0,1.0,65,1.0,1.0,0.0,1,73,2,0.0,0,3.0,3.0,1,0.0,8,1,0,1,1,0.0,0,1.0,0,8.0,14.0,0.0,60.0,2025
5,D,180.0,61.0,8.0,1.0,62,1.0,1.0,0.0,1,69,1,0.0,0,3.0,6.0,2,0.0,7,1,0,1,1,0.0,0,1.0,0,151.0,188.0,60.0,240.0,2025
3,D,120.0,36.0,5.0,1.0,90,1.0,1.0,0.0,1,29,1,0.0,0,3.0,1.0,1,0.0,7,1,0,1,1,0.0,0,1.0,0,151.0,188.0,60.0,240.0,2025
2,D,144.0,45.0,6.0,1.0,45,1.0,1.0,0.0,1,51,1,0.0,0,5.0,1.0,3,0.0,7,1,0,1,1,0.0,0,1.0,0,151.0,188.0,60.0,240.0,2025
3,D,96.0,50.0,6.0,1.0,42,1.0,1.0,5.0,1,48,1,0.0,0,3.0,1.0,1,0.0,7,1,0,1,1,5.0,0,3.0,0,120.0,120.0,0.0,120.0,2025
3,D,120.0,54.0,7.0,1.0,61,1.0,1.0,3.0,1,68,1,0.0,0,3.0,1.0,2,0.0,7,1,0,1,1,3.0,0,2.0,0,120.0,135.0,120.0,240.0,2025
2,D,48.0,36.0,5.0,1.0,64,1.0,0.0,0.0,1,70,1,0.0,0,6.0,1.0,1,3.0,7,1,0,1,1,0.0,0,1.0,0,97.0,121.0,0.0,240.0,2025
8,D,151.0,40.0,5.0,1.0,60,3.0,1.0,0.0,1,67,2,0.0,0,6.0,3.0,1,1.0,7,1,0,1,1,0.0,0,1.0,0,121.0,151.0,60.0,240.0,2025
6,D,120.0,52.0,7.0,1.0,81,1.0,1.0,3.0,1,86,1,0.0,0,3.0,1.0,1,0.0,7,1,0,1,1,3.0,0,2.0,0,120.0,120.0,120.0,240.0,2025
1,D,210.0,34.0,4.0,1.0,41,1.0,1.0,11.0,1,47,1,0.0,0,3.0,1.0,5,3.0,7,1,0,1,1,12.0,0,5.0,0,151.0,188.0,0.0,60.0,2025
2,D,120.0,32.0,4.0,1.0,84,1.0,1.0,9.0,1,88,1,0.0,0,5.0,1.0,1,0.0,7,1,0,1,1,10.0,0,5.0,0,151.0,188.0,60.0,240.0,2025
1,D,184.0,27.0,3.0,1.0,41,1.0,1.0,3.0,1,47,1,0.0,0,3.0,1.0,2,0.0,7,1,0,1,1,3.0,0,2.0,0,180.0,188.0,180.0,480.0,2025
4,D,0.03,22.0,2.0,1.0,35,1.0,1.0,0.0,1,41,2,0.0,0,5.0,3.0,1,0.0,7,1,0,2,1,0.0,0,1.0,0,51.0,63.0,0.0,240.0,2025
4,D,78.0,52.0,7.0,1.0,82,1.0,0.0,0.0,1,85,1,0.0,0,3.0,1.0,1,0.0,7,1,0,1,1,0.0,0,1.0,0,151.0,188.0,60.0,240.0,2025
1,D,78.0,22.0,2.0,1.0,6,1.0,1.0,0.0,1,3,2,0.0,0,3.0,3.0,5,0.0,7,1,0,1,1,0.0,0,1.0,0,78.0,97.0,0.0,60.0,2025
4,D,360.0,37.0,5.0,1.0,56,1.0,1.0,2.0,1,63,1,0.0,0,3.0,1.0,2,1.0,7,1,0,1,1,2.0,0,2.0,0,292.0,365.0,60.0,240.0,2025
6,D,108.0,38.0,5.0,1.0,30,1.0,1.0,0.0,1,36,1,0.0,0,3.0,1.0,1,1.0,7,1,0,1,1,0.0,0,1.0,0,97.0,121.0,60.0,240.0,2025
3,D,210.0,25.0,2.0,1.0,34,1.0,0.0,0.0,1,39,2,0.0,0,3.0,3.0,1,0.0,7,1,0,1,1,0.0,0,1.0,0,210.0,240.0,60.0,240.0,2025
1,D,144.0,46.0,6.0,1.0,55,1.0,1.0,1.0,1,62,1,0.0,0,5.0,2.0,1,0.0,7,1,0,1,1,1.0,0,1.0,0,135.0,168.0,0.0,240.0,2025
2,D,270.0,44.0,6.0,1.0,15,1.0,1.0,1.0,1,13,1,0.0,0,3.0,1.0,5,0.0,7,1,0,1,1,1.0,0,1.0,0,360.0,1200.0,60.0,240.0,2025
3,D,180.0,21.0,2.0,1.0,34,1.0,0.0,0.0,1,39,1,0.0,0,3.0,6.0,1,0.0,7,1,0,1,1,0.0,0,1.0,0,240.0,240.0,0.0,240.0,2025
4,D,97.0,43.0,6.0,1.0,59,3.0,1.0,0.0,1,66,0,0.0,0,1.0,1.0,2,2.0,7,1,0,1,1,0.0,0,1.0,0,97.0,121.0,0.0,240.0,2025
1,D,60.0,30.0,3.0,1.0,13,1.0,1.0,1.0,1,11,1,0.0,0,3.0,1.0,1,0.0,7,1,0,1,1,1.0,0,1.0,0,60.0,60.0,0.0,60.0,2025
3,D,120.0,45.0,6.0,1.0,23,1.0,1.0,3.0,1,20,1,0.0,0,3.0,1.0,1,0.0,7,1,0,1,1,3.0,0,2.0,0,120.0,121.0,120.0,240.0,2025
4,D,108.0,55.0,7.0,1.0,56,1.0,1.0,0.0,1,63,1,0.0,0,6.0,1.0,1,0.0,7,1,0,1,1,0.0,0,1.0,0,121.0,151.0,60.0,240.0,2025
2,D,,36.0,5.0,1.0,51,1.0,1.0,0.0,1,57,1,1.0,0,3.0,1.0,1,1.0,7,0,1,4,0,0.0,0,1.0,0,30.0,37.0,0.0,240.0,2025
3,D,57.0,67.0,8.0,1.0,68,1.0,1.0,0.0,3,74,1,0.0,1,6.0,1.0,1,,7,1,0,1,1,0.0,0,1.0,0,108.0,135.0,0.0,240.0,2025
2,D,196.0,24.0,2.0,1.0,54,1.0,1.0,0.0,1,61,1,0.0,0,1.0,1.0,1,0.0,7,1,0,1,1,0.0,0,1.0,0,210.0,240.0,60.0,240.0,2025
3,D,60.0,37.0,5.0,1.0,91,3.0,0.0,0.0,1,31,2,0.0,0,6.0,3.0,1,1.0,7,1,0,1,1,0.0,0,1.0,0,78.0,97.0,0.0,240.0,2025
3,D,36.0,40.0,5.0,1.0,68,1.0,1.0,0.0,1,74,1,0.0,0,5.0,1.0,1,0.0,7,1,0,1,1,0.0,0,1.0,0,78.0,97.0,0.0,240.0,2025
4,D,42.0,36.0,5.0,1.0,58,1.0,1.0,1.0,1,65,1,0.0,0,3.0,1.0,1,0.0,7,1,0,1,1,1.0,0,1.0,0,78.0,97.0,0.0,240.0,2025
4,D,78.0,55.0,7.0,1.0,58,1.0,0.0,0.0,1,65,1,0.0,0,5.0,1.0,1,0.0,7,1,0,1,1,0.0,0,1.0,0,97.0,121.0,60.0,240.0,2025
1,D,144.0,23.0,2.0,1.0,41,1.0,0.0,0.0,1,47,1,0.0,0,3.0,1.0,2,0.0,7,1,0,1,1,0.0,0,1.0,0,210.0,262.0,60.0,240.0,2025
3,D,480.0,41.0,6.0,1.0,61,1.0,1.0,0.0,1,68,1,0.0,0,6.0,1.0,3,2.0,7,1,0,1,1,0.0,0,1.0,0,9996.0,9996.0,120.0,9996.0,2025
3,D,78.0,36.0,5.0,1.0,91,1.0,0.0,0.0,1,31,1,0.0,0,5.0,2.0,1,0.0,7,1,0,1,1,0.0,0,1.0,0,97.0,121.0,60.0,240.0,2025
5,D,60.0,37.0,5.0,1.0,36,2.0,0.0,0.0,1,42,2,0.0,0,1.0,3.0,1,0.0,7,1,0,1,1,0.0,0,1.0,0,78.0,97.0,0.0,240.0,2025
1,D,0.03,70.0,8.0,1.0,93,1.0,1.0,0.0,1,32,1,0.0,0,3.0,1.0,1,0.0,7,1,0,2,1,0.0,0,1.0,0,120.0,120.0,0.0,120.0,2025
2,D,210.0,60.0,7.0,1.0,2,1.0,1.0,0.0,1,0,1,0.0,0,5.0,1.0,1,0.0,7,1,0,1,1,0.0,0,1.0,0,210.0,262.0,180.0,360.0,2025
4,D,120.0,51.0,7.0,1.0,59,1.0,1.0,0.0,1,66,1,0.0,0,3.0,1.0,1,1.0,7,1,0,1,1,0.0,0,1.0,0,210.0,240.0,60.0,240.0,2025
4,D,120.0,30.0,3.0,1.0,59,1.0,1.0,3.0,1,66,1,0.0,0,3.0,1.0,1,0.0,7,1,0,1,1,3.0,0,2.0,0,120.0,120.0,120.0,240.0,2025
4,D,200.0,56.0,7.0,1.0,59,1.0,1.0,1.0,1,66,0,0.0,0,5.0,1.0,1,0.0,7,1,0,1,1,1.0,0,1.0,0,235.0,293.0,180.0,480.0,2025
2,D,48.0,29.0,3.0,1.0,28,3.0,0.0,0.0,1,35,0,0.0,0,5.0,6.0,1,0.0,7,1,0,1,1,0.0,0,1.0,0,78.0,97.0,0.0,240.0,2025
3,D,100.0,38.0,5.0,1.0,42,1.0,1.0,6.0,1,48,1,0.0,0,5.0,1.0,1,0.0,7,1,0,1,1,6.0,0,3.0,0,97.0,121.0,0.0,240.0,2025
1,D,63.0,62.0,8.0,1.0,55,1.0,0.0,0.0,1,62,1,0.0,0,5.0,1.0,2,0.0,7,1,0,1,1,0.0,0,1.0,0,78.0,97.0,0.0,240.0,2025
4,D,24.66,23.0,2.0,1.0,58,1.0,0.0,0.0,1,65,1,0.0,0,6.0,2.0,1,0.0,7,1,0,1,1,0.0,0,1.0,0,97.0,121.0,0.0,240.0,2025
2,D,42.0,26.0,3.0,1.0,65,1.0,0.0,0.0,1,73,1,0.0,0,5.0,1.0,1,0.0,7,1,0,1,1,0.0,0,1.0,0,63.0,78.0,0.0,240.0,2025
3,D,102.0,27.0,3.0,1.0,91,3.0,0.0,0.0,1,31,1,0.0,0,5.0,6.0,1,0.0,7,1,0,1,1,0.0,0,1.0,0,97.0,120.0,0.0,120.0,2025
1,D,48.0,33.0,4.0,1.0,93,1.0,1.0,0.0,1,32,1,0.0,0,1.0,1.0,1,5.0,7,1,0,1,1,0.0,0,1.0,0,78.0,97.0,0.0,240.0,2025
1,D,84.0,29.0,3.0,1.0,8,1.0,0.0,0.0,1,7,1,0.0,0,6.0,1.0,1,0.0,7,1,0,1,1,0.0,0,1.0,0,210.0,240.0,60.0,240.0,2025
1,D,60.0,51.0,7.0,1.0,8,2.0,1.0,0.0,1,7,2,0.0,0,,3.0,1,3.0,7,1,0,1,1,0.0,0,1.0,0,78.0,97.0,60.0,240.0,2025
4,D,204.0,56.0,7.0,1.0,57,1.0,1.0,6.0,3,64,2,0.0,1,6.0,3.0,2,1.0,7,1,0,1,1,6.0,0,3.0,0,210.0,262.0,180.0,480.0,2025
3,D,293.0,40.0,5.0,1.0,48,1.0,1.0,3.0,1,54,1,0.0,0,1.0,1.0,2,0.0,7,1,0,1,1,3.0,0,5.0,0,360.0,960.0,180.0,480.0,2025
3,D,240.0,30.0,3.0,1.0,91,4.0,0.0,0.0,1,31,1,0.0,0,6.0,6.0,3,0.0,7,1,0,1,1,0.0,0,1.0,0,360.0,720.0,60.0,240.0,2025
3,D,24.0,38.0,5.0,1.0,42,1.0,1.0,3.0,1,48,1,0.0,0,3.0,1.0,1,1.0,7,1,0,1,1,3.0,0,2.0,0,87.0,108.0,0.0,120.0,2025
2,D,188.0,27.0,3.0,1.0,66,1.0,1.0,1.0,1,72,2,0.0,0,5.0,3.0,1,0.0,7,1,0,1,1,1.0,0,1.0,0,151.0,188.0,60.0,240.0,2025
5,D,97.0,36.0,5.0,1.0,36,1.0,0.0,0.0,1,42,1,0.0,0,5.0,2.0,1,3.0,7,1,0,1,1,0.0,0,1.0,0,78.0,97.0,0.0,240.0,2025
3,D,78.0,44.0,6.0,1.0,91,3.0,0.0,0.0,1,31,1,0.0,0,6.0,6.0,1,0.0,7,1,0,1,1,0.0,0,1.0,0,63.0,78.0,0.0,120.0,2025
6,D,78.0,23.0,2.0,1.0,30,1.0,1.0,0.0,1,36,1,0.0,0,6.0,1.0,1,0.0,7,1,0,1,1,0.0,0,1.0,0,78.0,97.0,60.0,240.0,2025
2,D,36.0,49.0,6.0,1.0,77,1.0,1.0,3.0,1,81,1,0.0,0,5.0,1.0,1,0.0,7,1,0,1,1,3.0,0,2.0,0,151.0,188.0,0.0,240.0,2025
3,D,180.0,28.0,3.0,1.0,34,1.0,1.0,0.0,1,39,2,0.0,0,5.0,3.0,1,0.0,7,1,0,1,1,0.0,0,1.0,0,210.0,240.0,60.0,240.0,2025
1,D,66.0,21.0,2.0,1.0,55,1.0,1.0,0.0,1,62,1,0.0,0,3.0,6.0,1,0.0,7,1,0,1,1,0.0,0,1.0,0,97.0,121.0,0.0,240.0,2025
1,D,70.0,41.0,6.0,1.0,41,1.0,1.0,1.0,1,47,1,0.0,0,3.0,2.0,2,0.0,7,1,0,1,1,1.0,0,1.0,0,97.0,121.0,60.0,240.0,2025
5,D,188.0,51.0,7.0,1.0,36,1.0,1.0,0.0,1,42,2,0.0,0,5.0,3.0,2,0.0,7,1,0,1,1,0.0,0,1.0,0,151.0,188.0,0.0,240.0,2025
2,D,120.0,32.0,4.0,1.0,2,1.0,1.0,2.0,1,0,1,0.0,0,3.0,6.0,1,0.0,7,1,0,1,1,2.0,0,2.0,0,120.0,120.0,120.0,240.0,2025
8,D,70.0,28.0,3.0,1.0,60,1.0,1.0,1.0,1,67,1,0.0,0,5.0,1.0,1,0.0,7,1,0,1,1,1.0,0,1.0,0,97.0,121.0,60.0,240.0,2025
1,D,12.03,25.0,2.0,1.0,93,1.0,0.0,0.0,1,32,2,0.0,0,3.0,3.0,1,0.0,7,1,0,1,1,0.0,0,1.0,0,70.0,87.0,0.0,240.0,2025
3,D,96.0,39.0,5.0,1.0,90,1.0,1.0,0.0,1,29,1,0.0,0,6.0,1.0,2,0.0,7,1,0,1,1,0.0,0,1.0,0,151.0,188.0,60.0,240.0,2025
1,D,151.0,48.0,6.0,1.0,9,1.0,1.0,0.0,1,6,1,0.0,0,3.0,1.0,6,2.0,7,1,0,1,1,0.0,0,1.0,0,151.0,188.0,60.0,240.0,2025
4,D,168.0,57.0,7.0,1.0,56,1.0,0.0,0.0,1,63,1,0.0,0,6.0,1.0,1,0.0,7,1,0,1,1,0.0,0,1.0,0,151.0,188.0,60.0,240.0,2025
1,D,48.0,29.0,3.0,1.0,10,1.0,0.0,0.0,1,8,1,0.0,0,6.0,1.0,1,0.0,7,1,0,1,1,0.0,0,1.0,0,97.0,121.0,0.0,240.0,2025
5,D,120.0,39.0,5.0,1.0,83,1.0,1.0,4.0,1,87,1,0.0,0,3.0,1.0,1,0.0,7,1,0,1,1,4.0,0,3.0,0,120.0,120.0,120.0,240.0,2025
4,D,87.0,44.0,6.0,1.0,56,1.0,1.0,3.0,1,63,1,0.0,0,5.0,1.0,1,0.0,7,1,0,2,1,3.0,0,2.0,0,70.0,87.0,0.0,240.0,2025
2,D,240.0,35.0,4.0,1.0,2,1.0,1.0,6.0,1,0,1,0.0,0,3.0,1.0,2,0.0,7,1,0,1,1,6.0,0,3.0,0,262.0,327.0,60.0,240.0,2025
1,D,87.0,43.0,6.0,1.0,1,1.0,0.0,0.0,1,90,2,0.0,0,6.0,3.0,2,0.0,7,1,0,1,1,0.0,0,1.0,0,151.0,188.0,60.0,240.0,2025
8,D,104.0,58.0,7.0,1.0,89,1.0,1.0,0.0,1,30,1,0.0,0,3.0,2.0,2,0.0,7,1,0,1,1,0.0,0,1.0,0,121.0,151.0,60.0,240.0,2025
2,D,60.0,40.0,5.0,1.0,39,1.0,1.0,0.0,1,45,1,0.0,0,1.0,1.0,2,0.0,7,1,0,1,1,0.0,0,1.0,0,151.0,188.0,60.0,240.0,2025
8,D,97.0,27.0,3.0,1.0,60,1.0,0.0,0.0,1,67,1,0.0,0,5.0,1.0,1,0.0,7,1,0,1,1,0.0,0,1.0,0,97.0,121.0,60.0,240.0,2025
3,D,103.0,44.0,6.0,1.0,67,1.0,1.0,0.0,1,71,1,0.0,0,5.0,1.0,2,1.0,7,1,0,1,1,0.0,0,1.0,0,121.0,151.0,60.0,240.0,2025
4,D,60.0,72.0,8.0,1.0,58,1.0,1.0,0.0,1,65,1,0.0,0,6.0,1.0,1,0.0,7,1,0,1,1,0.0,0,1.0,0,97.0,121.0,0.0,240.0,2025
2,D,144.0,36.0,5.0,1.0,54,1.0,1.0,3.0,1,61,1,0.0,0,5.0,1.0,1,0.0,7,1,0,1,1,3.0,0,2.0,0,168.0,210.0,60.0,240.0,2025
3,D,188.0,38.0,5.0,1.0,43,1.0,0.0,0.0,1,49,1,0.0,0,5.0,1.0,1,0.0,7,1,0,1,1,0.0,0,1.0,0,188.0,235.0,60.0,240.0,2025
1,D,21.0,48.0,6.0,1.0,13,1.0,1.0,9.0,1,11,1,0.0,0,5.0,2.0,1,1.0,8,1,0,1,1,10.0,0,5.0,0,27.0,33.0,0.0,120.0,2025
3,D,108.0,54.0,7.0,1.0,43,1.0,1.0,2.0,1,49,1,0.0,0,1.0,1.0,1,0.0,7,1,0,1,1,2.0,0,2.0,0,87.0,108.0,60.0,240.0,2025
5,D,36.0,44.0,6.0,1.0,36,1.0,0.0,0.0,1,42,1,0.0,0,6.0,1.0,1,0.0,7,1,0,1,1,0.0,0,1.0,0,78.0,97.0,0.0,240.0,2025
3,D,78.0,43.0,6.0,1.0,43,1.0,1.0,0.0,1,49,1,0.0,0,6.0,1.0,1,1.0,7,1,0,1,1,0.0,0,1.0,0,97.0,121.0,60.0,240.0,2025
8,D,120.0,57.0,7.0,1.0,89,1.0,1.0,3.0,1,30,1,0.0,0,1.0,1.0,1,0.0,7,1,0,1,1,3.0,0,2.0,0,120.0,120.0,120.0,240.0,2025
1,D,51.0,26.0,3.0,1.0,71,4.0,0.0,0.0,1,76,2,0.0,0,3.0,3.0,1,0.0,7,1,0,1,1,0.0,0,1.0,0,63.0,78.0,0.0,120.0,2025
2,D,60.0,24.0,2.0,1.0,84,1.0,1.0,0.0,1,88,1,0.0,0,3.0,1.0,1,0.0,7,1,0,1,1,0.0,0,1.0,0,97.0,121.0,60.0,240.0,2025
6,D,180.0,38.0,5.0,1.0,33,1.0,1.0,4.0,1,40,1,0.0,0,3.0,1.0,1,0.0,7,1,0,1,1,4.0,0,3.0,0,180.0,180.0,180.0,480.0,2025
2,D,120.0,65.0,8.0,1.0,24,1.0,1.0,3.0,1,22,1,0.0,0,3.0,1.0,1,0.0,7,1,0,1,1,3.0,0,2.0,0,120.0,120.0,120.0,240.0,2025
3,D,100.0,53.0,7.0,1.0,91,5.0,0.0,0.0,1,31,1,0.0,0,6.0,1.0,1,0.0,7,1,0,1,1,0.0,0,1.0,0,97.0,121.0,60.0,240.0,2025
3,D,121.0,20.0,1.0,1.0,91,3.0,0.0,0.0,1,31,2,0.0,0,3.0,3.0,1,0.0,7,1,0,1,1,0.0,0,1.0,0,97.0,121.0,0.0,240.0,2025
5,D,84.0,23.0,2.0,1.0,62,1.0,1.0,0.0,1,69,1,1.0,0,3.0,1.0,1,0.0,7,1,0,1,1,0.0,0,1.0,0,135.0,168.0,0.0,240.0,2025
1,D,60.0,44.0,6.0,1.0,3,1.0,1.0,0.0,1,1,1,0.0,0,5.0,2.0,2,0.0,7,1,0,1,1,0.0,0,1.0,0,63.0,78.0,60.0,240.0,2025
1,D,120.0,46.0,6.0,1.0,9,1.0,1.0,5.0,1,6,1,0.0,0,3.0,1.0,2,3.0,7,1,0,1,1,5.0,0,3.0,0,120.0,120.0,120.0,240.0,2025
4,D,121.0,71.0,8.0,1.0,35,1.0,1.0,3.0,1,41,1,0.0,0,3.0,1.0,1,0.0,7,1,0,1,1,3.0,0,2.0,0,121.0,151.0,60.0,240.0,2025
3,D,180.0,53.0,7.0,1.0,90,1.0,1.0,3.0,1,29,1,0.0,0,5.0,1.0,1,0.0,7,1,0,1,1,3.0,0,2.0,0,180.0,180.0,180.0,480.0,2025
1,D,97.0,58.0,7.0,1.0,11,1.0,0.0,0.0,1,9,1,0.0,0,6.0,1.0,1,1.0,7,1,0,1,1,0.0,0,1.0,0,78.0,97.0,0.0,240.0,2025
2,D,46.0,38.0,5.0,1.0,17,1.0,1.0,0.0,1,15,1,0.0,0,3.0,1.0,1,0.0,7,1,0,1,1,0.0,0,1.0,0,78.0,97.0,0.0,240.0,2025
8,D,240.0,40.0,5.0,1.0,89,1.0,0.0,0.0,1,30,1,0.0,0,6.0,1.0,1,0.0,7,1,0,1,1,0.0,0,1.0,0,240.0,240.0,60.0,240.0,2025
3,D,84.0,22.0,2.0,1.0,22,1.0,1.0,0.0,1,19,1,0.0,0,5.0,6.0,1,0.0,7,1,0,1,1,0.0,0,1.0,0,135.0,168.0,0.0,240.0,2025
4,D,84.0,37.0,5.0,1.0,59,1.0,1.0,0.0,1,66,1,0.0,0,3.0,1.0,1,0.0,7,1,0,1,1,0.0,0,1.0,0,151.0,188.0,60.0,240.0,2025
4,D,96.0,43.0,6.0,1.0,82,1.0,1.0,15.0,1,85,1,0.0,0,3.0,2.0,1,3.0,7,1,0,1,1,16.0,0,6.0,0,77.0,96.0,60.0,240.0,2025
3,D,180.0,40.0,5.0,1.0,31,3.0,1.0,2.0,1,37,2,0.0,0,3.0,3.0,2,4.0,7,1,0,1,1,2.0,0,2.0,0,87.0,108.0,0.0,240.0,2025
1,D,60.0,46.0,6.0,1.0,3,1.0,0.0,0.0,1,1,1,0.0,0,6.0,6.0,3,1.0,7,1,0,1,1,0.0,0,1.0,0,78.0,97.0,0.0,240.0,2025
2,D,60.0,24.0,2.0,1.0,24,1.0,0.0,0.0,1,22,1,0.0,0,3.0,1.0,1,0.0,7,1,0,1,1,0.0,0,1.0,0,63.0,78.0,60.0,240.0,2025
8,D,121.0,35.0,4.0,1.0,89,2.0,0.0,0.0,1,30,1,0.0,0,1.0,6.0,1,0.0,7,1,0,1,1,0.0,0,1.0,0,121.0,151.0,60.0,240.0,2025
2,D,120.0,32.0,4.0,1.0,17,1.0,1.0,0.0,1,15,1,0.0,0,3.0,1.0,2,0.0,7,1,0,1,1,0.0,0,1.0,0,151.0,188.0,60.0,240.0,2025
4,D,470.0,58.0,7.0,1.0,82,1.0,1.0,0.0,1,85,1,0.0,0,5.0,1.0,3,0.0,7,1,0,1,1,0.0,0,1.0,0,9996.0,9996.0,120.0,9996.0,2025
6,D,80.0,19.0,1.0,1.0,33,3.0,0.0,0.0,1,40,2,0.0,0,1.0,3.0,1,0.0,7,1,0,1,1,0.0,0,1.0,0,78.0,97.0,0.0,240.0,2025
1,D,87.0,57.0,7.0,1.0,1,1.0,1.0,0.0,1,90,1,0.0,0,5.0,2.0,1,0.0,7,1,0,1,1,0.0,0,1.0,0,151.0,188.0,60.0,240.0,2025
1,D,60.0,29.0,3.0,1.0,6,1.0,1.0,0.0,1,3,2,0.0,0,6.0,3.0,3,0.0,7,1,0,1,1,0.0,0,1.0,0,151.0,188.0,60.0,240.0,2025
1,D,60.0,83.0,8.0,1.0,9,1.0,0.0,0.0,1,6,1,0.0,0,5.0,1.0,5,0.0,7,1,0,1,1,0.0,0,1.0,0,210.0,262.0,60.0,240.0,2025
1,D,60.0,35.0,4.0,1.0,80,1.0,1.0,0.0,1,84,1,0.0,0,1.0,6.0,2,0.0,7,1,0,1,1,0.0,0,1.0,0,97.0,121.0,60.0,240.0,2025
1,D,480.0,38.0,5.0,1.0,55,1.0,1.0,6.0,1,62,1,0.0,0,3.0,1.0,2,0.0,7,1,0,1,1,6.0,0,3.0,0,600.0,600.0,60.0,240.0,2025
1,D,262.0,41.0,6.0,1.0,49,1.0,1.0,0.0,3,55,1,0.0,1,6.0,1.0,2,0.0,7,1,0,1,1,0.0,0,1.0,0,210.0,262.0,60.0,240.0,2025
3,D,60.0,40.0,5.0,1.0,90,1.0,1.0,0.0,1,29,1,0.0,0,5.0,1.0,1,0.0,7,1,0,1,1,0.0,0,1.0,0,97.0,121.0,60.0,240.0,2025
1,D,96.0,29.0,3.0,1.0,8,1.0,1.0,0.0,1,7,2,0.0,0,5.0,3.0,1,0.0,7,1,0,1,1,0.0,0,1.0,0,97.0,121.0,60.0,240.0,2025
1,D,,38.0,5.0,1.0,80,1.0,0.0,0.0,1,84,1,0.0,0,5.0,6.0,1,0.0,7,0,1,4,0,0.0,0,1.0,0,78.0,97.0,0.0,240.0,2025
6,D,180.0,60.0,7.0,1.0,30,1.0,1.0,3.0,1,36,1,0.0,0,5.0,1.0,1,0.0,7,1,0,1,1,3.0,0,2.0,0,180.0,180.0,180.0,480.0,2025
2,D,84.0,27.0,3.0,1.0,94,1.0,1.0,1.0,1,34,1,0.0,0,6.0,1.0,1,0.0,7,1,0,1,1,1.0,0,1.0,0,78.0,97.0,0.0,240.0,2025
4,D,78.0,28.0,3.0,1.0,57,1.0,1.0,0.0,1,64,1,0.0,0,6.0,1.0,2,0.0,7,1,0,1,1,0.0,0,1.0,0,78.0,97.0,0.0,240.0,2025
2,D,72.0,28.0,3.0,1.0,84,3.0,1.0,0.0,1,88,2,0.0,0,3.0,3.0,1,0.0,7,1,0,1,1,0.0,0,1.0,0,97.0,121.0,60.0,240.0,2025
4,D,180.0,25.0,2.0,1.0,57,1.0,1.0,2.0,1,64,1,0.0,0,3.0,1.0,1,0.0,7,1,0,1,1,2.0,0,2.0,0,188.0,235.0,180.0,480.0,2025
5,D,51.0,39.0,5.0,1.0,36,2.0,1.0,0.0,1,42,2,0.0,0,1.0,3.0,1,4.0,7,1,0,1,1,0.0,0,1.0,0,63.0,78.0,0.0,120.0,2025
4,D,132.0,35.0,4.0,1.0,35,1.0,1.0,0.0,1,41,1,0.0,0,5.0,1.0,1,0.0,7,1,0,1,1,0.0,0,1.0,0,151.0,188.0,60.0,240.0,2025
2,D,37.0,44.0,6.0,1.0,76,1.0,1.0,4.0,1,80,1,0.0,0,3.0,6.0,1,4.0,7,1,0,1,1,4.0,0,3.0,0,37.0,46.0,0.0,240.0,2025
8,D,240.0,37.0,5.0,1.0,89,1.0,0.0,0.0,1,30,2,0.0,0,5.0,3.0,3,0.0,7,1,0,1,1,0.0,0,1.0,0,262.0,327.0,60.0,240.0,2025
1,D,108.0,34.0,4.0,1.0,11,1.0,1.0,0.0,1,9,2,0.0,0,6.0,3.0,2,1.0,7,1,0,1,1,0.0,0,1.0,0,87.0,108.0,0.0,120.0,2025
1,D,120.0,58.0,7.0,1.0,40,1.0,1.0,6.0,1,46,1,0.0,0,3.0,1.0,1,0.0,7,1,0,1,1,6.0,0,3.0,0,120.0,121.0,120.0,240.0,2025
3,D,120.0,35.0,4.0,1.0,7,1.0,1.0,1.0,1,5,1,0.0,0,3.0,2.0,1,0.0,7,1,0,1,1,1.0,0,1.0,0,120.0,120.0,120.0,240.0,2025
3,D,151.0,35.0,4.0,1.0,42,1.0,1.0,3.0,1,48,1,0.0,0,,1.0,1,0.0,7,1,0,1,1,3.0,0,2.0,0,151.0,188.0,120.0,240.0,2025
8,D,120.0,36.0,5.0,1.0,89,1.0,1.0,3.0,1,30,1,0.0,0,5.0,2.0,1,0.0,7,1,0,1,1,3.0,0,2.0,0,120.0,120.0,120.0,240.0,2025
1,D,60.0,42.0,6.0,1.0,11,1.0,1.0,0.0,1,9,1,0.0,0,3.0,1.0,1,2.0,7,1,0,1,1,0.0,0,1.0,0,78.0,97.0,0.0,240.0,2025
1,D,66.0,26.0,3.0,1.0,1,1.0,0.0,0.0,1,90,2,0.0,0,6.0,3.0,1,0.0,7,1,0,1,1,0.0,0,1.0,0,151.0,188.0,60.0,240.0,2025
4,D,97.0,50.0,6.0,1.0,59,1.0,1.0,0.0,1,66,0,0.0,0,3.0,1.0,1,0.0,7,1,0,1,1,0.0,0,1.0,0,151.0,188.0,60.0,240.0,2025
2,D,48.0,54.0,7.0,1.0,17,1.0,0.0,0.0,1,15,1,0.0,0,6.0,6.0,1,0.0,7,1,0,1,1,0.0,0,1.0,0,78.0,97.0,0.0,240.0,2025
1,D,41.0,27.0,3.0,1.0,93,1.0,0.0,0.0,1,32,2,0.0,0,3.0,3.0,1,0.0,7,1,0,1,1,0.0,0,1.0,0,97.0,121.0,0.0,240.0,2025
6,C,2.0,40.0,5.0,1.0,33,1.0,0.0,0.0,1,40,1,0.0,0,3.0,1.0,2,2.0,8,1,0,1,1,0.0,0,1.0,0,12.0,18.0,0.0,60.0,2025
4,D,108.0,32.0,4.0,1.0,59,1.0,1.0,0.0,1,66,0,1.0,0,1.0,1.0,1,0.0,7,1,0,1,1,0.0,0,1.0,0,108.0,135.0,60.0,240.0,2025
3,D,40.0,27.0,3.0,1.0,68,1.0,0.0,0.0,1,74,2,0.0,0,5.0,3.0,1,0.0,7,1,0,1,1,0.0,0,1.0,0,78.0,97.0,0.0,240.0,2025
3,D,60.0,23.0,2.0,1.0,22,1.0,1.0,0.0,1,19,1,0.0,0,5.0,1.0,1,0.0,7,1,0,1,1,0.0,0,1.0,0,97.0,121.0,0.0,240.0,2025
2,D,36.0,44.0,6.0,1.0,77,1.0,1.0,4.0,1,81,1,0.0,0,3.0,1.0,1,0.0,7,1,0,1,1,4.0,0,3.0,0,168.0,210.0,0.0,240.0,2025
1,A,,62.0,8.0,1.0,8,1.0,0.0,0.0,1,7,1,0.0,0,3.0,1.0,1,2.0,8,0,1,3,0,0.0,0,1.0,0,0.0,6.0,0.0,60.0,2025
1,B,6.0,28.0,3.0,1.0,8,3.0,1.0,0.0,1,7,1,0.0,0,5.0,6.0,2,0.0,8,1,0,1,1,0.0,0,1.0,0,6.0,12.0,0.0,240.0,2025
5,D,72.0,23.0,2.0,1.0,83,1.0,0.0,0.0,1,87,1,0.0,0,3.0,1.0,1,0.0,7,1,0,1,1,0.0,0,1.0,0,120.0,120.0,0.0,120.0,2025
8,D,78.0,48.0,6.0,1.0,89,1.0,1.0,0.0,1,30,1,0.0,0,3.0,1.0,1,0.0,7,1,0,1,1,0.0,0,1.0,0,78.0,97.0,0.0,240.0,2025
1,D,120.0,47.0,6.0,1.0,11,1.0,1.0,3.0,1,9,1,0.0,0,5.0,1.0,1,0.0,7,1,0,1,1,3.0,0,2.0,0,120.0,120.0,120.0,240.0,2025
1,D,132.0,64.0,8.0,1.0,80,1.0,0.0,0.0,1,84,2,0.0,0,3.0,3.0,2,0.0,7,1,0,1,1,0.0,0,1.0,0,151.0,188.0,60.0,240.0,2025
2,D,128.0,33.0,4.0,1.0,65,1.0,1.0,3.0,1,73,2,0.0,0,5.0,3.0,1,0.0,7,1,0,1,1,3.0,0,2.0,0,120.0,135.0,120.0,240.0,2025
5,D,120.0,31.0,4.0,1.0,83,1.0,1.0,2.0,1,87,1,0.0,0,1.0,1.0,1,3.0,7,1,0,1,1,2.0,0,2.0,0,120.0,120.0,0.0,120.0,2025
3,D,60.0,24.0,2.0,1.0,44,1.0,0.0,0.0,1,50,1,0.0,0,1.0,1.0,1,0.0,7,1,0,1,1,0.0,0,1.0,0,60.0,60.0,60.0,240.0,2025
3,D,152.0,39.0,5.0,1.0,44,1.0,1.0,3.0,1,50,1,0.0,0,3.0,1.0,1,0.0,7,1,0,1,1,3.0,0,2.0,0,180.0,180.0,180.0,480.0,2025
3,D,87.0,36.0,5.0,1.0,31,1.0,0.0,0.0,3,37,1,0.0,1,6.0,1.0,1,0.0,7,1,0,1,1,0.0,0,1.0,0,87.0,108.0,0.0,120.0,2025
3,D,120.0,61.0,8.0,1.0,44,1.0,1.0,3.0,3,50,1,0.0,1,1.0,1.0,1,0.0,7,1,0,1,1,3.0,0,2.0,0,120.0,121.0,120.0,240.0,2025
3,D,60.0,65.0,8.0,1.0,68,1.0,1.0,0.0,1,74,1,0.0,0,6.0,1.0,1,,7,1,0,1,1,0.0,0,1.0,0,87.0,108.0,0.0,240.0,2025
5,B,,67.0,8.0,1.0,92,1.0,1.0,0.0,1,33,1,0.0,0,1.0,2.0,1,0.0,8,0,1,3,0,0.0,0,1.0,0,8.0,14.0,0.0,60.0,2025
2,D,,32.0,4.0,1.0,39,1.0,0.0,0.0,1,45,1,0.0,0,1.0,1.0,1,0.0,7,0,1,4,0,0.0,0,1.0,0,30.0,37.0,0.0,240.0,2025
5,D,108.0,53.0,7.0,1.0,83,1.0,1.0,0.0,1,87,1,0.0,0,6.0,1.0,1,0.0,7,1,0,1,1,0.0,0,1.0,0,97.0,121.0,0.0,240.0,2025
5,B,,44.0,6.0,1.0,92,1.0,1.0,0.0,1,33,1,0.0,0,1.0,2.0,1,1.0,8,0,1,3,0,0.0,0,1.0,0,8.0,14.0,0.0,60.0,2025
