AGE,SMIN1,SMAX1,GLMIN,GLMAX,CRIMPTS,TOTCHPTS,XCRHISSR,NUMDEPEN,NOCOUNTS,DRUGMIN,MONSEX,WEAPON,NEWEDUC,ZONE,DISTRICT,DISPOSIT,CITIZEN,FISCAL_YEAR,OFFGUIDE,SENTTOT_actual,SENTTOT_predicted,residual,NEWRACE,POC
52.0,0.0,240.0,63.0,78.0,0.0,0.0,1.0,2.0,1,0,0.0,0,6.0,D,19,1,1.0,2025,7,54.0,52.24180564780273,1.7581943521972718,1.0,False
34.0,60.0,240.0,151.0,188.0,0.0,0.0,1.0,0.0,1,0,0.0,0,1.0,D,14,1,1.0,2023,7,60.0,103.77352063810272,-43.773520638102724,1.0,False
32.0,60.0,240.0,97.0,121.0,0.0,0.0,1.0,0.0,1,0,0.0,0,5.0,D,45,1,1.0,2022,7,72.0,71.56991503760793,0.4300849623920726,1.0,False
47.0,60.0,240.0,151.0,188.0,0.0,0.0,1.0,1.0,1,0,0.0,0,3.0,D,5,1,1.0,2022,7,60.0,103.49459877713456,-43.494598777134556,1.0,False
55.0,0.0,240.0,135.0,168.0,0.0,0.0,1.0,0.0,5,0,0.0,0,5.0,D,70,3,1.0,2025,7,168.0,125.7064886621747,42.293511337825294,3.0,True
26.0,180.0,480.0,180.0,180.0,3.0,3.0,2.0,1.0,3,0,0.0,0,3.0,D,85,1,1.0,2024,7,180.0,190.0550556985072,-10.055055698507203,2.0,True
66.0,120.0,240.0,120.0,120.0,,,3.0,,1,0,0.0,0,,D,15,1,,2023,7,120.0,112.15312097078981,7.846879029210186,1.0,False
45.0,0.0,120.0,30.0,37.0,0.0,0.0,1.0,0.0,1,0,0.0,0,6.0,D,65,1,1.0,2024,7,30.0,32.300453489199796,-2.3004534891997963,1.0,False
25.0,0.0,240.0,87.0,108.0,0.0,0.0,1.0,0.0,1,0,0.0,0,5.0,D,53,1,1.0,2022,7,66.0,52.60416107480207,13.395838925197928,3.0,True
37.0,0.0,240.0,78.0,97.0,0.0,0.0,1.0,3.0,1,0,0.0,0,3.0,D,17,1,1.0,2022,7,48.0,58.26429991548396,-10.26429991548396,2.0,True
37.0,120.0,240.0,188.0,235.0,8.0,8.0,4.0,2.0,2,0,0.0,0,5.0,D,65,1,1.0,2025,7,190.0,168.725505644745,21.274494355255,1.0,False
33.0,0.0,240.0,108.0,135.0,1.0,1.0,1.0,0.0,1,0,0.0,0,3.0,D,13,1,1.0,2022,7,0.03,79.6052886559054,-79.5752886559054,1.0,False
38.0,60.0,240.0,151.0,188.0,1.0,1.0,1.0,0.0,1,0,0.0,0,3.0,D,56,1,1.0,2020,7,60.0,105.91830617092498,-45.91830617092498,1.0,False
35.0,60.0,240.0,97.0,121.0,0.0,0.0,1.0,1.0,1,0,0.0,0,3.0,D,69,1,1.0,2024,7,70.0,79.20430510619119,-9.204305106191185,1.0,False
48.0,0.0,240.0,78.0,97.0,0.0,0.0,1.0,0.0,1,0,0.0,0,3.0,D,61,1,1.0,2025,7,120.0,54.59461927087652,65.40538072912348,1.0,False
26.0,60.0,240.0,97.0,121.0,0.0,0.0,1.0,0.0,2,0,0.0,0,1.0,D,49,1,1.0,2020,7,97.0,85.3702659683793,11.6297340316207,1.0,False
41.0,60.0,240.0,151.0,188.0,0.0,0.0,1.0,2.0,1,0,0.0,0,5.0,D,66,1,1.0,2020,7,151.0,94.59330385945219,56.40669614054781,1.0,False
29.0,60.0,240.0,97.0,121.0,1.0,1.0,1.0,0.0,1,0,0.0,0,5.0,D,61,1,1.0,2024,7,72.0,78.01753602173343,-6.017536021733434,1.0,False
47.0,120.0,240.0,135.0,168.0,0.0,0.0,1.0,1.0,1,0,0.0,0,6.0,D,31,1,1.0,2021,7,135.0,127.1396506711405,7.860349328859499,3.0,True
48.0,60.0,240.0,135.0,168.0,0.0,0.0,1.0,0.0,2,0,0.0,0,5.0,D,81,3,1.0,2025,7,160.0,111.31790285310863,48.682097146891365,1.0,False
58.0,0.0,240.0,78.0,97.0,0.0,0.0,1.0,0.0,1,0,0.0,0,6.0,D,65,1,1.0,2025,7,63.0,53.349123717990985,9.650876282009015,1.0,False
27.0,0.0,240.0,46.0,57.0,0.0,0.0,1.0,0.0,1,0,0.0,0,5.0,D,90,1,1.0,2023,7,46.0,26.483028184790903,19.516971815209097,2.0,True
34.0,60.0,240.0,151.0,188.0,0.0,0.0,1.0,4.0,2,0,0.0,0,3.0,D,47,1,1.0,2021,7,165.0,120.2362064610356,44.76379353896441,1.0,False
34.0,60.0,240.0,151.0,188.0,0.0,0.0,1.0,0.0,1,0,0.0,0,5.0,D,30,1,1.0,2024,7,151.0,109.95389765440588,41.04610234559412,2.0,True
27.0,0.0,120.0,78.0,97.0,0.0,0.0,1.0,0.0,1,0,0.0,0,6.0,D,39,1,1.0,2023,7,48.0,77.35175606754245,-29.351756067542453,2.0,True
32.0,60.0,240.0,70.0,87.0,0.0,0.0,1.0,0.0,1,0,0.0,0,3.0,D,90,1,1.0,2020,7,60.0,60.37837865330752,-0.3783786533075215,1.0,False
28.0,60.0,240.0,121.0,151.0,0.0,0.0,1.0,0.0,1,0,0.0,0,5.0,D,31,1,2.0,2025,7,91.0,93.5099273456378,-2.5099273456378057,3.0,True
30.0,60.0,240.0,235.0,293.0,3.0,3.0,2.0,0.0,2,0,0.0,0,1.0,D,77,1,1.0,2020,7,235.0,181.73232268498978,53.26767731501022,1.0,False
28.0,60.0,240.0,151.0,188.0,0.0,0.0,1.0,0.0,1,0,0.0,0,3.0,D,7,1,1.0,2023,7,70.0,86.257179777542,-16.257179777542007,1.0,False
26.0,0.0,240.0,46.0,57.0,0.0,0.0,1.0,0.0,1,0,0.0,0,5.0,D,9,1,1.0,2020,7,0.03,24.99996829118882,-24.96996829118882,1.0,False
45.0,60.0,240.0,240.0,240.0,0.0,0.0,1.0,0.0,1,0,0.0,0,3.0,D,39,1,2.0,2022,7,240.0,218.8412465383325,21.158753461667487,3.0,True
42.0,60.0,240.0,97.0,121.0,0.0,0.0,1.0,2.0,2,0,0.0,0,5.0,D,31,1,1.0,2025,7,97.0,89.03767085170229,7.962329148297712,3.0,True
22.0,0.0,240.0,121.0,151.0,0.0,0.0,1.0,0.0,1,0,0.0,0,3.0,D,39,1,1.0,2022,7,138.0,134.83122650997564,3.168773490024364,1.0,False
35.0,0.0,240.0,97.0,121.0,0.0,0.0,1.0,0.0,1,0,0.0,0,5.0,D,71,2,1.0,2021,7,21.0,52.966335129150885,-31.966335129150885,3.0,True
38.0,0.0,120.0,87.0,108.0,3.0,3.0,2.0,1.0,1,0,0.0,0,3.0,D,48,1,1.0,2025,7,24.0,66.74682016663714,-42.746820166637136,1.0,False
30.0,180.0,480.0,235.0,293.0,8.0,9.0,4.0,0.0,1,0,0.0,0,3.0,D,43,1,1.0,2025,7,240.0,250.24294010344,-10.242940103439992,1.0,False
27.0,60.0,240.0,210.0,240.0,0.0,0.0,1.0,0.0,1,0,0.0,0,1.0,D,83,1,1.0,2024,7,140.0,143.9635783026513,-3.963578302651314,1.0,False
21.0,60.0,240.0,97.0,121.0,0.0,0.0,1.0,0.0,1,0,0.0,0,3.0,D,65,1,1.0,2024,7,60.0,71.28815926644043,-11.28815926644043,1.0,False
22.0,180.0,360.0,360.0,360.0,1.0,1.0,1.0,0.0,1,0,0.0,0,3.0,D,56,1,1.0,2024,7,240.0,279.05887745249487,-39.05887745249487,2.0,True
37.0,0.0,240.0,97.0,121.0,1.0,1.0,1.0,1.0,1,0,0.0,0,5.0,D,37,1,1.0,2025,7,72.0,92.17534878496721,-20.175348784967213,3.0,True
22.0,0.0,240.0,97.0,121.0,0.0,0.0,1.0,0.0,1,0,0.0,0,3.0,D,8,1,1.0,2022,7,3.0,19.732063243801218,-16.732063243801218,1.0,False
52.0,0.0,60.0,12.0,18.0,1.0,1.0,1.0,2.0,1,0,0.0,0,1.0,C,36,1,1.0,2023,8,15.0,27.844523087630847,-12.844523087630847,1.0,False
30.0,60.0,240.0,151.0,188.0,0.0,0.0,1.0,0.0,1,0,0.0,0,6.0,D,74,1,1.0,2023,7,90.0,98.24102565194221,-8.24102565194221,1.0,False
54.0,0.0,240.0,87.0,108.0,0.0,0.0,1.0,0.0,1,0,0.0,0,3.0,D,22,1,1.0,2022,7,78.0,58.73619786277082,19.263802137229177,1.0,False
30.0,60.0,240.0,168.0,210.0,2.0,2.0,2.0,1.0,1,0,0.0,0,3.0,D,79,1,1.0,2022,7,78.0,110.328378988513,-32.328378988512995,1.0,False
47.0,0.0,120.0,78.0,97.0,0.0,0.0,1.0,0.0,1,0,0.0,0,6.0,D,87,1,1.0,2024,7,36.0,54.64218325442921,-18.642183254429213,1.0,False
55.0,0.0,60.0,12.0,18.0,0.0,0.0,1.0,1.0,2,0,0.0,0,3.0,C,22,1,1.0,2023,8,36.0,17.116578611269173,18.883421388730827,2.0,True
40.0,60.0,240.0,70.0,87.0,0.0,0.0,1.0,1.0,1,0,0.0,0,3.0,D,47,1,1.0,2022,7,78.0,71.5274090760524,6.472590923947607,1.0,False
57.0,60.0,240.0,151.0,188.0,0.0,0.0,1.0,0.0,1,0,0.0,0,6.0,D,96,1,1.0,2025,7,78.0,107.76278012767668,-29.762780127676677,1.0,False
43.0,60.0,240.0,78.0,97.0,0.0,0.0,1.0,3.0,1,0,0.0,0,6.0,D,12,1,1.0,2022,7,70.0,68.31769363477838,1.6823063652216206,1.0,False
27.0,0.0,240.0,135.0,168.0,0.0,0.0,1.0,0.0,1,0,0.0,0,3.0,D,40,1,1.0,2024,7,135.0,125.47018980614855,9.529810193851446,3.0,True
37.0,0.0,60.0,12.0,18.0,1.0,1.0,1.0,1.0,1,0,0.0,0,3.0,C,22,1,1.0,2023,8,6.0,9.587456018810913,-3.5874560188109132,2.0,True
34.0,0.0,60.0,0.0,6.0,0.0,0.0,1.0,4.0,1,0,1.0,0,5.0,A,41,1,1.0,2025,8,0.39,7.318594267003282,-6.928594267003282,3.0,True
37.0,60.0,240.0,151.0,188.0,0.0,0.0,1.0,2.0,1,0,0.0,0,5.0,D,66,1,1.0,2020,7,120.0,94.59330385945219,25.40669614054781,1.0,False
28.0,60.0,240.0,60.0,60.0,0.0,0.0,1.0,0.0,1,0,0.0,0,6.0,D,69,1,1.0,2024,7,72.0,64.64708279720232,7.352917202797684,1.0,False
28.0,0.0,240.0,78.0,97.0,0.0,0.0,1.0,0.0,1,0,1.0,0,3.0,D,65,1,1.0,2025,7,48.0,49.55729508013481,-1.557295080134807,1.0,False
66.0,0.0,240.0,78.0,97.0,0.0,0.0,1.0,4.0,1,0,0.0,0,5.0,D,42,1,1.0,2024,7,60.0,68.14906774037684,-8.149067740376836,2.0,True
26.0,0.0,240.0,78.0,97.0,0.0,0.0,1.0,0.0,1,0,0.0,0,3.0,D,74,1,1.0,2021,7,12.03,46.24311696835095,-34.213116968350946,1.0,False
20.0,0.0,240.0,97.0,121.0,0.0,0.0,1.0,0.0,1,0,0.0,0,3.0,D,76,1,1.0,2021,7,36.0,54.208004842642524,-18.208004842642524,1.0,False
66.0,60.0,240.0,151.0,188.0,0.0,0.0,1.0,0.0,1,0,0.0,0,5.0,D,66,1,1.0,2020,7,115.0,89.72747289651535,25.27252710348465,1.0,False
54.0,120.0,240.0,120.0,120.0,0.0,0.0,1.0,0.0,1,0,0.0,0,5.0,D,45,1,1.0,2024,7,120.0,111.97121354221234,8.02878645778766,1.0,False
23.0,60.0,240.0,188.0,235.0,0.0,0.0,1.0,0.0,3,0,0.0,0,3.0,D,18,1,1.0,2022,7,120.0,137.83219834451754,-17.832198344517536,1.0,False
32.0,60.0,240.0,151.0,188.0,0.0,0.0,1.0,2.0,1,0,0.0,0,5.0,D,51,1,1.0,2025,7,151.0,107.80099807708466,43.19900192291534,1.0,False
77.0,0.0,120.0,78.0,97.0,0.0,0.0,1.0,0.0,1,0,0.0,0,5.0,D,32,1,1.0,2024,7,18.0,14.292623667971654,3.707376332028346,1.0,False
32.0,60.0,240.0,121.0,151.0,0.0,0.0,1.0,0.0,1,0,0.0,0,5.0,D,41,1,1.0,2024,7,144.0,97.33405725128061,46.66594274871939,3.0,True
41.0,0.0,240.0,135.0,168.0,0.0,0.0,1.0,2.0,1,0,0.0,0,6.0,D,46,1,1.0,2023,7,135.0,104.63646931133924,30.36353068866076,1.0,False
35.0,60.0,240.0,240.0,240.0,10.0,10.0,5.0,0.0,1,0,0.0,0,5.0,D,87,1,1.0,2022,7,240.0,221.9414251637258,18.058574836274204,1.0,False
25.0,0.0,240.0,600.0,600.0,0.0,0.0,1.0,0.0,2,0,0.0,0,5.0,D,30,1,1.0,2025,7,240.0,424.59474975910024,-184.59474975910024,1.0,False
48.0,60.0,240.0,240.0,240.0,0.0,0.0,1.0,0.0,1,0,0.0,0,3.0,D,66,1,1.0,2025,7,130.0,164.13851520645142,-34.138515206451416,1.0,False
34.0,60.0,240.0,151.0,188.0,1.0,1.0,1.0,0.0,1,0,0.0,0,6.0,D,17,1,1.0,2021,7,108.0,119.0284464273132,-11.028446427313199,1.0,False
28.0,60.0,240.0,168.0,210.0,0.0,0.0,1.0,0.0,1,0,0.0,0,5.0,D,49,1,1.0,2024,7,120.0,133.74593249326068,-13.745932493260682,1.0,False
66.0,60.0,240.0,135.0,168.0,2.0,2.0,2.0,0.0,1,0,0.0,0,5.0,D,68,1,1.0,2024,7,135.0,105.96347603413491,29.036523965865086,1.0,False
54.0,0.0,120.0,63.0,78.0,0.0,0.0,1.0,0.0,1,0,0.0,0,1.0,D,61,1,1.0,2023,7,72.0,50.735757757635895,21.264242242364105,1.0,False
47.0,120.0,240.0,120.0,121.0,3.0,5.0,3.0,0.0,1,0,0.0,0,3.0,D,83,1,1.0,2021,7,120.0,129.08792693962323,-9.08792693962323,1.0,False
46.0,120.0,240.0,120.0,120.0,3.0,3.0,2.0,0.0,1,0,0.0,0,5.0,D,33,1,1.0,2025,7,120.0,128.07919090591574,-8.079190905915738,2.0,True
34.0,60.0,240.0,121.0,151.0,0.0,0.0,1.0,2.0,1,0,0.0,0,3.0,D,56,1,1.0,2020,7,135.0,92.34233593348002,42.657664066519985,1.0,False
28.0,60.0,240.0,151.0,188.0,0.0,0.0,1.0,3.0,1,0,0.0,0,3.0,D,9,1,1.0,2021,7,84.0,102.2853005442794,-18.285300544279394,1.0,False
33.0,0.0,240.0,78.0,97.0,0.0,0.0,1.0,0.0,1,0,0.0,0,3.0,D,31,1,1.0,2023,7,60.0,51.18748382809197,8.81251617190803,3.0,True
49.0,60.0,240.0,97.0,121.0,2.0,2.0,2.0,2.0,1,0,0.0,0,1.0,D,43,1,3.0,2020,7,70.0,89.69244402755386,-19.69244402755386,6.0,False
44.0,60.0,240.0,240.0,240.0,1.0,1.0,1.0,0.0,1,0,0.0,0,3.0,D,15,1,1.0,2025,7,144.0,174.5301706948779,-30.53017069487791,1.0,False
32.0,60.0,240.0,210.0,240.0,0.0,0.0,1.0,0.0,1,0,0.0,0,3.0,D,60,1,1.0,2024,7,216.0,157.46580828906804,58.534191710931964,1.0,False
39.0,60.0,240.0,135.0,168.0,3.0,3.0,2.0,2.0,1,0,0.0,0,1.0,D,79,1,1.0,2022,7,70.0,95.63884943176504,-25.63884943176504,3.0,True
28.0,0.0,240.0,97.0,121.0,0.0,0.0,1.0,0.0,1,0,0.0,0,5.0,D,19,1,1.0,2022,7,78.0,61.396197380325546,16.603802619674454,3.0,True
57.0,180.0,480.0,360.0,1920.0,6.0,8.0,4.0,0.0,5,0,0.0,0,5.0,D,12,3,1.0,2022,7,480.0,361.9877276251101,118.0122723748899,1.0,False
41.0,0.0,120.0,97.0,121.0,0.0,0.0,1.0,0.0,2,0,0.0,0,3.0,D,61,1,1.0,2025,7,97.0,71.1927899210252,25.807210078974805,1.0,False
32.0,60.0,240.0,108.0,135.0,1.0,1.0,1.0,0.0,1,0,0.0,0,5.0,D,66,1,1.0,2025,7,84.0,87.95524156171153,-3.9552415617115315,1.0,False
39.0,180.0,480.0,188.0,235.0,3.0,3.0,2.0,0.0,1,0,0.0,0,3.0,D,66,1,1.0,2020,7,188.0,188.1986232998672,-0.19862329986719374,1.0,False
33.0,60.0,240.0,151.0,188.0,0.0,0.0,1.0,2.0,1,0,0.0,0,3.0,D,73,1,1.0,2023,7,120.0,94.45603669676686,25.54396330323314,3.0,True
32.0,60.0,240.0,210.0,262.0,1.0,1.0,1.0,5.0,2,0,0.0,0,1.0,D,6,1,1.0,2023,7,138.0,147.87471727249192,-9.874717272491921,1.0,False
33.0,0.0,240.0,78.0,97.0,1.0,1.0,1.0,0.0,1,0,0.0,0,5.0,D,78,1,1.0,2023,7,12.03,44.19711563452162,-32.16711563452162,1.0,False
49.0,0.0,120.0,78.0,97.0,0.0,0.0,1.0,1.0,1,0,0.0,0,6.0,D,65,1,1.0,2022,7,78.0,51.41650548419005,26.583494515809953,1.0,False
60.0,0.0,240.0,78.0,97.0,0.0,0.0,1.0,0.0,1,0,0.0,0,6.0,D,47,1,1.0,2021,7,92.0,54.28530880480164,37.71469119519836,1.0,False
44.0,180.0,480.0,180.0,180.0,6.0,6.0,3.0,0.0,1,0,0.0,0,3.0,D,66,1,1.0,2025,7,192.0,193.02564054768553,-1.0256405476855264,1.0,False
50.0,120.0,9996.0,9996.0,9996.0,0.0,0.0,1.0,0.0,3,0,0.0,0,6.0,D,72,1,1.0,2023,7,288.0,351.6952217520548,-63.695221752054806,6.0,False
64.0,0.0,240.0,51.0,63.0,0.0,0.0,1.0,0.0,1,0,0.0,0,6.0,D,86,1,1.0,2022,7,51.0,45.04033415548904,5.959665844510958,6.0,False
28.0,0.0,120.0,37.0,46.0,0.0,0.0,1.0,0.0,1,0,0.0,0,5.0,D,87,1,1.0,2023,7,6.0,27.182607439620686,-21.182607439620686,1.0,False
31.0,60.0,240.0,87.0,108.0,1.0,1.0,1.0,0.0,1,0,0.0,0,5.0,D,47,1,1.0,2020,7,96.0,75.055326983851,20.944673016148997,1.0,False
28.0,0.0,240.0,63.0,78.0,0.0,0.0,1.0,1.0,1,0,0.0,0,5.0,D,76,1,1.0,2024,7,72.0,49.7990034331635,22.2009965668365,1.0,False
46.0,0.0,60.0,10.0,16.0,0.0,0.0,1.0,2.0,1,0,0.0,0,3.0,C,29,1,1.0,2020,8,0.03,6.137576517836694,-6.107576517836693,2.0,True
47.0,60.0,240.0,151.0,188.0,0.0,0.0,1.0,1.0,1,0,0.0,0,5.0,D,65,1,1.0,2022,7,72.0,102.66926346679816,-30.669263466798157,1.0,False
37.0,60.0,240.0,151.0,188.0,0.0,0.0,1.0,0.0,2,0,0.0,0,3.0,D,41,1,1.0,2023,7,92.0,121.03542403623202,-29.035424036232016,3.0,True
57.0,0.0,240.0,97.0,121.0,0.0,0.0,1.0,1.0,2,0,0.0,0,6.0,D,20,1,1.0,2023,7,29.03,59.193007499604334,-30.163007499604333,1.0,False
59.0,60.0,240.0,151.0,188.0,0.0,0.0,1.0,0.0,1,0,0.0,0,6.0,D,7,1,1.0,2022,7,72.0,80.75777803282502,-8.757778032825016,1.0,False
32.0,60.0,240.0,210.0,240.0,0.0,0.0,1.0,11.0,1,0,0.0,0,5.0,D,90,1,1.0,2021,7,80.0,112.01812366043819,-32.01812366043819,1.0,False
47.0,60.0,240.0,168.0,210.0,6.0,8.0,4.0,0.0,1,0,0.0,0,5.0,D,39,1,1.0,2021,7,168.0,180.39505443741348,-12.395054437413478,1.0,False
65.0,60.0,240.0,121.0,151.0,0.0,0.0,1.0,0.0,1,0,0.0,0,3.0,D,56,1,1.0,2022,7,140.0,91.79444368685266,48.20555631314734,1.0,False
33.0,60.0,240.0,240.0,240.0,0.0,0.0,1.0,0.0,1,0,0.0,0,3.0,D,19,1,1.0,2023,7,168.0,163.8316585010307,4.168341498969312,1.0,False
44.0,0.0,240.0,135.0,168.0,0.0,0.0,1.0,0.0,1,0,0.0,0,5.0,D,42,1,1.0,2021,7,70.0,117.02380739482588,-47.02380739482588,3.0,True
73.0,120.0,240.0,188.0,235.0,0.0,0.0,1.0,0.0,1,0,0.0,0,6.0,D,30,3,1.0,2021,7,235.0,162.87119480641564,72.12880519358436,1.0,False
70.0,60.0,240.0,151.0,188.0,0.0,0.0,1.0,0.0,2,0,0.0,0,5.0,D,47,1,1.0,2025,7,96.0,115.28953081609372,-19.289530816093716,1.0,False
35.0,60.0,240.0,70.0,87.0,1.0,1.0,1.0,0.0,1,0,0.0,0,5.0,D,90,1,1.0,2021,7,70.0,61.06932770545833,8.930672294541672,1.0,False
46.0,0.0,120.0,24.0,30.0,0.0,0.0,1.0,0.0,1,0,0.0,0,6.0,D,52,1,1.0,2023,7,2.0,22.930512541231924,-20.930512541231924,1.0,False
47.0,60.0,240.0,97.0,121.0,0.0,0.0,1.0,1.0,1,0,0.0,0,3.0,D,58,1,1.0,2021,7,60.0,77.814997662122,-17.814997662121996,1.0,False
30.0,60.0,240.0,97.0,121.0,0.0,0.0,1.0,0.0,1,0,0.0,0,3.0,D,35,1,1.0,2023,7,60.0,75.30748571544112,-15.307485715441118,6.0,False
36.0,0.0,240.0,37.0,46.0,0.0,0.0,4.0,,1,0,0.0,0,6.0,D,74,1,1.0,2024,7,40.0,31.784315579816095,8.215684420183905,1.0,False
25.0,60.0,240.0,70.0,87.0,0.0,0.0,1.0,0.0,1,0,0.0,0,3.0,D,67,1,1.0,2021,7,68.0,60.073031703465595,7.926968296534405,1.0,False
35.0,60.0,240.0,210.0,240.0,0.0,0.0,1.0,0.0,1,0,0.0,0,5.0,D,63,1,1.0,2022,7,180.0,175.84582330682431,4.154176693175685,1.0,False
33.0,60.0,240.0,121.0,151.0,3.0,3.0,2.0,0.0,4,0,0.0,0,3.0,D,31,1,1.0,2020,7,97.0,114.8459470101754,-17.845947010175394,1.0,False
74.0,0.0,60.0,12.0,18.0,0.0,0.0,1.0,1.0,1,0,0.0,0,6.0,C,8,1,2.0,2020,8,0.03,5.095715267245994,-5.065715267245994,1.0,False
20.0,0.0,240.0,135.0,168.0,0.0,0.0,1.0,0.0,1,0,0.0,0,3.0,D,62,1,1.0,2025,7,72.0,88.96601786213502,-16.96601786213502,1.0,False
48.0,0.0,120.0,63.0,78.0,0.0,0.0,1.0,1.0,1,0,0.0,0,6.0,D,48,1,1.0,2023,7,24.0,46.89690603705798,-22.89690603705798,1.0,False
38.0,0.0,120.0,37.0,46.0,0.0,0.0,1.0,0.0,1,0,0.0,0,5.0,D,57,1,1.0,2024,7,60.0,34.030779925369025,25.969220074630975,1.0,False
59.0,120.0,240.0,168.0,210.0,1.0,1.0,1.0,0.0,1,0,0.0,0,5.0,D,48,1,1.0,2021,7,132.0,146.2505101837484,-14.25051018374839,1.0,False
39.0,60.0,240.0,240.0,240.0,6.0,6.0,3.0,2.0,1,0,0.0,0,1.0,D,39,1,1.0,2021,7,240.0,238.06769221360113,1.9323077863988658,1.0,False
27.0,60.0,480.0,151.0,188.0,0.0,0.0,1.0,1.0,3,0,0.0,0,5.0,D,3,1,1.0,2022,7,120.0,89.57859956641953,30.421400433580473,3.0,True
46.0,60.0,240.0,70.0,87.0,0.0,0.0,1.0,0.0,1,0,0.0,0,5.0,D,57,1,1.0,2024,7,60.0,73.73696523078752,-13.736965230787519,1.0,False
34.0,60.0,240.0,151.0,188.0,0.0,0.0,1.0,0.0,1,0,0.0,0,5.0,D,4,1,1.0,2025,7,120.0,103.02701477709901,16.972985222900988,3.0,True
46.0,0.0,240.0,51.0,63.0,0.0,0.0,1.0,0.0,1,0,0.0,0,3.0,D,77,1,1.0,2023,7,41.0,39.18462582535299,1.8153741746470118,1.0,False
35.0,60.0,240.0,151.0,188.0,0.0,0.0,1.0,0.0,3,0,0.0,0,5.0,D,30,1,3.0,2024,7,108.0,129.28854923506105,-21.288549235061055,3.0,True
67.0,0.0,240.0,97.0,121.0,0.0,0.0,1.0,0.0,1,0,0.0,0,6.0,D,38,1,1.0,2024,7,108.0,94.35947288191288,13.640527118087121,1.0,False
47.0,60.0,240.0,168.0,210.0,0.0,0.0,1.0,0.0,2,0,0.0,0,5.0,D,80,3,1.0,2020,7,210.0,120.34332476498324,89.65667523501676,1.0,False
36.0,0.0,240.0,97.0,121.0,0.0,0.0,1.0,1.0,1,0,0.0,0,3.0,D,49,1,1.0,2021,7,102.0,74.08135171552871,27.91864828447129,1.0,False
31.0,60.0,240.0,151.0,188.0,0.0,0.0,1.0,0.0,2,0,0.0,0,3.0,D,85,1,1.0,2025,7,121.0,114.98969917313909,6.010300826860913,1.0,False
33.0,120.0,240.0,120.0,120.0,3.0,5.0,3.0,0.0,1,0,0.0,0,3.0,D,80,1,1.0,2020,7,120.0,142.0087225454984,-22.008722545498387,1.0,False
53.0,120.0,240.0,121.0,151.0,3.0,5.0,3.0,1.0,1,0,0.0,0,5.0,D,16,1,1.0,2021,7,133.0,123.09239490059474,9.90760509940526,1.0,False
33.0,60.0,240.0,168.0,210.0,0.0,0.0,1.0,1.0,2,0,0.0,0,1.0,D,66,1,1.0,2025,7,120.0,129.96992447630748,-9.969924476307483,1.0,False
24.0,0.0,240.0,78.0,97.0,0.0,0.0,1.0,0.0,1,0,0.0,0,5.0,D,41,1,1.0,2024,7,57.0,52.917439953094785,4.082560046905215,3.0,True
36.0,0.0,240.0,37.0,46.0,0.0,0.0,1.0,0.0,1,0,0.0,0,6.0,D,30,1,1.0,2020,7,24.0,35.70096739733495,-11.70096739733495,1.0,False
50.0,0.0,120.0,120.0,120.0,0.0,0.0,1.0,0.0,1,0,0.0,0,5.0,D,70,1,1.0,2021,7,24.0,88.09627383179422,-64.09627383179422,1.0,False
29.0,0.0,240.0,78.0,97.0,0.0,0.0,1.0,0.0,1,0,0.0,0,3.0,D,67,1,1.0,2021,7,65.0,49.503079655460866,15.496920344539134,1.0,False
54.0,120.0,240.0,120.0,135.0,3.0,3.0,2.0,0.0,1,0,0.0,0,3.0,D,10,1,1.0,2024,7,135.0,124.29233971639711,10.707660283602891,1.0,False
35.0,0.0,240.0,78.0,97.0,0.0,0.0,1.0,0.0,1,0,0.0,0,3.0,D,12,1,1.0,2024,7,60.0,52.93173402139548,7.068265978604522,1.0,False
68.0,0.0,240.0,78.0,97.0,0.0,0.0,1.0,0.0,2,0,0.0,0,6.0,D,65,1,1.0,2024,7,60.0,54.251452885296246,5.748547114703754,1.0,False
28.0,60.0,240.0,121.0,151.0,0.0,0.0,1.0,0.0,1,0,0.0,0,6.0,D,8,1,1.0,2024,7,82.0,76.05292432990014,5.9470756700998635,3.0,True
47.0,0.0,60.0,12.0,18.0,0.0,0.0,1.0,2.0,2,0,0.0,0,3.0,C,8,1,1.0,2023,8,0.03,9.737178094733533,-9.707178094733534,1.0,False
36.0,0.0,240.0,97.0,121.0,0.0,0.0,1.0,3.0,1,0,0.0,0,6.0,D,70,1,1.0,2025,7,48.0,68.08709955568183,-20.08709955568183,1.0,False
51.0,60.0,240.0,78.0,97.0,1.0,1.0,1.0,0.0,1,0,0.0,0,5.0,D,69,1,1.0,2025,7,63.0,73.1667126255419,-10.166712625541905,1.0,False
39.0,180.0,360.0,960.0,960.0,0.0,0.0,1.0,0.0,3,0,0.0,0,1.0,D,64,1,1.0,2022,7,400.0,374.6980252119013,25.301974788098676,1.0,False
35.0,180.0,360.0,262.0,327.0,2.0,4.0,3.0,0.0,2,0,0.0,0,3.0,D,72,1,1.0,2024,7,262.0,246.00397669008458,15.996023309915415,1.0,False
33.0,60.0,240.0,240.0,240.0,0.0,0.0,1.0,0.0,1,0,0.0,0,5.0,D,65,1,1.0,2023,7,120.0,160.14531925691594,-40.14531925691594,2.0,True
61.0,60.0,240.0,97.0,121.0,0.0,0.0,1.0,0.0,2,0,0.0,0,6.0,D,31,1,3.0,2025,7,72.0,87.42420989338865,-15.42420989338865,3.0,True
46.0,60.0,240.0,210.0,240.0,0.0,0.0,1.0,0.0,1,0,0.0,0,3.0,D,9,1,1.0,2024,7,180.0,138.9555148015391,41.044485198460904,1.0,False
54.0,120.0,240.0,120.0,120.0,9.0,9.0,4.0,0.0,1,0,0.0,0,5.0,D,60,1,1.0,2022,7,135.0,152.2248408559431,-17.224840855943114,1.0,False
28.0,60.0,240.0,151.0,188.0,0.0,0.0,1.0,2.0,1,0,0.0,0,3.0,D,80,1,1.0,2022,7,72.0,95.44263963600356,-23.442639636003562,1.0,False
52.0,0.0,60.0,15.0,21.0,0.0,0.0,1.0,2.0,2,0,0.0,0,3.0,D,22,1,1.0,2022,8,18.0,20.64276617258391,-2.6427661725839116,2.0,True
37.0,60.0,240.0,97.0,121.0,0.0,0.0,1.0,0.0,1,0,0.0,0,3.0,D,12,1,1.0,2022,7,108.0,76.47661196496612,31.523388035033875,3.0,True
32.0,60.0,240.0,97.0,121.0,0.0,0.0,1.0,1.0,2,0,0.0,0,5.0,D,29,1,1.0,2020,7,72.0,76.92110990375019,-4.921109903750192,1.0,False
31.0,120.0,240.0,120.0,137.0,5.0,7.0,4.0,0.0,1,0,0.0,0,3.0,D,65,1,1.0,2021,7,120.0,121.7340143348886,-1.7340143348885988,1.0,False
36.0,0.0,240.0,87.0,108.0,0.0,0.0,1.0,3.0,1,0,0.0,0,3.0,D,4,1,1.0,2021,7,144.0,65.23572499988441,78.76427500011559,3.0,True
34.0,180.0,480.0,180.0,180.0,3.0,3.0,2.0,0.0,6,0,0.0,0,5.0,D,13,3,1.0,2024,7,180.0,190.7812904001555,-10.781290400155513,2.0,True
36.0,60.0,240.0,168.0,210.0,0.0,0.0,1.0,0.0,2,0,0.0,0,5.0,D,73,3,1.0,2023,7,144.0,128.00523296716835,15.994767032831646,6.0,False
23.0,60.0,240.0,240.0,240.0,0.0,0.0,1.0,0.0,1,0,0.0,0,1.0,D,41,1,1.0,2025,7,240.0,178.40070408962654,61.599295910373456,3.0,True
29.0,60.0,240.0,168.0,210.0,2.0,2.0,2.0,1.0,1,0,0.0,0,1.0,D,69,1,1.0,2020,7,121.0,127.25614605709008,-6.256146057090078,1.0,False
37.0,60.0,240.0,168.0,210.0,2.0,2.0,2.0,0.0,2,0,0.0,0,3.0,D,0,1,1.0,2025,7,96.0,138.48748222546564,-42.48748222546564,1.0,False
51.0,0.0,96.0,96.0,96.0,6.0,8.0,4.0,0.0,1,0,0.0,0,3.0,D,71,1,1.0,2021,7,96.0,66.6315780886547,29.368421911345294,1.0,False
44.0,0.0,60.0,30.0,37.0,16.0,18.0,6.0,1.0,1,0,0.0,0,5.0,D,65,1,1.0,2022,8,37.0,36.94211220969499,0.0578877903050099,1.0,False
33.0,0.0,240.0,78.0,97.0,0.0,0.0,1.0,5.0,1,0,0.0,0,1.0,D,32,1,1.0,2025,7,48.0,48.85959480815494,-0.859594808154938,1.0,False
32.0,0.0,240.0,135.0,168.0,0.0,0.0,1.0,4.0,1,0,0.0,0,1.0,D,61,1,1.0,2021,7,97.0,98.07948133033553,-1.0794813303355255,3.0,True
21.0,180.0,480.0,180.0,188.0,1.0,1.0,1.0,0.0,1,0,0.0,0,1.0,D,29,1,1.0,2024,7,192.0,172.06916708144627,19.930832918553733,1.0,False
55.0,120.0,240.0,121.0,151.0,1.0,1.0,1.0,2.0,1,0,0.0,0,6.0,D,67,1,1.0,2021,7,120.0,121.70790606298588,-1.7079060629858844,1.0,False
34.0,0.0,240.0,168.0,210.0,6.0,6.0,3.0,0.0,1,0,0.0,0,5.0,D,89,1,1.0,2024,7,97.0,103.08443561200393,-6.084435612003929,1.0,False
34.0,180.0,480.0,180.0,180.0,2.0,2.0,2.0,1.0,1,0,0.0,0,1.0,D,22,1,1.0,2025,7,180.0,177.77024687152576,2.2297531284742433,1.0,False
24.0,0.0,240.0,240.0,240.0,3.0,3.0,2.0,0.0,1,0,0.0,0,3.0,D,19,1,1.0,2023,7,240.0,157.94101997908794,82.05898002091206,1.0,False
55.0,0.0,360.0,97.0,121.0,3.0,3.0,2.0,0.0,2,0,0.0,0,3.0,D,76,1,1.0,2020,7,78.0,74.77968629441864,3.2203137055813613,1.0,False
59.0,0.0,240.0,70.0,87.0,4.0,4.0,3.0,2.0,2,0,0.0,0,5.0,D,57,1,1.0,2020,7,32.0,67.38177149285521,-35.38177149285521,3.0,True
41.0,60.0,240.0,151.0,188.0,0.0,0.0,1.0,0.0,3,0,0.0,0,6.0,D,30,1,1.0,2023,7,108.0,127.03431050054769,-19.03431050054769,2.0,True
40.0,60.0,240.0,151.0,188.0,0.0,0.0,1.0,0.0,4,0,0.0,0,5.0,D,73,1,1.0,2024,7,108.0,117.77646277046988,-9.776462770469877,3.0,True
51.0,60.0,240.0,151.0,188.0,0.0,0.0,1.0,0.0,1,0,0.0,0,3.0,D,56,1,1.0,2023,7,151.0,104.05733501465228,46.94266498534772,1.0,False
19.0,60.0,9996.0,63.0,78.0,0.0,0.0,1.0,0.0,1,0,0.0,0,3.0,D,76,1,1.0,2022,7,60.0,60.377630044034305,-0.377630044034305,3.0,True
73.0,60.0,240.0,121.0,151.0,0.0,0.0,1.0,0.0,1,0,0.0,0,5.0,D,69,1,1.0,2023,7,60.0,91.66737924549595,-31.66737924549595,1.0,False
68.0,120.0,240.0,120.0,120.0,0.0,0.0,1.0,0.0,1,0,0.0,0,3.0,D,30,1,1.0,2023,7,120.0,114.88710195658498,5.112898043415015,1.0,False
41.0,60.0,240.0,87.0,108.0,0.0,0.0,1.0,2.0,1,0,0.0,0,5.0,D,40,1,1.0,2022,7,70.0,92.4517299969376,-22.4517299969376,3.0,True
65.0,60.0,240.0,87.0,108.0,0.0,0.0,1.0,0.0,1,0,0.0,0,1.0,D,43,1,1.0,2025,7,90.0,84.95746613183412,5.042533868165876,1.0,False
47.0,120.0,240.0,120.0,121.0,3.0,5.0,3.0,0.0,1,0,0.0,0,3.0,D,15,1,1.0,2022,7,120.0,122.91445219809218,-2.914452198092178,1.0,False
38.0,180.0,360.0,210.0,262.0,0.0,0.0,1.0,0.0,2,0,0.0,0,5.0,D,72,1,1.0,2021,7,180.0,196.1175862692105,-16.117586269210506,1.0,False
32.0,60.0,240.0,60.0,63.0,0.0,0.0,1.0,1.0,1,0,0.0,0,5.0,D,60,1,1.0,2022,7,63.0,77.60380300152443,-14.603803001524426,1.0,False
46.0,180.0,480.0,180.0,210.0,6.0,8.0,4.0,1.0,2,0,0.0,0,3.0,D,22,1,1.0,2020,7,264.0,187.31284913633726,76.68715086366274,1.0,False
42.0,120.0,240.0,151.0,188.0,3.0,3.0,2.0,0.0,1,0,0.0,0,6.0,D,67,1,1.0,2022,7,135.0,144.9386149713007,-9.938614971300694,1.0,False
48.0,60.0,480.0,121.0,151.0,0.0,0.0,1.0,0.0,1,0,0.0,0,6.0,D,42,1,1.0,2025,7,84.0,116.38975718924218,-32.389757189242175,3.0,True
41.0,120.0,240.0,120.0,120.0,1.0,3.0,2.0,0.0,1,0,0.0,0,5.0,D,70,1,1.0,2023,7,120.0,119.32483328606804,0.6751667139319579,2.0,True
28.0,0.0,240.0,135.0,168.0,0.0,0.0,1.0,0.0,1,0,0.0,0,5.0,D,69,1,1.0,2024,7,48.0,93.61646696225168,-45.61646696225168,1.0,False
37.0,60.0,240.0,168.0,210.0,3.0,3.0,2.0,0.0,1,0,0.0,0,1.0,D,57,1,1.0,2024,7,120.0,134.89305894091711,-14.893058940917115,1.0,False
38.0,0.0,60.0,18.0,24.0,0.0,0.0,1.0,0.0,1,0,1.0,0,6.0,D,6,1,1.0,2023,8,0.07,14.942125534088735,-14.872125534088735,1.0,False
24.0,60.0,240.0,240.0,240.0,0.0,0.0,1.0,0.0,1,0,0.0,0,3.0,D,9,1,1.0,2025,7,210.0,155.00109932841752,54.998900671582476,1.0,False
74.0,60.0,240.0,151.0,188.0,0.0,0.0,1.0,0.0,1,0,0.0,0,6.0,D,66,1,1.0,2024,7,78.0,94.23700921461636,-16.237009214616364,1.0,False
42.0,60.0,240.0,108.0,135.0,0.0,0.0,1.0,3.0,2,0,0.0,0,5.0,D,30,1,1.0,2023,7,84.0,102.77793756921155,-18.777937569211545,1.0,False
39.0,60.0,240.0,151.0,188.0,0.0,0.0,1.0,2.0,1,0,0.0,0,5.0,D,30,1,2.0,2024,7,95.0,114.28151172578906,-19.28151172578906,6.0,False
65.0,0.0,240.0,78.0,97.0,0.0,0.0,1.0,0.0,1,0,0.0,0,6.0,D,41,1,1.0,2024,7,48.0,54.077979743466564,-6.077979743466564,3.0,True
45.0,0.0,240.0,97.0,121.0,0.0,0.0,1.0,0.0,1,0,0.0,0,6.0,D,88,1,1.0,2020,7,54.0,54.83966953345453,-0.8396695334545328,1.0,False
33.0,60.0,240.0,240.0,240.0,0.0,0.0,1.0,0.0,1,0,0.0,0,3.0,D,42,1,1.0,2022,7,240.0,179.619896770597,60.380103229403005,3.0,True
33.0,0.0,240.0,97.0,121.0,0.0,0.0,1.0,0.0,1,0,0.0,0,5.0,D,74,1,1.0,2021,7,13.03,59.681947027260335,-46.651947027260334,6.0,False
41.0,0.0,120.0,18.0,24.0,0.0,0.0,1.0,3.0,1,0,0.0,0,5.0,D,69,1,1.0,2021,7,0.03,20.113244579407265,-20.083244579407264,3.0,True
28.0,60.0,240.0,108.0,135.0,0.0,0.0,1.0,0.0,1,0,1.0,0,3.0,D,48,1,1.0,2025,7,96.0,111.47398927431956,-15.473989274319564,1.0,False
27.0,0.0,240.0,78.0,97.0,0.0,0.0,1.0,0.0,1,0,0.0,0,6.0,D,83,1,1.0,2025,7,51.0,59.30651277135724,-8.30651277135724,1.0,False
37.0,60.0,240.0,151.0,188.0,0.0,0.0,1.0,0.0,1,0,0.0,0,6.0,D,67,1,1.0,2024,7,140.0,103.33374353096282,36.66625646903718,1.0,False
52.0,120.0,240.0,121.0,151.0,4.0,4.0,3.0,0.0,1,0,0.0,0,3.0,D,25,1,1.0,2025,7,120.0,128.92248613114887,-8.922486131148872,1.0,False
23.0,60.0,240.0,121.0,151.0,0.0,0.0,1.0,0.0,2,0,0.0,0,3.0,D,41,1,1.0,2025,7,121.0,108.91513626735185,12.084863732648145,3.0,True
44.0,60.0,240.0,188.0,235.0,0.0,0.0,1.0,3.0,1,0,0.0,0,1.0,D,39,1,1.0,2021,7,188.0,211.84912591204127,-23.849125912041274,1.0,False
24.0,60.0,240.0,235.0,240.0,0.0,0.0,1.0,1.0,1,0,0.0,0,3.0,D,39,1,1.0,2023,7,240.0,241.693337185413,-1.693337185412986,3.0,True
38.0,0.0,240.0,51.0,63.0,0.0,0.0,1.0,1.0,1,0,0.0,0,6.0,D,34,1,1.0,2021,7,43.0,40.47967172384423,2.520328276155773,1.0,False
61.0,180.0,480.0,262.0,327.0,0.0,0.0,1.0,0.0,1,0,0.0,0,5.0,D,45,1,1.0,2022,7,180.0,228.8625420918724,-48.8625420918724,1.0,False
50.0,0.0,240.0,97.0,121.0,0.0,0.0,1.0,0.0,1,0,0.0,0,5.0,D,88,1,1.0,2022,7,36.0,58.21219456886476,-22.21219456886476,1.0,False
40.0,60.0,240.0,78.0,97.0,3.0,3.0,2.0,3.0,1,0,0.0,0,3.0,D,60,1,1.0,2025,7,97.0,91.58063068232013,5.419369317679866,1.0,False
47.0,0.0,240.0,63.0,78.0,0.0,0.0,1.0,3.0,1,0,0.0,0,6.0,D,56,1,1.0,2020,7,60.0,51.06193271737748,8.93806728262252,1.0,False
38.0,180.0,480.0,180.0,180.0,3.0,3.0,2.0,0.0,1,0,0.0,0,3.0,D,41,1,1.0,2024,7,180.0,192.1695062381083,-12.169506238108312,3.0,True
42.0,60.0,240.0,121.0,151.0,0.0,0.0,1.0,2.0,1,0,0.0,0,6.0,D,36,1,1.0,2025,7,121.0,110.9245735137244,10.075426486275603,1.0,False
48.0,0.0,120.0,30.0,37.0,0.0,0.0,1.0,0.0,2,0,0.0,0,5.0,D,49,1,1.0,2020,7,30.0,44.15719479716103,-14.157194797161033,1.0,False
51.0,180.0,480.0,262.0,327.0,6.0,6.0,3.0,0.0,2,0,0.0,0,5.0,D,6,1,1.0,2022,7,180.0,225.27803470527195,-45.27803470527195,1.0,False
61.0,120.0,240.0,120.0,135.0,2.0,2.0,2.0,0.0,1,0,0.0,0,5.0,D,8,1,1.0,2024,7,120.0,114.02887803640027,5.971121963599728,1.0,False
74.0,0.0,60.0,8.0,14.0,3.0,3.0,2.0,0.0,2,0,0.0,0,5.0,B,1,1,1.0,2024,8,0.03,6.112444610649092,-6.082444610649092,1.0,False
45.0,120.0,240.0,120.0,120.0,3.0,5.0,3.0,0.0,1,0,0.0,0,3.0,D,22,1,1.0,2022,7,120.0,115.55276925483909,4.447230745160908,1.0,False
38.0,0.0,240.0,63.0,78.0,0.0,0.0,1.0,0.0,1,0,0.0,0,5.0,D,76,1,1.0,2023,7,51.0,49.39820960578134,1.6017903942186607,1.0,False
42.0,0.0,240.0,78.0,97.0,1.0,1.0,1.0,0.0,1,0,0.0,0,5.0,D,65,1,1.0,2025,7,97.0,55.033996571994074,41.966003428005926,2.0,True
38.0,0.0,120.0,97.0,120.0,0.0,0.0,1.0,0.0,1,0,0.0,0,5.0,D,61,1,1.0,2020,7,36.0,59.636927235258916,-23.636927235258916,1.0,False
34.0,60.0,240.0,121.0,151.0,0.0,0.0,1.0,1.0,1,0,0.0,0,3.0,D,60,1,1.0,2025,7,151.0,134.56787906536715,16.43212093463285,1.0,False
31.0,60.0,240.0,121.0,151.0,0.0,0.0,1.0,0.0,1,0,0.0,0,3.0,D,39,1,1.0,2022,7,70.0,138.6664421471031,-68.66644214710311,1.0,False
30.0,0.0,240.0,151.0,188.0,0.0,0.0,1.0,0.0,1,0,0.0,0,6.0,D,16,1,1.0,2024,7,84.0,91.33345245975457,-7.333452459754568,1.0,False
19.0,60.0,240.0,121.0,151.0,0.0,0.0,1.0,0.0,1,0,0.0,0,5.0,D,22,1,1.0,2023,7,70.0,69.27815982245865,0.7218401775413525,1.0,False
29.0,60.0,240.0,151.0,188.0,0.0,0.0,1.0,0.0,3,0,0.0,0,6.0,D,3,1,1.0,2025,7,60.0,85.39360933489405,-25.39360933489405,3.0,True
25.0,60.0,240.0,210.0,262.0,0.0,0.0,1.0,0.0,2,0,0.0,0,6.0,D,78,1,1.0,2021,7,96.0,128.43403773668115,-32.43403773668115,1.0,False
33.0,60.0,240.0,210.0,262.0,0.0,0.0,1.0,0.0,2,0,0.0,0,3.0,D,47,1,1.0,2020,7,110.0,141.2129566357164,-31.21295663571641,3.0,True
41.0,0.0,240.0,87.0,108.0,0.0,0.0,1.0,0.0,1,0,0.0,0,3.0,D,85,1,1.0,2022,7,77.0,62.48870137420466,14.511298625795341,6.0,False
27.0,60.0,240.0,151.0,188.0,0.0,0.0,1.0,0.0,1,0,0.0,0,5.0,D,19,1,1.0,2023,7,84.0,94.85276531752612,-10.85276531752612,3.0,True
26.0,60.0,240.0,97.0,121.0,0.0,0.0,1.0,0.0,1,0,0.0,0,5.0,D,30,1,1.0,2024,7,60.0,71.99437564113941,-11.994375641139413,1.0,False
36.0,60.0,240.0,121.0,151.0,1.0,1.0,1.0,1.0,1,0,0.0,0,1.0,D,39,1,3.0,2021,7,90.0,137.69002662404608,-47.690026624046084,3.0,True
49.0,120.0,240.0,120.0,135.0,3.0,3.0,2.0,0.0,1,0,0.0,0,1.0,D,9,1,1.0,2025,7,120.0,122.94741911350864,-2.9474191135086443,1.0,False
69.0,120.0,240.0,120.0,121.0,0.0,0.0,1.0,0.0,1,0,0.0,0,5.0,D,81,1,1.0,2021,7,120.0,103.08472103159288,16.915278968407122,1.0,False
49.0,180.0,480.0,210.0,262.0,6.0,6.0,3.0,0.0,1,0,0.0,0,5.0,D,79,1,1.0,2025,7,210.0,222.36736397168218,-12.367363971682181,1.0,False
59.0,60.0,240.0,240.0,240.0,12.0,13.0,6.0,0.0,1,0,0.0,0,3.0,D,66,1,1.0,2025,7,96.0,173.4491205876409,-77.44912058764089,1.0,False
57.0,120.0,240.0,210.0,262.0,0.0,0.0,1.0,0.0,2,0,0.0,0,3.0,D,47,1,1.0,2024,7,210.0,177.30776086955103,32.69223913044897,1.0,False
40.0,120.0,240.0,120.0,120.0,3.0,5.0,3.0,0.0,1,0,0.0,0,5.0,D,15,1,1.0,2023,7,120.0,120.46048163107838,-0.46048163107838036,1.0,False
27.0,60.0,240.0,70.0,87.0,0.0,0.0,1.0,0.0,1,0,0.0,0,3.0,D,67,1,1.0,2022,7,76.0,62.92245842072509,13.077541579274907,1.0,False
36.0,60.0,240.0,168.0,210.0,0.0,0.0,1.0,0.0,2,0,0.0,0,6.0,D,30,1,1.0,2020,7,140.0,136.1526401896887,3.8473598103113034,1.0,False
28.0,0.0,240.0,78.0,97.0,0.0,0.0,1.0,0.0,1,0,0.0,0,5.0,D,74,1,1.0,2020,7,41.0,44.576487896541465,-3.5764878965414653,1.0,False
42.0,0.0,120.0,78.0,97.0,0.0,0.0,1.0,0.0,1,0,0.0,0,6.0,D,65,1,1.0,2024,7,84.0,52.24881663799199,31.751183362008007,1.0,False
36.0,180.0,480.0,324.0,405.0,6.0,6.0,3.0,0.0,3,0,0.0,0,5.0,D,43,1,1.0,2022,7,375.0,271.1316567547521,103.8683432452479,1.0,False
39.0,0.0,120.0,84.0,105.0,12.0,12.0,5.0,0.0,1,0,0.0,0,3.0,D,5,1,1.0,2020,7,80.0,51.45199162271865,28.54800837728135,1.0,False
73.0,120.0,240.0,120.0,120.0,0.0,0.0,1.0,0.0,1,0,0.0,0,6.0,D,53,1,1.0,2023,7,144.0,110.31292781538846,33.68707218461154,1.0,False
22.0,0.0,60.0,15.0,21.0,2.0,2.0,2.0,0.0,1,0,0.0,0,1.0,D,40,1,1.0,2024,8,18.0,20.705466714497504,-2.705466714497504,3.0,True
20.0,60.0,240.0,151.0,188.0,0.0,0.0,1.0,0.0,2,0,0.0,0,5.0,D,30,1,2.0,2023,7,72.0,98.09192458816617,-26.091924588166165,3.0,True
35.0,60.0,240.0,121.0,151.0,0.0,0.0,1.0,1.0,1,0,0.0,0,5.0,D,30,1,1.0,2021,7,90.0,99.86406818015749,-9.864068180157489,1.0,False
32.0,60.0,240.0,151.0,188.0,9.0,10.0,5.0,0.0,1,0,0.0,0,5.0,D,88,1,1.0,2025,7,120.0,101.01090928930152,18.989090710698477,1.0,False
39.0,0.0,240.0,78.0,97.0,0.0,0.0,1.0,0.0,1,0,0.0,0,6.0,D,65,1,1.0,2021,7,24.0,49.73187884396739,-25.731878843967387,1.0,False
65.0,60.0,240.0,121.0,151.0,0.0,0.0,1.0,0.0,1,0,0.0,0,6.0,D,47,1,1.0,2022,7,87.0,94.47729565023009,-7.47729565023009,1.0,False
41.0,60.0,240.0,121.0,151.0,0.0,0.0,1.0,2.0,1,0,0.0,0,5.0,D,66,1,1.0,2020,7,96.0,87.05395682272061,8.946043177279392,2.0,True
34.0,60.0,240.0,87.0,108.0,2.0,2.0,2.0,0.0,1,0,0.0,0,5.0,D,22,1,1.0,2022,7,70.0,71.24365767525573,-1.243657675255733,1.0,False
76.0,0.0,120.0,70.0,87.0,0.0,0.0,1.0,0.0,1,0,0.0,0,5.0,D,79,1,1.0,2020,7,36.0,23.529885861405617,12.470114138594383,1.0,False
28.0,120.0,240.0,120.0,120.0,3.0,3.0,2.0,0.0,1,0,0.0,0,5.0,D,30,1,1.0,2025,7,120.0,127.90071124696492,-7.900711246964917,1.0,False
40.0,60.0,240.0,135.0,168.0,0.0,0.0,1.0,0.0,1,0,0.0,0,1.0,D,66,1,1.0,2021,7,120.0,93.34583971221066,26.654160287789338,1.0,False
36.0,60.0,240.0,87.0,108.0,0.0,0.0,1.0,0.0,2,0,0.0,0,5.0,D,63,1,1.0,2024,7,87.0,96.5451004955859,-9.5451004955859,1.0,False
35.0,60.0,240.0,135.0,168.0,0.0,0.0,1.0,0.0,1,0,0.0,0,3.0,D,29,1,1.0,2024,7,120.0,97.55754477867102,22.442455221328984,2.0,True
36.0,0.0,120.0,46.0,57.0,0.0,0.0,1.0,0.0,1,0,0.0,0,6.0,D,4,1,1.0,2025,7,57.0,35.217287711471805,21.782712288528195,3.0,True
51.0,60.0,240.0,151.0,188.0,0.0,0.0,1.0,0.0,1,0,0.0,0,1.0,D,52,1,3.0,2023,7,169.0,103.00709259426323,65.99290740573677,3.0,True
32.0,0.0,240.0,78.0,97.0,0.0,0.0,1.0,0.0,1,0,0.0,0,6.0,D,4,1,1.0,2025,7,18.0,49.830402806584566,-31.830402806584566,3.0,True
42.0,180.0,480.0,180.0,188.0,6.0,6.0,3.0,2.0,1,0,0.0,0,3.0,D,56,1,1.0,2021,7,180.0,194.45220636310668,-14.452206363106683,1.0,False
32.0,120.0,240.0,120.0,120.0,3.0,3.0,2.0,0.0,1,0,0.0,0,3.0,D,46,1,1.0,2024,7,120.0,132.73135697481115,-12.731356974811149,2.0,True
41.0,0.0,240.0,108.0,135.0,3.0,3.0,2.0,0.0,1,0,0.0,0,3.0,D,26,1,1.0,2023,7,125.0,106.45273063206479,18.547269367935215,1.0,False
26.0,60.0,240.0,97.0,121.0,0.0,0.0,1.0,1.0,1,0,0.0,0,3.0,D,22,1,1.0,2020,7,90.0,64.82218256733891,25.177817432661087,1.0,False
26.0,60.0,240.0,97.0,121.0,0.0,0.0,1.0,0.0,1,0,0.0,0,3.0,D,47,1,1.0,2023,7,78.0,73.3204509868517,4.6795490131483035,3.0,True
34.0,120.0,240.0,121.0,151.0,2.0,4.0,3.0,0.0,1,0,0.0,0,5.0,D,64,1,1.0,2022,7,125.0,115.06100548190382,9.93899451809618,1.0,False
56.0,0.0,240.0,97.0,121.0,0.0,0.0,1.0,0.0,1,0,0.0,0,1.0,D,7,1,1.0,2020,7,24.0,37.52128444506268,-13.521284445062683,1.0,False
44.0,0.0,60.0,51.0,60.0,2.0,2.0,2.0,0.0,1,0,0.0,0,5.0,D,39,1,1.0,2022,8,60.0,46.72482635362295,13.275173646377048,3.0,True
71.0,180.0,480.0,262.0,327.0,6.0,6.0,3.0,0.0,2,0,0.0,0,6.0,D,41,1,1.0,2023,7,262.0,263.54743933347066,-1.5474393334706633,1.0,False
31.0,60.0,240.0,151.0,188.0,0.0,0.0,1.0,0.0,1,0,0.0,0,3.0,D,90,1,1.0,2022,7,72.0,96.41991427235338,-24.41991427235338,1.0,False
21.0,0.0,240.0,51.0,63.0,0.0,0.0,1.0,0.0,1,0,0.0,0,3.0,D,78,1,1.0,2023,7,0.03,28.69907354365289,-28.66907354365289,1.0,False
50.0,0.0,120.0,70.0,87.0,0.0,0.0,1.0,5.0,1,0,0.0,0,6.0,D,87,1,1.0,2021,7,64.0,54.1424004558592,9.857599544140797,1.0,False
43.0,0.0,240.0,78.0,97.0,0.0,0.0,1.0,0.0,1,0,0.0,0,6.0,D,31,1,1.0,2022,7,40.0,51.33489697955188,-11.334896979551878,2.0,True
35.0,60.0,240.0,210.0,240.0,1.0,1.0,1.0,2.0,1,0,0.0,0,5.0,D,40,1,1.0,2021,7,210.0,223.01125832006989,-13.011258320069885,1.0,False
40.0,60.0,240.0,151.0,188.0,0.0,0.0,1.0,2.0,1,0,0.0,0,5.0,D,86,1,1.0,2022,7,151.0,108.3120486193494,42.6879513806506,6.0,False
58.0,180.0,360.0,840.0,840.0,0.0,0.0,1.0,0.0,3,0,0.0,0,6.0,D,52,1,1.0,2023,7,264.0,477.48287670718884,-213.48287670718884,2.0,True
48.0,0.0,240.0,97.0,121.0,0.0,0.0,1.0,0.0,1,0,0.0,0,3.0,D,81,1,1.0,2022,7,24.0,34.757505413394334,-10.757505413394334,1.0,False
37.0,60.0,240.0,97.0,121.0,1.0,1.0,1.0,0.0,1,0,0.0,0,5.0,D,29,1,1.0,2023,7,84.0,75.88293508839585,8.117064911604146,6.0,False
40.0,0.0,120.0,27.0,33.0,3.0,3.0,2.0,1.0,1,0,0.0,0,5.0,D,77,1,1.0,2024,7,24.0,40.99833539150528,-16.99833539150528,1.0,False
22.0,0.0,240.0,57.0,71.0,0.0,0.0,1.0,0.0,1,0,0.0,0,5.0,D,35,1,1.0,2024,7,0.76,34.42141380501299,-33.66141380501299,2.0,True
29.0,0.0,120.0,78.0,97.0,0.0,0.0,1.0,0.0,1,0,0.0,0,3.0,D,79,1,1.0,2021,7,48.0,33.08382912248516,14.916170877514837,1.0,False
32.0,0.0,120.0,70.0,87.0,0.0,0.0,1.0,0.0,1,0,0.0,0,1.0,D,83,1,1.0,2023,7,64.0,62.7371729891532,1.2628270108467987,1.0,False
32.0,60.0,240.0,60.0,71.0,0.0,0.0,1.0,0.0,1,0,0.0,0,3.0,D,41,1,1.0,2024,7,60.0,72.77863433768869,-12.778634337688686,3.0,True
48.0,60.0,240.0,97.0,121.0,0.0,0.0,1.0,2.0,1,0,0.0,0,6.0,D,22,1,1.0,2020,7,60.0,69.81463274572367,-9.81463274572367,1.0,False
47.0,120.0,240.0,120.0,120.0,3.0,3.0,2.0,0.0,1,0,0.0,0,5.0,D,9,1,1.0,2025,7,120.0,121.36366921883521,-1.3636692188352129,1.0,False
37.0,60.0,240.0,188.0,235.0,2.0,2.0,2.0,1.0,1,0,0.0,0,1.0,D,65,1,1.0,2024,7,180.0,148.06241054276575,31.937589457234253,1.0,False
57.0,120.0,240.0,120.0,120.0,3.0,3.0,2.0,0.0,1,0,0.0,0,1.0,D,30,1,1.0,2025,7,120.0,133.94726172309353,-13.947261723093533,1.0,False
26.0,0.0,240.0,70.0,87.0,0.0,0.0,1.0,0.0,1,0,0.0,0,6.0,D,41,1,3.0,2025,7,84.0,50.884080069561705,33.115919930438295,3.0,True
40.0,120.0,240.0,151.0,188.0,2.0,2.0,2.0,1.0,1,0,0.0,0,3.0,D,9,1,1.0,2024,7,188.0,145.68228641507304,42.31771358492696,1.0,False
35.0,0.0,120.0,63.0,78.0,0.0,0.0,1.0,0.0,1,0,0.0,0,3.0,D,60,1,1.0,2025,7,72.0,65.84950123658354,6.150498763416465,2.0,True
51.0,0.0,240.0,78.0,97.0,0.0,0.0,1.0,0.0,1,0,0.0,0,6.0,D,78,1,1.0,2020,7,63.0,39.74944612071018,23.250553879289818,1.0,False
32.0,180.0,360.0,360.0,360.0,0.0,0.0,1.0,0.0,1,0,0.0,0,5.0,D,41,1,1.0,2023,7,360.0,262.8379501487084,97.16204985129161,1.0,False
49.0,0.0,120.0,135.0,168.0,0.0,0.0,1.0,1.0,2,0,0.0,0,5.0,D,48,1,1.0,2020,7,108.0,100.27048149562346,7.729518504376543,1.0,False
74.0,60.0,240.0,135.0,168.0,0.0,0.0,1.0,0.0,1,0,0.0,0,3.0,D,69,1,1.0,2023,7,72.0,101.21765929444089,-29.217659294440892,1.0,False
39.0,60.0,240.0,135.0,168.0,6.0,8.0,4.0,0.0,1,0,0.0,0,3.0,D,29,1,1.0,2023,7,114.0,109.34336917095135,4.656630829048652,1.0,False
37.0,120.0,240.0,120.0,121.0,6.0,6.0,3.0,0.0,1,0,0.0,0,5.0,D,88,1,1.0,2024,7,120.0,121.0003975069253,-1.000397506925296,1.0,False
55.0,60.0,240.0,151.0,188.0,0.0,0.0,1.0,0.0,1,0,0.0,0,3.0,D,14,1,1.0,2021,7,84.0,102.4717296023133,-18.471729602313303,1.0,False
44.0,60.0,240.0,240.0,240.0,8.0,10.0,5.0,0.0,1,0,0.0,0,,D,72,1,1.0,2022,7,180.0,173.5376412436467,6.4623587563532965,1.0,False
39.0,120.0,9996.0,9996.0,9996.0,0.0,0.0,1.0,0.0,4,0,0.0,0,3.0,D,55,1,1.0,2022,7,300.0,334.7169649585512,-34.716964958551216,1.0,False
67.0,60.0,240.0,168.0,210.0,1.0,1.0,1.0,0.0,1,0,0.0,0,5.0,D,79,1,1.0,2021,7,75.0,105.04313186064913,-30.043131860649126,1.0,False
30.0,120.0,240.0,120.0,135.0,2.0,2.0,2.0,0.0,1,0,0.0,0,3.0,D,6,1,1.0,2024,7,120.0,121.04116909726069,-1.041169097260692,1.0,False
60.0,180.0,480.0,188.0,235.0,3.0,5.0,3.0,0.0,8,0,0.0,0,5.0,D,30,1,1.0,2021,7,180.0,223.4552321642116,-43.455232164211594,1.0,False
53.0,0.0,240.0,87.0,108.0,2.0,2.0,2.0,0.0,1,0,0.0,0,3.0,D,76,1,1.0,2025,7,78.0,72.82091779858904,5.179082201410964,1.0,False
72.0,60.0,240.0,240.0,240.0,0.0,0.0,1.0,0.0,1,0,0.0,0,5.0,D,42,1,1.0,2022,7,240.0,184.21356069740102,55.78643930259898,1.0,False
43.0,120.0,9996.0,135.0,168.0,0.0,0.0,1.0,2.0,2,0,0.0,0,6.0,D,77,1,4.0,2025,7,168.0,138.4267239336085,29.573276066391486,1.0,False
55.0,120.0,9996.0,360.0,9996.0,4.0,4.0,5.0,0.0,1,0,0.0,0,5.0,D,16,1,1.0,2024,7,216.0,268.972040768454,-52.97204076845401,1.0,False
36.0,60.0,240.0,97.0,121.0,0.0,0.0,1.0,1.0,2,0,0.0,0,5.0,D,41,1,1.0,2021,7,60.0,90.36950799785478,-30.369507997854782,1.0,False
62.0,60.0,240.0,210.0,262.0,0.0,0.0,1.0,0.0,4,0,0.0,0,5.0,D,73,5,1.0,2023,7,70.0,225.6846890838271,-155.6846890838271,3.0,True
36.0,60.0,240.0,168.0,210.0,0.0,0.0,1.0,0.0,2,0,0.0,0,6.0,D,78,1,1.0,2021,7,180.0,120.01583454157546,59.98416545842454,1.0,False
38.0,180.0,480.0,180.0,188.0,6.0,6.0,3.0,0.0,1,0,0.0,0,3.0,D,45,1,1.0,2021,7,180.0,188.11549797233866,-8.115497972338659,3.0,True
47.0,60.0,240.0,151.0,188.0,0.0,0.0,1.0,0.0,1,0,0.0,0,6.0,D,73,1,1.0,2025,7,66.0,95.46977712679504,-29.469777126795037,1.0,False
22.0,60.0,240.0,63.0,78.0,0.0,0.0,1.0,0.0,1,0,0.0,0,5.0,D,22,1,1.0,2023,7,63.0,50.82096271593202,12.17903728406798,1.0,False
51.0,0.0,240.0,97.0,121.0,0.0,0.0,1.0,1.0,1,0,0.0,0,5.0,D,67,1,1.0,2023,7,48.0,63.83234684237208,-15.832346842372083,1.0,False
24.0,120.0,9996.0,9996.0,9996.0,0.0,0.0,1.0,0.0,4,0,0.0,0,5.0,D,80,3,1.0,2023,7,360.0,181.47424172401438,178.52575827598562,3.0,True
39.0,180.0,480.0,180.0,180.0,3.0,5.0,3.0,0.0,1,0,0.0,0,3.0,D,53,1,1.0,2022,7,180.0,181.02824104034343,-1.0282410403434312,1.0,False
79.0,0.0,240.0,57.0,71.0,0.0,0.0,1.0,0.0,3,0,0.0,0,5.0,D,65,1,1.0,2021,7,68.0,34.21223904946259,33.78776095053741,1.0,False
50.0,60.0,240.0,121.0,151.0,0.0,0.0,1.0,0.0,2,0,0.0,0,3.0,D,71,1,1.0,2020,7,60.0,91.41257907833126,-31.412579078331262,1.0,False
63.0,60.0,240.0,97.0,121.0,0.0,0.0,1.0,0.0,1,0,0.0,0,5.0,D,78,1,1.0,2025,7,60.0,71.30888385530191,-11.308883855301914,1.0,False
34.0,0.0,240.0,87.0,108.0,2.0,2.0,2.0,5.0,1,0,0.0,0,3.0,D,87,1,1.0,2021,7,87.0,73.2649993088505,13.735000691149494,1.0,False
50.0,0.0,240.0,37.0,46.0,0.0,0.0,1.0,0.0,1,0,0.0,0,3.0,D,15,1,1.0,2024,7,24.0,34.111001222558635,-10.111001222558635,1.0,False
31.0,60.0,240.0,97.0,121.0,0.0,0.0,1.0,0.0,2,0,0.0,0,6.0,D,1,1,1.0,2020,7,60.0,60.32363544615902,-0.32363544615901674,3.0,True
49.0,0.0,120.0,70.0,87.0,0.0,0.0,1.0,1.0,1,0,0.0,0,3.0,D,32,1,1.0,2023,7,24.0,45.88254321762381,-21.882543217623812,1.0,False
31.0,60.0,240.0,151.0,188.0,0.0,0.0,1.0,1.0,2,0,0.0,0,6.0,D,41,1,1.0,2025,7,60.0,121.11856218515591,-61.11856218515591,1.0,False
39.0,0.0,240.0,108.0,135.0,3.0,3.0,2.0,0.0,1,0,1.0,0,5.0,D,89,1,1.0,2022,7,37.0,66.11556045781053,-29.11556045781053,1.0,False
35.0,180.0,480.0,180.0,180.0,3.0,3.0,2.0,0.0,1,0,0.0,0,3.0,D,36,1,1.0,2024,7,180.0,188.90302690723215,-8.903026907232146,1.0,False
36.0,60.0,240.0,97.0,121.0,0.0,0.0,1.0,0.0,2,0,0.0,0,5.0,D,51,1,1.0,2023,7,80.0,83.575267049457,-3.575267049456997,1.0,False
35.0,0.0,240.0,135.0,168.0,0.0,0.0,1.0,0.0,1,0,0.0,0,6.0,D,42,1,1.0,2024,7,30.0,119.11550442159822,-89.11550442159822,3.0,True
39.0,180.0,360.0,960.0,960.0,0.0,0.0,1.0,2.0,3,0,0.0,0,6.0,D,22,1,1.0,2023,7,300.0,383.03472997753335,-83.03472997753335,1.0,False
59.0,0.0,240.0,92.0,115.0,7.0,7.0,4.0,0.0,1,0,0.0,0,5.0,D,19,1,1.0,2021,7,0.03,72.69255289210744,-72.66255289210744,1.0,False
33.0,60.0,240.0,210.0,240.0,0.0,0.0,1.0,2.0,1,0,0.0,0,5.0,D,40,1,1.0,2024,7,240.0,225.3598930047726,14.640106995227399,3.0,True
33.0,180.0,360.0,324.0,360.0,2.0,2.0,2.0,,1,0,0.0,0,1.0,D,19,1,1.0,2023,7,264.0,258.96559239989034,5.03440760010966,1.0,False
55.0,120.0,240.0,120.0,120.0,1.0,3.0,2.0,0.0,1,0,0.0,0,3.0,D,20,1,1.0,2022,7,120.0,103.71563416150073,16.28436583849927,1.0,False
24.0,60.0,240.0,97.0,121.0,0.0,0.0,1.0,0.0,1,0,0.0,0,5.0,D,22,1,1.0,2020,7,78.0,58.91343822697218,19.086561773027817,2.0,True
28.0,60.0,240.0,188.0,235.0,0.0,0.0,1.0,2.0,1,0,0.0,0,3.0,D,39,1,1.0,2023,7,228.0,211.05887874352132,16.94112125647868,1.0,False
41.0,60.0,240.0,60.0,63.0,6.0,6.0,3.0,2.0,1,0,0.0,0,3.0,D,39,1,1.0,2025,7,63.0,98.68897683699745,-35.688976836997455,1.0,False
44.0,60.0,240.0,97.0,121.0,0.0,0.0,1.0,2.0,1,0,0.0,0,6.0,D,22,1,1.0,2022,7,97.0,70.99645514949876,26.003544850501243,1.0,False
36.0,0.0,240.0,57.0,71.0,0.0,0.0,1.0,0.0,1,0,0.0,0,5.0,D,30,1,1.0,2025,7,57.0,50.774557111496705,6.225442888503295,3.0,True
42.0,0.0,240.0,87.0,108.0,0.0,0.0,1.0,0.0,1,0,0.0,0,5.0,D,70,1,1.0,2024,7,42.0,63.750152666283235,-21.750152666283235,1.0,False
55.0,60.0,240.0,97.0,121.0,0.0,0.0,1.0,0.0,1,0,0.0,0,5.0,D,65,1,1.0,2025,7,78.0,80.25537955486843,-2.2553795548684263,1.0,False
63.0,60.0,240.0,121.0,151.0,0.0,0.0,1.0,0.0,1,0,0.0,0,6.0,D,85,1,1.0,2023,7,66.0,92.10799459920933,-26.107994599209334,1.0,False
39.0,180.0,480.0,180.0,210.0,3.0,3.0,2.0,0.0,1,0,0.0,0,3.0,D,62,1,1.0,2025,7,210.0,193.45009685189737,16.54990314810263,1.0,False
31.0,0.0,240.0,78.0,97.0,0.0,0.0,1.0,0.0,1,0,0.0,0,3.0,D,31,1,1.0,2024,7,56.0,53.53130115058316,2.468698849416839,2.0,True
54.0,0.0,240.0,97.0,121.0,3.0,5.0,3.0,0.0,1,0,0.0,0,5.0,D,9,1,1.0,2022,7,97.0,66.42236338740032,30.577636612599676,1.0,False
20.0,0.0,120.0,87.0,108.0,0.0,0.0,1.0,0.0,1,0,0.0,0,5.0,D,36,1,1.0,2024,7,87.0,37.67130038523166,49.32869961476834,1.0,False
45.0,0.0,120.0,97.0,120.0,0.0,0.0,1.0,0.0,1,0,0.0,0,6.0,D,65,1,1.0,2024,7,60.0,63.89219163567738,-3.892191635677378,1.0,False
41.0,60.0,240.0,168.0,210.0,2.0,2.0,2.0,0.0,1,0,0.0,0,3.0,D,17,1,1.0,2023,7,168.0,155.23445207960367,12.76554792039633,1.0,False
26.0,0.0,240.0,97.0,121.0,0.0,0.0,1.0,0.0,1,0,0.0,0,5.0,D,40,1,1.0,2022,7,97.0,91.08929388343253,5.910706116567468,1.0,False
30.0,0.0,120.0,135.0,168.0,7.0,7.0,4.0,0.0,2,0,0.0,0,3.0,D,82,1,1.0,2020,7,186.0,113.83073692446764,72.16926307553236,1.0,False
50.0,0.0,180.0,168.0,180.0,3.0,3.0,2.0,0.0,1,0,0.0,0,3.0,D,10,1,1.0,2020,7,96.0,131.5450394973589,-35.545039497358914,1.0,False
20.0,60.0,240.0,210.0,240.0,0.0,0.0,1.0,0.0,1,0,0.0,0,5.0,D,22,1,1.0,2022,7,60.0,91.19772436036187,-31.197724360361875,3.0,True
27.0,0.0,120.0,97.0,120.0,0.0,0.0,1.0,0.0,1,0,0.0,0,3.0,D,42,1,1.0,2020,7,66.0,71.52225854674971,-5.522258546749711,1.0,False
39.0,60.0,240.0,240.0,240.0,3.0,3.0,2.0,3.0,1,0,0.0,0,5.0,D,83,1,1.0,2025,7,240.0,193.67586515754735,46.32413484245265,1.0,False
43.0,60.0,240.0,151.0,188.0,0.0,0.0,1.0,0.0,1,0,0.0,0,5.0,D,68,1,1.0,2023,7,60.0,101.15775729810888,-41.157757298108876,1.0,False
52.0,60.0,240.0,121.0,151.0,1.0,1.0,1.0,0.0,1,0,0.0,0,3.0,D,66,1,1.0,2024,7,72.0,97.52914719150716,-25.529147191507164,1.0,False
42.0,60.0,240.0,151.0,188.0,0.0,0.0,1.0,0.0,2,0,0.0,0,5.0,D,6,1,1.0,2025,7,170.0,112.66809413613582,57.33190586386418,1.0,False
33.0,60.0,240.0,210.0,262.0,0.0,0.0,1.0,0.0,2,0,0.0,0,3.0,D,66,1,1.0,2022,7,210.0,136.90842923665588,73.09157076334412,1.0,False
60.0,0.0,240.0,78.0,97.0,0.0,0.0,1.0,1.0,1,0,0.0,0,5.0,D,89,1,1.0,2024,7,69.0,32.17268466431083,36.82731533568917,1.0,False
30.0,0.0,240.0,63.0,78.0,0.0,0.0,1.0,0.0,2,0,0.0,0,3.0,D,56,1,1.0,2023,7,48.0,55.84336928836015,-7.843369288360151,1.0,False
41.0,60.0,240.0,97.0,121.0,0.0,0.0,1.0,0.0,2,0,0.0,0,6.0,D,48,1,1.0,2025,7,96.0,83.03834381411642,12.961656185883584,1.0,False
33.0,60.0,240.0,240.0,240.0,1.0,1.0,1.0,0.0,1,0,0.0,0,3.0,D,63,1,1.0,2021,7,240.0,185.62592177087268,54.37407822912732,1.0,False
25.0,0.0,240.0,135.0,168.0,0.0,0.0,1.0,0.0,1,0,0.0,0,3.0,D,55,1,1.0,2025,7,48.0,94.64278946717499,-46.64278946717499,1.0,False
20.0,0.0,240.0,97.0,121.0,0.0,0.0,1.0,0.0,1,0,0.0,0,3.0,D,31,1,3.0,2025,7,121.0,54.11863967409179,66.88136032590822,3.0,True
32.0,60.0,240.0,240.0,240.0,10.0,10.0,5.0,0.0,1,0,0.0,0,3.0,D,14,1,1.0,2021,7,210.0,185.2737314661239,24.726268533876095,1.0,False
53.0,0.0,60.0,33.0,41.0,3.0,3.0,2.0,3.0,1,0,0.0,0,3.0,D,57,1,1.0,2021,8,24.0,35.59825091326501,-11.598250913265012,1.0,False
38.0,0.0,240.0,121.0,151.0,0.0,0.0,1.0,2.0,1,0,0.0,0,5.0,D,40,1,1.0,2025,7,97.0,128.78293312294355,-31.782933122943547,6.0,False
41.0,180.0,480.0,180.0,180.0,3.0,3.0,2.0,0.0,1,0,0.0,0,3.0,D,18,1,1.0,2022,7,180.0,180.9537754130042,-0.9537754130041947,1.0,False
29.0,60.0,240.0,210.0,262.0,0.0,0.0,1.0,0.0,2,0,0.0,0,5.0,D,43,1,1.0,2024,7,168.0,151.26973068342238,16.73026931657762,1.0,False
50.0,60.0,240.0,151.0,188.0,1.0,1.0,1.0,0.0,1,0,0.0,0,3.0,D,15,1,1.0,2022,7,120.0,110.24212909487046,9.757870905129536,1.0,False
49.0,60.0,240.0,151.0,188.0,0.0,0.0,1.0,0.0,12,0,0.0,0,5.0,D,17,1,1.0,2025,7,151.0,160.5537681721329,-9.55376817213289,1.0,False
30.0,0.0,240.0,87.0,108.0,0.0,0.0,1.0,0.0,1,0,0.0,0,5.0,D,70,1,1.0,2025,7,45.0,61.58982518285313,-16.589825182853133,1.0,False
60.0,0.0,240.0,41.0,51.0,3.0,3.0,2.0,0.0,1,0,0.0,0,5.0,D,73,1,1.0,2021,7,41.0,40.04208805832408,0.957911941675917,1.0,False
52.0,60.0,240.0,151.0,188.0,0.0,0.0,1.0,1.0,1,0,0.0,0,5.0,D,63,1,1.0,2025,7,84.0,130.4637112229681,-46.4637112229681,1.0,False
57.0,0.0,240.0,87.0,108.0,0.0,0.0,1.0,0.0,1,0,0.0,0,3.0,D,15,1,1.0,2020,7,87.0,60.97447538711347,26.025524612886528,1.0,False
68.0,60.0,240.0,151.0,188.0,0.0,0.0,1.0,0.0,1,0,0.0,0,5.0,D,63,1,1.0,2020,7,132.0,120.41742976670488,11.582570233295115,1.0,False
31.0,0.0,240.0,97.0,121.0,0.0,0.0,1.0,0.0,1,0,0.0,0,3.0,D,41,1,1.0,2022,7,97.0,69.21948551493672,27.78051448506328,1.0,False
43.0,120.0,240.0,120.0,121.0,6.0,6.0,3.0,0.0,1,0,0.0,0,3.0,D,71,1,1.0,2024,7,120.0,118.6756570606611,1.324342939338905,3.0,True
44.0,180.0,480.0,180.0,180.0,,,4.0,,1,0,0.0,0,,D,15,1,1.0,2025,7,180.0,181.15037423764028,-1.1503742376402784,1.0,False
39.0,60.0,240.0,151.0,188.0,0.0,0.0,1.0,3.0,3,0,0.0,0,5.0,D,30,1,1.0,2022,7,138.0,134.4380453230995,3.5619546769005126,1.0,False
52.0,60.0,240.0,87.0,108.0,1.0,1.0,1.0,1.0,1,0,0.0,0,6.0,D,40,1,1.0,2022,7,100.0,95.0439115397853,4.956088460214701,1.0,False
23.0,0.0,120.0,30.0,37.0,0.0,0.0,1.0,0.0,1,0,0.0,0,3.0,D,42,1,1.0,2022,7,23.85,40.028853926825754,-16.178853926825752,2.0,True
46.0,60.0,240.0,63.0,78.0,,,1.0,,1,0,0.0,0,,D,80,1,1.0,2024,7,66.0,56.34230413683576,9.657695863164243,,False
37.0,180.0,480.0,360.0,660.0,4.0,5.0,3.0,0.0,2,0,0.0,0,3.0,D,66,1,1.0,2025,7,360.0,264.75995672441087,95.24004327558913,1.0,False
38.0,60.0,240.0,97.0,121.0,0.0,0.0,1.0,0.0,2,0,0.0,0,3.0,D,1,1,1.0,2025,7,60.0,69.72662463236648,-9.72662463236648,1.0,False
29.0,60.0,240.0,151.0,188.0,0.0,0.0,1.0,0.0,2,0,0.0,0,6.0,D,65,1,1.0,2025,7,97.0,107.84454458327691,-10.844544583276914,1.0,False
40.0,60.0,240.0,121.0,151.0,0.0,0.0,1.0,1.0,1,0,0.0,0,6.0,D,67,1,3.0,2025,7,151.0,96.28058793014762,54.71941206985238,3.0,True
39.0,60.0,240.0,210.0,240.0,0.0,0.0,1.0,3.0,1,0,0.0,0,3.0,D,37,1,1.0,2023,7,210.0,154.84925947345803,55.150740526541966,1.0,False
22.0,0.0,60.0,12.0,18.0,0.0,0.0,1.0,1.0,1,0,0.0,0,3.0,C,17,1,1.0,2020,8,1.97,0.8941215258275669,1.0758784741724332,6.0,False
23.0,120.0,240.0,121.0,151.0,3.0,5.0,3.0,0.0,1,0,0.0,0,3.0,D,88,1,1.0,2020,7,96.0,97.55542708510178,-1.5554270851017833,1.0,False
55.0,60.0,240.0,188.0,235.0,4.0,4.0,3.0,0.0,1,0,0.0,0,3.0,D,63,1,1.0,2020,7,188.0,160.304260202864,27.695739797136014,1.0,False
23.0,60.0,240.0,151.0,188.0,0.0,0.0,1.0,0.0,1,0,1.0,0,5.0,D,29,1,1.0,2022,7,90.0,81.1781908279056,8.821809172094405,1.0,False
73.0,60.0,240.0,97.0,121.0,0.0,0.0,1.0,0.0,1,0,0.0,0,6.0,D,7,1,1.0,2022,7,60.0,51.5801837323408,8.4198162676592,1.0,False
42.0,0.0,240.0,97.0,121.0,1.0,1.0,1.0,2.0,2,0,0.0,0,1.0,D,68,1,1.0,2021,7,97.0,76.62950828401414,20.370491715985864,1.0,False
38.0,60.0,240.0,135.0,168.0,0.0,0.0,1.0,0.0,3,0,0.0,0,6.0,D,30,1,1.0,2025,7,85.0,127.45027809850718,-42.450278098507184,2.0,True
35.0,60.0,240.0,78.0,97.0,0.0,0.0,1.0,4.0,1,0,0.0,0,5.0,D,48,1,1.0,2023,7,60.0,65.21270638692275,-5.212706386922747,1.0,False
60.0,60.0,240.0,97.0,121.0,0.0,0.0,1.0,0.0,1,0,0.0,0,3.0,D,29,1,1.0,2023,7,84.0,74.50197997806359,9.498020021936412,1.0,False
54.0,0.0,240.0,92.0,115.0,10.0,10.0,5.0,0.0,1,0,0.0,0,5.0,D,81,1,1.0,2025,7,24.0,79.91152366024947,-55.91152366024947,1.0,False
40.0,0.0,240.0,97.0,121.0,0.0,0.0,1.0,2.0,1,0,0.0,0,5.0,D,3,1,1.0,2021,7,42.0,55.96625035187432,-13.966250351874322,1.0,False
36.0,0.0,120.0,78.0,97.0,0.0,0.0,1.0,0.0,1,0,0.0,0,3.0,D,48,1,1.0,2023,7,36.0,45.76439095995427,-9.76439095995427,1.0,False
42.0,60.0,240.0,210.0,262.0,0.0,0.0,1.0,0.0,3,0,0.0,0,3.0,D,15,1,1.0,2024,7,96.0,155.73716554400121,-59.737165544001215,1.0,False
23.0,60.0,240.0,97.0,121.0,0.0,0.0,1.0,0.0,1,0,0.0,0,3.0,D,36,1,1.0,2024,7,72.0,77.20138006591348,-5.201380065913483,3.0,True
41.0,60.0,240.0,151.0,188.0,0.0,0.0,1.0,0.0,15,0,0.0,0,5.0,D,31,1,1.0,2024,7,180.0,133.7189382986423,46.281061701357686,1.0,False
40.0,60.0,240.0,78.0,97.0,3.0,3.0,2.0,0.0,1,0,0.0,0,5.0,D,23,1,1.0,2021,7,72.0,76.10686817975021,-4.106868179750208,1.0,False
53.0,0.0,120.0,51.0,63.0,0.0,0.0,1.0,0.0,1,0,0.0,0,5.0,D,62,1,1.0,2021,7,3.38,43.29674158295507,-39.91674158295507,1.0,False
59.0,180.0,480.0,180.0,180.0,3.0,3.0,2.0,0.0,3,0,0.0,0,6.0,D,30,1,1.0,2025,7,180.0,199.55142088427425,-19.55142088427425,1.0,False
55.0,0.0,240.0,78.0,97.0,0.0,0.0,1.0,0.0,1,0,0.0,0,3.0,D,33,1,1.0,2022,7,78.0,56.01803869690936,21.981961303090642,1.0,False
58.0,60.0,240.0,60.0,60.0,0.0,0.0,1.0,0.0,1,0,0.0,0,3.0,D,85,1,1.0,2022,7,84.0,67.22570905723502,16.774290942764978,1.0,False
37.0,0.0,120.0,30.0,37.0,1.0,1.0,1.0,1.0,2,0,0.0,0,3.0,D,42,1,2.0,2024,8,37.0,63.9358490401971,-26.9358490401971,3.0,True
23.0,180.0,360.0,210.0,262.0,1.0,1.0,1.0,0.0,2,0,0.0,0,3.0,D,56,1,1.0,2025,7,210.0,197.50381935315264,12.496180646847364,2.0,True
43.0,180.0,480.0,188.0,235.0,6.0,6.0,3.0,0.0,1,0,0.0,0,3.0,D,57,1,1.0,2022,7,180.0,196.2597591590832,-16.25975915908319,1.0,False
29.0,60.0,240.0,188.0,235.0,4.0,4.0,3.0,1.0,1,0,0.0,0,3.0,D,51,1,1.0,2020,7,150.0,139.4764490584726,10.52355094152739,1.0,False
63.0,180.0,480.0,292.0,365.0,3.0,3.0,2.0,0.0,1,0,0.0,0,6.0,D,80,1,1.0,2024,7,180.0,237.43905875144486,-57.43905875144486,1.0,False
28.0,0.0,240.0,78.0,97.0,0.0,0.0,1.0,0.0,1,0,0.0,0,5.0,D,73,1,1.0,2022,7,54.0,39.21711181421869,14.78288818578131,1.0,False
69.0,180.0,360.0,292.0,365.0,0.0,0.0,1.0,0.0,7,0,0.0,0,6.0,D,31,1,1.0,2023,7,336.0,277.956524262862,58.04347573713801,1.0,False
53.0,0.0,240.0,78.0,97.0,0.0,0.0,1.0,0.0,1,0,0.0,0,1.0,D,54,1,1.0,2021,7,12.03,51.237258085459175,-39.20725808545917,1.0,False
40.0,60.0,240.0,60.0,60.0,0.0,0.0,1.0,2.0,2,0,0.0,0,3.0,D,4,1,1.0,2023,7,60.0,73.915761574977,-13.915761574976997,3.0,True
22.0,60.0,240.0,235.0,240.0,1.0,3.0,2.0,0.0,1,0,0.0,0,5.0,D,52,1,1.0,2021,7,108.0,149.52665311502565,-41.52665311502565,1.0,False
21.0,0.0,240.0,97.0,121.0,1.0,1.0,1.0,0.0,1,0,0.0,0,5.0,D,47,1,1.0,2025,7,0.03,57.767610444419226,-57.737610444419225,1.0,False
59.0,120.0,240.0,120.0,120.0,3.0,3.0,2.0,0.0,1,0,0.0,0,3.0,D,83,1,1.0,2023,7,120.0,120.34120644678212,-0.34120644678212386,1.0,False
54.0,0.0,240.0,78.0,97.0,0.0,0.0,1.0,1.0,1,0,0.0,0,6.0,D,31,1,1.0,2024,7,48.0,54.88505197886526,-6.885051978865263,1.0,False
43.0,180.0,360.0,600.0,600.0,0.0,0.0,1.0,0.0,2,0,0.0,0,6.0,D,30,1,1.0,2024,7,600.0,336.51188872600846,263.48811127399154,1.0,False
53.0,60.0,240.0,63.0,78.0,0.0,0.0,1.0,1.0,1,0,1.0,0,6.0,D,52,1,1.0,2022,7,64.0,64.19257986603881,-0.1925798660388125,1.0,False
55.0,0.0,60.0,21.0,27.0,0.0,0.0,1.0,1.0,1,0,0.0,0,1.0,D,43,1,1.0,2022,8,2.0,20.24363542400902,-18.24363542400902,1.0,False
21.0,0.0,240.0,60.0,63.0,0.0,0.0,1.0,0.0,2,0,0.0,0,3.0,D,22,1,3.0,2024,7,60.0,49.32707150019129,10.672928499808712,3.0,True
54.0,0.0,240.0,78.0,97.0,0.0,0.0,1.0,1.0,1,0,0.0,0,5.0,D,65,1,1.0,2024,7,88.0,53.62298540445142,34.37701459554858,1.0,False
47.0,120.0,240.0,120.0,125.0,6.0,8.0,4.0,0.0,1,0,0.0,0,3.0,D,50,1,1.0,2023,7,125.0,120.56964276079313,4.43035723920687,1.0,False
62.0,0.0,240.0,78.0,97.0,0.0,0.0,1.0,0.0,1,0,0.0,0,6.0,D,73,1,1.0,2024,7,90.0,45.375214568578016,44.624785431421984,1.0,False
85.0,0.0,240.0,97.0,121.0,3.0,3.0,2.0,0.0,1,0,0.0,0,3.0,D,79,1,1.0,2025,7,45.0,11.36186026751582,33.63813973248418,1.0,False
32.0,60.0,240.0,97.0,121.0,0.0,0.0,1.0,0.0,1,0,0.0,0,3.0,D,90,1,1.0,2020,7,72.0,68.98016741737607,3.019832582623934,2.0,True
48.0,60.0,240.0,360.0,480.0,0.0,0.0,1.0,0.0,2,0,0.0,0,6.0,D,30,1,1.0,2025,7,480.0,258.03003544227164,221.96996455772836,1.0,False
43.0,0.0,240.0,78.0,97.0,0.0,0.0,1.0,2.0,1,0,0.0,0,6.0,D,4,1,1.0,2024,7,64.0,53.639863950298164,10.360136049701836,3.0,True
34.0,0.0,240.0,140.0,175.0,13.0,15.0,6.0,0.0,1,0,0.0,0,5.0,D,83,1,1.0,2023,7,96.0,108.78363650544591,-12.783636505445912,1.0,False
57.0,60.0,240.0,97.0,121.0,0.0,0.0,1.0,,2,0,0.0,0,5.0,D,19,1,1.0,2022,7,66.0,84.31507956452127,-18.31507956452127,1.0,False
50.0,0.0,240.0,151.0,188.0,0.0,0.0,1.0,0.0,2,0,0.0,0,6.0,D,31,1,1.0,2023,7,108.0,112.7840793695867,-4.784079369586706,1.0,False
68.0,0.0,60.0,33.0,41.0,0.0,0.0,1.0,1.0,1,0,0.0,0,6.0,D,12,1,2.0,2022,8,33.0,25.528831401046208,7.471168598953792,6.0,False
31.0,60.0,240.0,151.0,188.0,1.0,1.0,1.0,0.0,1,0,0.0,0,6.0,D,90,1,1.0,2025,7,108.0,96.77433668132821,11.225663318671792,3.0,True
43.0,180.0,480.0,180.0,210.0,3.0,5.0,3.0,0.0,2,0,0.0,0,3.0,D,74,3,1.0,2023,7,300.0,196.3126363017501,103.6873636982499,1.0,False
29.0,180.0,360.0,324.0,405.0,0.0,0.0,1.0,5.0,2,0,0.0,0,3.0,D,45,1,1.0,2024,7,192.0,264.27869731142033,-72.27869731142033,,False
58.0,180.0,480.0,235.0,293.0,9.0,11.0,5.0,0.0,2,0,0.0,0,3.0,D,6,1,1.0,2023,7,235.0,235.0290842110175,-0.029084211017504913,1.0,False
38.0,0.0,240.0,97.0,121.0,0.0,0.0,1.0,2.0,1,0,0.0,0,5.0,D,88,1,1.0,2023,7,24.0,53.939518456217165,-29.939518456217165,1.0,False
44.0,120.0,240.0,120.0,120.0,1.0,1.0,1.0,0.0,1,0,0.0,0,1.0,D,53,1,1.0,2025,7,120.0,121.60656135444226,-1.6065613544422632,1.0,False
41.0,0.0,240.0,87.0,108.0,0.0,0.0,1.0,0.0,1,0,1.0,0,3.0,D,10,1,1.0,2021,7,12.03,67.3506961207996,-55.320696120799596,1.0,False
51.0,120.0,240.0,120.0,137.0,10.0,10.0,5.0,0.0,1,0,0.0,0,5.0,D,53,1,1.0,2022,7,60.0,125.28032139339214,-65.28032139339214,1.0,False
28.0,60.0,240.0,70.0,87.0,0.0,0.0,1.0,0.0,1,0,0.0,0,5.0,D,15,1,1.0,2021,7,60.0,62.29797609281502,-2.29797609281502,1.0,False
41.0,60.0,240.0,151.0,188.0,0.0,0.0,1.0,2.0,1,0,0.0,0,5.0,D,47,1,1.0,2025,7,72.0,109.31851684116833,-37.31851684116833,1.0,False
35.0,0.0,240.0,97.0,121.0,0.0,0.0,1.0,1.0,1,0,0.0,0,5.0,D,81,1,1.0,2024,7,42.0,35.247546204833924,6.752453795166076,1.0,False
25.0,60.0,240.0,210.0,262.0,0.0,0.0,1.0,0.0,3,0,0.0,0,3.0,D,53,1,1.0,2023,7,96.0,144.44182062044302,-48.441820620443025,1.0,False
58.0,0.0,60.0,6.0,12.0,3.0,5.0,3.0,1.0,1,0,0.0,0,5.0,B,7,1,1.0,2021,8,0.03,-9.992153517065583,10.022153517065583,1.0,False
22.0,120.0,240.0,120.0,120.0,3.0,5.0,3.0,0.0,1,0,0.0,0,1.0,D,34,1,1.0,2020,7,120.0,123.23770293676981,-3.237702936769807,1.0,False
23.0,60.0,240.0,151.0,188.0,0.0,0.0,1.0,0.0,1,0,0.0,0,3.0,D,71,1,1.0,2021,7,96.0,80.08858047807253,15.91141952192747,3.0,True
62.0,60.0,240.0,78.0,97.0,0.0,0.0,1.0,1.0,2,0,0.0,0,1.0,D,41,1,3.0,2023,7,60.0,77.50963802014151,-17.50963802014151,3.0,True
38.0,180.0,360.0,262.0,327.0,0.0,0.0,1.0,2.0,2,0,0.0,0,3.0,D,31,1,1.0,2025,7,240.0,257.6103996309783,-17.610399630978293,3.0,True
46.0,180.0,480.0,180.0,180.0,3.0,5.0,3.0,2.0,1,0,0.0,0,6.0,D,55,1,1.0,2023,7,180.0,194.38551702056535,-14.385517020565345,1.0,False
32.0,60.0,240.0,151.0,188.0,0.0,0.0,1.0,0.0,1,0,0.0,0,5.0,D,62,1,1.0,2023,7,72.0,105.25807018013532,-33.25807018013532,1.0,False
61.0,60.0,240.0,151.0,188.0,0.0,0.0,1.0,0.0,1,0,0.0,0,5.0,D,30,1,1.0,2024,7,84.0,110.94581407663962,-26.94581407663962,1.0,False
39.0,120.0,240.0,120.0,121.0,4.0,4.0,3.0,1.0,1,0,0.0,0,3.0,D,3,1,1.0,2025,7,120.0,121.72756559117803,-1.7275655911780348,1.0,False
27.0,0.0,60.0,60.0,60.0,0.0,0.0,1.0,0.0,1,0,0.0,0,3.0,D,20,1,1.0,2025,7,24.0,22.559869030777485,1.4401309692225155,1.0,False
35.0,60.0,240.0,168.0,210.0,3.0,3.0,2.0,0.0,1,0,0.0,0,5.0,D,42,1,1.0,2020,7,108.0,155.1282898593431,-47.12828985934311,3.0,True
35.0,60.0,240.0,210.0,262.0,0.0,0.0,1.0,0.0,2,0,0.0,0,5.0,D,42,1,1.0,2024,7,300.0,192.11895876271342,107.88104123728658,1.0,False
62.0,60.0,240.0,151.0,188.0,0.0,0.0,1.0,0.0,1,0,0.0,0,5.0,D,2,1,1.0,2020,7,60.0,96.08781480653921,-36.087814806539214,1.0,False
31.0,60.0,240.0,121.0,151.0,0.0,0.0,1.0,1.0,1,0,0.0,0,3.0,D,56,1,1.0,2021,7,78.0,93.8719246774409,-15.871924677440902,2.0,True
31.0,120.0,240.0,120.0,120.0,3.0,3.0,2.0,0.0,1,0,0.0,0,5.0,D,73,1,1.0,2025,7,120.0,110.48412757901927,9.515872420980727,3.0,True
23.0,60.0,240.0,188.0,235.0,4.0,4.0,3.0,1.0,1,0,0.0,0,1.0,D,22,1,1.0,2022,7,96.0,117.80090981016546,-21.800909810165464,3.0,True
46.0,60.0,240.0,168.0,210.0,0.0,0.0,1.0,0.0,1,0,0.0,0,3.0,D,66,1,1.0,2025,7,84.0,124.8839462176122,-40.883946217612205,1.0,False
48.0,60.0,480.0,121.0,151.0,1.0,1.0,1.0,0.0,1,0,0.0,0,5.0,D,79,1,1.0,2022,7,144.0,102.86326344057562,41.13673655942438,1.0,False
50.0,60.0,240.0,151.0,188.0,1.0,1.0,1.0,0.0,1,0,0.0,0,6.0,D,8,1,1.0,2021,7,60.0,85.17025883224015,-25.17025883224015,6.0,False
56.0,120.0,240.0,168.0,210.0,3.0,5.0,3.0,2.0,1,0,0.0,0,5.0,D,6,1,1.0,2022,7,189.0,153.2988772541538,35.70112274584619,1.0,False
50.0,60.0,240.0,78.0,97.0,0.0,0.0,1.0,0.0,1,0,0.0,0,3.0,D,39,1,1.0,2024,7,120.0,102.55196180216404,17.448038197835956,1.0,False
48.0,0.0,60.0,10.0,16.0,0.0,0.0,1.0,1.0,1,0,0.0,0,1.0,C,56,1,1.0,2025,8,8.0,11.183851610271974,-3.183851610271974,2.0,True
46.0,0.0,240.0,78.0,97.0,0.0,0.0,1.0,1.0,1,0,0.0,0,6.0,D,83,1,1.0,2021,7,57.0,56.45029732649926,0.5497026735007395,1.0,False
40.0,60.0,240.0,108.0,135.0,0.0,0.0,1.0,0.0,1,0,0.0,0,1.0,D,55,1,1.0,2022,7,108.0,90.08140431392029,17.918595686079712,1.0,False
33.0,60.0,240.0,324.0,360.0,3.0,3.0,2.0,0.0,2,0,0.0,0,3.0,D,62,1,1.0,2023,7,300.0,240.5472581472226,59.45274185277739,1.0,False
40.0,120.0,240.0,120.0,121.0,6.0,6.0,3.0,0.0,1,0,0.0,0,3.0,D,66,1,1.0,2024,7,120.0,129.2800107238814,-9.28001072388139,1.0,False
35.0,60.0,240.0,78.0,97.0,0.0,0.0,1.0,1.0,1,0,0.0,0,1.0,D,87,1,1.0,2024,7,64.0,72.19658750458565,-8.19658750458565,1.0,False
28.0,60.0,240.0,240.0,240.0,0.0,0.0,1.0,0.0,1,0,0.0,0,1.0,D,70,1,1.0,2025,7,192.0,154.8976870884625,37.102312911537496,3.0,True
56.0,0.0,240.0,87.0,108.0,3.0,3.0,2.0,0.0,1,0,0.0,0,3.0,D,16,1,1.0,2021,7,95.0,67.63440653616483,27.365593463835168,1.0,False
37.0,60.0,240.0,210.0,262.0,0.0,0.0,1.0,0.0,3,0,0.0,0,3.0,D,6,1,1.0,2022,7,121.0,138.05573962118333,-17.055739621183335,3.0,True
29.0,60.0,240.0,210.0,240.0,0.0,0.0,1.0,0.0,1,0,0.0,0,5.0,D,47,1,1.0,2024,7,156.0,140.35755683211693,15.642443167883073,1.0,False
28.0,0.0,240.0,97.0,121.0,0.0,0.0,1.0,0.0,1,0,0.0,0,5.0,D,37,1,1.0,2025,7,97.0,76.49602213169936,20.503977868300638,1.0,False
22.0,60.0,240.0,240.0,240.0,0.0,0.0,1.0,0.0,1,0,0.0,0,3.0,D,19,1,1.0,2022,7,240.0,152.40065757866344,87.59934242133656,1.0,False
38.0,60.0,240.0,151.0,188.0,0.0,0.0,1.0,1.0,2,0,0.0,0,3.0,D,53,1,1.0,2022,7,120.0,113.85368247659255,6.146317523407447,1.0,False
24.0,0.0,240.0,78.0,97.0,0.0,0.0,1.0,0.0,1,0,0.0,0,6.0,D,70,1,1.0,2023,7,48.0,41.60085024770224,6.39914975229776,1.0,False
43.0,120.0,240.0,120.0,120.0,3.0,3.0,2.0,0.0,1,0,0.0,0,3.0,D,9,1,1.0,2022,7,120.0,117.8456585662415,2.1543414337585034,1.0,False
59.0,180.0,480.0,180.0,180.0,6.0,8.0,4.0,1.0,1,0,0.0,0,3.0,D,43,1,1.0,2020,7,180.0,213.53382782479062,-33.53382782479062,1.0,False
31.0,0.0,240.0,97.0,121.0,1.0,1.0,1.0,0.0,1,0,0.0,0,5.0,D,48,1,1.0,2024,7,60.0,61.46993018352752,-1.4699301835275165,1.0,False
29.0,60.0,240.0,188.0,235.0,8.0,10.0,5.0,0.0,1,0,0.0,0,3.0,D,66,1,1.0,2023,7,168.0,138.2890987168997,29.7109012831003,1.0,False
55.0,60.0,240.0,121.0,151.0,0.0,0.0,1.0,0.0,1,0,0.0,0,3.0,D,39,1,1.0,2020,7,96.0,135.0391169409606,-39.03911694096061,1.0,False
29.0,180.0,480.0,188.0,235.0,6.0,6.0,3.0,2.0,2,0,0.0,0,5.0,D,53,1,1.0,2021,7,180.0,198.62776160440046,-18.62776160440046,1.0,False
43.0,60.0,240.0,188.0,235.0,0.0,0.0,1.0,0.0,2,0,0.0,0,6.0,D,70,1,1.0,2024,7,84.0,127.57210427425818,-43.57210427425818,1.0,False
69.0,0.0,240.0,262.0,327.0,1.0,1.0,1.0,0.0,2,0,0.0,0,5.0,D,46,1,1.0,2020,7,240.0,198.77435773525764,41.22564226474236,1.0,False
39.0,60.0,240.0,240.0,240.0,0.0,0.0,1.0,2.0,1,0,0.0,0,5.0,D,39,1,1.0,2023,7,240.0,231.8236555754994,8.176344424500599,1.0,False
40.0,0.0,60.0,21.0,27.0,0.0,0.0,1.0,20.0,6,0,1.0,0,5.0,D,82,1,1.0,2021,8,15.0,31.851535940882673,-16.851535940882673,6.0,False
60.0,180.0,480.0,180.0,180.0,0.0,0.0,1.0,1.0,1,0,0.0,0,5.0,D,64,1,1.0,2023,7,120.0,172.35590684923162,-52.355906849231616,1.0,False
44.0,0.0,24.0,48.0,48.0,4.0,6.0,3.0,6.0,2,0,0.0,0,6.0,D,64,1,1.0,2023,7,36.0,51.526945408480884,-15.526945408480884,6.0,False
25.0,0.0,240.0,97.0,121.0,0.0,0.0,1.0,3.0,2,0,0.0,0,1.0,D,41,1,3.0,2024,7,75.0,82.05921853903125,-7.059218539031249,3.0,True
26.0,60.0,240.0,188.0,235.0,0.0,0.0,1.0,0.0,2,0,0.0,0,5.0,D,30,1,1.0,2021,7,60.0,128.74083933430762,-68.74083933430762,1.0,False
35.0,0.0,240.0,97.0,121.0,0.0,0.0,1.0,0.0,1,0,0.0,0,3.0,D,39,1,1.0,2023,7,121.0,111.82196132175812,9.178038678241876,1.0,False
48.0,60.0,240.0,210.0,240.0,0.0,0.0,1.0,1.0,1,0,0.0,0,6.0,D,46,1,1.0,2021,7,168.0,147.94624481775438,20.053755182245624,1.0,False
40.0,180.0,480.0,324.0,405.0,3.0,5.0,3.0,0.0,1,0,0.0,0,5.0,D,47,1,1.0,2023,7,240.0,264.04213975525647,-24.04213975525647,1.0,False
38.0,60.0,240.0,121.0,151.0,0.0,0.0,1.0,0.0,2,0,0.0,0,3.0,D,13,1,1.0,2020,7,84.0,98.76430874266156,-14.764308742661555,1.0,False
35.0,60.0,240.0,151.0,188.0,1.0,1.0,1.0,0.0,5,0,0.0,0,6.0,D,6,1,1.0,2020,7,120.0,119.09891037878951,0.9010896212104882,1.0,False
42.0,60.0,240.0,151.0,188.0,0.0,0.0,1.0,0.0,2,0,0.0,0,5.0,D,73,1,1.0,2025,7,80.0,109.228154840456,-29.228154840456,1.0,False
58.0,60.0,240.0,135.0,168.0,1.0,1.0,1.0,0.0,3,0,0.0,0,3.0,D,47,1,1.0,2020,7,97.0,116.96945255125308,-19.969452551253084,1.0,False
57.0,60.0,240.0,121.0,151.0,0.0,0.0,1.0,0.0,1,0,0.0,0,5.0,D,39,1,1.0,2025,7,96.0,143.70481868736212,-47.70481868736212,1.0,False
40.0,60.0,240.0,240.0,240.0,4.0,6.0,3.0,0.0,1,0,0.0,0,3.0,D,66,1,1.0,2021,7,180.0,163.75847716621035,16.241522833789645,1.0,False
38.0,60.0,240.0,121.0,151.0,1.0,1.0,1.0,0.0,1,0,0.0,0,5.0,D,66,1,1.0,2021,7,96.0,94.17472422947421,1.825275770525792,1.0,False
38.0,60.0,240.0,210.0,262.0,0.0,0.0,1.0,1.0,2,0,0.0,0,6.0,D,55,3,1.0,2025,7,228.0,213.8450200516611,14.154979948338905,1.0,False
25.0,0.0,240.0,97.0,121.0,0.0,0.0,1.0,0.0,1,0,0.0,0,5.0,D,8,1,1.0,2023,7,0.03,23.42689320118885,-23.39689320118885,1.0,False
44.0,180.0,360.0,262.0,327.0,0.0,0.0,1.0,2.0,2,0,0.0,0,3.0,D,62,1,1.0,2025,7,252.0,242.93339302885434,9.06660697114566,1.0,False
57.0,120.0,240.0,240.0,240.0,2.0,2.0,2.0,0.0,1,0,0.0,0,3.0,D,88,1,1.0,2021,7,156.0,168.7476226731784,-12.747622673178398,1.0,False
40.0,60.0,240.0,135.0,168.0,1.0,3.0,2.0,1.0,2,0,0.0,0,3.0,D,56,1,1.0,2023,7,96.0,117.59691186860132,-21.596911868601325,1.0,False
29.0,60.0,240.0,210.0,262.0,0.0,0.0,1.0,0.0,5,0,0.0,0,1.0,D,13,1,1.0,2020,7,240.0,146.6161749610491,93.3838250389509,1.0,False
65.0,60.0,240.0,151.0,188.0,1.0,1.0,1.0,0.0,2,0,0.0,0,5.0,D,30,1,1.0,2024,7,96.0,124.50540477946241,-28.50540477946241,1.0,False
49.0,0.0,60.0,24.0,30.0,11.0,13.0,6.0,,1,0,0.0,0,3.0,D,74,1,1.0,2022,8,21.0,25.17078926214498,-4.170789262144979,1.0,False
31.0,0.0,60.0,21.0,27.0,5.0,7.0,4.0,2.0,1,0,0.0,0,1.0,D,75,1,1.0,2021,8,18.0,20.886716328905973,-2.8867163289059725,6.0,False
49.0,60.0,240.0,70.0,87.0,0.0,0.0,1.0,1.0,1,0,0.0,0,6.0,D,63,1,1.0,2022,7,60.0,74.70632806053912,-14.706328060539121,1.0,False
39.0,60.0,240.0,292.0,365.0,0.0,0.0,1.0,0.0,6,0,0.0,0,5.0,D,6,3,1.0,2022,7,156.0,211.2117375689952,-55.211737568995204,1.0,False
29.0,120.0,240.0,120.0,120.0,3.0,3.0,2.0,0.0,1,0,0.0,0,6.0,D,67,1,1.0,2024,7,120.0,118.49095737108063,1.5090426289193744,1.0,False
46.0,0.0,240.0,151.0,188.0,1.0,3.0,2.0,1.0,1,0,0.0,0,1.0,D,42,1,1.0,2022,7,60.0,135.12737451846405,-75.12737451846405,1.0,False
25.0,60.0,240.0,97.0,121.0,0.0,0.0,1.0,0.0,2,0,0.0,0,6.0,D,1,1,1.0,2020,7,60.0,54.52391790822365,5.476082091776348,6.0,False
39.0,60.0,240.0,240.0,240.0,0.0,0.0,1.0,0.0,1,0,0.0,0,5.0,D,54,1,1.0,2023,7,144.0,166.5815336704294,-22.581533670429394,1.0,False
55.0,0.0,240.0,78.0,97.0,0.0,0.0,1.0,0.0,1,0,0.0,0,5.0,D,41,1,1.0,2020,7,97.0,53.19116341017786,43.80883658982214,3.0,True
22.0,60.0,240.0,121.0,151.0,0.0,0.0,1.0,0.0,1,0,0.0,0,5.0,D,28,1,1.0,2021,7,60.0,105.80174240400372,-45.80174240400372,1.0,False
36.0,60.0,240.0,63.0,78.0,15.0,16.0,6.0,1.0,1,0,0.0,0,1.0,D,69,1,1.0,2024,7,60.0,81.23126516893726,-21.231265168937256,6.0,False
57.0,0.0,240.0,78.0,97.0,0.0,0.0,1.0,0.0,1,0,0.0,0,5.0,D,9,1,1.0,2023,7,15.0,47.250563549393185,-32.250563549393185,1.0,False
40.0,60.0,240.0,210.0,240.0,0.0,0.0,1.0,0.0,1,0,0.0,0,5.0,D,53,1,1.0,2020,7,168.0,131.65042135296082,36.34957864703918,1.0,False
37.0,180.0,480.0,324.0,405.0,6.0,6.0,3.0,0.0,1,0,0.0,0,3.0,D,7,1,1.0,2024,7,180.0,252.73807628176166,-72.73807628176166,3.0,True
33.0,0.0,240.0,78.0,97.0,0.0,0.0,1.0,0.0,1,0,0.0,0,5.0,D,73,1,1.0,2024,7,42.0,42.512220302852846,-0.512220302852846,3.0,True
35.0,180.0,480.0,235.0,293.0,7.0,9.0,4.0,0.0,2,0,0.0,0,1.0,D,62,1,1.0,2021,7,220.0,243.8143422344697,-23.814342234469706,1.0,False
39.0,60.0,240.0,168.0,210.0,0.0,0.0,1.0,1.0,1,0,0.0,0,5.0,D,60,1,1.0,2021,7,168.0,137.98244328611338,30.01755671388662,1.0,False
30.0,0.0,240.0,168.0,210.0,6.0,6.0,3.0,1.0,1,0,0.0,0,5.0,D,8,1,1.0,2020,7,36.0,115.35706675324201,-79.35706675324201,3.0,True
53.0,60.0,240.0,121.0,151.0,0.0,0.0,1.0,2.0,1,0,0.0,0,6.0,D,72,1,1.0,2023,7,121.0,93.80469734586667,27.19530265413333,1.0,False
38.0,0.0,120.0,70.0,87.0,0.0,0.0,1.0,2.0,1,0,0.0,0,5.0,D,22,1,1.0,2021,7,0.26,47.036955669105716,-46.77695566910572,1.0,False
48.0,120.0,240.0,144.0,145.0,3.0,3.0,2.0,0.0,4,0,0.0,0,3.0,D,2,1,1.0,2024,7,145.0,136.27367927610845,8.726320723891547,1.0,False
32.0,60.0,240.0,97.0,121.0,0.0,0.0,1.0,2.0,1,0,0.0,0,5.0,D,22,1,1.0,2021,7,108.0,70.09493750125147,37.905062498748535,1.0,False
40.0,120.0,240.0,188.0,235.0,3.0,3.0,2.0,0.0,1,0,0.0,0,5.0,D,22,1,1.0,2024,7,160.0,146.1371751329351,13.862824867064887,1.0,False
27.0,0.0,240.0,78.0,97.0,0.0,0.0,1.0,0.0,1,0,0.0,0,5.0,D,89,1,1.0,2023,7,38.0,-7.724015147269141,45.72401514726914,1.0,False
30.0,0.0,240.0,97.0,121.0,0.0,0.0,1.0,0.0,1,0,0.0,0,6.0,D,35,1,2.0,2025,7,12.03,62.336499423106716,-50.306499423106715,6.0,False
32.0,120.0,240.0,120.0,120.0,5.0,5.0,3.0,0.0,1,0,0.0,0,3.0,D,81,1,1.0,2021,7,120.0,111.94494616354106,8.055053836458939,1.0,False
37.0,0.0,240.0,78.0,97.0,0.0,0.0,1.0,2.0,1,0,0.0,0,5.0,D,65,1,1.0,2025,7,78.0,55.7755767061879,22.2244232938121,1.0,False
38.0,0.0,120.0,57.0,71.0,25.0,25.0,6.0,2.0,6,0,0.0,0,3.0,D,74,1,1.0,2024,8,120.0,68.07396365962548,51.92603634037452,2.0,True
28.0,60.0,240.0,151.0,188.0,0.0,0.0,1.0,0.0,1,0,0.0,0,3.0,D,43,1,1.0,2024,7,132.0,110.56852206318123,21.431477936818766,1.0,False
31.0,180.0,480.0,235.0,293.0,3.0,3.0,2.0,0.0,1,0,0.0,0,3.0,D,22,1,1.0,2023,7,240.0,222.4219225545071,17.57807744549291,1.0,False
46.0,0.0,240.0,78.0,97.0,0.0,0.0,1.0,0.0,1,0,0.0,0,6.0,D,57,1,1.0,2021,7,24.0,50.60209951630774,-26.60209951630774,1.0,False
30.0,0.0,120.0,33.0,41.0,3.0,3.0,2.0,3.0,1,0,0.0,0,1.0,D,66,1,3.0,2023,7,36.0,42.30755195628656,-6.307551956286559,3.0,True
33.0,60.0,240.0,70.0,87.0,0.0,0.0,1.0,0.0,1,0,0.0,0,3.0,D,88,1,1.0,2025,7,96.0,65.25777690117366,30.742223098826344,1.0,False
63.0,120.0,240.0,120.0,120.0,3.0,3.0,2.0,0.0,1,0,0.0,0,5.0,D,89,1,1.0,2020,7,120.0,112.70906446602507,7.290935533974931,1.0,False
59.0,120.0,240.0,120.0,120.0,3.0,5.0,3.0,0.0,1,0,0.0,0,3.0,D,22,3,1.0,2022,7,120.0,115.25703640698868,4.742963593011325,1.0,False
46.0,0.0,240.0,135.0,168.0,1.0,1.0,1.0,0.0,1,0,0.0,0,5.0,D,62,1,1.0,2025,7,144.0,112.61156881496704,31.388431185032957,2.0,True
42.0,60.0,240.0,108.0,135.0,2.0,2.0,2.0,1.0,1,0,0.0,0,5.0,D,56,1,1.0,2020,7,78.0,88.90678907000216,-10.906789070002162,1.0,False
25.0,60.0,240.0,151.0,188.0,0.0,0.0,1.0,0.0,1,0,0.0,0,3.0,D,87,1,1.0,2023,7,120.0,94.22831807448468,25.771681925515324,1.0,False
49.0,0.0,120.0,78.0,97.0,0.0,0.0,1.0,3.0,1,0,0.0,0,6.0,D,87,1,1.0,2022,7,48.0,55.52025207862668,-7.520252078626683,3.0,True
29.0,60.0,240.0,70.0,87.0,0.0,0.0,1.0,0.0,2,0,0.0,0,5.0,D,53,2,1.0,2023,7,60.0,79.32617068681651,-19.32617068681651,1.0,False
59.0,0.0,120.0,63.0,78.0,0.0,0.0,1.0,0.0,1,0,0.0,0,6.0,D,60,1,1.0,2020,7,63.0,65.53964947073544,-2.5396494707354407,1.0,False
60.0,0.0,240.0,135.0,168.0,0.0,0.0,1.0,0.0,1,0,0.0,0,3.0,D,62,1,1.0,2024,7,72.0,116.20536617836078,-44.20536617836078,1.0,False
38.0,60.0,240.0,360.0,720.0,0.0,0.0,1.0,0.0,3,0,0.0,0,1.0,D,70,1,1.0,2023,7,120.0,281.0309422823812,-161.0309422823812,3.0,True
47.0,120.0,240.0,188.0,235.0,7.0,9.0,4.0,3.0,2,0,0.0,0,6.0,D,3,1,1.0,2022,7,235.0,162.6475622373432,72.35243776265679,1.0,False
28.0,60.0,240.0,210.0,240.0,0.0,0.0,1.0,0.0,1,0,0.0,0,3.0,D,83,1,1.0,2023,7,230.0,147.00010966738554,82.99989033261446,6.0,False
36.0,60.0,240.0,210.0,240.0,0.0,0.0,1.0,2.0,1,0,0.0,0,6.0,D,22,1,1.0,2025,7,60.0,116.74129518039295,-56.74129518039295,1.0,False
39.0,180.0,480.0,180.0,180.0,6.0,6.0,3.0,0.0,1,0,0.0,0,3.0,D,0,1,1.0,2024,7,150.0,186.96226239245132,-36.96226239245132,1.0,False
54.0,60.0,240.0,60.0,71.0,0.0,0.0,1.0,2.0,2,0,0.0,0,3.0,D,44,1,1.0,2020,7,60.0,70.94794115599707,-10.947941155997071,1.0,False
21.0,60.0,240.0,168.0,210.0,0.0,0.0,1.0,0.0,1,0,0.0,0,3.0,D,31,1,1.0,2024,7,60.0,119.70822224742776,-59.708222247427756,2.0,True
54.0,60.0,240.0,151.0,188.0,0.0,0.0,1.0,1.0,2,0,0.0,0,3.0,D,30,1,1.0,2025,7,151.0,128.54428882651158,22.455711173488424,3.0,True
41.0,60.0,240.0,97.0,121.0,1.0,1.0,1.0,0.0,2,0,0.0,0,3.0,D,47,1,1.0,2025,7,70.0,89.87464494387659,-19.87464494387659,2.0,True
35.0,120.0,240.0,120.0,120.0,2.0,2.0,2.0,0.0,1,0,0.0,0,3.0,D,13,1,1.0,2025,7,120.0,123.76570839492275,-3.765708394922754,1.0,False
30.0,60.0,240.0,151.0,188.0,0.0,0.0,1.0,0.0,1,0,0.0,0,5.0,D,41,1,1.0,2020,7,84.0,98.53757106171626,-14.537571061716264,3.0,True
52.0,60.0,240.0,60.0,71.0,3.0,5.0,3.0,0.0,1,0,0.0,0,1.0,D,44,1,1.0,2022,7,33.0,76.50946094397736,-43.50946094397736,1.0,False
51.0,180.0,480.0,180.0,180.0,6.0,6.0,3.0,3.0,2,0,0.0,0,1.0,D,1,1,1.0,2024,7,180.0,183.28506005330584,-3.285060053305841,3.0,True
37.0,60.0,240.0,121.0,151.0,0.0,0.0,1.0,0.0,1,0,0.0,0,5.0,D,39,1,1.0,2021,7,65.0,136.55222729397315,-71.55222729397315,3.0,True
51.0,0.0,60.0,27.0,33.0,0.0,0.0,1.0,2.0,1,0,0.0,0,6.0,D,8,1,1.0,2025,8,12.0,27.968347287306226,-15.968347287306226,6.0,False
32.0,60.0,240.0,70.0,87.0,1.0,1.0,1.0,0.0,1,0,0.0,0,5.0,D,4,1,1.0,2020,7,72.0,63.980189883178085,8.019810116821915,3.0,True
46.0,60.0,240.0,121.0,151.0,0.0,0.0,1.0,0.0,1,0,0.0,0,5.0,D,65,1,1.0,2020,7,90.0,88.32591347985414,1.6740865201458632,1.0,False
34.0,60.0,240.0,60.0,60.0,0.0,0.0,1.0,0.0,1,0,0.0,0,5.0,D,53,1,1.0,2021,7,60.0,64.3027193317779,-4.302719331777894,1.0,False
21.0,60.0,240.0,151.0,188.0,0.0,0.0,1.0,0.0,1,0,0.0,0,5.0,D,58,1,1.0,2023,7,60.0,89.68403802412529,-29.684038024125286,1.0,False
45.0,60.0,240.0,97.0,121.0,0.0,0.0,1.0,3.0,1,0,0.0,0,1.0,D,39,1,1.0,2021,7,120.0,130.00564487110506,-10.005644871105062,1.0,False
31.0,120.0,240.0,120.0,120.0,6.0,6.0,3.0,1.0,2,0,0.0,0,3.0,D,3,1,1.0,2025,7,120.0,123.64929397086638,-3.649293970866381,1.0,False
34.0,120.0,9996.0,120.0,121.0,0.0,0.0,1.0,0.0,2,0,0.0,0,5.0,D,85,1,1.0,2025,7,168.0,119.40816370507062,48.59183629492938,6.0,False
52.0,180.0,480.0,188.0,235.0,6.0,6.0,3.0,0.0,1,0,0.0,0,3.0,D,66,1,1.0,2022,7,180.0,197.5444041992603,-17.5444041992603,1.0,False
32.0,0.0,240.0,37.0,46.0,0.0,0.0,1.0,1.0,1,0,0.0,0,3.0,D,26,1,1.0,2024,7,97.0,68.04547446135771,28.954525538642287,1.0,False
45.0,60.0,240.0,87.0,108.0,0.0,0.0,1.0,1.0,1,0,0.0,0,5.0,D,66,1,1.0,2022,7,66.0,74.87028131023672,-8.87028131023672,1.0,False
33.0,60.0,240.0,151.0,188.0,0.0,0.0,1.0,0.0,1,0,0.0,0,1.0,D,30,1,1.0,2023,7,86.0,108.83238980827282,-22.832389808272822,1.0,False
41.0,60.0,240.0,188.0,235.0,4.0,4.0,3.0,0.0,1,0,0.0,0,6.0,D,73,1,1.0,2024,7,235.0,135.21078488427256,99.78921511572744,1.0,False
38.0,180.0,360.0,235.0,293.0,0.0,0.0,1.0,0.0,1,0,0.0,0,3.0,D,90,1,1.0,2021,7,180.0,212.38682961203529,-32.386829612035285,1.0,False
23.0,120.0,240.0,120.0,120.0,5.0,5.0,3.0,1.0,1,0,0.0,0,3.0,D,58,1,1.0,2021,7,120.0,116.40920995479085,3.590790045209147,1.0,False
45.0,0.0,240.0,70.0,87.0,3.0,3.0,2.0,1.0,1,0,0.0,0,3.0,D,53,3,1.0,2024,7,78.0,63.84432675495715,14.155673245042848,2.0,True
23.0,0.0,240.0,70.0,87.0,0.0,0.0,1.0,0.0,1,0,0.0,0,6.0,D,4,1,1.0,2022,7,0.03,41.23609950737692,-41.20609950737692,3.0,True
40.0,60.0,240.0,121.0,151.0,1.0,1.0,1.0,1.0,1,0,0.0,0,6.0,D,83,1,1.0,2020,7,90.0,103.73775753057835,-13.73775753057835,1.0,False
52.0,60.0,240.0,108.0,135.0,1.0,3.0,2.0,0.0,2,0,0.0,0,5.0,D,19,1,1.0,2023,7,72.0,98.37534213106065,-26.37534213106065,1.0,False
36.0,180.0,480.0,292.0,365.0,3.0,5.0,3.0,0.0,2,0,0.0,0,3.0,D,6,3,1.0,2022,7,209.0,234.08582156062263,-25.085821560622634,1.0,False
64.0,0.0,240.0,51.0,63.0,1.0,1.0,1.0,1.0,4,0,0.0,0,6.0,D,8,3,1.0,2023,8,240.0,96.80383695195182,143.19616304804816,1.0,False
59.0,60.0,240.0,210.0,262.0,0.0,0.0,1.0,0.0,2,0,0.0,0,6.0,D,41,1,1.0,2024,7,144.0,157.27593103958515,-13.275931039585146,1.0,False
34.0,60.0,240.0,151.0,188.0,0.0,0.0,1.0,3.0,1,0,0.0,0,3.0,D,45,1,1.0,2023,7,96.0,103.53234887503096,-7.532348875030962,1.0,False
52.0,180.0,480.0,292.0,365.0,4.0,4.0,3.0,0.0,1,0,0.0,0,5.0,D,30,3,1.0,2021,7,292.0,277.43557459698053,14.56442540301947,1.0,False
52.0,0.0,60.0,18.0,24.0,0.0,0.0,1.0,1.0,2,0,0.0,0,1.0,D,30,1,1.0,2025,8,84.0,33.260550834370804,50.739449165629196,3.0,True
57.0,60.0,240.0,210.0,240.0,0.0,0.0,1.0,0.0,1,0,0.0,0,6.0,D,29,1,1.0,2025,7,180.0,136.31287145320496,43.68712854679504,1.0,False
56.0,120.0,240.0,168.0,210.0,1.0,1.0,1.0,1.0,2,0,0.0,0,1.0,D,65,1,1.0,2025,7,144.0,155.28394115269225,-11.28394115269225,1.0,False
44.0,0.0,240.0,210.0,262.0,0.0,0.0,1.0,0.0,2,0,0.0,0,6.0,D,7,3,1.0,2025,7,65.0,67.72216782402484,-2.7221678240248366,3.0,True
22.0,0.0,240.0,97.0,121.0,0.0,0.0,1.0,0.0,1,0,0.0,0,3.0,D,65,1,1.0,2024,7,36.0,58.11150259897113,-22.11150259897113,1.0,False
56.0,60.0,240.0,151.0,188.0,0.0,0.0,1.0,0.0,1,0,0.0,0,1.0,D,66,1,1.0,2020,7,78.0,92.2054764383803,-14.205476438380302,1.0,False
44.0,60.0,240.0,151.0,188.0,0.0,0.0,1.0,2.0,2,0,0.0,0,6.0,D,17,1,1.0,2024,7,162.0,127.41076910431065,34.589230895689354,1.0,False
65.0,0.0,240.0,2040.0,2040.0,8.0,8.0,3.0,0.0,8,60,0.0,0,5.0,D,29,1,1.0,2022,7,84.0,558.0929401262921,-474.0929401262921,1.0,False
39.0,180.0,480.0,210.0,262.0,6.0,8.0,4.0,1.0,1,0,0.0,0,3.0,D,76,1,1.0,2023,7,180.0,210.57315072978952,-30.573150729789518,1.0,False
43.0,60.0,240.0,151.0,188.0,0.0,0.0,1.0,3.0,1,0,0.0,0,6.0,D,69,1,1.0,2024,7,60.0,104.72479084326903,-44.724790843269034,6.0,False
30.0,180.0,480.0,360.0,6360.0,3.0,3.0,2.0,0.0,15,0,0.0,0,3.0,D,0,1,1.0,2025,7,600.0,380.2921522377045,219.7078477622955,1.0,False
53.0,60.0,240.0,87.0,108.0,0.0,0.0,1.0,0.0,1,0,0.0,0,3.0,D,53,1,1.0,2020,7,75.0,73.82596049984086,1.1740395001591395,1.0,False
56.0,60.0,240.0,97.0,121.0,0.0,0.0,1.0,0.0,1,0,0.0,0,5.0,D,29,1,1.0,2025,7,60.0,77.71569538749256,-17.71569538749256,1.0,False
43.0,60.0,240.0,188.0,235.0,6.0,6.0,3.0,0.0,1,0,0.0,0,6.0,D,15,1,1.0,2022,7,120.0,145.3600302055521,-25.360030205552107,1.0,False
39.0,60.0,240.0,240.0,240.0,0.0,0.0,1.0,0.0,1,0,0.0,0,5.0,D,32,1,1.0,2022,7,240.0,138.27514604927134,101.72485395072866,6.0,False
37.0,0.0,120.0,78.0,97.0,0.0,0.0,1.0,0.0,1,0,0.0,0,3.0,D,7,1,1.0,2023,7,0.1,24.20546692062458,-24.10546692062458,3.0,True
35.0,60.0,240.0,121.0,151.0,0.0,0.0,1.0,0.0,1,0,0.0,0,5.0,D,30,1,1.0,2021,7,132.0,99.22278268380857,32.777217316191425,2.0,True
36.0,0.0,240.0,97.0,121.0,0.0,0.0,1.0,3.0,1,0,0.0,0,3.0,D,95,1,1.0,2020,7,86.0,63.88562612127742,22.11437387872258,1.0,False
33.0,120.0,240.0,120.0,120.0,8.0,10.0,5.0,0.0,1,0,0.0,0,5.0,D,3,1,1.0,2023,7,120.0,115.78893650001673,4.211063499983268,1.0,False
22.0,60.0,240.0,151.0,188.0,0.0,0.0,1.0,0.0,1,0,0.0,0,3.0,D,19,1,1.0,2021,7,168.0,92.0698064834103,75.9301935165897,6.0,False
48.0,0.0,120.0,87.0,108.0,2.0,2.0,2.0,0.0,1,0,0.0,0,5.0,D,76,1,1.0,2020,7,70.0,66.85402619987575,3.1459738001242528,1.0,False
31.0,0.0,240.0,78.0,97.0,0.0,0.0,1.0,1.0,1,0,0.0,0,3.0,D,65,1,1.0,2024,7,84.0,53.494058295408514,30.505941704591486,1.0,False
56.0,60.0,240.0,135.0,168.0,0.0,0.0,1.0,0.0,2,0,0.0,0,1.0,D,73,1,2.0,2020,7,87.0,109.20624822454111,-22.206248224541113,3.0,True
44.0,0.0,240.0,97.0,121.0,0.0,0.0,1.0,0.0,1,0,0.0,0,5.0,D,74,1,1.0,2025,7,63.0,65.74112662531743,-2.7411266253174347,1.0,False
44.0,300.0,600.0,2280.0,2280.0,9.0,9.0,5.0,0.0,5,0,0.0,0,5.0,D,80,3,1.0,2025,7,840.0,459.85541780035675,380.14458219964325,1.0,False
40.0,60.0,240.0,121.0,151.0,0.0,0.0,1.0,1.0,2,0,0.0,0,6.0,D,67,1,1.0,2023,7,132.0,102.84887936505753,29.151120634942473,1.0,False
61.0,0.0,240.0,97.0,121.0,0.0,0.0,1.0,2.0,1,0,0.0,0,6.0,D,65,1,1.0,2023,7,48.0,64.36824860610255,-16.368248606102554,1.0,False
25.0,0.0,240.0,78.0,97.0,0.0,0.0,1.0,0.0,1,0,0.0,0,5.0,D,20,1,1.0,2022,7,0.03,30.833277398617845,-30.803277398617844,1.0,False
27.0,0.0,120.0,108.0,135.0,0.0,0.0,1.0,0.0,3,0,0.0,0,6.0,D,4,1,1.0,2022,7,120.0,83.52335382316602,36.47664617683398,3.0,True
62.0,0.0,240.0,70.0,87.0,0.0,0.0,1.0,0.0,1,0,0.0,0,6.0,D,30,1,1.0,2024,7,60.0,58.01600010232714,1.9839998976728594,1.0,False
32.0,60.0,240.0,97.0,121.0,0.0,0.0,1.0,0.0,1,0,0.0,0,5.0,D,63,1,1.0,2025,7,72.0,85.32327704022134,-13.323277040221342,1.0,False
36.0,60.0,240.0,151.0,188.0,0.0,0.0,1.0,3.0,1,0,0.0,0,5.0,D,14,1,1.0,2025,7,85.0,117.34428006501334,-32.344280065013336,1.0,False
32.0,60.0,240.0,121.0,151.0,0.0,0.0,1.0,0.0,1,0,0.0,0,3.0,D,42,1,1.0,2024,7,60.0,113.64834327007621,-53.64834327007621,1.0,False
32.0,0.0,240.0,78.0,97.0,0.0,0.0,1.0,0.0,1,0,0.0,0,6.0,D,55,1,1.0,2022,7,24.0,57.89348154746698,-33.89348154746698,1.0,False
45.0,60.0,240.0,262.0,327.0,5.0,5.0,3.0,1.0,3,0,0.0,0,5.0,D,6,1,1.0,2023,7,144.0,198.75156978752185,-54.751569787521845,1.0,False
43.0,60.0,240.0,240.0,240.0,1.0,1.0,1.0,0.0,1,0,0.0,0,3.0,D,43,1,1.0,2025,7,240.0,182.4552935476727,57.54470645232729,1.0,False
43.0,120.0,240.0,120.0,135.0,6.0,6.0,3.0,0.0,1,0,0.0,0,5.0,D,60,1,1.0,2024,7,135.0,154.5481460191257,-19.54814601912571,1.0,False
40.0,60.0,240.0,151.0,188.0,0.0,0.0,1.0,0.0,1,0,0.0,0,6.0,D,25,1,1.0,2022,7,72.0,100.98992620847166,-28.98992620847166,1.0,False
41.0,0.0,240.0,135.0,168.0,0.0,0.0,1.0,0.0,1,0,0.0,0,5.0,D,66,1,1.0,2025,7,168.0,94.97917712861515,73.02082287138485,1.0,False
38.0,0.0,240.0,78.0,97.0,0.0,0.0,1.0,,1,0,0.0,0,5.0,D,74,1,1.0,2020,7,52.0,47.99355223757354,4.006447762426461,3.0,True
32.0,120.0,9996.0,168.0,210.0,,,1.0,,4,0,0.0,0,,D,15,1,,2025,7,144.0,156.680397871122,-12.680397871122011,6.0,False
51.0,0.0,120.0,120.0,120.0,0.0,0.0,1.0,1.0,1,0,0.0,0,3.0,D,48,1,1.0,2020,7,96.0,82.6305685443745,13.369431455625502,1.0,False
45.0,60.0,240.0,121.0,151.0,0.0,0.0,1.0,0.0,1,0,0.0,0,5.0,D,17,1,1.0,2020,7,100.0,94.25093354022303,5.749066459776969,1.0,False
56.0,0.0,240.0,37.0,46.0,0.0,0.0,1.0,0.0,2,0,0.0,0,3.0,D,45,1,1.0,2021,7,37.0,37.36673990941142,-0.36673990941142165,1.0,False
36.0,60.0,240.0,240.0,240.0,7.0,9.0,4.0,3.0,1,0,0.0,0,5.0,D,64,1,1.0,2022,7,120.0,162.67673711608083,-42.67673711608083,3.0,True
29.0,60.0,240.0,151.0,188.0,0.0,0.0,1.0,0.0,1,0,0.0,0,3.0,D,79,1,1.0,2025,7,78.0,85.13123178372344,-7.131231783723436,1.0,False
39.0,0.0,240.0,108.0,135.0,3.0,3.0,2.0,0.0,1,0,0.0,0,1.0,D,12,1,1.0,2023,7,96.0,82.9759928618862,13.024007138113802,3.0,True
35.0,60.0,240.0,151.0,188.0,0.0,0.0,1.0,3.0,3,0,0.0,0,3.0,D,41,1,1.0,2024,7,144.0,130.2114297608705,13.788570239129513,3.0,True
24.0,60.0,240.0,151.0,188.0,0.0,0.0,1.0,0.0,1,0,0.0,0,5.0,D,42,1,3.0,2025,7,170.0,122.89996153714834,47.10003846285166,3.0,True
19.0,0.0,240.0,97.0,121.0,0.0,0.0,1.0,0.0,1,0,0.0,0,5.0,D,30,1,1.0,2025,7,84.0,56.18840036767458,27.811599632325418,1.0,False
48.0,0.0,120.0,97.0,120.0,0.0,0.0,1.0,0.0,1,0,0.0,0,5.0,D,16,1,1.0,2025,7,54.0,59.57653632456451,-5.576536324564508,3.0,True
58.0,60.0,240.0,151.0,188.0,0.0,0.0,1.0,0.0,2,0,0.0,0,3.0,D,61,1,1.0,2021,7,121.0,113.26917855054475,7.730821449455249,1.0,False
46.0,0.0,240.0,78.0,97.0,0.0,0.0,1.0,2.0,2,0,0.0,0,5.0,D,30,1,1.0,2024,7,97.0,70.17641834541156,26.823581654588438,3.0,True
24.0,0.0,240.0,97.0,121.0,0.0,0.0,1.0,0.0,1,0,0.0,0,6.0,D,40,1,3.0,2022,7,97.0,90.5273184509185,6.4726815490815,6.0,False
43.0,60.0,240.0,168.0,210.0,2.0,2.0,2.0,1.0,1,0,0.0,0,5.0,D,80,1,1.0,2020,7,96.0,105.61967646185235,-9.61967646185235,1.0,False
22.0,0.0,240.0,63.0,78.0,0.0,0.0,1.0,0.0,1,0,0.0,0,3.0,D,76,1,1.0,2022,7,51.0,43.75620087539985,7.243799124600152,1.0,False
59.0,0.0,240.0,51.0,63.0,0.0,0.0,1.0,0.0,1,0,0.0,0,6.0,D,15,1,1.0,2025,7,48.0,40.81820249448433,7.181797505515668,1.0,False
30.0,0.0,120.0,235.0,240.0,4.0,4.0,3.0,2.0,2,0,0.0,0,3.0,D,69,3,1.0,2023,7,120.0,175.0068951883172,-55.0068951883172,1.0,False
37.0,60.0,240.0,121.0,151.0,2.0,4.0,3.0,0.0,1,0,0.0,0,1.0,D,66,1,1.0,2023,7,108.0,95.53368600366002,12.466313996339977,1.0,False
51.0,0.0,240.0,78.0,97.0,0.0,0.0,1.0,1.0,1,0,0.0,0,6.0,D,74,1,1.0,2022,7,46.0,51.41650548419005,-5.416505484190047,1.0,False
62.0,120.0,240.0,168.0,210.0,3.0,3.0,2.0,0.0,1,0,0.0,0,3.0,D,25,1,1.0,2020,7,168.0,146.36747265115937,21.632527348840625,1.0,False
29.0,60.0,240.0,151.0,188.0,0.0,0.0,1.0,0.0,1,0,0.0,0,3.0,D,90,1,1.0,2025,7,114.0,99.70149285341265,14.298507146587355,2.0,True
38.0,0.0,240.0,78.0,97.0,0.0,0.0,1.0,0.0,1,0,0.0,0,6.0,D,73,1,1.0,2024,7,42.0,44.81016238810472,-2.8101623881047217,6.0,False
33.0,60.0,240.0,97.0,121.0,0.0,0.0,1.0,1.0,2,0,0.0,0,5.0,D,30,1,1.0,2025,7,97.0,93.00221580492686,3.9977841950731374,3.0,True
39.0,60.0,240.0,120.0,150.0,13.0,13.0,6.0,1.0,1,0,0.0,0,5.0,D,14,1,1.0,2022,7,120.0,109.49831028789961,10.501689712100386,1.0,False
25.0,60.0,240.0,240.0,240.0,0.0,0.0,1.0,0.0,1,0,0.0,0,5.0,D,30,1,3.0,2024,7,220.0,182.8033756149572,37.19662438504281,3.0,True
65.0,0.0,240.0,78.0,97.0,0.0,0.0,1.0,0.0,1,0,0.0,0,3.0,D,83,1,1.0,2023,7,66.0,48.34844014769866,17.65155985230134,1.0,False
48.0,0.0,120.0,78.0,97.0,0.0,0.0,1.0,0.0,1,0,0.0,0,6.0,D,16,1,1.0,2024,7,0.03,49.38470342640397,-49.35470342640397,1.0,False
28.0,0.0,240.0,63.0,78.0,0.0,0.0,1.0,1.0,1,0,0.0,0,3.0,D,33,1,1.0,2023,7,63.0,54.41511652897477,8.584883471025229,2.0,True
35.0,60.0,240.0,60.0,60.0,0.0,0.0,1.0,2.0,1,0,0.0,0,6.0,D,85,1,1.0,2020,7,87.0,66.32866209131163,20.671337908688372,1.0,False
58.0,60.0,240.0,78.0,97.0,0.0,0.0,1.0,1.0,1,0,0.0,0,5.0,D,22,1,1.0,2023,7,60.0,61.86260542485602,-1.8626054248560209,1.0,False
28.0,180.0,480.0,180.0,180.0,2.0,4.0,3.0,0.0,1,0,0.0,0,5.0,D,29,1,1.0,2022,7,180.0,169.82764535018657,10.172354649813428,1.0,False
76.0,60.0,240.0,78.0,97.0,0.0,0.0,1.0,0.0,1,0,0.0,0,6.0,D,63,1,1.0,2022,7,60.0,68.41891443670777,-8.418914436707766,1.0,False
35.0,0.0,240.0,78.0,97.0,0.0,0.0,1.0,0.0,1,0,0.0,0,5.0,D,32,1,1.0,2022,7,36.0,43.35259817811177,-7.352598178111769,1.0,False
33.0,0.0,240.0,97.0,121.0,0.0,0.0,1.0,0.0,1,0,0.0,0,5.0,D,27,1,1.0,2024,7,97.0,77.02271878375414,19.977281216245856,1.0,False
40.0,60.0,240.0,168.0,210.0,3.0,3.0,2.0,1.0,1,0,0.0,0,3.0,D,36,1,1.0,2025,7,168.0,157.90535729898787,10.094642701012134,1.0,False
21.0,60.0,240.0,210.0,240.0,0.0,0.0,1.0,0.0,1,0,0.0,0,3.0,D,70,1,1.0,2021,7,120.0,114.95448065160068,5.045519348399324,3.0,True
38.0,0.0,240.0,78.0,97.0,0.0,0.0,1.0,3.0,1,0,0.0,0,3.0,D,61,1,1.0,2020,7,72.0,51.68619230616802,20.313807693831983,1.0,False
66.0,60.0,240.0,151.0,188.0,0.0,0.0,1.0,0.0,1,0,0.0,0,6.0,D,22,1,1.0,2023,7,80.0,68.30137612528817,11.698623874711828,1.0,False
35.0,60.0,240.0,240.0,240.0,2.0,2.0,2.0,1.0,1,0,0.0,0,3.0,D,39,1,1.0,2024,7,240.0,232.6411081308047,7.358891869195304,3.0,True
47.0,120.0,240.0,168.0,210.0,4.0,4.0,3.0,0.0,1,0,0.0,0,3.0,D,18,1,1.0,2023,7,168.0,152.3244662063895,15.675533793610498,1.0,False
46.0,60.0,240.0,97.0,121.0,0.0,0.0,1.0,5.0,3,0,0.0,0,6.0,D,85,1,1.0,2022,7,60.0,88.78608896258989,-28.786088962589886,6.0,False
31.0,0.0,240.0,188.0,235.0,20.0,22.0,6.0,0.0,1,0,0.0,0,5.0,D,69,3,1.0,2022,7,180.0,145.08336971931553,34.91663028068447,1.0,False
39.0,60.0,240.0,121.0,151.0,0.0,0.0,1.0,0.0,1,0,0.0,0,5.0,D,29,1,1.0,2024,7,96.0,91.51490666348852,4.485093336511483,3.0,True
36.0,60.0,240.0,121.0,151.0,0.0,0.0,1.0,0.0,1,0,0.0,0,5.0,D,42,1,1.0,2021,7,60.0,111.32141710176266,-51.32141710176266,3.0,True
45.0,60.0,240.0,151.0,188.0,1.0,1.0,1.0,1.0,2,0,1.0,0,3.0,D,79,1,1.0,2021,7,70.0,110.87617793838203,-40.87617793838203,1.0,False
26.0,0.0,240.0,97.0,121.0,0.0,0.0,1.0,0.0,1,0,0.0,0,3.0,D,5,1,1.0,2024,7,24.0,41.302957278738525,-17.302957278738525,1.0,False
55.0,60.0,240.0,151.0,188.0,0.0,0.0,1.0,0.0,1,0,0.0,0,5.0,D,66,1,1.0,2025,7,78.0,100.10463587340071,-22.10463587340071,1.0,False
39.0,120.0,240.0,120.0,121.0,3.0,5.0,3.0,0.0,1,0,0.0,0,3.0,D,30,1,1.0,2021,7,121.0,130.75741507020993,-9.75741507020993,1.0,False
22.0,0.0,120.0,24.0,30.0,0.0,0.0,1.0,0.0,1,0,0.0,0,3.0,D,95,1,1.0,2024,7,12.0,18.929931550638493,-6.929931550638493,6.0,False
44.0,60.0,240.0,97.0,121.0,0.0,0.0,1.0,0.0,1,0,0.0,0,6.0,D,57,1,1.0,2022,7,60.0,75.32966625151492,-15.329666251514922,1.0,False
34.0,120.0,240.0,120.0,137.0,7.0,8.0,4.0,0.0,1,0,0.0,0,5.0,D,32,1,1.0,2024,7,123.2,118.87877439206258,4.321225607937421,1.0,False
35.0,180.0,480.0,262.0,327.0,3.0,3.0,5.0,1.0,1,0,0.0,0,3.0,D,66,1,1.0,2020,7,240.0,234.00957503320365,5.990424966796354,1.0,False
49.0,0.0,240.0,78.0,97.0,0.0,0.0,1.0,1.0,1,0,0.0,0,5.0,D,26,1,1.0,2021,7,78.0,77.01551828541507,0.9844817145849305,1.0,False
50.0,180.0,480.0,180.0,180.0,3.0,5.0,3.0,0.0,1,0,0.0,0,3.0,D,65,1,1.0,2023,7,180.0,183.27331163000315,-3.2733116300031497,1.0,False
31.0,0.0,120.0,120.0,120.0,2.0,2.0,2.0,3.0,1,0,0.0,0,1.0,D,87,1,1.0,2025,7,120.0,98.74800322660765,21.25199677339235,1.0,False
46.0,0.0,120.0,97.0,120.0,3.0,4.0,3.0,1.0,1,0,0.0,0,5.0,D,18,1,1.0,2021,7,50.0,69.97838066944156,-19.978380669441563,1.0,False
51.0,60.0,240.0,151.0,188.0,0.0,0.0,1.0,3.0,1,0,0.0,0,3.0,D,14,1,1.0,2023,7,151.0,104.29503691543032,46.704963084569684,1.0,False
38.0,180.0,480.0,262.0,327.0,3.0,5.0,3.0,2.0,1,0,0.0,0,5.0,D,18,1,1.0,2021,7,327.0,255.3566799661725,71.64332003382751,2.0,True
66.0,180.0,480.0,180.0,180.0,3.0,3.0,2.0,0.0,1,0,0.0,0,3.0,D,20,1,1.0,2021,7,180.0,172.2839102960273,7.716089703972699,2.0,True
56.0,0.0,240.0,78.0,97.0,0.0,0.0,1.0,0.0,1,0,0.0,0,6.0,D,9,1,1.0,2020,7,34.0,45.003454292191456,-11.003454292191456,1.0,False
27.0,60.0,240.0,151.0,188.0,0.0,0.0,1.0,0.0,1,0,0.0,0,5.0,D,72,1,1.0,2023,7,175.0,148.20494459023465,26.795055409765354,1.0,False
32.0,0.0,120.0,97.0,120.0,0.0,0.0,1.0,2.0,1,0,0.0,0,5.0,D,48,1,1.0,2023,7,48.0,59.430118802399775,-11.430118802399775,1.0,False
23.0,0.0,240.0,135.0,168.0,0.0,0.0,1.0,0.0,1,0,0.0,0,3.0,D,62,1,1.0,2025,7,60.0,90.35257782443902,-30.352577824439024,1.0,False
45.0,60.0,240.0,168.0,210.0,3.0,3.0,2.0,0.0,1,0,0.0,0,1.0,D,50,1,1.0,2025,7,168.0,124.84107016436711,43.15892983563289,1.0,False
31.0,120.0,240.0,120.0,120.0,3.0,5.0,3.0,0.0,1,0,0.0,0,3.0,D,76,1,1.0,2020,7,120.0,118.53955956078221,1.4604404392177912,1.0,False
25.0,0.0,240.0,97.0,121.0,0.0,0.0,1.0,1.0,1,0,0.0,0,3.0,D,41,1,1.0,2022,7,78.0,68.33599246769376,9.664007532306243,1.0,False
38.0,0.0,240.0,46.0,57.0,0.0,0.0,1.0,0.0,1,0,0.0,0,5.0,D,48,1,1.0,2024,7,18.0,35.008700025274656,-17.008700025274656,2.0,True
64.0,180.0,480.0,180.0,180.0,3.0,5.0,3.0,0.0,2,0,0.0,0,3.0,D,22,3,1.0,2022,7,180.0,165.88846062796517,14.111539372034827,1.0,False
23.0,60.0,240.0,108.0,135.0,0.0,0.0,1.0,0.0,1,0,0.0,0,3.0,D,45,1,1.0,2021,7,66.0,79.95488664013797,-13.954886640137971,1.0,False
55.0,0.0,240.0,78.0,97.0,0.0,0.0,1.0,1.0,1,0,0.0,0,5.0,D,48,1,1.0,2024,7,70.0,49.61017566703882,20.389824332961183,1.0,False
22.0,60.0,240.0,151.0,188.0,0.0,0.0,1.0,0.0,2,0,0.0,0,5.0,D,45,1,1.0,2023,7,74.0,103.53090878164849,-29.530908781648492,1.0,False
38.0,0.0,60.0,18.0,24.0,13.0,15.0,6.0,0.0,1,0,0.0,0,5.0,D,74,1,1.0,2022,8,14.89,21.009869169017296,-6.119869169017296,6.0,False
48.0,0.0,240.0,97.0,121.0,0.0,0.0,1.0,2.0,1,0,0.0,0,5.0,D,65,1,1.0,2022,7,60.0,64.84124818760681,-4.8412481876068085,1.0,False
46.0,0.0,240.0,33.0,41.0,2.0,2.0,2.0,0.0,1,0,0.0,0,3.0,D,63,1,1.0,2020,7,35.0,47.677267432427186,-12.677267432427186,1.0,False
22.0,120.0,240.0,120.0,120.0,3.0,3.0,2.0,0.0,1,0,0.0,0,1.0,D,29,1,1.0,2023,7,120.0,113.38547271576753,6.614527284232466,1.0,False
36.0,60.0,240.0,151.0,188.0,0.0,0.0,1.0,2.0,1,0,0.0,0,3.0,D,39,1,1.0,2022,7,204.0,160.51343267447308,43.48656732552692,1.0,False
52.0,0.0,240.0,78.0,97.0,0.0,0.0,1.0,1.0,1,0,0.0,0,3.0,D,25,1,1.0,2023,7,78.0,52.35683254520853,25.643167454791467,1.0,False
32.0,60.0,240.0,121.0,151.0,0.0,0.0,1.0,0.0,1,0,0.0,0,3.0,D,84,1,1.0,2021,7,121.0,93.9420246209776,27.057975379022395,1.0,False
52.0,0.0,240.0,78.0,97.0,0.0,0.0,1.0,,1,0,0.0,0,6.0,D,74,1,1.0,2020,7,78.0,48.69594182027666,29.30405817972334,1.0,False
23.0,60.0,240.0,151.0,188.0,0.0,0.0,1.0,0.0,1,0,0.0,0,5.0,D,70,1,1.0,2020,7,109.0,85.43374952665627,23.56625047334373,1.0,False
49.0,60.0,240.0,168.0,210.0,7.0,7.0,4.0,2.0,1,0,0.0,0,5.0,D,57,1,1.0,2022,7,96.0,138.96673988143527,-42.966739881435274,1.0,False
21.0,0.0,240.0,97.0,121.0,0.0,0.0,1.0,0.0,1,0,0.0,0,3.0,D,87,1,1.0,2025,7,70.0,59.768107846023376,10.231892153976624,3.0,True
53.0,120.0,240.0,135.0,168.0,6.0,8.0,4.0,0.0,1,0,0.0,0,5.0,D,9,1,1.0,2022,7,135.0,134.9982438261152,0.0017561738847859942,1.0,False
39.0,300.0,600.0,1080.0,1080.0,7.0,9.0,4.0,3.0,2,0,0.0,0,3.0,D,47,1,1.0,2021,7,420.0,608.6106863739602,-188.61068637396022,1.0,False
59.0,180.0,480.0,210.0,262.0,0.0,0.0,1.0,1.0,1,0,0.0,0,3.0,D,66,1,1.0,2020,7,240.0,189.11433882615225,50.88566117384775,1.0,False
35.0,60.0,240.0,240.0,240.0,0.0,0.0,1.0,0.0,1,0,0.0,0,5.0,D,48,1,1.0,2020,7,192.0,148.8922178497719,43.107782150228104,1.0,False
44.0,0.0,240.0,168.0,210.0,0.0,0.0,1.0,0.0,2,0,0.0,0,3.0,D,29,3,1.0,2020,7,168.0,142.4129973248005,25.5870026751995,1.0,False
31.0,0.0,240.0,78.0,97.0,0.0,0.0,1.0,0.0,1,0,0.0,0,5.0,D,74,1,1.0,2021,7,44.0,47.15080937707517,-3.15080937707517,3.0,True
35.0,120.0,240.0,120.0,120.0,4.0,6.0,3.0,0.0,1,0,0.0,0,5.0,D,58,1,1.0,2023,7,120.0,121.23510148365857,-1.2351014836585676,1.0,False
29.0,0.0,240.0,87.0,108.0,0.0,0.0,1.0,0.0,1,0,0.0,0,1.0,D,31,1,1.0,2020,7,60.0,60.75158065821285,-0.7515806582128519,3.0,True
33.0,0.0,240.0,121.0,151.0,4.0,4.0,3.0,1.0,1,0,0.0,0,3.0,D,48,1,1.0,2022,7,60.0,93.42505924013635,-33.42505924013635,1.0,False
27.0,120.0,240.0,121.0,151.0,3.0,5.0,3.0,0.0,1,0,0.0,0,5.0,D,1,1,1.0,2022,7,120.0,104.06605519204096,15.933944807959037,1.0,False
51.0,60.0,240.0,151.0,188.0,0.0,0.0,1.0,0.0,1,0,0.0,0,5.0,D,96,1,1.0,2023,7,97.0,104.46630557207766,-7.466305572077658,1.0,False
34.0,60.0,240.0,151.0,188.0,0.0,0.0,1.0,2.0,2,0,0.0,0,3.0,D,19,1,1.0,2021,7,92.0,120.90390491959026,-28.90390491959026,1.0,False
40.0,0.0,120.0,78.0,97.0,1.0,1.0,1.0,0.0,1,0,0.0,0,6.0,D,45,1,1.0,2023,7,24.0,50.52528413168485,-26.52528413168485,1.0,False
35.0,180.0,360.0,210.0,262.0,0.0,0.0,1.0,0.0,3,0,0.0,0,5.0,D,56,1,1.0,2021,7,180.0,199.87768494560333,-19.877684945603335,1.0,False
43.0,60.0,240.0,168.0,210.0,3.0,3.0,2.0,0.0,4,0,0.0,0,3.0,D,79,1,1.0,2024,7,168.0,127.5645450034182,40.4354549965818,1.0,False
32.0,60.0,240.0,240.0,240.0,0.0,0.0,1.0,3.0,1,0,0.0,0,3.0,D,66,1,1.0,2023,7,180.0,162.04482816772517,17.95517183227483,1.0,False
33.0,0.0,240.0,41.0,51.0,0.0,0.0,1.0,0.0,1,0,0.0,0,6.0,D,31,1,1.0,2020,7,48.0,31.37044428372399,16.62955571627601,3.0,True
48.0,120.0,240.0,120.0,120.0,3.0,3.0,2.0,2.0,1,0,0.0,0,3.0,D,77,1,1.0,2025,7,120.0,127.07720104983797,-7.077201049837967,1.0,False
38.0,60.0,240.0,168.0,210.0,2.0,2.0,2.0,2.0,1,0,0.0,0,5.0,D,47,1,1.0,2023,7,108.0,139.854878583137,-31.85487858313701,1.0,False
35.0,60.0,240.0,97.0,121.0,0.0,0.0,1.0,0.0,1,0,0.0,0,5.0,D,68,1,1.0,2020,7,120.0,73.46060076551655,46.539399234483454,1.0,False
56.0,0.0,240.0,41.0,51.0,0.0,0.0,1.0,0.0,2,0,0.0,0,3.0,D,39,1,1.0,2025,7,72.0,56.10954865291231,15.89045134708769,3.0,True
33.0,0.0,240.0,97.0,121.0,0.0,0.0,1.0,0.0,1,0,0.0,0,5.0,D,41,1,1.0,2023,7,36.0,65.9284088372223,-29.928408837222307,1.0,False
35.0,60.0,240.0,151.0,188.0,2.0,4.0,3.0,1.0,1,0,0.0,0,3.0,D,64,1,1.0,2020,7,108.0,103.63113111173348,4.368868888266519,1.0,False
34.0,180.0,480.0,180.0,210.0,3.0,3.0,5.0,0.0,3,0,0.0,0,5.0,D,13,1,1.0,2021,7,180.0,194.06422023310796,-14.06422023310796,2.0,True
31.0,60.0,240.0,151.0,188.0,0.0,0.0,1.0,0.0,1,0,0.0,0,1.0,D,43,1,1.0,2023,7,136.0,108.89286852519268,27.107131474807318,1.0,False
54.0,0.0,240.0,87.0,108.0,0.0,0.0,1.0,3.0,1,0,0.0,0,5.0,D,65,1,1.0,2025,7,36.0,67.25526035833467,-31.255260358334667,1.0,False
38.0,0.0,360.0,210.0,262.0,0.0,0.0,1.0,0.0,5,0,0.0,0,3.0,D,81,1,1.0,2022,7,300.0,108.8983849038062,191.1016150961938,1.0,False
32.0,120.0,240.0,120.0,125.0,13.0,13.0,6.0,0.0,2,0,0.0,0,3.0,D,56,1,1.0,2020,7,120.0,126.71768246364466,-6.717682463644664,1.0,False
57.0,0.0,120.0,51.0,63.0,0.0,0.0,1.0,0.0,1,0,0.0,0,5.0,D,0,1,1.0,2024,7,0.03,39.02347336380615,-38.993473363806146,1.0,False
33.0,60.0,240.0,97.0,121.0,0.0,0.0,1.0,0.0,1,0,0.0,0,1.0,D,84,1,1.0,2024,7,168.0,85.19492560322003,82.80507439677997,3.0,True
54.0,60.0,240.0,210.0,240.0,0.0,0.0,1.0,0.0,1,0,0.0,0,6.0,D,57,1,1.0,2020,7,96.0,132.04764244379695,-36.047642443796946,1.0,False
36.0,120.0,240.0,120.0,121.0,2.0,2.0,2.0,2.0,1,0,0.0,0,1.0,D,88,1,1.0,2023,7,84.0,102.17174827006752,-18.171748270067525,1.0,False
27.0,0.0,240.0,97.0,121.0,2.0,2.0,2.0,1.0,1,0,0.0,0,5.0,D,71,1,1.0,2022,7,48.0,55.23587136625756,-7.235871366257562,1.0,False
54.0,0.0,240.0,63.0,78.0,0.0,0.0,1.0,0.0,1,0,0.0,0,3.0,D,7,1,1.0,2024,7,0.03,26.439715624232374,-26.409715624232373,2.0,True
31.0,0.0,120.0,97.0,120.0,0.0,0.0,1.0,0.0,1,0,0.0,0,5.0,D,8,1,1.0,2024,7,0.03,33.80622750830778,-33.77622750830778,3.0,True
47.0,0.0,60.0,12.0,18.0,0.0,0.0,1.0,,2,0,0.0,0,5.0,C,19,1,1.0,2023,8,16.0,18.814868414330395,-2.8148684143303946,2.0,True
30.0,60.0,240.0,168.0,210.0,0.0,0.0,1.0,2.0,2,0,0.0,0,3.0,D,31,3,2.0,2023,7,168.0,141.32491663112054,26.675083368879456,2.0,True
36.0,60.0,240.0,151.0,188.0,0.0,0.0,1.0,0.0,1,0,0.0,0,3.0,D,66,1,1.0,2024,7,88.0,98.08119137398329,-10.081191373983287,1.0,False
49.0,120.0,240.0,120.0,135.0,3.0,3.0,2.0,0.0,1,0,0.0,0,3.0,D,20,1,1.0,2025,7,120.0,114.3251984853952,5.674801514604795,1.0,False
33.0,60.0,240.0,97.0,121.0,0.0,0.0,1.0,0.0,1,0,0.0,0,6.0,D,41,1,3.0,2024,7,97.0,80.95294999442231,16.047050005577688,3.0,True
61.0,60.0,240.0,235.0,240.0,0.0,0.0,1.0,0.0,1,0,0.0,0,5.0,D,29,1,1.0,2024,7,108.0,159.12285987070635,-51.12285987070635,1.0,False
39.0,0.0,240.0,108.0,135.0,2.0,2.0,2.0,0.0,1,0,0.0,0,3.0,D,41,1,1.0,2024,7,100.0,92.16549686514583,7.834503134854174,1.0,False
67.0,0.0,120.0,46.0,57.0,0.0,0.0,1.0,2.0,1,0,0.0,0,6.0,D,10,1,1.0,2020,7,24.0,1.0880780733721964,22.911921926627805,1.0,False
68.0,60.0,240.0,121.0,151.0,0.0,0.0,1.0,1.0,1,0,0.0,0,5.0,D,55,1,1.0,2020,7,84.0,101.63586300277612,-17.63586300277612,1.0,False
26.0,0.0,240.0,78.0,97.0,0.0,0.0,1.0,0.0,1,0,0.0,0,1.0,D,31,1,1.0,2020,7,48.0,45.848242973417555,2.1517570265824446,3.0,True
24.0,60.0,240.0,97.0,121.0,0.0,0.0,1.0,0.0,2,0,0.0,0,3.0,D,41,1,1.0,2022,7,78.0,85.49154702129246,-7.491547021292462,1.0,False
33.0,60.0,240.0,151.0,188.0,0.0,0.0,1.0,0.0,1,0,0.0,0,5.0,D,18,1,1.0,2022,7,70.0,98.69198412321977,-28.69198412321977,1.0,False
31.0,180.0,480.0,235.0,293.0,3.0,3.0,2.0,0.0,6,0,0.0,0,3.0,D,6,1,1.0,2025,7,180.0,228.86998635085487,-48.86998635085487,1.0,False
23.0,0.0,240.0,78.0,97.0,0.0,0.0,1.0,0.0,1,0,0.0,0,5.0,D,73,1,1.0,2020,7,18.0,33.124045212475615,-15.124045212475615,1.0,False
39.0,60.0,240.0,151.0,188.0,0.0,0.0,1.0,1.0,1,0,0.0,0,3.0,D,22,1,1.0,2022,7,96.0,88.28823793816983,7.711762061830171,2.0,True
41.0,0.0,240.0,78.0,97.0,0.0,0.0,1.0,1.0,1,0,0.0,0,5.0,D,65,1,1.0,2023,7,72.0,50.71411590148693,21.285884098513073,1.0,False
47.0,60.0,240.0,151.0,188.0,0.0,0.0,1.0,0.0,1,0,0.0,0,5.0,D,22,1,1.0,2023,7,72.0,81.89220734093641,-9.892207340936409,1.0,False
51.0,0.0,240.0,78.0,97.0,0.0,0.0,1.0,0.0,1,0,0.0,0,6.0,D,4,1,1.0,2021,7,12.03,50.60209951630774,-38.57209951630774,3.0,True
63.0,0.0,240.0,78.0,97.0,0.0,0.0,1.0,0.0,1,0,0.0,0,5.0,D,31,1,1.0,2024,7,60.0,54.4115975721536,5.588402427846397,1.0,False
52.0,0.0,240.0,78.0,97.0,0.0,0.0,1.0,0.0,1,0,0.0,0,5.0,D,83,1,1.0,2022,7,63.0,49.05653012505119,13.94346987494881,1.0,False
58.0,0.0,240.0,78.0,97.0,0.0,0.0,1.0,1.0,1,0,0.0,0,6.0,D,9,1,1.0,2025,7,97.0,52.2998788772898,44.7001211227102,1.0,False
27.0,120.0,240.0,121.0,151.0,4.0,6.0,3.0,0.0,1,0,0.0,0,5.0,D,9,1,1.0,2020,7,121.0,110.81613162252278,10.183868377477225,1.0,False
31.0,120.0,240.0,120.0,121.0,2.0,2.0,2.0,0.0,1,0,0.0,0,5.0,D,16,1,1.0,2025,7,120.0,117.73577726016885,2.2642227398311547,1.0,False
47.0,60.0,240.0,151.0,188.0,0.0,0.0,1.0,0.0,2,0,0.0,0,5.0,D,47,1,1.0,2025,7,121.0,118.10543835415768,2.894561645842316,1.0,False
32.0,60.0,240.0,151.0,188.0,0.0,0.0,1.0,0.0,1,0,0.0,0,5.0,D,79,1,1.0,2024,7,60.0,82.03938084364076,-22.039380843640757,1.0,False
27.0,60.0,240.0,292.0,365.0,0.0,0.0,1.0,0.0,2,0,0.0,0,6.0,D,32,1,3.0,2021,7,120.0,136.8606105811222,-16.860610581122188,6.0,False
43.0,60.0,240.0,151.0,188.0,0.0,0.0,1.0,3.0,2,0,0.0,0,3.0,D,89,1,1.0,2023,7,128.0,106.58895225999136,21.41104774000864,1.0,False
52.0,120.0,240.0,121.0,151.0,6.0,6.0,3.0,0.0,1,0,0.0,0,5.0,D,39,1,1.0,2021,7,151.0,148.1606919587301,2.839308041269902,1.0,False
49.0,60.0,240.0,121.0,151.0,3.0,5.0,3.0,0.0,1,0,0.0,0,5.0,D,61,1,1.0,2021,7,87.0,102.34420217235561,-15.344202172355608,1.0,False
22.0,60.0,240.0,60.0,60.0,2.0,2.0,2.0,0.0,1,0,0.0,0,3.0,D,69,1,1.0,2020,7,60.0,62.99204724051222,-2.992047240512221,3.0,True
22.0,0.0,240.0,97.0,121.0,0.0,0.0,1.0,0.0,1,0,0.0,0,3.0,D,30,1,1.0,2024,7,72.0,61.54633256880245,10.453667431197552,1.0,False
37.0,0.0,240.0,78.0,97.0,0.0,0.0,1.0,0.0,1,0,0.0,0,5.0,D,9,1,1.0,2025,7,36.0,49.56458359093676,-13.564583590936763,1.0,False
61.0,0.0,240.0,151.0,188.0,0.0,0.0,1.0,0.0,2,0,0.0,0,6.0,D,31,1,1.0,2024,7,120.0,114.82272820021083,5.1772717997891675,3.0,True
40.0,180.0,480.0,235.0,293.0,12.0,12.0,5.0,0.0,2,0,0.0,0,3.0,D,52,1,1.0,2024,7,220.0,248.06273878811595,-28.06273878811595,1.0,False
53.0,180.0,480.0,292.0,365.0,6.0,8.0,4.0,0.0,1,0,0.0,0,5.0,D,16,1,1.0,2020,7,230.0,239.8760855485539,-9.876085548553903,3.0,True
46.0,60.0,240.0,121.0,151.0,0.0,0.0,1.0,1.0,1,0,0.0,0,6.0,D,31,1,1.0,2022,7,151.0,94.48434625147637,56.51565374852363,3.0,True
46.0,120.0,240.0,120.0,120.0,3.0,3.0,2.0,0.0,1,0,0.0,0,5.0,D,37,1,1.0,2023,7,120.0,126.64192670908547,-6.6419267090854675,1.0,False
52.0,60.0,240.0,78.0,97.0,0.0,0.0,1.0,0.0,1,0,0.0,0,1.0,D,55,1,1.0,2024,7,78.0,77.6584633412491,0.341536658750897,1.0,False
50.0,60.0,240.0,151.0,188.0,0.0,0.0,1.0,1.0,6,0,0.0,0,6.0,D,17,1,1.0,2023,7,156.0,155.88206802389516,0.11793197610484185,6.0,False
34.0,0.0,240.0,78.0,97.0,0.0,0.0,1.0,0.0,1,0,0.0,0,3.0,D,67,1,1.0,2024,7,63.0,52.29353033398632,10.706469666013682,6.0,False
36.0,60.0,240.0,235.0,240.0,1.0,3.0,2.0,0.0,1,0,0.0,0,3.0,D,42,1,1.0,2022,7,235.0,183.32845686538235,51.67154313461765,1.0,False
44.0,0.0,240.0,78.0,97.0,0.0,0.0,1.0,0.0,1,0,0.0,0,3.0,D,76,1,1.0,2024,7,63.0,53.18914369901048,9.81085630098952,1.0,False
34.0,60.0,240.0,240.0,240.0,0.0,0.0,1.0,0.0,1,0,0.0,0,3.0,D,58,1,1.0,2020,7,150.0,157.6059115193807,-7.605911519380697,1.0,False
46.0,120.0,240.0,120.0,120.0,3.0,3.0,2.0,0.0,1,0,0.0,0,3.0,D,30,1,1.0,2024,7,120.0,133.1759615858172,-13.175961585817191,1.0,False
59.0,60.0,240.0,97.0,121.0,0.0,0.0,1.0,1.0,1,0,0.0,0,5.0,D,40,1,1.0,2021,7,97.0,100.39428377051705,-3.394283770517049,1.0,False
54.0,60.0,240.0,210.0,240.0,0.0,0.0,1.0,0.0,1,0,0.0,0,6.0,D,39,1,1.0,2022,7,120.0,203.28846427611887,-83.28846427611887,1.0,False
36.0,60.0,240.0,151.0,188.0,0.0,0.0,1.0,,1,0,0.0,0,5.0,D,19,1,1.0,2020,7,121.0,98.99967890490414,22.000321095095856,1.0,False
40.0,60.0,240.0,97.0,121.0,0.0,0.0,1.0,1.0,1,0,0.0,0,1.0,D,41,1,2.0,2024,7,72.0,88.67907647728728,-16.679076477287282,3.0,True
33.0,60.0,240.0,210.0,240.0,0.0,0.0,1.0,0.0,1,0,0.0,0,5.0,D,39,1,2.0,2024,7,210.0,200.73553943466783,9.264460565332172,3.0,True
50.0,0.0,240.0,78.0,97.0,0.0,0.0,1.0,0.0,1,0,0.0,0,3.0,D,25,1,1.0,2023,7,120.0,51.71554704885964,68.28445295114037,1.0,False
49.0,120.0,240.0,120.0,121.0,3.0,5.0,3.0,4.0,1,0,0.0,0,6.0,D,39,1,1.0,2020,7,121.0,140.59409633033638,-19.594096330336384,1.0,False
49.0,60.0,240.0,108.0,135.0,3.0,3.0,2.0,0.0,1,0,0.0,0,3.0,D,61,1,1.0,2022,7,78.0,91.3764801242417,-13.376480124241695,1.0,False
33.0,60.0,240.0,151.0,188.0,0.0,0.0,1.0,0.0,1,0,0.0,0,3.0,D,17,1,1.0,2024,7,188.0,115.17942587522487,72.82057412477513,1.0,False
52.0,0.0,120.0,24.0,30.0,0.0,0.0,1.0,0.0,1,0,0.0,0,5.0,D,69,1,1.0,2020,7,48.0,21.019065463304695,26.980934536695305,1.0,False
40.0,180.0,480.0,188.0,235.0,7.0,8.0,4.0,0.0,1,0,0.0,0,5.0,D,67,1,1.0,2025,7,200.0,245.34242380123527,-45.34242380123527,1.0,False
67.0,0.0,240.0,51.0,63.0,0.0,0.0,1.0,0.0,1,0,0.0,0,6.0,D,52,1,1.0,2025,7,42.0,38.30746344828743,3.6925365517125712,1.0,False
35.0,0.0,240.0,97.0,121.0,0.0,0.0,1.0,0.0,1,0,0.0,0,6.0,D,24,1,1.0,2021,7,46.0,67.38408171355104,-21.38408171355104,1.0,False
35.0,0.0,240.0,78.0,97.0,0.0,0.0,1.0,3.0,1,0,0.0,0,5.0,D,85,1,1.0,2022,7,48.0,52.735564824736265,-4.735564824736265,1.0,False
51.0,60.0,240.0,121.0,151.0,0.0,0.0,1.0,0.0,1,0,0.0,0,3.0,D,48,1,1.0,2022,7,102.0,88.47917338796258,13.520826612037425,1.0,False
22.0,60.0,240.0,97.0,121.0,0.0,0.0,1.0,0.0,2,0,0.0,0,5.0,D,22,1,1.0,2024,7,60.0,70.1331414319076,-10.133141431907603,3.0,True
53.0,60.0,240.0,121.0,151.0,4.0,4.0,3.0,0.0,1,0,0.0,0,3.0,D,66,1,2.0,2024,7,108.0,103.332116694415,4.6678833055849935,6.0,False
61.0,0.0,240.0,97.0,121.0,0.0,0.0,1.0,1.0,1,0,0.0,0,6.0,D,81,1,1.0,2021,7,30.0,33.6770862147113,-3.677086214711302,1.0,False
52.0,0.0,240.0,70.0,87.0,0.0,0.0,1.0,1.0,1,0,0.0,0,5.0,D,48,1,1.0,2020,7,18.0,44.817627869493485,-26.817627869493485,1.0,False
36.0,60.0,240.0,151.0,188.0,0.0,0.0,1.0,0.0,1,0,0.0,0,6.0,D,47,1,3.0,2024,7,60.0,111.51482811921707,-51.51482811921707,6.0,False
40.0,0.0,120.0,51.0,63.0,0.0,0.0,1.0,0.0,1,0,0.0,0,5.0,D,48,1,1.0,2025,7,24.0,35.16639226095776,-11.166392260957757,1.0,False
43.0,60.0,240.0,108.0,135.0,0.0,0.0,1.0,1.0,1,0,0.0,0,3.0,D,25,1,1.0,2023,7,60.0,85.1950667911959,-25.1950667911959,1.0,False
34.0,180.0,480.0,180.0,180.0,3.0,3.0,2.0,1.0,1,0,0.0,0,3.0,D,66,1,1.0,2022,7,180.0,183.36743567544784,-3.3674356754478367,1.0,False
37.0,60.0,240.0,240.0,240.0,0.0,0.0,1.0,4.0,1,0,0.0,0,5.0,D,39,1,1.0,2023,7,240.0,234.01431252816042,5.985687471839583,1.0,False
26.0,0.0,240.0,78.0,97.0,0.0,0.0,1.0,0.0,1,0,0.0,0,5.0,D,15,1,1.0,2020,7,48.0,41.98468899393417,6.015311006065829,1.0,False
56.0,180.0,240.0,180.0,180.0,2.0,4.0,3.0,0.0,1,0,0.0,0,3.0,D,29,1,1.0,2021,7,180.0,181.526030834023,-1.526030834023004,1.0,False
70.0,60.0,240.0,63.0,78.0,0.0,0.0,1.0,0.0,1,0,0.0,0,3.0,D,61,1,1.0,2020,7,60.0,61.79024374411588,-1.7902437441158767,1.0,False
42.0,60.0,240.0,188.0,235.0,6.0,6.0,3.0,0.0,1,0,0.0,0,1.0,D,90,1,1.0,2021,7,88.0,118.1344557097587,-30.134455709758697,1.0,False
45.0,60.0,240.0,108.0,135.0,0.0,0.0,1.0,1.0,1,0,0.0,0,6.0,D,30,1,1.0,2022,7,108.0,90.70613285363955,17.293867146360455,1.0,False
50.0,60.0,240.0,97.0,121.0,0.0,0.0,1.0,2.0,1,0,0.0,0,6.0,D,2,1,1.0,2024,7,60.0,61.25311166461847,-1.2531116646184728,1.0,False
32.0,60.0,240.0,210.0,240.0,0.0,0.0,1.0,,1,0,0.0,0,5.0,D,86,1,2.0,2025,7,188.0,145.86596984262994,42.13403015737006,6.0,False
50.0,0.0,120.0,51.0,63.0,0.0,0.0,1.0,0.0,1,0,0.0,0,5.0,D,53,1,1.0,2021,7,33.0,38.23900938243832,-5.239009382438319,1.0,False
65.0,60.0,240.0,78.0,97.0,0.0,0.0,1.0,0.0,2,0,0.0,0,3.0,D,29,1,1.0,2021,7,60.0,67.69930903994153,-7.699309039941525,1.0,False
41.0,120.0,240.0,135.0,168.0,3.0,3.0,2.0,2.0,1,0,0.0,0,3.0,D,67,1,1.0,2023,7,138.0,138.37478558377327,-0.3747855837732743,1.0,False
45.0,60.0,240.0,151.0,188.0,0.0,0.0,1.0,0.0,3,0,0.0,0,5.0,D,30,1,1.0,2024,7,87.0,129.5459589126761,-42.5459589126761,1.0,False
49.0,120.0,240.0,168.0,210.0,6.0,6.0,3.0,0.0,1,0,0.0,0,5.0,D,72,1,1.0,2024,7,168.0,158.3411647695585,9.658835230441497,1.0,False
32.0,0.0,240.0,97.0,121.0,0.0,0.0,1.0,0.0,1,0,0.0,0,3.0,D,65,1,1.0,2023,7,60.0,62.13082904797183,-2.1308290479718295,1.0,False
33.0,60.0,240.0,151.0,188.0,0.0,0.0,1.0,0.0,2,0,0.0,0,1.0,D,89,1,1.0,2022,7,121.0,92.81276859206845,28.18723140793155,1.0,False
58.0,60.0,240.0,97.0,121.0,0.0,0.0,1.0,0.0,1,0,0.0,0,6.0,D,31,1,1.0,2022,7,60.0,77.32461609603934,-17.324616096039335,1.0,False
33.0,0.0,120.0,78.0,97.0,0.0,0.0,1.0,0.0,1,0,0.0,0,5.0,D,20,1,1.0,2025,7,78.0,44.31708273332487,33.68291726667513,1.0,False
40.0,120.0,240.0,120.0,120.0,3.0,3.0,2.0,0.0,1,0,0.0,0,3.0,D,81,1,1.0,2024,7,120.0,117.29991748508607,2.7000825149139303,3.0,True
47.0,0.0,240.0,121.0,151.0,4.0,4.0,3.0,0.0,1,0,0.0,0,3.0,D,41,1,1.0,2025,7,121.0,113.64249285578269,7.357507144217308,3.0,True
40.0,0.0,120.0,78.0,97.0,0.0,0.0,1.0,0.0,1,0,0.0,0,6.0,D,79,1,1.0,2021,7,18.0,46.44855059134057,-28.44855059134057,1.0,False
47.0,0.0,240.0,97.0,121.0,0.0,0.0,1.0,0.0,1,0,0.0,0,6.0,D,31,1,1.0,2022,7,97.0,64.45312792043704,32.54687207956296,1.0,False
39.0,60.0,240.0,108.0,135.0,1.0,1.0,1.0,0.0,2,0,0.0,0,1.0,D,3,1,1.0,2024,7,108.0,85.74156053659617,22.258439463403832,1.0,False
70.0,60.0,240.0,151.0,188.0,0.0,0.0,1.0,0.0,4,0,0.0,0,6.0,D,6,1,1.0,2020,7,78.0,110.44339049138979,-32.44339049138979,1.0,False
47.0,0.0,240.0,78.0,97.0,0.0,0.0,1.0,1.0,1,0,0.0,0,5.0,D,42,1,1.0,2023,7,60.0,65.29836139558653,-5.298361395586525,3.0,True
23.0,0.0,240.0,57.0,71.0,0.0,0.0,1.0,0.0,1,0,0.0,0,6.0,D,88,1,2.0,2021,7,0.03,26.75777814419266,-26.72777814419266,6.0,False
59.0,60.0,240.0,97.0,121.0,0.0,0.0,1.0,0.0,1,0,0.0,0,5.0,D,63,1,1.0,2021,7,84.0,81.65253718872557,2.3474628112744256,1.0,False
34.0,0.0,240.0,87.0,108.0,0.0,0.0,1.0,0.0,1,0,0.0,0,5.0,D,32,1,1.0,2024,7,24.0,56.18487907383423,-32.18487907383423,1.0,False
26.0,0.0,240.0,97.0,121.0,0.0,0.0,1.0,0.0,1,0,0.0,0,5.0,D,40,1,1.0,2024,7,121.0,91.39761230613973,29.602387693860265,1.0,False
33.0,0.0,240.0,97.0,121.0,0.0,0.0,1.0,0.0,1,0,0.0,0,3.0,D,86,1,1.0,2025,7,72.0,80.44925517585573,-8.449255175855725,2.0,True
51.0,60.0,240.0,97.0,121.0,0.0,0.0,1.0,0.0,1,0,0.0,0,6.0,D,62,1,1.0,2025,7,120.0,86.12879902832287,33.871200971677126,1.0,False
27.0,60.0,240.0,97.0,121.0,0.0,0.0,1.0,0.0,1,0,0.0,0,5.0,D,60,1,1.0,2023,7,97.0,87.74134693021159,9.258653069788409,2.0,True
44.0,0.0,240.0,87.0,108.0,0.0,0.0,1.0,0.0,1,0,0.0,0,5.0,D,19,1,1.0,2023,7,70.0,64.06197168161285,5.938028318387154,1.0,False
40.0,60.0,240.0,151.0,188.0,2.0,4.0,3.0,1.0,1,0,0.0,0,3.0,D,67,1,1.0,2022,7,96.0,111.68555598464314,-15.685555984643145,1.0,False
49.0,60.0,240.0,97.0,121.0,0.0,0.0,1.0,0.0,2,0,0.0,0,3.0,D,19,1,1.0,2021,7,84.0,83.08047592987944,0.9195240701205591,1.0,False
67.0,120.0,240.0,168.0,210.0,3.0,5.0,3.0,0.0,1,0,0.0,0,5.0,D,67,3,1.0,2023,7,168.0,153.69712898066845,14.302871019331548,1.0,False
29.0,0.0,60.0,10.0,16.0,0.0,0.0,1.0,3.0,1,0,0.0,0,3.0,C,43,1,1.0,2023,8,4.03,11.30697266423093,-7.27697266423093,1.0,False
41.0,60.0,240.0,151.0,188.0,0.0,0.0,1.0,0.0,1,0,0.0,0,5.0,D,42,1,1.0,2024,7,120.0,139.18426711500382,-19.18426711500382,3.0,True
31.0,180.0,360.0,600.0,600.0,0.0,0.0,1.0,2.0,2,0,0.0,0,6.0,D,66,1,1.0,2022,7,204.0,320.70690833287716,-116.70690833287716,1.0,False
75.0,60.0,240.0,168.0,210.0,0.0,0.0,1.0,0.0,4,0,0.0,0,6.0,D,53,3,1.0,2022,7,84.0,139.74098312732727,-55.74098312732727,1.0,False
29.0,0.0,240.0,57.0,71.0,0.0,0.0,1.0,0.0,1,0,0.0,0,5.0,D,41,1,1.0,2024,7,45.0,44.61007864521157,0.38992135478842727,3.0,True
27.0,60.0,240.0,121.0,151.0,0.0,0.0,1.0,0.0,4,0,0.0,0,3.0,D,13,1,1.0,2021,7,84.0,105.28120639024249,-21.281206390242488,1.0,False
60.0,120.0,240.0,120.0,120.0,1.0,1.0,1.0,0.0,1,0,0.0,0,3.0,D,3,1,1.0,2022,7,120.0,113.76563048582364,6.234369514176365,1.0,False
34.0,0.0,240.0,78.0,97.0,1.0,1.0,1.0,0.0,1,0,0.0,0,5.0,D,34,1,1.0,2022,7,80.0,67.85853862300667,12.141461376993334,1.0,False
52.0,60.0,240.0,87.0,108.0,0.0,0.0,1.0,0.0,1,0,0.0,0,3.0,D,57,1,1.0,2021,7,60.0,75.48230031232691,-15.482300312326913,1.0,False
39.0,0.0,120.0,57.0,71.0,3.0,3.0,2.0,0.0,1,0,0.0,0,6.0,D,10,1,1.0,2021,7,96.0,12.554752773877254,83.44524722612275,1.0,False
36.0,0.0,240.0,78.0,97.0,0.0,0.0,1.0,,1,0,0.0,0,6.0,D,19,1,1.0,2022,7,84.0,52.25076559429025,31.74923440570975,1.0,False
35.0,60.0,240.0,97.0,121.0,0.0,0.0,1.0,0.0,2,0,0.0,0,3.0,D,6,1,1.0,2024,7,85.0,83.55014809835413,1.4498519016458715,1.0,False
25.0,0.0,120.0,78.0,97.0,1.0,1.0,1.0,0.0,1,0,0.0,0,1.0,D,87,1,1.0,2025,7,72.0,47.63073740367705,24.369262596322947,1.0,False
37.0,0.0,240.0,78.0,97.0,0.0,0.0,1.0,0.0,1,0,0.0,0,1.0,D,48,1,1.0,2023,7,54.0,45.76439095995427,8.23560904004573,1.0,False
31.0,180.0,480.0,360.0,1680.0,3.0,3.0,2.0,0.0,4,0,0.0,0,3.0,D,6,1,1.0,2025,7,240.0,268.8399354139831,-28.839935413983085,1.0,False
57.0,60.0,240.0,151.0,188.0,0.0,0.0,1.0,0.0,3,0,0.0,0,3.0,D,13,1,1.0,2021,7,151.0,117.96327984495058,33.03672015504942,1.0,False
30.0,60.0,240.0,235.0,240.0,0.0,0.0,1.0,0.0,1,0,0.0,0,3.0,D,39,1,1.0,2022,7,240.0,218.7886854290196,21.21131457098039,1.0,False
44.0,0.0,240.0,51.0,63.0,1.0,1.0,1.0,2.0,1,0,0.0,0,5.0,D,3,1,1.0,2022,7,24.0,38.95523177038886,-14.955231770388863,1.0,False
50.0,0.0,240.0,78.0,97.0,0.0,0.0,1.0,0.0,1,0,0.0,0,3.0,D,8,1,1.0,2022,7,0.03,29.67624328677686,-29.64624328677686,1.0,False
23.0,0.0,120.0,60.0,60.0,0.0,0.0,1.0,1.0,2,0,0.0,0,3.0,D,51,1,1.0,2024,7,60.0,56.32558769903889,3.6744123009611087,1.0,False
33.0,0.0,240.0,151.0,188.0,3.0,3.0,2.0,0.0,1,0,0.0,0,3.0,D,0,1,1.0,2022,7,108.0,104.47365912190273,3.5263408780972725,1.0,False
62.0,60.0,240.0,121.0,151.0,0.0,0.0,1.0,0.0,1,0,0.0,0,3.0,D,47,1,1.0,2023,7,96.0,98.13498040987822,-2.1349804098782243,1.0,False
44.0,60.0,240.0,168.0,210.0,0.0,0.0,1.0,2.0,1,0,0.0,0,3.0,D,66,1,1.0,2023,7,216.0,121.41706686029977,94.58293313970023,1.0,False
35.0,0.0,240.0,97.0,121.0,0.0,0.0,1.0,0.0,1,0,0.0,0,5.0,D,42,1,1.0,2020,7,240.0,80.80478116116369,159.1952188388363,1.0,False
39.0,60.0,240.0,121.0,151.0,0.0,0.0,1.0,0.0,1,0,0.0,0,3.0,D,45,1,1.0,2024,7,110.0,93.57189632602326,16.428103673976736,1.0,False
60.0,0.0,240.0,97.0,121.0,0.0,0.0,1.0,0.0,1,0,0.0,0,5.0,D,66,1,1.0,2020,7,48.0,60.92584216174694,-12.925842161746942,1.0,False
62.0,60.0,240.0,262.0,327.0,0.0,0.0,1.0,0.0,2,0,0.0,0,5.0,D,42,1,1.0,2022,7,240.0,206.027214128728,33.97278587127201,3.0,True
38.0,0.0,120.0,12.0,18.0,0.0,0.0,1.0,2.0,1,0,0.0,0,3.0,C,40,1,1.0,2021,8,70.0,19.924695819615277,50.07530418038472,2.0,True
36.0,60.0,240.0,262.0,327.0,0.0,0.0,1.0,0.0,6,0,0.0,0,1.0,D,6,1,1.0,2024,7,120.0,206.8716195823374,-86.87161958233739,1.0,False
54.0,180.0,480.0,262.0,327.0,0.0,0.0,1.0,0.0,7,0,0.0,0,3.0,D,56,1,1.0,2020,7,262.0,255.7051704507803,6.294829549219713,1.0,False
39.0,0.0,240.0,78.0,97.0,0.0,0.0,1.0,0.0,1,0,0.0,0,5.0,D,87,1,1.0,2022,7,65.0,53.778146397485294,11.221853602514706,1.0,False
36.0,0.0,240.0,70.0,87.0,1.0,1.0,1.0,0.0,1,0,0.0,0,3.0,D,74,1,1.0,2025,7,36.0,55.13187174401863,-19.131871744018632,3.0,True
43.0,180.0,480.0,180.0,210.0,14.0,16.0,6.0,0.0,1,0,0.0,0,5.0,D,22,1,1.0,2023,7,180.0,193.3632672102853,-13.3632672102853,1.0,False
29.0,0.0,240.0,78.0,97.0,0.0,0.0,1.0,0.0,1,0,0.0,0,6.0,D,74,1,1.0,2025,7,42.0,49.547275424944225,-7.547275424944225,2.0,True
23.0,60.0,240.0,210.0,240.0,0.0,0.0,1.0,0.0,1,0,0.0,0,3.0,D,17,1,2.0,2020,7,121.0,129.24306957088805,-8.243069570888053,3.0,True
35.0,120.0,240.0,151.0,188.0,3.0,3.0,2.0,0.0,1,0,0.0,0,,D,48,1,1.0,2025,7,151.0,144.26544642639203,6.734553573607968,1.0,False
23.0,60.0,240.0,60.0,60.0,0.0,0.0,1.0,0.0,1,0,0.0,0,5.0,D,69,1,1.0,2020,7,60.0,56.933016338017396,3.0669836619826043,1.0,False
33.0,180.0,360.0,600.0,600.0,4.0,7.0,6.0,2.0,2,0,0.0,0,5.0,D,64,1,1.0,2020,7,300.0,470.61097800360574,-170.61097800360574,1.0,False
32.0,180.0,360.0,720.0,720.0,0.0,0.0,1.0,0.0,3,0,0.0,0,3.0,D,55,1,1.0,2024,7,240.0,442.5701952473721,-202.5701952473721,1.0,False
49.0,60.0,240.0,60.0,60.0,1.0,1.0,1.0,0.0,1,0,0.0,0,3.0,D,85,1,1.0,2020,7,87.0,68.08867970178878,18.911320298211223,3.0,True
42.0,60.0,240.0,70.0,87.0,3.0,3.0,2.0,0.0,1,0,0.0,0,1.0,D,61,1,1.0,2025,7,60.0,79.25693604532512,-19.25693604532512,1.0,False
26.0,60.0,240.0,97.0,121.0,0.0,0.0,1.0,0.0,1,0,0.0,0,5.0,D,22,1,1.0,2020,7,108.0,60.33542775854347,47.66457224145653,1.0,False
56.0,0.0,240.0,78.0,97.0,0.0,0.0,1.0,2.0,1,0,0.0,0,5.0,D,16,1,1.0,2022,7,36.0,55.17216700921398,-19.17216700921398,1.0,False
34.0,0.0,240.0,30.0,37.0,0.0,0.0,1.0,3.0,1,0,0.0,0,1.0,D,69,1,4.0,2023,7,30.0,31.410550754094984,-1.4105507540949844,3.0,True
55.0,0.0,240.0,78.0,97.0,0.0,0.0,1.0,0.0,1,0,0.0,0,3.0,D,9,1,1.0,2022,7,12.0,48.02305952077444,-36.02305952077444,1.0,False
29.0,0.0,240.0,135.0,168.0,0.0,0.0,1.0,0.0,1,0,0.0,0,3.0,D,40,1,1.0,2022,7,60.0,130.75655882311545,-70.75655882311545,1.0,False
25.0,60.0,240.0,87.0,108.0,0.0,0.0,1.0,0.0,1,0,0.0,0,5.0,D,7,1,1.0,2024,7,60.0,73.96916946054529,-13.969169460545288,2.0,True
26.0,0.0,240.0,78.0,97.0,0.0,0.0,1.0,0.0,1,0,0.0,0,5.0,D,89,1,2.0,2024,7,30.0,-4.727393985862826,34.727393985862825,1.0,False
39.0,0.0,240.0,97.0,121.0,0.0,0.0,1.0,0.0,1,0,0.0,0,5.0,D,40,1,1.0,2022,7,97.0,95.78445978530065,1.2155402146993453,1.0,False
29.0,0.0,240.0,97.0,121.0,0.0,0.0,1.0,0.0,1,0,0.0,0,5.0,D,37,1,1.0,2025,7,97.0,77.16418591620197,19.835814083798027,1.0,False
29.0,60.0,240.0,151.0,188.0,0.0,0.0,1.0,2.0,2,0,0.0,0,3.0,D,63,1,1.0,2024,7,144.0,156.43550426441732,-12.435504264417318,1.0,False
57.0,0.0,240.0,78.0,97.0,0.0,0.0,1.0,0.0,1,0,0.0,0,1.0,D,31,1,1.0,2024,7,97.0,55.18409354353486,41.81590645646514,1.0,False
37.0,60.0,240.0,210.0,240.0,0.0,0.0,1.0,0.0,1,0,0.0,0,3.0,D,45,1,1.0,2024,7,90.0,140.01080403676175,-50.010804036761755,2.0,True
57.0,60.0,240.0,121.0,151.0,0.0,0.0,1.0,0.0,1,0,0.0,0,5.0,D,17,1,1.0,2021,7,60.0,101.7526299459978,-41.752629945997796,1.0,False
78.0,120.0,240.0,120.0,121.0,0.0,0.0,1.0,0.0,1,0,0.0,0,5.0,D,88,1,1.0,2020,7,120.0,83.89719876288044,36.102801237119564,1.0,False
56.0,60.0,240.0,151.0,188.0,0.0,0.0,1.0,0.0,1,0,0.0,0,3.0,D,56,1,1.0,2020,7,210.0,99.24832185079107,110.75167814920893,1.0,False
43.0,60.0,240.0,135.0,168.0,0.0,0.0,1.0,0.0,2,0,0.0,0,5.0,D,74,3,1.0,2023,7,90.0,116.75025081872872,-26.750250818728716,6.0,False
25.0,60.0,240.0,151.0,188.0,0.0,0.0,1.0,1.0,1,0,1.0,0,1.0,D,45,1,1.0,2021,7,66.0,91.68013664123353,-25.68013664123353,1.0,False
65.0,60.0,480.0,121.0,151.0,0.0,0.0,1.0,2.0,1,0,0.0,0,3.0,D,47,1,1.0,2021,7,72.0,98.46646110737953,-26.46646110737953,1.0,False
33.0,0.0,240.0,63.0,78.0,0.0,0.0,1.0,0.0,1,0,0.0,0,3.0,D,80,1,1.0,2021,7,60.0,26.546724382081482,33.45327561791852,1.0,False
48.0,120.0,240.0,120.0,137.0,10.0,12.0,5.0,0.0,1,0,0.0,0,5.0,D,22,1,1.0,2023,7,120.0,118.4909094601008,1.509090539899205,1.0,False
49.0,120.0,240.0,188.0,235.0,3.0,3.0,2.0,0.0,1,0,0.0,0,3.0,D,20,1,1.0,2021,7,228.0,158.45693638256884,69.54306361743116,1.0,False
46.0,120.0,240.0,120.0,135.0,1.0,3.0,2.0,0.0,1,0,0.0,0,1.0,D,65,1,1.0,2021,7,120.0,121.9155534405798,-1.9155534405797994,1.0,False
65.0,0.0,240.0,78.0,97.0,0.0,0.0,1.0,0.0,1,0,0.0,0,6.0,D,30,1,1.0,2022,7,70.0,51.7090664560362,18.290933543963803,1.0,False
47.0,120.0,240.0,151.0,188.0,3.0,3.0,2.0,0.0,1,0,0.0,0,3.0,D,42,1,1.0,2021,7,151.0,162.9915297365926,-11.99152973659261,3.0,True
45.0,120.0,240.0,120.0,121.0,3.0,3.0,2.0,0.0,1,0,0.0,0,3.0,D,20,1,1.0,2025,7,120.0,105.50458326648385,14.495416733516151,1.0,False
48.0,60.0,240.0,63.0,78.0,0.0,0.0,1.0,0.0,2,0,0.0,0,5.0,D,47,1,1.0,2021,7,66.0,75.34064862336982,-9.340648623369816,1.0,False
40.0,120.0,240.0,120.0,120.0,3.0,3.0,2.0,0.0,1,0,0.0,0,3.0,D,81,1,1.0,2024,7,120.0,117.29991748508607,2.7000825149139303,1.0,False
39.0,0.0,240.0,51.0,63.0,3.0,5.0,3.0,0.0,1,0,0.0,0,3.0,D,72,1,1.0,2022,7,44.0,51.44121589210155,-7.441215892101553,1.0,False
29.0,0.0,240.0,78.0,97.0,0.0,0.0,1.0,0.0,1,0,0.0,0,5.0,D,35,1,3.0,2025,7,48.0,49.71510651458146,-1.715106514581457,6.0,False
54.0,120.0,240.0,120.0,135.0,3.0,3.0,2.0,0.0,2,0,0.0,0,3.0,D,68,1,1.0,2025,7,120.0,148.94386942701124,-28.943869427011236,1.0,False
50.0,120.0,240.0,120.0,120.0,2.0,2.0,2.0,0.0,1,0,0.0,0,5.0,D,1,1,1.0,2021,7,120.0,117.24334620765929,2.756653792340714,1.0,False
63.0,0.0,120.0,180.0,188.0,3.0,3.0,2.0,0.0,2,0,0.0,0,3.0,D,56,1,1.0,2023,7,180.0,148.2423954323514,31.7576045676486,1.0,False
42.0,60.0,240.0,151.0,188.0,0.0,0.0,1.0,0.0,1,0,0.0,0,3.0,D,67,1,1.0,2024,7,87.0,104.48068924441402,-17.480689244414023,1.0,False
21.0,180.0,360.0,600.0,600.0,0.0,0.0,1.0,0.0,2,0,0.0,0,1.0,D,85,1,1.0,2025,7,240.0,364.8715786090942,-124.87157860909417,1.0,False
47.0,60.0,240.0,121.0,151.0,0.0,0.0,1.0,0.0,1,0,0.0,0,3.0,D,49,1,1.0,2024,7,151.0,105.95515407181615,45.04484592818385,1.0,False
33.0,0.0,240.0,51.0,63.0,0.0,0.0,1.0,3.0,1,0,0.0,0,3.0,D,87,1,1.0,2025,7,51.0,45.83385098505009,5.166149014949909,6.0,False
36.0,0.0,240.0,78.0,97.0,1.0,1.0,1.0,0.0,1,0,0.0,0,3.0,D,73,1,1.0,2025,7,60.0,48.367838293488056,11.632161706511944,6.0,False
43.0,120.0,240.0,120.0,135.0,4.0,4.0,3.0,0.0,1,0,0.0,0,3.0,D,3,1,1.0,2025,7,120.0,121.18275011300938,-1.1827501130093765,1.0,False
55.0,60.0,240.0,108.0,135.0,0.0,0.0,1.0,0.0,1,0,0.0,0,6.0,D,39,1,1.0,2024,7,120.0,122.46055125563369,-2.460551255633689,1.0,False
26.0,60.0,240.0,151.0,188.0,1.0,1.0,1.0,0.0,1,0,0.0,0,1.0,D,39,1,1.0,2023,7,188.0,150.19971821487889,37.800281785121115,3.0,True
34.0,60.0,240.0,151.0,188.0,0.0,0.0,1.0,0.0,1,0,0.0,0,3.0,D,30,1,1.0,2023,7,60.0,109.10590269277365,-49.105902692773654,1.0,False
43.0,60.0,240.0,97.0,121.0,0.0,0.0,1.0,0.0,1,0,0.0,0,3.0,D,45,1,1.0,2021,7,60.0,74.84168236477761,-14.841682364777611,2.0,True
33.0,180.0,480.0,960.0,960.0,6.0,8.0,4.0,0.0,2,0,0.0,0,5.0,D,26,1,1.0,2023,7,960.0,781.9662830797171,178.03371692028293,3.0,True
61.0,120.0,240.0,210.0,240.0,3.0,5.0,3.0,0.0,1,0,0.0,0,3.0,D,67,1,1.0,2022,7,156.0,168.89868818291598,-12.898688182915976,1.0,False
73.0,0.0,240.0,97.0,121.0,0.0,0.0,1.0,0.0,1,0,0.0,0,6.0,D,43,1,1.0,2024,7,48.0,70.47626289360798,-22.47626289360798,1.0,False
41.0,60.0,240.0,151.0,188.0,0.0,0.0,1.0,1.0,1,0,0.0,0,3.0,D,56,1,1.0,2020,7,108.0,99.32455516666666,8.675444833333344,1.0,False
45.0,60.0,240.0,151.0,188.0,0.0,0.0,1.0,0.0,1,0,0.0,0,5.0,D,22,1,1.0,2025,7,150.0,84.79146080569932,65.20853919430068,1.0,False
46.0,60.0,240.0,151.0,188.0,0.0,0.0,1.0,1.0,1,0,0.0,0,3.0,D,7,1,1.0,2022,7,84.0,82.68827413079829,1.3117258692017089,1.0,False
32.0,60.0,240.0,151.0,188.0,0.0,0.0,1.0,3.0,1,0,0.0,0,3.0,D,28,1,1.0,2022,7,60.0,100.95419707581583,-40.95419707581583,1.0,False
28.0,60.0,240.0,324.0,405.0,0.0,0.0,1.0,0.0,2,0,0.0,0,3.0,D,71,2,1.0,2021,7,144.0,143.4230717104129,0.5769282895871015,1.0,False
61.0,60.0,240.0,168.0,210.0,3.0,3.0,2.0,0.0,1,0,0.0,0,5.0,D,25,1,1.0,2021,7,84.0,131.96205870355186,-47.96205870355186,1.0,False
34.0,120.0,240.0,120.0,121.0,3.0,5.0,3.0,0.0,1,0,0.0,0,3.0,D,31,1,1.0,2023,7,120.0,123.18397554656869,-3.183975546568689,1.0,False
21.0,60.0,240.0,210.0,240.0,0.0,0.0,1.0,0.0,1,0,0.0,0,5.0,D,67,1,1.0,2023,7,96.0,122.7055207065037,-26.705520706503705,3.0,True
39.0,180.0,480.0,262.0,327.0,8.0,9.0,5.0,0.0,1,0,0.0,0,1.0,D,7,1,1.0,2024,7,192.0,253.75966067521648,-61.75966067521648,1.0,False
40.0,0.0,60.0,12.0,18.0,2.0,2.0,1.0,8.0,27,0,0.0,0,3.0,C,72,1,2.0,2023,8,15.0,15.624632106198533,-0.6246321061985327,3.0,True
54.0,60.0,240.0,121.0,151.0,0.0,0.0,1.0,1.0,1,0,0.0,0,6.0,D,78,1,1.0,2023,7,60.0,83.80278439599174,-23.802784395991736,1.0,False
32.0,0.0,240.0,78.0,97.0,0.0,0.0,1.0,0.0,1,0,0.0,0,6.0,D,30,4,1.0,2021,7,84.0,80.10100977601935,3.898990223980647,1.0,False
51.0,60.0,240.0,151.0,188.0,0.0,0.0,1.0,0.0,1,0,0.0,0,6.0,D,62,1,1.0,2023,7,144.0,105.37889960979145,38.621100390208554,1.0,False
29.0,0.0,240.0,97.0,121.0,0.0,0.0,1.0,0.0,1,0,0.0,0,3.0,D,62,1,1.0,2020,7,24.0,62.48842488352083,-38.48842488352083,1.0,False
40.0,60.0,240.0,151.0,188.0,0.0,0.0,1.0,2.0,1,0,0.0,0,5.0,D,70,1,1.0,2021,7,90.0,103.59491086475734,-13.594910864757338,1.0,False
63.0,60.0,240.0,168.0,210.0,0.0,0.0,1.0,1.0,4,0,0.0,0,5.0,D,52,3,1.0,2023,7,100.0,142.3086685045175,-42.3086685045175,1.0,False
39.0,60.0,240.0,168.0,210.0,2.0,2.0,2.0,0.0,1,0,0.0,0,5.0,D,63,1,1.0,2022,7,142.0,163.08497677083395,-21.084976770833947,1.0,False
43.0,120.0,240.0,120.0,137.0,6.0,8.0,4.0,0.0,1,0,0.0,0,1.0,D,22,1,1.0,2023,7,120.0,118.59980341157441,1.4001965884255867,1.0,False
46.0,0.0,120.0,63.0,78.0,0.0,0.0,1.0,0.0,1,0,0.0,0,5.0,D,53,3,1.0,2025,7,63.0,50.451660681833125,12.548339318166875,1.0,False
41.0,60.0,240.0,78.0,97.0,0.0,0.0,1.0,0.0,2,0,0.0,0,5.0,D,45,1,1.0,2022,7,120.0,69.63089339032265,50.369106609677345,1.0,False
45.0,60.0,240.0,151.0,188.0,0.0,0.0,1.0,1.0,1,0,0.0,0,1.0,D,30,1,1.0,2025,7,151.0,115.27720612773335,35.72279387226665,1.0,False
46.0,0.0,240.0,97.0,121.0,0.0,0.0,1.0,1.0,1,0,0.0,0,6.0,D,46,1,1.0,2022,7,72.0,93.24302789497449,-21.24302789497449,1.0,False
65.0,0.0,240.0,78.0,97.0,0.0,0.0,1.0,0.0,1,0,0.0,0,5.0,D,88,1,1.0,2021,7,48.0,42.97515629072257,5.024843709277427,1.0,False
41.0,0.0,240.0,78.0,97.0,0.0,0.0,1.0,0.0,1,0,0.0,0,1.0,D,43,1,1.0,2023,7,78.0,58.770449229314096,19.229550770685904,1.0,False
22.0,60.0,240.0,60.0,60.0,0.0,0.0,1.0,0.0,1,0,0.0,0,1.0,D,85,1,1.0,2023,7,66.0,60.24615217499901,5.753847825000989,6.0,False
22.0,0.0,240.0,78.0,97.0,0.0,0.0,1.0,1.0,3,0,0.0,0,3.0,D,48,1,1.0,2025,7,90.0,55.31279432038688,34.68720567961312,1.0,False
24.0,60.0,240.0,210.0,240.0,0.0,0.0,1.0,0.0,1,0,0.0,0,3.0,D,83,1,1.0,2024,7,160.0,173.74249583108258,-13.742495831082579,1.0,False
34.0,120.0,240.0,121.0,151.0,2.0,2.0,2.0,0.0,1,0,0.0,0,3.0,D,86,1,1.0,2024,7,120.0,124.85872336939708,-4.858723369397083,6.0,False
31.0,0.0,240.0,97.0,121.0,0.0,0.0,1.0,0.0,1,0,0.0,0,6.0,D,5,1,1.0,2024,7,24.0,43.676264807194066,-19.676264807194066,3.0,True
53.0,0.0,9996.0,21.0,27.0,3.0,3.0,2.0,3.0,1,0,0.0,0,1.0,D,32,1,1.0,2023,8,130.0,130.72060698699613,-0.7206069869961311,2.0,True
40.0,180.0,360.0,720.0,720.0,0.0,0.0,1.0,1.0,3,0,0.0,0,5.0,D,16,1,1.0,2025,7,360.0,403.1994666604193,-43.19946666041932,1.0,False
43.0,0.0,240.0,51.0,63.0,0.0,0.0,1.0,0.0,1,0,0.0,0,3.0,D,30,1,1.0,2023,7,30.0,46.138014551203476,-16.138014551203476,1.0,False
52.0,60.0,240.0,168.0,210.0,0.0,0.0,1.0,0.0,2,0,0.0,1,5.0,D,65,1,1.0,2024,7,140.0,132.8076674595659,7.1923325404341085,1.0,False
57.0,60.0,240.0,108.0,135.0,3.0,3.0,2.0,0.0,2,0,0.0,0,3.0,D,6,1,1.0,2020,7,60.0,94.88809218926095,-34.888092189260945,1.0,False
63.0,60.0,240.0,121.0,151.0,0.0,0.0,1.0,1.0,4,0,0.0,0,1.0,D,15,1,1.0,2023,7,96.0,111.37643284518151,-15.376432845181512,1.0,False
28.0,0.0,60.0,41.0,51.0,3.0,3.0,2.0,3.0,12,0,1.0,0,3.0,D,53,1,1.0,2020,8,36.0,71.47448600031142,-35.474486000311416,1.0,False
39.0,0.0,240.0,41.0,51.0,0.0,0.0,1.0,,1,0,0.0,0,3.0,D,74,1,1.0,2025,7,33.0,36.95007086690206,-3.9500708669020597,3.0,True
24.0,60.0,240.0,97.0,121.0,0.0,0.0,1.0,0.0,6,0,0.0,0,5.0,D,41,1,1.0,2023,7,121.0,89.52521180170672,31.474788198293282,3.0,True
49.0,0.0,60.0,30.0,37.0,12.0,12.0,5.0,2.0,2,0,0.0,0,5.0,D,56,1,1.0,2025,8,34.0,49.90452797863578,-15.904527978635777,2.0,True
58.0,60.0,240.0,240.0,240.0,0.0,0.0,1.0,1.0,1,0,0.0,0,5.0,D,41,1,1.0,2022,7,240.0,189.29866090545127,50.70133909454873,1.0,False
24.0,0.0,240.0,78.0,97.0,0.0,0.0,1.0,0.0,1,0,0.0,0,5.0,D,73,1,3.0,2022,7,48.0,34.63989714648358,13.360102853516423,3.0,True
43.0,0.0,60.0,24.0,30.0,0.0,0.0,1.0,1.0,2,0,0.0,0,3.0,D,43,1,1.0,2023,8,26.0,32.256129056507255,-6.256129056507255,1.0,False
42.0,60.0,240.0,135.0,168.0,9.0,9.0,4.0,1.0,1,0,0.0,0,5.0,D,67,1,1.0,2023,7,84.0,110.27453187606596,-26.274531876065964,1.0,False
31.0,0.0,120.0,120.0,120.0,0.0,0.0,1.0,1.0,1,0,0.0,0,6.0,D,48,1,1.0,2022,7,100.0,82.86097110709035,17.13902889290965,1.0,False
23.0,0.0,120.0,84.0,105.0,9.0,11.0,5.0,0.0,2,0,0.0,0,3.0,D,22,1,1.0,2021,7,60.0,61.283251156272776,-1.283251156272776,1.0,False
52.0,0.0,240.0,97.0,121.0,0.0,0.0,1.0,0.0,1,0,0.0,0,1.0,D,71,1,3.0,2025,7,108.0,58.533086314775915,49.466913685224085,3.0,True
44.0,0.0,240.0,97.0,121.0,3.0,5.0,3.0,0.0,1,0,0.0,0,3.0,D,76,1,1.0,2022,7,78.0,70.22374486695912,7.776255133040877,1.0,False
23.0,60.0,240.0,240.0,240.0,0.0,0.0,1.0,0.0,1,0,0.0,0,3.0,D,39,1,1.0,2025,7,216.0,218.89223129743573,-2.8922312974357283,3.0,True
40.0,60.0,240.0,121.0,151.0,0.0,0.0,1.0,0.0,1,0,0.0,0,5.0,D,36,1,1.0,2024,7,121.0,106.46899903533127,14.531000964668735,1.0,False
46.0,0.0,240.0,78.0,97.0,0.0,0.0,1.0,0.0,1,0,0.0,0,5.0,D,1,1,1.0,2020,7,78.0,43.63023343010979,34.36976656989021,1.0,False
65.0,60.0,240.0,151.0,188.0,0.0,0.0,1.0,0.0,1,0,0.0,0,5.0,D,63,1,1.0,2023,7,132.0,128.20892241701495,3.7910775829850536,1.0,False
51.0,60.0,240.0,97.0,121.0,0.0,0.0,1.0,0.0,1,0,0.0,0,5.0,D,32,1,1.0,2021,7,60.0,67.59160074635585,-7.5916007463558515,3.0,True
46.0,60.0,240.0,240.0,240.0,0.0,0.0,1.0,0.0,1,0,0.0,0,3.0,D,55,1,1.0,2024,7,194.0,176.80041450440893,17.199585495591066,1.0,False
59.0,180.0,480.0,180.0,188.0,1.0,1.0,1.0,0.0,1,0,0.0,0,1.0,D,19,1,1.0,2021,7,180.0,183.26906379379471,-3.2690637937947145,1.0,False
41.0,60.0,240.0,210.0,240.0,11.0,11.0,5.0,1.0,1,0,0.0,0,1.0,D,30,1,1.0,2022,7,210.0,179.42739655958403,30.572603440415975,1.0,False
39.0,180.0,480.0,324.0,405.0,9.0,10.0,5.0,0.0,1,0,0.0,0,3.0,D,63,1,1.0,2024,7,324.0,297.0999422084326,26.900057791567406,1.0,False
33.0,0.0,120.0,24.0,30.0,0.0,0.0,1.0,0.0,1,0,0.0,0,5.0,D,39,1,1.0,2022,7,30.0,31.302923353597542,-1.3029233535975422,1.0,False
20.0,60.0,240.0,210.0,262.0,0.0,0.0,1.0,1.0,4,0,0.0,0,3.0,D,43,1,1.0,2020,7,108.0,158.49980334400382,-50.49980334400382,1.0,False
35.0,0.0,9996.0,33.0,41.0,1.0,1.0,1.0,1.0,1,0,0.0,0,3.0,D,70,1,1.0,2020,8,27.0,84.04689801960964,-57.04689801960964,2.0,True
50.0,60.0,240.0,360.0,480.0,0.0,0.0,1.0,2.0,2,0,0.0,0,5.0,D,42,1,1.0,2020,7,360.0,398.37792232706227,-38.377922327062265,1.0,False
73.0,0.0,240.0,41.0,51.0,0.0,0.0,1.0,1.0,1,0,0.0,0,5.0,D,2,1,1.0,2023,7,12.03,24.965723990307286,-12.935723990307286,1.0,False
27.0,60.0,240.0,151.0,188.0,0.0,0.0,1.0,0.0,2,0,0.0,0,6.0,D,1,1,1.0,2020,7,45.0,75.30590083766114,-30.30590083766114,1.0,False
40.0,60.0,240.0,151.0,188.0,0.0,0.0,1.0,0.0,2,0,0.0,0,3.0,D,41,1,1.0,2025,7,60.0,124.80489817333529,-64.80489817333529,1.0,False
28.0,0.0,120.0,24.0,30.0,4.0,4.0,3.0,1.0,1,0,0.0,0,3.0,D,69,1,1.0,2020,7,36.0,23.35293877077863,12.647061229221372,1.0,False
24.0,60.0,240.0,210.0,240.0,0.0,0.0,1.0,0.0,1,0,0.0,0,3.0,D,65,1,1.0,2023,7,78.0,126.67498733225874,-48.67498733225874,1.0,False
24.0,60.0,240.0,235.0,240.0,1.0,1.0,1.0,0.0,1,0,1.0,0,5.0,D,39,1,1.0,2023,7,235.0,212.5261609055843,22.473839094415695,1.0,False
50.0,0.0,240.0,108.0,135.0,0.0,0.0,1.0,1.0,1,0,0.0,0,6.0,D,88,1,1.0,2020,7,55.0,70.90051339545784,-15.900513395457835,1.0,False
28.0,0.0,240.0,63.0,78.0,0.0,0.0,1.0,0.0,1,0,0.0,0,3.0,D,15,1,1.0,2022,7,40.0,48.33341554313496,-8.333415543134961,1.0,False
25.0,60.0,240.0,151.0,188.0,0.0,0.0,1.0,0.0,3,0,0.0,0,6.0,D,15,1,1.0,2023,7,96.0,105.64157362917412,-9.641573629174118,1.0,False
21.0,60.0,240.0,63.0,78.0,1.0,1.0,1.0,0.0,1,0,0.0,0,5.0,D,12,1,1.0,2025,7,63.0,62.22233764344565,0.7776623565543517,3.0,True
63.0,0.0,240.0,135.0,168.0,0.0,0.0,1.0,0.0,1,0,0.0,0,3.0,D,9,1,1.0,2024,7,144.0,95.19037907135291,48.80962092864709,1.0,False
55.0,120.0,240.0,120.0,120.0,1.0,1.0,1.0,0.0,1,0,0.0,0,5.0,D,9,1,1.0,2020,7,120.0,112.2946767019208,7.705323298079193,1.0,False
44.0,180.0,480.0,180.0,210.0,6.0,6.0,5.0,0.0,2,0,0.0,0,3.0,D,54,1,1.0,2023,7,180.0,196.5465808129415,-16.5465808129415,1.0,False
31.0,0.0,240.0,63.0,78.0,1.0,3.0,2.0,4.0,1,0,0.0,0,3.0,D,39,1,1.0,2021,7,78.0,73.34896469133906,4.651035308660937,1.0,False
44.0,120.0,240.0,140.0,175.0,14.0,14.0,6.0,0.0,1,0,0.0,0,3.0,D,0,1,1.0,2022,7,145.0,138.7860569516678,6.213943048332197,1.0,False
30.0,0.0,240.0,108.0,135.0,0.0,0.0,1.0,0.0,1,0,0.0,0,5.0,D,33,1,1.0,2024,7,108.0,89.510067809402,18.489932190597997,1.0,False
25.0,0.0,120.0,46.0,57.0,2.0,4.0,3.0,0.0,2,0,0.0,0,3.0,D,42,1,1.0,2021,7,57.0,98.53608771029707,-41.53608771029707,3.0,True
36.0,60.0,240.0,60.0,60.0,1.0,1.0,1.0,0.0,1,0,0.0,0,5.0,D,22,1,1.0,2021,7,60.0,61.63000890341193,-1.6300089034119267,1.0,False
41.0,180.0,9996.0,324.0,405.0,3.0,3.0,2.0,0.0,2,0,0.0,0,3.0,D,73,1,1.0,2023,7,240.0,270.8262473582184,-30.82624735821838,3.0,True
35.0,180.0,480.0,180.0,180.0,3.0,3.0,2.0,0.0,1,0,0.0,0,3.0,D,63,1,1.0,2024,7,180.0,190.4347611727536,-10.43476117275361,6.0,False
53.0,60.0,240.0,151.0,188.0,0.0,0.0,1.0,0.0,1,0,0.0,0,3.0,D,73,1,1.0,2020,7,96.0,90.06322130502011,5.936778694979893,1.0,False
26.0,60.0,240.0,240.0,240.0,0.0,0.0,1.0,0.0,1,0,0.0,0,6.0,D,63,1,1.0,2025,7,200.0,188.09385897985214,11.906141020147857,1.0,False
33.0,0.0,240.0,97.0,121.0,0.0,0.0,1.0,0.0,1,0,0.0,0,6.0,D,70,1,1.0,2024,7,41.0,61.721183672616334,-20.721183672616334,1.0,False
55.0,0.0,240.0,97.0,121.0,3.0,3.0,2.0,0.0,1,0,0.0,0,6.0,D,81,1,1.0,2025,7,78.0,40.11655010123132,37.88344989876868,1.0,False
50.0,120.0,240.0,120.0,120.0,3.0,5.0,3.0,0.0,1,0,0.0,0,3.0,D,46,1,1.0,2021,7,144.0,132.25376610265198,11.74623389734802,1.0,False
42.0,0.0,240.0,78.0,97.0,0.0,0.0,1.0,0.0,1,0,0.0,0,5.0,D,71,1,1.0,2025,7,63.0,44.02792723177135,18.97207276822865,1.0,False
67.0,60.0,240.0,121.0,151.0,1.0,1.0,1.0,0.0,11,0,0.0,0,5.0,D,22,1,1.0,2020,7,144.0,90.5476479150313,53.452352084968695,1.0,False
23.0,0.0,240.0,78.0,97.0,0.0,0.0,1.0,0.0,1,0,0.0,0,3.0,D,33,1,1.0,2024,7,48.0,59.81961167369117,-11.81961167369117,1.0,False
54.0,60.0,240.0,235.0,293.0,1.0,3.0,2.0,0.0,2,0,0.0,0,3.0,D,44,1,1.0,2020,7,190.0,199.64051711006007,-9.640517110060074,1.0,False
37.0,180.0,480.0,180.0,210.0,17.0,18.0,6.0,1.0,2,0,0.0,0,5.0,D,57,1,1.0,2024,7,180.0,226.80754534587624,-46.807545345876235,1.0,False
42.0,60.0,240.0,151.0,188.0,0.0,0.0,1.0,0.0,2,0,0.0,0,3.0,D,65,3,1.0,2023,7,84.0,114.62495311262627,-30.624953112626272,1.0,False
32.0,60.0,240.0,121.0,151.0,0.0,0.0,1.0,0.0,2,0,0.0,0,3.0,D,79,1,1.0,2022,7,60.0,85.81587678136742,-25.81587678136742,1.0,False
49.0,120.0,240.0,120.0,120.0,3.0,3.0,2.0,0.0,1,0,0.0,0,5.0,D,32,1,1.0,2020,7,120.0,114.40813084704641,5.591869152953592,1.0,False
35.0,60.0,240.0,60.0,71.0,3.0,3.0,2.0,0.0,2,0,0.0,0,5.0,D,4,1,1.0,2025,7,96.0,82.75695121056948,13.243048789430517,1.0,False
63.0,0.0,120.0,57.0,71.0,0.0,0.0,1.0,1.0,1,0,0.0,0,6.0,D,60,1,1.0,2020,7,57.0,66.59617727457126,-9.59617727457126,1.0,False
31.0,60.0,240.0,97.0,121.0,0.0,0.0,1.0,0.0,1,0,0.0,0,3.0,D,6,1,1.0,2020,7,88.0,72.97916279851445,15.020837201485548,1.0,False
37.0,60.0,240.0,262.0,327.0,0.0,0.0,1.0,2.0,2,0,0.0,0,3.0,D,88,1,1.0,2024,7,264.0,202.12469604906423,61.87530395093577,1.0,False
40.0,60.0,240.0,240.0,240.0,0.0,0.0,1.0,0.0,1,0,0.0,0,6.0,D,30,1,1.0,2025,7,240.0,200.45783077776287,39.542169222237135,1.0,False
29.0,0.0,240.0,78.0,97.0,0.0,0.0,1.0,0.0,1,0,0.0,0,6.0,D,8,1,1.0,2025,7,52.0,29.07418307228808,22.92581692771192,1.0,False
27.0,0.0,120.0,30.0,37.0,0.0,0.0,1.0,0.0,1,0,0.0,0,3.0,D,24,1,1.0,2021,7,30.0,15.914316039544737,14.085683960455263,1.0,False
29.0,180.0,360.0,210.0,262.0,0.0,0.0,1.0,0.0,2,0,0.0,0,5.0,D,39,1,1.0,2021,7,210.0,223.96809084878802,-13.968090848788023,2.0,True
37.0,120.0,120.0,166.0,177.0,0.0,0.0,1.0,0.0,2,0,0.0,0,3.0,D,64,1,1.0,2023,7,120.0,157.59948600916226,-37.59948600916226,1.0,False
45.0,180.0,480.0,180.0,180.0,2.0,4.0,3.0,0.0,1,0,0.0,0,5.0,D,41,1,1.0,2022,7,180.0,186.78451098907072,-6.784510989070725,3.0,True
36.0,60.0,240.0,60.0,60.0,0.0,0.0,1.0,0.0,1,0,0.0,0,5.0,D,4,1,1.0,2023,7,0.03,65.88816090538043,-65.85816090538043,3.0,True
26.0,60.0,240.0,70.0,87.0,0.0,0.0,1.0,0.0,2,0,0.0,0,5.0,D,13,1,1.0,2022,7,72.0,75.52764994005565,-3.527649940055653,1.0,False
28.0,60.0,240.0,78.0,97.0,1.0,3.0,2.0,0.0,1,0,1.0,0,5.0,D,64,1,1.0,2021,7,200.0,68.8405994795176,131.1594005204824,1.0,False
58.0,0.0,240.0,63.0,78.0,0.0,0.0,1.0,0.0,1,0,0.0,0,5.0,D,15,1,1.0,2022,7,24.0,49.96326178625464,-25.96326178625464,1.0,False
34.0,180.0,480.0,180.0,180.0,3.0,5.0,3.0,0.0,1,0,0.0,0,3.0,D,22,1,1.0,2023,7,180.0,171.1125278856713,8.887472114328688,1.0,False
26.0,0.0,240.0,78.0,97.0,0.0,0.0,1.0,0.0,1,0,0.0,0,5.0,D,40,1,2.0,2020,7,78.0,73.76974689002134,4.230253109978662,3.0,True
41.0,60.0,240.0,168.0,210.0,2.0,2.0,2.0,0.0,1,0,0.0,0,1.0,D,45,1,1.0,2022,7,168.0,131.08743248977078,36.91256751022922,1.0,False
69.0,120.0,240.0,120.0,120.0,3.0,3.0,2.0,0.0,1,0,0.0,0,5.0,D,48,1,1.0,2024,7,120.0,117.04806605201857,2.9519339479814306,1.0,False
41.0,60.0,240.0,121.0,151.0,0.0,0.0,1.0,1.0,1,0,0.0,0,6.0,D,22,1,1.0,2020,7,84.0,75.64350521127484,8.356494788725158,1.0,False
35.0,60.0,240.0,121.0,151.0,0.0,0.0,1.0,0.0,1,0,0.0,0,1.0,D,47,1,1.0,2020,7,151.0,93.05743785093043,57.94256214906957,1.0,False
25.0,60.0,240.0,70.0,87.0,0.0,0.0,1.0,1.0,1,0,1.0,0,5.0,D,3,1,1.0,2022,7,60.0,31.360275463045525,28.639724536954475,1.0,False
53.0,300.0,600.0,2640.0,2640.0,0.0,0.0,5.0,1.0,10,0,0.0,0,1.0,D,30,3,1.0,2024,7,2640.0,551.2744286566489,2088.725571343351,1.0,False
39.0,0.0,240.0,70.0,87.0,3.0,3.0,2.0,0.0,1,0,0.0,0,5.0,D,56,1,1.0,2020,7,70.0,59.92798500392262,10.072014996077378,1.0,False
31.0,60.0,240.0,130.0,162.0,14.0,16.0,6.0,0.0,1,0,0.0,0,5.0,D,23,1,1.0,2021,7,106.0,105.5027792887839,0.49722071121610156,1.0,False
21.0,0.0,240.0,97.0,121.0,0.0,0.0,1.0,0.0,1,0,0.0,0,3.0,D,42,1,1.0,2021,7,60.0,78.81082812835206,-18.810828128352057,3.0,True
24.0,60.0,240.0,151.0,188.0,1.0,1.0,1.0,0.0,1,0,0.0,0,3.0,D,89,1,1.0,2022,7,60.0,95.93557700244428,-35.935577002444276,1.0,False
40.0,0.0,240.0,78.0,97.0,0.0,0.0,1.0,0.0,1,0,0.0,0,3.0,D,37,1,1.0,2024,7,94.0,63.79890452365173,30.20109547634827,2.0,True
30.0,60.0,240.0,151.0,188.0,0.0,0.0,1.0,0.0,1,0,0.0,0,3.0,D,42,1,1.0,2023,7,180.0,128.09360088326983,51.90639911673017,1.0,False
44.0,120.0,240.0,120.0,137.0,10.0,11.0,5.0,2.0,1,0,0.0,0,3.0,D,6,1,1.0,2024,7,137.0,126.14141611504245,10.858583884957554,1.0,False
23.0,60.0,240.0,121.0,151.0,0.0,0.0,1.0,0.0,3,0,0.0,0,3.0,D,47,1,1.0,2024,7,105.0,110.33972483232283,-5.33972483232283,1.0,False
49.0,120.0,240.0,120.0,121.0,3.0,3.0,2.0,0.0,1,0,0.0,0,5.0,D,54,1,1.0,2024,7,174.0,124.27915489676936,49.720845103230644,1.0,False
31.0,60.0,240.0,60.0,60.0,1.0,1.0,1.0,0.0,1,0,0.0,0,3.0,D,69,1,1.0,2024,7,60.0,69.91744189456699,-9.917441894566991,1.0,False
36.0,180.0,360.0,720.0,720.0,0.0,0.0,1.0,0.0,3,0,0.0,0,5.0,D,22,1,1.0,2021,7,372.0,426.13680268791387,-54.13680268791387,1.0,False
24.0,60.0,240.0,63.0,78.0,0.0,0.0,1.0,0.0,2,0,0.0,0,3.0,D,44,1,1.0,2025,7,64.0,64.61472868711222,-0.6147286871122191,1.0,False
51.0,0.0,120.0,41.0,51.0,0.0,0.0,1.0,0.0,2,0,0.0,0,6.0,D,60,1,1.0,2021,8,33.0,73.24716402004063,-40.24716402004063,1.0,False
23.0,60.0,240.0,240.0,240.0,0.0,0.0,1.0,0.0,1,0,0.0,0,1.0,D,71,1,1.0,2022,7,120.0,137.77046847877367,-17.770468478773665,3.0,True
23.0,0.0,240.0,78.0,97.0,0.0,0.0,1.0,0.0,1,0,0.0,0,3.0,D,32,1,1.0,2025,7,0.03,40.174526081505256,-40.144526081505255,6.0,False
68.0,120.0,240.0,120.0,120.0,3.0,3.0,2.0,0.0,1,0,0.0,0,6.0,D,7,1,1.0,2024,7,120.0,108.663254178223,11.336745821777,1.0,False
27.0,0.0,240.0,97.0,121.0,0.0,0.0,1.0,0.0,1,0,0.0,0,6.0,D,33,1,1.0,2025,7,97.0,61.85954755723523,35.14045244276477,2.0,True
28.0,0.0,240.0,78.0,97.0,0.0,0.0,1.0,0.0,1,0,0.0,0,6.0,D,30,1,1.0,2024,7,54.0,55.69396124048717,-1.6939612404871696,1.0,False
35.0,0.0,240.0,78.0,97.0,0.0,0.0,1.0,2.0,1,0,0.0,0,3.0,D,66,1,1.0,2023,7,48.0,52.9191209941534,-4.919120994153403,1.0,False
60.0,120.0,240.0,120.0,121.0,3.0,5.0,3.0,0.0,1,0,0.0,0,3.0,D,68,1,1.0,2023,7,120.0,122.60928370622514,-2.609283706225142,1.0,False
35.0,0.0,120.0,41.0,51.0,1.0,1.0,1.0,1.0,1,0,0.0,0,1.0,D,39,1,1.0,2021,7,6.0,45.0221935149397,-39.0221935149397,1.0,False
46.0,120.0,240.0,120.0,120.0,3.0,3.0,2.0,0.0,1,0,0.0,0,6.0,D,64,1,1.0,2024,7,120.0,116.0115136924106,3.9884863075893975,1.0,False
42.0,60.0,240.0,151.0,188.0,0.0,0.0,1.0,0.0,1,0,0.0,0,5.0,D,33,1,1.0,2021,7,188.0,113.27856403165968,74.72143596834032,1.0,False
23.0,0.0,240.0,78.0,97.0,0.0,0.0,1.0,0.0,1,0,0.0,0,3.0,D,7,1,1.0,2022,7,30.0,29.24050797811982,0.7594920218801811,3.0,True
50.0,120.0,240.0,120.0,137.0,7.0,8.0,4.0,2.0,1,0,0.0,0,3.0,D,81,1,1.0,2025,7,120.0,138.0868213403623,-18.08682134036229,1.0,False
33.0,60.0,240.0,97.0,121.0,0.0,0.0,1.0,0.0,1,0,0.0,0,5.0,D,79,1,1.0,2023,7,60.0,58.37421950598164,1.6257804940183576,1.0,False
47.0,180.0,480.0,210.0,262.0,11.0,13.0,6.0,0.0,1,0,0.0,0,3.0,D,69,1,1.0,2023,7,191.0,216.17255291061878,-25.172552910618776,6.0,False
39.0,0.0,240.0,168.0,210.0,0.0,0.0,1.0,0.0,1,0,0.0,0,3.0,D,42,1,1.0,2025,7,144.0,161.46593751542224,-17.46593751542224,3.0,True
78.0,0.0,240.0,135.0,168.0,0.0,0.0,1.0,1.0,1,0,0.0,0,6.0,D,42,1,1.0,2021,7,135.0,112.22570880731601,22.77429119268399,1.0,False
28.0,0.0,240.0,97.0,121.0,0.0,0.0,1.0,0.0,1,0,0.0,0,5.0,D,31,1,2.0,2024,7,61.0,62.75887735623968,-1.7588773562396796,3.0,True
51.0,0.0,240.0,97.0,121.0,0.0,0.0,1.0,2.0,1,0,0.0,0,6.0,D,83,1,1.0,2024,7,97.0,72.41488042239327,24.585119577606733,1.0,False
51.0,0.0,60.0,8.0,14.0,0.0,0.0,1.0,0.0,1,0,1.0,0,3.0,B,43,1,1.0,2025,8,15.0,7.108937548636053,7.891062451363947,1.0,False
26.0,60.0,240.0,87.0,108.0,0.0,0.0,1.0,0.0,1,0,0.0,0,6.0,D,12,1,1.0,2024,7,87.0,69.06206181009917,17.937938189900834,1.0,False
45.0,60.0,240.0,240.0,240.0,14.0,15.0,6.0,1.0,1,0,0.0,0,5.0,D,39,1,1.0,2024,7,180.0,246.55513980993408,-66.55513980993408,3.0,True
35.0,0.0,240.0,78.0,97.0,0.0,0.0,1.0,0.0,1,0,0.0,0,6.0,D,9,1,1.0,2025,7,66.0,49.13934282368453,16.86065717631547,1.0,False
38.0,0.0,240.0,108.0,135.0,2.0,2.0,2.0,0.0,1,0,0.0,0,5.0,D,40,1,1.0,2020,7,100.0,119.86357813504259,-19.863578135042587,1.0,False
33.0,0.0,240.0,78.0,97.0,0.0,0.0,1.0,0.0,1,0,0.0,0,5.0,D,32,1,1.0,2024,7,41.0,43.48805200332885,-2.4880520033288533,1.0,False
66.0,120.0,240.0,120.0,120.0,3.0,3.0,2.0,0.0,1,0,0.0,0,3.0,D,78,1,1.0,2024,7,120.0,106.52345652833155,13.47654347166845,1.0,False
44.0,120.0,240.0,140.0,175.0,14.0,15.0,6.0,0.0,1,0,0.0,0,3.0,D,68,1,1.0,2025,7,175.0,162.09594590665512,12.904054093344882,6.0,False
38.0,0.0,240.0,51.0,63.0,1.0,1.0,1.0,4.0,1,0,0.0,0,5.0,D,51,3,1.0,2023,7,63.0,54.55807460900043,8.441925390999572,2.0,True
51.0,60.0,240.0,240.0,240.0,0.0,0.0,1.0,0.0,1,0,0.0,0,3.0,D,31,1,1.0,2025,7,240.0,173.3570998554334,66.6429001445666,3.0,True
44.0,60.0,240.0,151.0,188.0,0.0,0.0,1.0,3.0,1,0,0.0,0,3.0,D,30,1,1.0,2021,7,84.0,112.74942730722434,-28.749427307224337,3.0,True
41.0,60.0,240.0,151.0,188.0,0.0,0.0,1.0,2.0,1,0,0.0,0,5.0,D,34,1,1.0,2023,7,151.0,116.95780298905963,34.04219701094037,1.0,False
28.0,0.0,240.0,78.0,97.0,0.0,0.0,1.0,0.0,1,0,0.0,0,3.0,D,78,1,1.0,2021,7,36.0,45.4244530216178,-9.4244530216178,3.0,True
43.0,120.0,240.0,120.0,121.0,0.0,0.0,1.0,2.0,1,0,0.0,0,5.0,D,84,1,1.0,2025,7,120.0,121.60820938949945,-1.60820938949945,1.0,False
36.0,120.0,240.0,120.0,120.0,,,3.0,,1,0,0.0,0,,D,1,1,1.0,2023,7,120.0,110.33824690531563,9.661753094684371,1.0,False
22.0,60.0,240.0,240.0,240.0,0.0,0.0,1.0,0.0,1,0,0.0,0,5.0,D,39,1,1.0,2021,7,240.0,210.16383585653676,29.836164143463236,1.0,False
42.0,0.0,240.0,78.0,97.0,0.0,0.0,1.0,2.0,1,0,0.0,0,6.0,D,32,1,1.0,2024,7,57.0,46.596119752147665,10.403880247852335,1.0,False
54.0,60.0,240.0,97.0,121.0,0.0,0.0,1.0,0.0,2,0,0.0,0,3.0,D,30,1,1.0,2021,7,72.0,92.22542229618733,-20.225422296187332,1.0,False
31.0,60.0,240.0,97.0,121.0,0.0,0.0,1.0,1.0,1,0,0.0,0,5.0,D,18,1,1.0,2021,7,84.0,74.04951715901234,9.950482840987661,6.0,False
37.0,0.0,120.0,57.0,71.0,0.0,0.0,1.0,0.0,1,0,0.0,0,3.0,D,39,1,1.0,2020,7,48.0,53.997141299486856,-5.997141299486856,1.0,False
46.0,0.0,240.0,130.0,162.0,10.0,10.0,5.0,0.0,1,0,0.0,0,5.0,D,65,1,1.0,2025,7,72.0,109.89672414374725,-37.89672414374725,1.0,False
39.0,0.0,120.0,10.0,16.0,0.0,0.0,1.0,3.0,1,0,0.0,0,1.0,C,7,1,3.0,2022,8,16.0,1.9230845286321772,14.076915471367823,3.0,True
39.0,0.0,240.0,51.0,63.0,0.0,0.0,1.0,0.0,1,0,0.0,0,6.0,D,9,1,1.0,2021,7,0.03,33.81363858424258,-33.78363858424258,1.0,False
47.0,60.0,240.0,97.0,121.0,0.0,0.0,1.0,3.0,1,0,0.0,0,6.0,D,74,1,1.0,2020,7,70.0,76.07058686741831,-6.070586867418314,1.0,False
38.0,0.0,120.0,78.0,97.0,0.0,0.0,1.0,4.0,1,0,0.0,0,3.0,D,39,1,1.0,2021,7,60.0,84.22597350997425,-24.225973509974253,1.0,False
22.0,0.0,240.0,121.0,151.0,0.0,0.0,1.0,0.0,1,0,0.0,0,3.0,D,15,1,1.0,2023,7,63.0,81.7605235636752,-18.760523563675207,2.0,True
41.0,60.0,240.0,188.0,235.0,2.0,4.0,3.0,0.0,1,0,0.0,0,5.0,D,47,1,1.0,2023,7,168.0,147.4128733499241,20.587126650075902,1.0,False
28.0,0.0,120.0,78.0,97.0,0.0,0.0,1.0,3.0,1,0,0.0,0,1.0,D,42,1,1.0,2025,7,97.0,66.28600008044388,30.713999919556116,3.0,True
47.0,0.0,120.0,37.0,46.0,0.0,0.0,1.0,0.0,1,0,0.0,0,6.0,D,83,1,1.0,2020,7,37.0,21.162229515630553,15.837770484369447,1.0,False
49.0,120.0,240.0,120.0,121.0,3.0,5.0,3.0,0.0,1,0,0.0,0,5.0,D,57,1,1.0,2021,7,113.0,121.76221710274478,-8.762217102744785,1.0,False
32.0,60.0,240.0,151.0,188.0,0.0,0.0,1.0,0.0,1,0,0.0,0,5.0,D,56,1,1.0,2025,7,151.0,103.89409791103034,47.10590208896966,1.0,False
46.0,60.0,240.0,151.0,188.0,0.0,0.0,1.0,0.0,1,0,0.0,0,1.0,D,66,1,1.0,2024,7,144.0,98.95141204632365,45.048587953676346,1.0,False
36.0,60.0,240.0,121.0,151.0,6.0,8.0,4.0,0.0,1,0,0.0,0,5.0,D,66,1,1.0,2021,7,165.0,100.65918174991941,64.34081825008059,1.0,False
36.0,0.0,240.0,78.0,97.0,0.0,0.0,1.0,0.0,1,0,0.0,0,5.0,D,48,1,1.0,2025,7,84.0,50.393155302769856,33.606844697230144,1.0,False
74.0,0.0,240.0,97.0,121.0,0.0,0.0,1.0,0.0,1,0,0.0,0,3.0,D,4,1,1.0,2022,7,0.03,58.190434248665284,-58.16043424866528,3.0,True
41.0,60.0,240.0,151.0,188.0,0.0,0.0,1.0,0.0,1,0,0.0,0,3.0,D,45,1,1.0,2021,7,120.0,100.50194232173435,19.498057678265653,1.0,False
48.0,120.0,240.0,120.0,120.0,4.0,6.0,3.0,0.0,1,0,0.0,0,3.0,D,9,1,1.0,2022,7,120.0,119.74790876877707,0.2520912312229342,1.0,False
47.0,60.0,240.0,121.0,151.0,0.0,0.0,1.0,3.0,2,0,0.0,0,5.0,D,49,1,1.0,2023,7,97.0,128.32945397602785,-31.32945397602785,1.0,False
55.0,60.0,240.0,97.0,121.0,1.0,1.0,1.0,0.0,2,0,0.0,0,3.0,D,85,1,1.0,2024,7,97.0,87.37433917687612,9.62566082312388,6.0,False
35.0,120.0,240.0,120.0,120.0,3.0,5.0,3.0,1.0,1,0,0.0,0,3.0,D,76,1,1.0,2021,7,120.0,121.44373294966013,-1.4437329496601308,1.0,False
49.0,60.0,240.0,60.0,60.0,0.0,0.0,1.0,1.0,1,0,0.0,0,1.0,D,69,1,1.0,2020,7,60.0,66.64787125329855,-6.647871253298547,1.0,False
32.0,180.0,480.0,180.0,210.0,11.0,12.0,5.0,1.0,1,0,0.0,0,3.0,D,49,1,1.0,2024,7,180.0,225.04432977668273,-45.04432977668273,1.0,False
25.0,60.0,240.0,108.0,135.0,0.0,0.0,1.0,0.0,1,0,0.0,0,6.0,D,39,1,1.0,2022,7,72.0,113.3203176522667,-41.320317652266695,1.0,False
37.0,60.0,240.0,151.0,188.0,0.0,0.0,1.0,1.0,1,0,0.0,0,3.0,D,63,1,1.0,2023,7,121.0,128.99942019404864,-7.999420194048639,1.0,False
30.0,180.0,480.0,180.0,180.0,4.0,4.0,3.0,0.0,1,0,0.0,0,3.0,D,62,1,1.0,2022,7,180.0,178.79853586194173,1.2014641380582702,1.0,False
21.0,60.0,240.0,240.0,240.0,0.0,0.0,1.0,0.0,1,0,0.0,0,3.0,D,40,1,1.0,2024,7,144.0,202.91163025651042,-58.91163025651042,1.0,False
68.0,0.0,240.0,97.0,121.0,0.0,0.0,1.0,0.0,1,0,0.0,0,5.0,D,48,1,1.0,2023,7,18.0,58.46690037497818,-40.46690037497818,1.0,False
26.0,180.0,480.0,292.0,365.0,6.0,8.0,4.0,0.0,2,0,0.0,0,3.0,D,6,1,1.0,2021,7,210.0,229.4476066709401,-19.447606670940104,1.0,False
27.0,60.0,240.0,78.0,97.0,0.0,0.0,1.0,1.0,1,0,0.0,0,5.0,D,62,1,1.0,2021,7,121.0,62.418332500350246,58.581667499649754,1.0,False
44.0,0.0,60.0,30.0,37.0,11.0,12.0,5.0,2.0,1,0,0.0,0,1.0,D,33,1,1.0,2025,8,24.0,42.04220410059489,-18.042204100594887,2.0,True
31.0,0.0,240.0,78.0,97.0,0.0,0.0,1.0,0.0,1,0,0.0,0,3.0,D,78,1,1.0,2020,7,36.0,42.10488641886332,-6.104886418863323,1.0,False
32.0,60.0,240.0,210.0,240.0,0.0,0.0,1.0,1.0,1,0,0.0,0,5.0,D,52,1,1.0,2024,7,144.0,138.8834528845518,5.116547115448213,3.0,True
29.0,60.0,240.0,188.0,235.0,2.0,4.0,3.0,0.0,1,0,0.0,0,3.0,D,46,1,1.0,2020,7,84.0,153.74514764727695,-69.74514764727695,1.0,False
31.0,0.0,120.0,78.0,97.0,0.0,0.0,1.0,0.0,1,0,0.0,0,3.0,D,67,1,1.0,2023,7,48.0,49.67620012699428,-1.6762001269942814,1.0,False
35.0,60.0,240.0,151.0,188.0,0.0,0.0,1.0,0.0,1,0,0.0,0,3.0,D,61,1,1.0,2021,7,83.0,101.70634177277444,-18.706341772774437,1.0,False
49.0,120.0,240.0,120.0,120.0,2.0,2.0,2.0,0.0,1,0,0.0,0,5.0,D,22,1,1.0,2025,7,120.0,118.44063442587633,1.5593655741236745,1.0,False
31.0,0.0,240.0,70.0,87.0,0.0,0.0,1.0,0.0,1,0,0.0,0,3.0,D,9,1,1.0,2021,7,81.0,45.44113981988602,35.55886018011398,1.0,False
27.0,0.0,120.0,120.0,120.0,0.0,0.0,1.0,0.0,1,0,0.0,0,3.0,D,27,1,1.0,2025,7,0.16,97.11879403269288,-96.95879403269288,1.0,False
32.0,60.0,480.0,210.0,262.0,0.0,0.0,1.0,1.0,1,0,0.0,0,3.0,D,66,1,1.0,2023,7,180.0,134.18748756756656,45.81251243243344,1.0,False
58.0,120.0,240.0,120.0,137.0,5.0,7.0,4.0,0.0,1,0,0.0,0,3.0,D,64,1,1.0,2022,7,120.0,117.6393196995486,2.3606803004514063,1.0,False
33.0,60.0,240.0,210.0,262.0,1.0,1.0,1.0,0.0,3,0,0.0,0,3.0,D,31,1,1.0,2023,7,180.0,168.16821012769265,11.831789872307354,1.0,False
48.0,120.0,240.0,120.0,120.0,3.0,5.0,3.0,0.0,1,0,0.0,0,3.0,D,24,1,1.0,2021,7,120.0,115.59112921127989,4.408870788720108,1.0,False
54.0,60.0,240.0,121.0,151.0,0.0,0.0,1.0,2.0,2,0,0.0,0,3.0,D,85,1,1.0,2024,7,64.0,107.38190021933565,-43.38190021933565,6.0,False
42.0,180.0,480.0,262.0,327.0,3.0,5.0,3.0,0.0,1,0,0.0,0,3.0,D,32,1,1.0,2023,7,207.0,200.93973858055892,6.060261419441076,1.0,False
22.0,60.0,240.0,78.0,97.0,0.0,0.0,1.0,0.0,1,0,0.0,0,5.0,D,72,1,1.0,2023,7,66.0,101.94607213741399,-35.94607213741399,1.0,False
27.0,120.0,240.0,188.0,235.0,5.0,7.0,4.0,0.0,1,0,0.0,0,3.0,D,32,1,1.0,2021,7,120.0,146.5528002479375,-26.552800247937512,2.0,True
36.0,120.0,240.0,120.0,120.0,6.0,6.0,3.0,0.0,1,0,0.0,0,3.0,D,5,1,1.0,2025,7,120.0,121.82293382188229,-1.8229338218822875,1.0,False
53.0,60.0,240.0,151.0,188.0,0.0,0.0,1.0,,2,0,0.0,0,5.0,D,19,1,1.0,2025,7,120.0,118.57842481415689,1.4215751858431105,1.0,False
57.0,60.0,240.0,151.0,188.0,0.0,0.0,1.0,0.0,1,0,0.0,0,5.0,D,8,1,1.0,2022,7,96.0,75.11056798871176,20.889432011288235,1.0,False
34.0,0.0,240.0,57.0,71.0,0.0,0.0,1.0,1.0,1,0,0.0,0,1.0,D,22,1,1.0,2024,7,24.0,39.44906057415316,-15.449060574153158,2.0,True
47.0,0.0,60.0,24.0,30.0,0.0,0.0,1.0,2.0,1,0,0.0,0,5.0,D,29,1,1.0,2023,8,0.03,17.512691270766595,-17.482691270766594,1.0,False
21.0,60.0,240.0,210.0,240.0,0.0,0.0,1.0,0.0,1,0,0.0,0,5.0,D,22,1,1.0,2022,7,60.0,92.58428432266588,-32.58428432266588,1.0,False
60.0,60.0,240.0,135.0,168.0,0.0,0.0,1.0,0.0,1,0,0.0,0,3.0,D,45,1,1.0,2024,7,90.0,99.45788167548012,-9.457881675480124,1.0,False
42.0,60.0,240.0,121.0,151.0,0.0,0.0,1.0,1.0,4,0,0.0,0,5.0,D,13,1,1.0,2020,7,84.0,105.57718534003475,-21.577185340034745,1.0,False
36.0,60.0,240.0,151.0,188.0,1.0,1.0,1.0,0.0,1,0,0.0,0,5.0,D,56,1,1.0,2023,7,151.0,110.31332900546742,40.68667099453258,1.0,False
34.0,0.0,240.0,121.0,151.0,6.0,6.0,3.0,0.0,1,0,0.0,0,5.0,D,63,1,1.0,2020,7,121.0,111.13802088167506,9.861979118324939,1.0,False
38.0,60.0,240.0,78.0,97.0,0.0,0.0,1.0,2.0,2,0,0.0,0,5.0,D,85,1,1.0,2024,7,78.0,76.1601183699487,1.8398816300512948,1.0,False
25.0,0.0,240.0,57.0,71.0,0.0,0.0,1.0,0.0,1,0,0.0,0,5.0,D,65,1,1.0,2025,7,36.0,34.46877314849467,1.5312268515053304,1.0,False
35.0,0.0,240.0,135.0,168.0,0.0,0.0,1.0,0.0,2,0,0.0,0,3.0,D,1,1,1.0,2024,7,72.0,79.84724038999806,-7.847240389998063,1.0,False
29.0,60.0,240.0,121.0,151.0,0.0,0.0,1.0,0.0,1,0,0.0,0,3.0,D,88,1,1.0,2025,7,96.0,88.6265491743331,7.373450825666893,1.0,False
42.0,120.0,240.0,168.0,210.0,3.0,3.0,2.0,0.0,1,0,0.0,0,3.0,D,32,1,1.0,2024,7,120.0,144.3832981731275,-24.383298173127514,1.0,False
33.0,0.0,120.0,46.0,57.0,2.0,2.0,2.0,10.0,1,0,0.0,0,5.0,D,39,1,1.0,2022,7,120.0,48.58180210734094,71.41819789265907,2.0,True
25.0,0.0,240.0,97.0,121.0,0.0,0.0,1.0,0.0,1,0,0.0,0,5.0,D,15,1,1.0,2020,7,60.0,51.4377493057854,8.562250694214598,1.0,False
41.0,60.0,240.0,151.0,188.0,0.0,0.0,1.0,0.0,1,0,0.0,0,5.0,D,30,1,1.0,2024,7,188.0,112.3276192111386,75.6723807888614,1.0,False
27.0,0.0,240.0,78.0,97.0,1.0,1.0,1.0,0.0,1,0,0.0,0,5.0,D,57,1,1.0,2022,7,12.03,46.8369515869361,-34.8069515869361,2.0,True
58.0,60.0,480.0,108.0,135.0,2.0,2.0,2.0,0.0,2,60,0.0,1,5.0,D,47,1,1.0,2021,7,97.0,92.03703937429881,4.962960625701186,1.0,False
51.0,0.0,240.0,78.0,97.0,0.0,0.0,1.0,0.0,1,0,0.0,0,1.0,D,42,1,1.0,2022,7,94.0,65.12150256484398,28.87849743515602,3.0,True
25.0,60.0,240.0,151.0,188.0,1.0,1.0,1.0,0.0,1,0,0.0,0,5.0,D,67,1,1.0,2023,7,102.0,96.91907452473252,5.0809254752674775,1.0,False
38.0,60.0,240.0,210.0,240.0,0.0,0.0,1.0,0.0,1,0,0.0,0,3.0,D,19,1,1.0,2021,7,151.0,138.95567537139226,12.04432462860774,1.0,False
56.0,120.0,240.0,120.0,120.0,3.0,3.0,2.0,0.0,1,0,0.0,0,3.0,D,69,1,1.0,2020,7,135.0,120.27373799078055,14.726262009219454,6.0,False
35.0,0.0,240.0,78.0,97.0,1.0,1.0,1.0,4.0,1,0,0.0,0,1.0,D,79,1,1.0,2023,7,24.0,40.81056470831219,-16.810564708312192,3.0,True
38.0,120.0,240.0,120.0,120.0,4.0,4.0,3.0,0.0,1,0,0.0,0,5.0,D,43,1,1.0,2022,7,120.0,128.3856044838732,-8.385604483873209,1.0,False
45.0,180.0,480.0,235.0,293.0,3.0,3.0,2.0,0.0,4,0,0.0,0,1.0,D,27,1,1.0,2025,7,210.0,235.5639769404018,-25.5639769404018,1.0,False
33.0,60.0,240.0,121.0,151.0,1.0,1.0,1.0,0.0,2,0,0.0,0,5.0,D,32,1,1.0,2022,7,120.0,96.93724869249716,23.062751307502836,1.0,False
27.0,0.0,120.0,121.0,151.0,2.0,2.0,1.0,1.0,2,0,0.0,0,3.0,D,79,1,1.0,2022,7,90.0,92.0396205694589,-2.0396205694589042,2.0,True
40.0,0.0,120.0,70.0,87.0,0.0,0.0,1.0,0.0,1,0,0.0,0,6.0,D,88,1,2.0,2023,7,37.05,44.25151173898566,-7.2015117389856655,1.0,False
56.0,0.0,120.0,30.0,37.0,0.0,0.0,1.0,0.0,1,0,0.0,0,5.0,D,65,1,1.0,2022,7,12.03,30.689519436819108,-18.65951943681911,1.0,False
40.0,0.0,240.0,78.0,97.0,0.0,0.0,1.0,0.0,1,0,0.0,0,6.0,D,32,1,1.0,2020,7,30.0,41.03361769588049,-11.033617695880487,1.0,False
63.0,120.0,240.0,120.0,120.0,1.0,3.0,2.0,0.0,1,0,0.0,0,6.0,D,9,1,1.0,2022,7,120.0,115.24799546339513,4.752004536604872,1.0,False
71.0,0.0,240.0,97.0,121.0,0.0,0.0,1.0,1.0,1,0,0.0,0,3.0,D,70,1,1.0,2024,7,40.0,62.62906671681208,-22.629066716812083,1.0,False
76.0,60.0,240.0,240.0,240.0,0.0,0.0,1.0,0.0,1,0,0.0,0,5.0,D,65,1,1.0,2020,7,120.0,155.71335471970514,-35.71335471970514,1.0,False
32.0,60.0,240.0,60.0,60.0,2.0,2.0,2.0,0.0,1,0,0.0,0,5.0,D,69,1,1.0,2023,7,60.0,67.1291483546004,-7.129148354600403,1.0,False
36.0,0.0,240.0,78.0,97.0,0.0,0.0,1.0,0.0,1,0,0.0,0,3.0,D,31,1,1.0,2023,7,65.0,52.275224040570365,12.724775959429635,3.0,True
31.0,60.0,240.0,97.0,121.0,0.0,0.0,1.0,0.0,2,0,0.0,0,3.0,D,41,1,1.0,2024,7,60.0,90.3186215258803,-30.318621525880303,3.0,True
48.0,60.0,240.0,210.0,262.0,4.0,4.0,3.0,0.0,3,0,0.0,0,3.0,D,69,3,1.0,2023,7,96.0,161.57177104427333,-65.57177104427333,1.0,False
33.0,0.0,240.0,78.0,97.0,0.0,0.0,1.0,2.0,1,0,0.0,0,6.0,D,25,1,1.0,2024,7,48.0,53.00424720251798,-5.0042472025179805,1.0,False
27.0,0.0,120.0,97.0,120.0,0.0,0.0,1.0,0.0,1,0,0.0,0,6.0,D,87,1,1.0,2024,7,0.03,61.76089005627043,-61.73089005627043,6.0,False
32.0,0.0,240.0,97.0,121.0,0.0,0.0,1.0,2.0,1,0,0.0,0,3.0,D,19,1,1.0,2024,7,51.0,72.7031924389949,-21.703192438994904,1.0,False
28.0,0.0,120.0,97.0,120.0,0.0,0.0,1.0,0.0,1,0,0.0,0,5.0,D,82,1,1.0,2024,7,90.0,60.642958384282544,29.357041615717456,1.0,False
43.0,180.0,360.0,324.0,360.0,0.0,0.0,1.0,0.0,1,0,0.0,0,5.0,D,41,1,1.0,2023,7,360.0,288.5068050914243,71.49319490857567,1.0,False
40.0,0.0,240.0,97.0,121.0,0.0,0.0,1.0,0.0,1,0,0.0,0,3.0,D,73,1,2.0,2020,7,51.0,50.15832038223633,0.841679617763667,3.0,True
29.0,0.0,240.0,78.0,97.0,0.0,0.0,1.0,0.0,1,0,0.0,0,5.0,D,75,1,1.0,2022,7,60.0,47.323929848608586,12.676070151391414,6.0,False
61.0,180.0,9996.0,180.0,180.0,5.0,5.0,3.0,0.0,2,0,0.0,0,3.0,D,53,1,1.0,2021,7,180.0,185.9448538377567,-5.94485383775671,1.0,False
31.0,0.0,240.0,30.0,37.0,0.0,0.0,1.0,7.0,2,0,0.0,0,6.0,D,84,1,2.0,2022,7,36.0,32.21565201641872,3.784347983581277,6.0,False
42.0,0.0,240.0,97.0,121.0,0.0,0.0,1.0,0.0,1,0,0.0,0,6.0,D,71,1,1.0,2021,7,78.0,53.055913717128654,24.944086282871346,1.0,False
38.0,60.0,240.0,151.0,188.0,9.0,11.0,5.0,3.0,1,0,0.0,0,3.0,D,66,1,1.0,2020,7,151.0,112.64942431799584,38.35057568200416,1.0,False
64.0,180.0,480.0,180.0,180.0,3.0,3.0,2.0,0.0,1,0,0.0,0,3.0,D,29,1,1.0,2025,7,180.0,185.46862544265963,-5.468625442659629,1.0,False
36.0,60.0,240.0,168.0,210.0,5.0,5.0,3.0,3.0,1,0,0.0,0,6.0,D,63,3,1.0,2022,7,168.0,160.4487117868604,7.5512882131396,1.0,False
70.0,60.0,240.0,97.0,121.0,0.0,0.0,1.0,0.0,1,0,0.0,0,3.0,D,42,1,1.0,2022,7,75.0,96.30736090854758,-21.30736090854758,1.0,False
74.0,0.0,60.0,12.0,18.0,0.0,0.0,1.0,0.0,1,0,0.0,0,3.0,C,72,1,1.0,2022,8,16.0,5.516824750490606,10.483175249509394,1.0,False
57.0,0.0,240.0,78.0,97.0,0.0,0.0,1.0,0.0,1,0,0.0,0,5.0,D,73,1,1.0,2022,7,42.0,43.19922833572406,-1.199228335724058,1.0,False
23.0,0.0,240.0,51.0,63.0,0.0,0.0,1.0,0.0,1,0,0.0,0,5.0,D,70,1,1.0,2024,7,15.0,31.581577436323997,-16.581577436323997,3.0,True
52.0,60.0,240.0,108.0,135.0,0.0,0.0,1.0,3.0,1,0,0.0,0,6.0,D,47,1,1.0,2022,7,96.0,89.91562087568072,6.084379124319284,1.0,False
63.0,60.0,240.0,108.0,135.0,0.0,0.0,1.0,0.0,1,0,0.0,0,5.0,D,80,1,1.0,2020,7,60.0,67.92877256785272,-7.928772567852718,1.0,False
63.0,0.0,240.0,78.0,97.0,0.0,0.0,1.0,0.0,1,0,0.0,0,3.0,D,71,1,1.0,2024,7,60.0,44.69682027278794,15.303179727212061,1.0,False
31.0,60.0,240.0,480.0,480.0,2.0,2.0,2.0,0.0,2,0,0.0,0,3.0,D,39,1,1.0,2025,7,360.0,344.12751794388623,15.872482056113768,3.0,True
28.0,0.0,240.0,78.0,97.0,0.0,0.0,1.0,1.0,1,0,0.0,0,5.0,D,31,1,1.0,2020,7,36.0,47.5618124435622,-11.561812443562197,3.0,True
49.0,60.0,240.0,78.0,97.0,0.0,0.0,1.0,0.0,1,0,0.0,0,3.0,D,30,1,1.0,2020,7,60.0,74.34745792703157,-14.34745792703157,3.0,True
29.0,180.0,480.0,262.0,327.0,3.0,5.0,3.0,0.0,1,0,0.0,0,5.0,D,30,1,1.0,2023,7,360.0,290.88404197564955,69.11595802435045,1.0,False
56.0,180.0,480.0,180.0,188.0,0.0,0.0,1.0,0.0,1,0,0.0,0,3.0,D,19,1,1.0,2021,7,180.0,179.225987560483,0.7740124395170085,1.0,False
60.0,180.0,480.0,180.0,180.0,3.0,3.0,2.0,0.0,2,0,0.0,0,3.0,D,30,1,1.0,2024,7,180.0,198.51368464397456,-18.513684643974557,1.0,False
65.0,0.0,240.0,97.0,121.0,0.0,0.0,1.0,0.0,1,0,0.0,0,6.0,D,31,1,1.0,2020,7,97.0,59.302747108940444,37.697252891059556,1.0,False
55.0,60.0,240.0,151.0,188.0,0.0,0.0,1.0,0.0,1,0,0.0,0,1.0,D,72,1,1.0,2021,7,126.0,102.57531953593652,23.424680464063485,1.0,False
38.0,60.0,240.0,151.0,188.0,0.0,0.0,1.0,0.0,1,0,0.0,0,5.0,D,70,1,1.0,2025,7,120.0,104.61736137618078,15.382638623819219,1.0,False
28.0,60.0,480.0,97.0,121.0,0.0,0.0,1.0,0.0,1,0,0.0,0,1.0,D,43,1,3.0,2020,7,72.0,80.78495788571276,-8.784957885712757,3.0,True
22.0,0.0,240.0,78.0,97.0,1.0,1.0,1.0,0.0,1,0,0.0,0,5.0,D,35,1,1.0,2023,7,60.0,44.16064534121001,15.839354658789993,1.0,False
40.0,0.0,120.0,78.0,97.0,0.0,0.0,1.0,0.0,1,0,0.0,0,6.0,D,87,1,1.0,2024,7,84.0,53.77196258208886,30.22803741791114,1.0,False
46.0,60.0,240.0,151.0,188.0,0.0,0.0,1.0,0.0,1,0,0.0,0,5.0,D,56,1,1.0,2020,7,151.0,99.44466850520638,51.55533149479362,1.0,False
44.0,0.0,120.0,120.0,120.0,0.0,0.0,1.0,3.0,1,0,0.0,0,3.0,D,10,1,1.0,2020,7,84.0,73.18250590961175,10.817494090388251,1.0,False
23.0,0.0,240.0,168.0,210.0,0.0,0.0,1.0,0.0,1,0,0.0,0,3.0,D,53,1,1.0,2022,7,210.0,114.60678112888053,95.39321887111947,1.0,False
25.0,60.0,240.0,60.0,63.0,0.0,0.0,1.0,0.0,1,0,0.0,0,5.0,D,65,1,1.0,2021,7,63.0,57.7207614250799,5.2792385749201,1.0,False
36.0,60.0,240.0,210.0,262.0,1.0,1.0,1.0,0.0,2,0,0.0,0,6.0,D,78,1,1.0,2024,7,111.0,137.9179229453331,-26.91792294533309,1.0,False
52.0,60.0,240.0,108.0,135.0,0.0,0.0,1.0,0.0,2,0,0.0,0,1.0,D,47,1,1.0,2024,7,84.0,102.89865439533447,-18.898654395334475,1.0,False
55.0,120.0,240.0,135.0,168.0,5.0,5.0,3.0,0.0,1,0,0.0,0,3.0,D,71,3,1.0,2022,7,120.0,132.18219413381158,-12.182194133811578,1.0,False
60.0,60.0,240.0,240.0,240.0,0.0,0.0,1.0,0.0,1,0,0.0,0,6.0,D,42,1,1.0,2023,7,240.0,185.47317523574486,54.52682476425514,1.0,False
56.0,0.0,240.0,78.0,97.0,0.0,0.0,1.0,0.0,1,0,0.0,0,5.0,D,40,1,1.0,2020,7,97.0,77.91219965310866,19.087800346891342,1.0,False
29.0,60.0,240.0,151.0,188.0,0.0,0.0,1.0,0.0,1,0,0.0,0,1.0,D,18,1,1.0,2021,7,90.0,100.79462520086444,-10.794625200864445,3.0,True
51.0,60.0,240.0,168.0,210.0,0.0,0.0,1.0,0.0,2,0,0.0,0,5.0,D,47,1,1.0,2023,7,180.0,136.64671843494247,43.35328156505753,1.0,False
29.0,60.0,240.0,121.0,151.0,0.0,0.0,1.0,0.0,2,0,1.0,0,5.0,D,13,1,1.0,2021,7,84.0,107.06844234633165,-23.06844234633165,1.0,False
39.0,0.0,240.0,63.0,78.0,0.0,0.0,1.0,0.0,1,0,0.0,0,5.0,D,85,1,1.0,2020,7,24.0,47.31893143821684,-23.318931438216843,1.0,False
43.0,0.0,60.0,12.0,18.0,0.0,0.0,1.0,3.0,1,0,0.0,0,1.0,C,39,1,3.0,2021,8,12.0,18.96676419215307,-6.966764192153072,3.0,True
28.0,0.0,120.0,78.0,97.0,0.0,0.0,1.0,0.0,1,0,0.0,0,5.0,D,73,1,1.0,2021,7,18.0,39.043991342685274,-21.043991342685274,6.0,False
51.0,60.0,240.0,151.0,188.0,0.0,0.0,1.0,1.0,1,0,0.0,0,3.0,D,66,1,1.0,2020,7,96.0,93.15193042659625,2.8480695734037482,1.0,False
40.0,60.0,240.0,168.0,210.0,2.0,2.0,2.0,0.0,1,0,0.0,0,3.0,D,18,1,1.0,2020,7,72.0,125.49633537585537,-53.49633537585537,1.0,False
22.0,0.0,240.0,78.0,97.0,0.0,0.0,1.0,0.0,1,0,0.0,0,3.0,D,31,1,1.0,2023,7,78.0,45.94210537585423,32.05789462414577,3.0,True
57.0,60.0,240.0,151.0,188.0,1.0,1.0,1.0,0.0,2,0,0.0,0,5.0,D,66,1,1.0,2024,7,84.0,114.36287789425319,-30.362877894253188,1.0,False
31.0,0.0,240.0,135.0,168.0,9.0,9.0,4.0,0.0,1,0,0.0,0,3.0,D,65,1,1.0,2024,7,96.0,108.61928109395404,-12.619281093954044,2.0,True
47.0,60.0,240.0,151.0,188.0,0.0,0.0,1.0,4.0,1,0,0.0,0,6.0,D,37,1,1.0,2023,7,151.0,114.48112166036591,36.518878339634085,1.0,False
41.0,0.0,240.0,97.0,121.0,1.0,1.0,1.0,0.0,1,0,0.0,0,3.0,D,76,1,1.0,2024,7,84.0,68.56889453460755,15.431105465392449,1.0,False
41.0,60.0,240.0,151.0,188.0,0.0,0.0,1.0,2.0,1,0,0.0,0,5.0,D,78,1,1.0,2023,7,108.0,95.1314056957556,12.868594304244397,1.0,False
49.0,60.0,240.0,97.0,121.0,0.0,0.0,1.0,0.0,1,0,0.0,0,3.0,D,67,1,1.0,2024,7,60.0,79.69064995979765,-19.690649959797653,1.0,False
23.0,60.0,240.0,151.0,188.0,0.0,0.0,1.0,0.0,1,0,0.0,0,3.0,D,17,1,1.0,2025,7,144.0,106.86235441084702,37.13764558915298,3.0,True
26.0,0.0,240.0,78.0,97.0,0.0,0.0,1.0,2.0,2,0,0.0,0,3.0,D,74,1,1.0,2021,7,48.0,56.57653912616464,-8.57653912616464,3.0,True
45.0,0.0,240.0,70.0,87.0,0.0,0.0,1.0,1.0,1,0,0.0,0,3.0,D,37,1,1.0,2024,7,70.0,63.765569220643926,6.2344307793560745,1.0,False
28.0,0.0,120.0,78.0,97.0,0.0,0.0,1.0,0.0,1,0,0.0,0,5.0,D,87,1,1.0,2022,7,48.0,47.35022035707452,0.6497796429254805,2.0,True
44.0,0.0,240.0,97.0,121.0,0.0,0.0,1.0,0.0,1,0,0.0,0,6.0,D,24,1,1.0,2022,7,97.0,86.7642740033416,10.235725996658402,1.0,False
29.0,60.0,240.0,121.0,151.0,7.0,7.0,4.0,0.0,4,0,0.0,0,3.0,D,15,1,1.0,2020,7,96.0,115.96508447857482,-19.965084478574823,1.0,False
31.0,60.0,240.0,210.0,240.0,0.0,0.0,1.0,2.0,1,0,0.0,0,5.0,D,39,1,1.0,2023,7,210.0,210.08474019205846,-0.08474019205846162,1.0,False
45.0,0.0,240.0,87.0,108.0,0.0,0.0,1.0,0.0,1,0,0.0,0,1.0,D,87,1,1.0,2022,7,24.0,66.19401736655189,-42.19401736655189,1.0,False
33.0,120.0,240.0,151.0,188.0,7.0,8.0,4.0,0.0,1,0,0.0,0,3.0,D,44,1,1.0,2025,7,151.0,148.71495690950124,2.2850430904987604,1.0,False
50.0,180.0,480.0,180.0,180.0,3.0,3.0,2.0,0.0,1,0,0.0,0,3.0,D,29,1,1.0,2021,7,180.0,181.83119932589005,-1.8311993258900543,1.0,False
30.0,60.0,240.0,121.0,151.0,0.0,0.0,1.0,2.0,1,0,0.0,0,5.0,D,39,1,1.0,2024,7,126.0,141.67257427819095,-15.67257427819095,3.0,True
67.0,0.0,60.0,12.0,18.0,1.0,1.0,1.0,0.0,1,0,1.0,0,3.0,C,39,1,1.0,2020,8,18.0,12.403912377218914,5.596087622781086,1.0,False
23.0,60.0,240.0,108.0,135.0,0.0,0.0,1.0,0.0,1,0,0.0,0,5.0,D,15,1,1.0,2023,7,72.0,74.4626223430117,-2.4626223430117022,1.0,False
59.0,0.0,240.0,78.0,97.0,0.0,0.0,1.0,1.0,1,0,0.0,0,3.0,D,78,1,1.0,2020,7,36.0,41.02589018621051,-5.0258901862105105,3.0,True
31.0,0.0,240.0,78.0,97.0,0.0,0.0,1.0,0.0,1,0,0.0,0,6.0,D,74,1,1.0,2023,7,63.0,47.15609875897135,15.843901241028647,1.0,False
38.0,120.0,240.0,121.0,151.0,3.0,3.0,2.0,0.0,1,0,0.0,0,5.0,D,34,1,1.0,2022,7,121.0,136.45596941544665,-15.455969415446646,1.0,False
34.0,0.0,120.0,78.0,97.0,0.0,0.0,1.0,0.0,1,0,0.0,0,3.0,D,79,1,1.0,2020,7,41.0,31.45118431095491,9.548815689045089,6.0,False
51.0,60.0,240.0,240.0,240.0,0.0,0.0,1.0,0.0,1,0,0.0,0,6.0,D,20,1,1.0,2024,7,204.0,187.75368552331008,16.246314476689918,1.0,False
73.0,0.0,240.0,78.0,97.0,0.0,0.0,1.0,0.0,1,0,0.0,0,6.0,D,71,1,1.0,2020,7,36.0,42.67683465758594,-6.6768346575859425,1.0,False
25.0,0.0,240.0,78.0,97.0,0.0,0.0,1.0,0.0,1,0,0.0,0,6.0,D,40,1,1.0,2023,7,60.0,72.53768799454677,-12.537687994546772,6.0,False
50.0,0.0,240.0,78.0,97.0,0.0,0.0,1.0,0.0,1,0,0.0,0,5.0,D,33,1,1.0,2023,7,78.0,55.550711217395154,22.449288782604846,1.0,False
42.0,180.0,480.0,292.0,365.0,7.0,7.0,4.0,0.0,2,0,0.0,0,5.0,D,30,1,1.0,2020,7,365.0,313.47486540079683,51.52513459920317,1.0,False
47.0,60.0,240.0,360.0,480.0,8.0,10.0,5.0,0.0,2,0,0.0,0,3.0,D,76,1,1.0,2021,7,360.0,270.83140664025666,89.16859335974334,1.0,False
51.0,180.0,480.0,262.0,327.0,6.0,6.0,3.0,1.0,1,0,0.0,0,3.0,D,9,1,1.0,2022,7,275.0,248.4633511042064,26.536648895793604,1.0,False
59.0,60.0,240.0,60.0,60.0,1.0,1.0,1.0,2.0,1,0,0.0,0,5.0,D,65,1,1.0,2021,7,60.0,69.48226304886572,-9.482263048865718,1.0,False
59.0,0.0,240.0,78.0,97.0,2.0,2.0,2.0,0.0,1,0,0.0,0,3.0,D,81,1,1.0,2024,7,66.0,39.22675510102646,26.773244898973537,1.0,False
63.0,60.0,240.0,97.0,121.0,0.0,0.0,1.0,1.0,1,0,0.0,0,5.0,D,89,1,1.0,2020,7,60.0,58.68055702002364,1.3194429799763583,1.0,False
25.0,60.0,240.0,70.0,87.0,0.0,0.0,1.0,0.0,1,0,0.0,0,5.0,D,7,1,1.0,2025,7,60.0,64.52131378191953,-4.521313781919531,1.0,False
27.0,0.0,240.0,41.0,51.0,2.0,2.0,2.0,0.0,1,0,0.0,0,5.0,D,20,1,1.0,2023,7,48.0,23.401160170992966,24.598839829007034,1.0,False
29.0,0.0,240.0,78.0,97.0,0.0,0.0,1.0,0.0,1,0,0.0,0,5.0,D,88,1,1.0,2021,7,12.03,42.171942599916726,-30.141942599916725,1.0,False
38.0,60.0,240.0,151.0,188.0,0.0,0.0,1.0,1.0,1,0,0.0,0,5.0,D,65,1,1.0,2020,7,63.0,97.29519812246362,-34.29519812246362,1.0,False
44.0,60.0,240.0,168.0,210.0,0.0,0.0,1.0,0.0,1,0,0.0,0,6.0,D,60,1,1.0,2023,7,168.0,137.44757337255297,30.552426627447034,1.0,False
35.0,0.0,240.0,97.0,121.0,1.0,1.0,1.0,1.0,1,0,0.0,0,5.0,D,62,1,1.0,2021,7,90.0,71.12722580236071,18.872774197639288,1.0,False
43.0,180.0,480.0,210.0,262.0,8.0,9.0,4.0,0.0,1,0,0.0,0,5.0,D,23,1,1.0,2025,7,210.0,207.42499868179559,2.5750013182044142,1.0,False
22.0,0.0,240.0,78.0,97.0,0.0,0.0,1.0,0.0,1,0,0.0,0,3.0,D,31,1,1.0,2024,7,78.0,48.28592269834542,29.714077301654577,1.0,False
33.0,0.0,240.0,78.0,97.0,0.0,0.0,1.0,0.0,1,0,0.0,0,5.0,D,25,1,1.0,2025,7,0.03,49.9982338962218,-49.9682338962218,2.0,True
36.0,0.0,240.0,97.0,121.0,2.0,4.0,3.0,1.0,1,0,0.0,0,1.0,D,81,1,1.0,2021,7,24.0,27.207525310745826,-3.207525310745826,1.0,False
71.0,0.0,240.0,78.0,97.0,0.0,0.0,1.0,1.0,1,0,0.0,0,3.0,D,19,1,1.0,2020,7,30.0,46.06121236481025,-16.061212364810252,2.0,True
40.0,0.0,240.0,97.0,121.0,0.0,0.0,1.0,0.0,1,0,0.0,0,5.0,D,42,1,1.0,2021,7,60.0,83.2235436406779,-23.223543640677903,3.0,True
62.0,60.0,240.0,121.0,151.0,0.0,0.0,1.0,0.0,2,0,0.0,0,5.0,D,65,1,1.0,2020,7,78.0,93.93181172991437,-15.931811729914372,1.0,False
45.0,60.0,240.0,121.0,151.0,0.0,0.0,1.0,0.0,1,0,0.0,0,3.0,D,60,1,1.0,2023,7,135.0,135.08122781284908,-0.08122781284907887,1.0,False
32.0,60.0,240.0,210.0,262.0,0.0,0.0,1.0,0.0,3,0,0.0,0,5.0,D,13,1,1.0,2022,7,132.0,148.3740336739359,-16.374033673935912,2.0,True
21.0,0.0,120.0,24.0,30.0,0.0,0.0,1.0,0.0,1,0,0.0,0,5.0,D,69,1,1.0,2022,7,30.0,14.233843949761647,15.766156050238353,2.0,True
70.0,0.0,240.0,57.0,71.0,0.0,0.0,1.0,0.0,1,0,0.0,0,6.0,D,96,1,1.0,2025,7,57.0,40.837429757945024,16.162570242054976,1.0,False
40.0,180.0,480.0,324.0,405.0,3.0,3.0,2.0,0.0,1,0,0.0,0,3.0,D,46,1,1.0,2023,7,224.0,328.3715361818894,-104.37153618188938,1.0,False
42.0,60.0,240.0,60.0,60.0,3.0,3.0,2.0,2.0,5,0,0.0,0,6.0,D,77,1,1.0,2020,7,60.0,85.01530780023347,-25.015307800233472,1.0,False
40.0,0.0,60.0,51.0,63.0,0.0,0.0,1.0,2.0,2,0,0.0,0,3.0,D,64,1,1.0,2021,8,40.0,53.12401187639802,-13.124011876398022,1.0,False
47.0,60.0,240.0,151.0,188.0,0.0,0.0,1.0,0.0,1,0,1.0,0,1.0,D,54,1,1.0,2025,7,60.0,105.92084013986779,-45.92084013986779,1.0,False
50.0,0.0,120.0,110.0,120.0,13.0,15.0,6.0,1.0,1,0,0.0,0,3.0,D,37,1,1.0,2021,7,115.0,83.51362090366644,31.486379096333565,1.0,False
32.0,0.0,240.0,135.0,168.0,0.0,0.0,1.0,0.0,1,0,0.0,0,5.0,D,37,1,1.0,2025,7,120.0,110.28430471681368,9.71569528318632,1.0,False
23.0,0.0,240.0,97.0,121.0,3.0,3.0,2.0,0.0,1,0,0.0,0,3.0,D,67,1,1.0,2025,7,97.0,64.70650629594479,32.29349370405521,1.0,False
28.0,0.0,120.0,97.0,120.0,0.0,0.0,1.0,0.0,1,0,0.0,0,1.0,D,82,1,1.0,2024,7,36.0,62.99522866266824,-26.99522866266824,1.0,False
43.0,60.0,240.0,78.0,97.0,0.0,0.0,1.0,1.0,1,0,0.0,0,5.0,D,7,1,1.0,2024,7,60.0,48.377582658597,11.622417341403,2.0,True
31.0,120.0,240.0,120.0,121.0,2.0,4.0,3.0,0.0,1,0,0.0,0,3.0,D,45,1,1.0,2023,7,120.0,118.58751786159273,1.4124821384072703,1.0,False
29.0,60.0,240.0,151.0,188.0,0.0,0.0,1.0,0.0,1,0,0.0,0,5.0,D,90,1,1.0,2022,7,151.0,88.4467189291692,62.553281070830806,3.0,True
71.0,0.0,120.0,121.0,151.0,0.0,0.0,1.0,0.0,2,0,0.0,0,6.0,D,31,1,1.0,2024,7,97.0,101.56500402948618,-4.565004029486175,3.0,True
48.0,60.0,240.0,97.0,121.0,0.0,0.0,1.0,0.0,1,0,0.0,0,6.0,D,66,1,1.0,2021,7,60.0,76.24305812607099,-16.24305812607099,1.0,False
23.0,0.0,240.0,121.0,151.0,0.0,0.0,1.0,0.0,1,0,0.0,0,3.0,D,41,1,1.0,2021,7,121.0,94.31643479609201,26.68356520390799,3.0,True
42.0,60.0,240.0,135.0,168.0,0.0,0.0,1.0,1.0,5,0,0.0,0,5.0,D,53,1,1.0,2020,7,120.0,111.30899211736644,8.691007882633556,1.0,False
61.0,0.0,120.0,63.0,78.0,0.0,0.0,1.0,0.0,1,0,0.0,0,5.0,D,79,1,1.0,2021,7,46.0,38.898956210858195,7.101043789141805,1.0,False
43.0,60.0,240.0,168.0,210.0,0.0,0.0,1.0,1.0,1,0,0.0,0,5.0,D,72,1,1.0,2022,7,138.0,127.37739967695755,10.622600323042448,1.0,False
45.0,180.0,360.0,262.0,327.0,1.0,1.0,1.0,0.0,2,0,0.0,0,3.0,D,67,1,1.0,2024,7,264.0,242.67121290738982,21.328787092610185,1.0,False
45.0,60.0,240.0,151.0,188.0,0.0,0.0,1.0,2.0,1,0,0.0,0,6.0,D,16,1,1.0,2021,7,96.0,94.12230464542353,1.877695354576474,1.0,False
30.0,0.0,240.0,63.0,78.0,0.0,0.0,1.0,1.0,1,0,0.0,0,3.0,D,77,1,1.0,2022,7,38.0,50.47562017356063,-12.475620173560628,3.0,True
28.0,0.0,240.0,97.0,121.0,0.0,0.0,1.0,0.0,1,0,0.0,0,5.0,D,32,1,1.0,2021,7,48.0,52.26783331170612,-4.26783331170612,1.0,False
23.0,0.0,240.0,97.0,121.0,0.0,0.0,1.0,0.0,1,0,0.0,0,3.0,D,65,1,1.0,2025,7,0.03,57.78271672648241,-57.75271672648241,1.0,False
38.0,120.0,240.0,120.0,120.0,6.0,6.0,3.0,0.0,1,0,0.0,0,3.0,D,81,1,1.0,2025,7,120.0,119.90089790902508,0.09910209097492384,1.0,False
37.0,60.0,240.0,97.0,121.0,0.0,0.0,1.0,3.0,1,0,0.0,0,3.0,D,62,1,1.0,2020,7,78.0,80.86879496001205,-2.8687949600120533,1.0,False
75.0,0.0,120.0,78.0,97.0,1.0,1.0,1.0,0.0,1,0,0.0,0,5.0,D,79,1,1.0,2023,7,18.0,40.08199081680801,-22.08199081680801,1.0,False
65.0,0.0,240.0,78.0,97.0,0.0,0.0,1.0,0.0,1,0,0.0,0,6.0,D,34,1,1.0,2020,7,52.0,54.92881401310194,-2.928814013101942,3.0,True
47.0,0.0,60.0,12.0,18.0,3.0,3.0,2.0,0.0,1,0,1.0,0,1.0,C,41,1,1.0,2024,8,12.03,14.326181423642351,-2.296181423642352,2.0,True
61.0,0.0,240.0,97.0,121.0,0.0,0.0,1.0,1.0,4,0,0.0,0,5.0,D,70,1,1.0,2022,7,48.0,73.38618765492717,-25.38618765492717,1.0,False
52.0,0.0,120.0,97.0,120.0,0.0,0.0,1.0,0.0,1,0,0.0,0,3.0,D,49,1,1.0,2020,7,120.0,68.9817748136202,51.018225186379794,6.0,False
39.0,0.0,240.0,97.0,121.0,0.0,0.0,1.0,0.0,1,0,0.0,0,6.0,D,81,1,3.0,2025,7,1.31,35.39865722656054,-34.088657226560535,1.0,False
28.0,60.0,240.0,188.0,235.0,2.0,4.0,3.0,0.0,2,0,0.0,0,3.0,D,65,1,1.0,2021,7,87.0,136.48147718419048,-49.48147718419048,1.0,False
34.0,120.0,240.0,188.0,235.0,5.0,7.0,4.0,0.0,1,0,0.0,0,3.0,D,16,1,1.0,2023,7,180.0,157.60611293657328,22.393887063426718,3.0,True
22.0,0.0,240.0,78.0,97.0,0.0,0.0,1.0,0.0,2,0,0.0,0,1.0,D,70,1,3.0,2024,7,18.0,46.17460336049369,-28.17460336049369,3.0,True
27.0,0.0,240.0,168.0,210.0,3.0,5.0,3.0,1.0,1,0,0.0,0,5.0,D,9,1,1.0,2023,7,36.0,121.9884599634719,-85.9884599634719,1.0,False
27.0,0.0,240.0,78.0,97.0,0.0,0.0,1.0,0.0,1,0,0.0,0,5.0,D,4,1,1.0,2022,7,46.0,44.754857642096944,1.245142357903056,3.0,True
26.0,0.0,240.0,135.0,168.0,1.0,1.0,1.0,0.0,1,0,0.0,0,3.0,D,46,1,,2024,7,168.0,112.69920982653069,55.30079017346931,3.0,True
26.0,0.0,240.0,70.0,87.0,0.0,0.0,1.0,0.0,1,0,0.0,0,1.0,D,15,1,1.0,2020,7,36.0,43.66233847296317,-7.662338472963171,2.0,True
32.0,0.0,240.0,78.0,97.0,0.0,0.0,1.0,0.0,1,0,0.0,0,1.0,D,32,1,1.0,2023,7,60.0,43.06362945966962,16.93637054033038,1.0,False
22.0,0.0,240.0,210.0,262.0,0.0,0.0,1.0,1.0,2,0,0.0,0,5.0,D,41,1,1.0,2023,7,210.0,176.8459532124516,33.154046787548396,3.0,True
40.0,0.0,240.0,63.0,78.0,1.0,1.0,1.0,2.0,2,0,0.0,0,5.0,D,70,1,1.0,2023,7,0.23,58.19331614329384,-57.963316143293845,1.0,False
21.0,180.0,360.0,1200.0,1200.0,0.0,0.0,1.0,0.0,4,0,0.0,0,5.0,D,54,1,1.0,2023,7,180.0,332.5615846115027,-152.56158461150272,1.0,False
38.0,60.0,240.0,121.0,151.0,5.0,5.0,3.0,0.0,1,0,0.0,0,3.0,D,48,1,1.0,2023,7,110.0,97.54528117879764,12.454718821202363,1.0,False
47.0,60.0,240.0,87.0,108.0,0.0,0.0,1.0,0.0,1,0,0.0,0,5.0,D,20,1,1.0,2024,7,60.0,71.89305905547897,-11.893059055478972,1.0,False
65.0,120.0,240.0,120.0,120.0,3.0,5.0,3.0,0.0,1,0,0.0,0,5.0,D,48,1,1.0,2020,7,120.0,113.17995693737498,6.820043062625018,1.0,False
40.0,60.0,240.0,151.0,188.0,0.0,0.0,1.0,0.0,1,0,0.0,0,6.0,D,25,1,1.0,2021,7,156.0,100.81680573693825,55.18319426306175,1.0,False
41.0,60.0,240.0,121.0,151.0,5.0,5.0,3.0,0.0,1,0,0.0,0,5.0,D,30,1,1.0,2025,7,121.0,119.7127999522005,1.2872000477995016,1.0,False
55.0,60.0,240.0,210.0,240.0,0.0,0.0,1.0,0.0,1,0,0.0,0,6.0,D,39,1,1.0,2020,7,168.0,192.80957818509685,-24.809578185096854,1.0,False
27.0,0.0,120.0,97.0,120.0,1.0,1.0,1.0,0.0,1,0,0.0,0,3.0,D,87,1,1.0,2025,7,72.0,61.97675793983113,10.023242060168869,6.0,False
23.0,60.0,240.0,151.0,188.0,0.0,0.0,1.0,0.0,4,0,1.0,0,1.0,D,13,1,1.0,2022,7,168.0,109.73544412289597,58.26455587710403,2.0,True
51.0,120.0,240.0,120.0,120.0,3.0,3.0,2.0,0.0,1,0,0.0,0,3.0,D,43,1,1.0,2024,7,120.0,132.37213845008603,-12.372138450086027,1.0,False
34.0,180.0,360.0,360.0,360.0,0.0,0.0,1.0,0.0,1,0,0.0,0,6.0,D,16,1,1.0,2024,7,204.0,262.63072797466407,-58.63072797466407,1.0,False
61.0,60.0,240.0,63.0,78.0,1.0,1.0,1.0,0.0,2,0,0.0,0,3.0,D,1,1,1.0,2023,7,60.0,63.01612883374636,-3.0161288337463574,1.0,False
40.0,60.0,240.0,151.0,188.0,0.0,0.0,1.0,0.0,2,0,0.0,0,1.0,D,45,1,1.0,2025,7,60.0,115.184911850053,-55.184911850053,1.0,False
26.0,24.0,24.0,111.0,132.0,0.0,0.0,1.0,0.0,3,0,0.0,0,6.0,D,6,1,1.0,2022,7,111.0,92.30389380216417,18.69610619783583,6.0,False
20.0,0.0,240.0,151.0,188.0,0.0,0.0,1.0,0.0,3,0,0.0,0,1.0,D,18,1,1.0,2022,7,156.0,105.73539359236739,50.26460640763261,1.0,False
21.0,60.0,240.0,188.0,235.0,0.0,0.0,1.0,0.0,1,0,0.0,0,3.0,D,39,1,1.0,2024,7,216.0,199.99785241419386,16.002147585806142,1.0,False
42.0,60.0,240.0,108.0,135.0,2.0,2.0,2.0,2.0,2,0,0.0,0,5.0,D,53,1,1.0,2021,7,78.0,96.66721658952886,-18.667216589528863,3.0,True
21.0,180.0,9996.0,9996.0,9996.0,0.0,0.0,1.0,0.0,1,0,0.0,0,5.0,D,16,1,1.0,2024,7,228.0,275.8832491435495,-47.883249143549506,2.0,True
52.0,60.0,240.0,121.0,151.0,0.0,0.0,1.0,0.0,2,0,0.0,0,3.0,D,13,1,1.0,2021,7,108.0,103.71648964432796,4.2835103556720355,1.0,False
31.0,60.0,240.0,210.0,240.0,0.0,0.0,1.0,1.0,1,0,0.0,0,5.0,D,63,1,1.0,2022,7,210.0,175.14352796553808,34.856472034461916,1.0,False
35.0,60.0,240.0,121.0,151.0,0.0,0.0,1.0,0.0,2,0,0.0,0,5.0,D,22,1,1.0,2023,7,84.0,89.49722313914138,-5.497223139141383,1.0,False
55.0,0.0,120.0,120.0,120.0,0.0,0.0,1.0,0.0,1,0,0.0,0,6.0,D,82,1,1.0,2020,7,120.0,86.02698661329029,33.97301338670971,1.0,False
52.0,120.0,240.0,188.0,235.0,4.0,6.0,3.0,1.0,1,0,0.0,0,3.0,D,89,1,1.0,2021,7,120.0,155.21103070773898,-35.211030707738985,1.0,False
39.0,60.0,240.0,151.0,188.0,0.0,0.0,1.0,2.0,2,0,0.0,0,6.0,D,58,1,1.0,2022,7,108.0,114.98559536400568,-6.985595364005675,1.0,False
42.0,0.0,240.0,78.0,97.0,0.0,0.0,1.0,0.0,1,0,0.0,0,3.0,D,24,1,1.0,2025,7,78.0,56.8252077198233,21.174792280176703,1.0,False
39.0,0.0,240.0,97.0,121.0,0.0,0.0,1.0,5.0,1,0,0.0,0,1.0,D,84,1,3.0,2024,7,68.0,81.98170289212285,-13.981702892122854,3.0,True
27.0,0.0,240.0,97.0,121.0,0.0,0.0,1.0,0.0,1,0,0.0,0,5.0,D,91,1,1.0,2021,7,78.0,55.7119821198542,22.2880178801458,2.0,True
33.0,60.0,240.0,210.0,240.0,0.0,0.0,1.0,0.0,1,0,0.0,0,5.0,D,63,1,1.0,2022,7,180.0,170.60048659071606,9.39951340928394,1.0,False
62.0,0.0,240.0,108.0,135.0,0.0,0.0,1.0,0.0,1,0,0.0,0,5.0,D,33,4,1.0,2022,7,120.0,105.50519047687648,14.494809523123521,1.0,False
68.0,60.0,240.0,262.0,327.0,0.0,0.0,1.0,0.0,2,0,0.0,0,5.0,D,30,1,1.0,2025,7,135.0,250.29966045897856,-115.29966045897856,1.0,False
30.0,0.0,240.0,63.0,78.0,0.0,0.0,1.0,0.0,1,0,0.0,0,5.0,D,15,1,1.0,2021,7,48.0,46.476188577718474,1.5238114222815256,1.0,False
33.0,60.0,240.0,240.0,240.0,0.0,0.0,1.0,4.0,1,0,0.0,0,5.0,D,58,1,1.0,2024,7,216.0,170.00732962426193,45.99267037573807,1.0,False
28.0,60.0,240.0,108.0,135.0,2.0,2.0,2.0,3.0,1,0,0.0,0,3.0,D,88,1,1.0,2025,7,70.0,81.04018231604883,-11.040182316048828,1.0,False
52.0,60.0,240.0,135.0,168.0,3.0,3.0,2.0,0.0,2,0,0.0,0,5.0,D,68,1,1.0,2020,7,135.0,114.02633331156552,20.973666688434477,1.0,False
33.0,0.0,240.0,97.0,121.0,1.0,1.0,1.0,0.0,1,0,0.0,0,3.0,D,86,1,1.0,2024,7,97.0,82.78580401737587,14.214195982624133,6.0,False
26.0,60.0,240.0,151.0,188.0,0.0,0.0,1.0,0.0,1,0,0.0,0,6.0,D,31,1,1.0,2024,7,151.0,95.35672372320475,55.64327627679525,3.0,True
51.0,60.0,240.0,240.0,240.0,0.0,0.0,1.0,,1,0,0.0,0,6.0,D,19,1,1.0,2021,7,188.0,169.4565690603886,18.543430939611397,1.0,False
46.0,0.0,120.0,51.0,63.0,0.0,0.0,1.0,2.0,1,0,0.0,0,6.0,D,0,3,1.0,2021,7,32.0,37.76394946171757,-5.763949461717573,1.0,False
41.0,0.0,240.0,78.0,97.0,0.0,0.0,1.0,0.0,1,0,0.0,0,5.0,D,68,1,1.0,2021,7,78.0,49.89970993360462,28.10029006639538,1.0,False
45.0,0.0,120.0,15.0,21.0,0.0,0.0,1.0,2.0,1,0,0.0,0,3.0,D,22,1,3.0,2022,8,18.0,13.574844843351064,4.425155156648936,3.0,True
27.0,60.0,240.0,151.0,188.0,0.0,0.0,1.0,0.0,1,0,0.0,0,5.0,D,39,1,3.0,2021,7,180.0,146.49856269249693,33.50143730750307,3.0,True
40.0,60.0,240.0,240.0,240.0,0.0,0.0,1.0,2.0,1,0,0.0,0,3.0,D,45,1,1.0,2025,7,120.0,176.2729008683182,-56.2729008683182,1.0,False
42.0,60.0,240.0,97.0,121.0,0.0,0.0,1.0,2.0,1,0,0.0,0,3.0,D,30,1,1.0,2023,7,97.0,86.25985262945328,10.740147370546723,1.0,False
59.0,60.0,240.0,151.0,188.0,0.0,0.0,1.0,0.0,1,0,0.0,0,5.0,D,66,1,1.0,2022,7,120.0,96.33516173629744,23.664838263702563,1.0,False
60.0,0.0,240.0,78.0,97.0,0.0,0.0,1.0,0.0,1,0,0.0,0,3.0,D,62,1,1.0,2023,7,63.0,61.278085450841054,1.7219145491589458,1.0,False
49.0,120.0,240.0,121.0,151.0,6.0,8.0,4.0,0.0,1,0,0.0,0,5.0,D,45,1,1.0,2022,7,140.0,127.86806937481423,12.131930625185774,1.0,False
21.0,0.0,240.0,108.0,135.0,0.0,0.0,1.0,0.0,1,0,0.0,0,3.0,D,87,1,1.0,2024,7,48.0,76.29166064231583,-28.291660642315833,6.0,False
22.0,60.0,240.0,240.0,240.0,0.0,0.0,1.0,0.0,1,0,0.0,0,5.0,D,61,1,1.0,2024,7,180.0,153.4811904803126,26.51880951968741,3.0,True
68.0,0.0,240.0,78.0,97.0,0.0,0.0,1.0,0.0,1,0,0.0,0,6.0,D,42,1,1.0,2025,7,78.0,68.03381581090733,9.966184189092672,1.0,False
37.0,60.0,240.0,151.0,188.0,0.0,0.0,1.0,2.0,1,0,0.0,0,6.0,D,67,1,1.0,2024,7,120.0,105.7221919208038,14.277808079196205,1.0,False
65.0,0.0,240.0,63.0,78.0,0.0,0.0,1.0,0.0,1,0,0.0,0,3.0,D,75,1,1.0,2024,7,27.0,64.01661227055192,-37.01661227055192,1.0,False
30.0,0.0,240.0,78.0,97.0,0.0,0.0,1.0,0.0,1,0,0.0,0,5.0,D,73,1,1.0,2022,7,42.0,39.885275598721314,2.1147244012786857,1.0,False
41.0,0.0,240.0,78.0,97.0,0.0,0.0,1.0,0.0,1,0,0.0,0,1.0,D,2,1,1.0,2025,7,48.0,44.894529296305464,3.105470703694536,1.0,False
75.0,60.0,240.0,121.0,151.0,0.0,0.0,1.0,0.0,1,0,0.0,0,5.0,D,66,1,1.0,2023,7,72.0,84.64907735958019,-12.64907735958019,1.0,False
57.0,180.0,360.0,210.0,262.0,0.0,0.0,1.0,0.0,1,0,0.0,0,3.0,D,41,1,1.0,2023,7,180.0,201.95367569365018,-21.953675693650183,1.0,False
50.0,60.0,240.0,97.0,121.0,0.0,0.0,1.0,0.0,1,0,0.0,0,3.0,D,96,1,1.0,2022,7,97.0,77.34683263730649,19.65316736269351,1.0,False
35.0,60.0,240.0,108.0,135.0,0.0,0.0,1.0,0.0,1,0,0.0,0,3.0,D,57,1,1.0,2021,7,60.0,84.12325114569856,-24.12325114569856,1.0,False
42.0,60.0,240.0,210.0,240.0,0.0,0.0,1.0,0.0,1,0,0.0,0,3.0,D,61,1,1.0,2024,7,120.0,141.47261316541687,-21.472613165416874,1.0,False
43.0,0.0,240.0,97.0,121.0,0.0,0.0,1.0,0.0,1,0,0.0,0,6.0,D,90,1,1.0,2022,7,27.0,52.70247513029482,-25.702475130294822,1.0,False
25.0,60.0,240.0,210.0,240.0,0.0,0.0,1.0,0.0,1,0,0.0,0,3.0,D,40,1,1.0,2021,7,210.0,216.4994005485348,-6.499400548534794,1.0,False
46.0,0.0,240.0,30.0,37.0,0.0,0.0,1.0,0.0,1,0,0.0,0,3.0,D,31,1,1.0,2023,7,24.0,33.19708156411852,-9.19708156411852,1.0,False
56.0,60.0,240.0,87.0,108.0,0.0,0.0,1.0,0.0,1,0,0.0,0,5.0,D,90,1,1.0,2022,7,96.0,67.14838810673146,28.85161189326854,1.0,False
62.0,60.0,240.0,151.0,188.0,1.0,1.0,1.0,0.0,2,0,0.0,0,5.0,D,13,1,1.0,2021,7,151.0,117.23358784251339,33.76641215748661,1.0,False
49.0,120.0,240.0,120.0,120.0,3.0,5.0,2.0,0.0,1,0,0.0,0,6.0,D,13,1,1.0,2023,7,120.0,119.76626127745928,0.23373872254072126,1.0,False
36.0,0.0,60.0,8.0,14.0,2.0,2.0,2.0,0.0,1,0,0.0,0,5.0,B,39,1,1.0,2021,8,8.0,17.89303516919029,-9.893035169190291,1.0,False
49.0,120.0,240.0,120.0,120.0,3.0,3.0,2.0,0.0,1,0,0.0,0,3.0,D,83,1,1.0,2021,7,120.0,122.00313175186662,-2.0031317518666185,1.0,False
53.0,60.0,240.0,151.0,188.0,0.0,0.0,1.0,0.0,3,0,0.0,0,5.0,D,47,1,1.0,2021,7,108.0,121.32380909169875,-13.323809091698749,1.0,False
48.0,60.0,240.0,70.0,87.0,0.0,0.0,1.0,0.0,2,0,0.0,0,5.0,D,53,1,1.0,2022,7,78.0,71.28830239196144,6.711697608038563,1.0,False
36.0,60.0,240.0,78.0,97.0,0.0,0.0,1.0,2.0,2,0,0.0,0,5.0,D,42,1,1.0,2024,7,97.0,93.82814967712481,3.171850322875187,3.0,True
72.0,60.0,240.0,168.0,210.0,0.0,0.0,1.0,0.0,2,0,0.0,0,6.0,D,31,3,2.0,2022,7,120.0,135.25443523701676,-15.254435237016764,3.0,True
50.0,60.0,240.0,151.0,188.0,0.0,0.0,1.0,0.0,1,0,0.0,0,5.0,D,52,1,1.0,2020,7,151.0,97.52413329845507,53.47586670154493,1.0,False
32.0,60.0,240.0,135.0,168.0,0.0,0.0,1.0,0.0,1,0,0.0,0,6.0,D,30,1,1.0,2024,7,90.0,104.60656387119656,-14.606563871196556,1.0,False
67.0,120.0,240.0,120.0,120.0,3.0,3.0,2.0,0.0,1,0,0.0,0,5.0,D,64,1,1.0,2023,7,120.0,115.41474592212768,4.585254077872321,6.0,False
72.0,0.0,120.0,37.0,46.0,0.0,0.0,1.0,0.0,1,0,0.0,0,6.0,D,60,1,1.0,2022,7,18.0,58.509980112702124,-40.509980112702124,1.0,False
22.0,60.0,240.0,121.0,151.0,0.0,0.0,1.0,0.0,2,0,0.0,0,3.0,D,47,1,1.0,2023,7,120.0,98.76947501713548,21.230524982864523,1.0,False
27.0,60.0,240.0,70.0,87.0,0.0,0.0,1.0,0.0,1,0,0.0,0,3.0,D,66,1,1.0,2020,7,65.0,60.967357733882864,4.032642266117136,1.0,False
45.0,60.0,240.0,151.0,188.0,0.0,0.0,1.0,3.0,2,0,0.0,0,6.0,D,44,1,1.0,2025,7,139.0,116.92257485372274,22.077425146277264,1.0,False
59.0,120.0,240.0,120.0,120.0,3.0,5.0,3.0,0.0,1,0,0.0,0,3.0,D,25,1,1.0,2022,7,120.0,121.79802978293297,-1.7980297829329714,2.0,True
30.0,0.0,240.0,97.0,121.0,0.0,0.0,1.0,0.0,2,0,0.0,0,5.0,D,12,1,1.0,2024,7,121.0,69.08414792984377,51.915852070156234,3.0,True
64.0,120.0,240.0,120.0,120.0,0.0,0.0,1.0,0.0,1,0,0.0,0,5.0,D,64,1,1.0,2023,7,120.0,106.08686390230285,13.913136097697148,1.0,False
21.0,60.0,240.0,210.0,240.0,0.0,0.0,1.0,0.0,1,0,0.0,0,5.0,D,39,1,1.0,2021,7,144.0,192.48676492238798,-48.48676492238798,3.0,True
49.0,0.0,240.0,78.0,97.0,0.0,0.0,1.0,2.0,1,0,0.0,0,6.0,D,32,1,1.0,2022,7,32.0,45.38166263127424,-13.381662631274239,1.0,False
31.0,0.0,60.0,24.0,30.0,0.0,0.0,1.0,0.0,4,0,0.0,0,3.0,D,72,1,2.0,2021,8,30.0,57.031017499098645,-27.031017499098645,1.0,False
48.0,0.0,240.0,78.0,97.0,0.0,0.0,1.0,0.0,1,0,0.0,0,3.0,D,30,1,1.0,2025,7,78.0,62.26087064160179,15.739129358398209,1.0,False
73.0,60.0,240.0,121.0,151.0,1.0,1.0,1.0,0.0,8,0,0.0,0,5.0,D,6,1,1.0,2023,7,85.0,135.2738441912568,-50.27384419125681,1.0,False
21.0,60.0,240.0,188.0,235.0,0.0,0.0,1.0,0.0,2,0,0.0,0,3.0,D,54,1,1.0,2022,7,72.0,132.44720656951344,-60.44720656951344,2.0,True
60.0,0.0,240.0,97.0,121.0,0.0,0.0,1.0,0.0,1,0,0.0,0,6.0,D,8,1,1.0,2022,7,9.0,31.85261741731308,-22.85261741731308,1.0,False
43.0,60.0,240.0,60.0,60.0,0.0,0.0,1.0,1.0,1,0,0.0,0,3.0,D,54,1,1.0,2023,7,60.0,67.3019423731106,-7.301942373110606,1.0,False
24.0,60.0,240.0,78.0,97.0,0.0,0.0,1.0,0.0,1,0,0.0,0,3.0,D,60,1,1.0,2025,7,60.0,73.96625043069503,-13.966250430695027,1.0,False
45.0,0.0,120.0,78.0,97.0,4.0,4.0,3.0,0.0,1,0,0.0,0,3.0,D,60,1,1.0,2023,7,92.0,88.08898165052476,3.911018349475242,1.0,False
48.0,180.0,480.0,180.0,180.0,0.0,0.0,1.0,0.0,2,0,0.0,0,3.0,D,8,1,1.0,2020,7,180.0,153.48585057615725,26.514149423842753,1.0,False
29.0,0.0,360.0,210.0,262.0,0.0,0.0,1.0,0.0,3,0,0.0,0,5.0,D,13,1,1.0,2020,7,84.0,135.32554737700374,-51.325547377003744,1.0,False
36.0,120.0,240.0,120.0,120.0,3.0,3.0,2.0,0.0,1,0,0.0,0,5.0,D,30,1,1.0,2025,7,120.0,132.7670715987045,-12.76707159870449,2.0,True
40.0,60.0,240.0,97.0,121.0,0.0,0.0,1.0,0.0,2,0,0.0,0,5.0,D,53,1,1.0,2023,7,78.0,81.4042611052585,-3.404261105258499,1.0,False
38.0,0.0,60.0,24.0,30.0,3.0,3.0,2.0,3.0,3,0,0.0,0,5.0,D,27,1,1.0,2023,8,24.0,37.197138237683056,-13.197138237683056,1.0,False
54.0,0.0,240.0,51.0,63.0,0.0,0.0,1.0,0.0,1,0,0.0,0,5.0,D,42,1,1.0,2021,7,24.0,51.33979640655562,-27.33979640655562,1.0,False
53.0,0.0,240.0,57.0,71.0,0.0,0.0,1.0,0.0,1,0,0.0,0,6.0,D,67,1,1.0,2022,7,60.0,40.469096582125054,19.530903417874946,1.0,False
44.0,120.0,240.0,120.0,120.0,3.0,3.0,2.0,0.0,1,0,0.0,0,3.0,D,43,1,1.0,2024,7,120.0,131.50191777774563,-11.501917777745632,1.0,False
38.0,60.0,240.0,151.0,188.0,0.0,0.0,1.0,0.0,1,0,0.0,0,3.0,D,40,1,1.0,2020,7,151.0,154.28618654961315,-3.2861865496131486,2.0,True
65.0,0.0,240.0,121.0,151.0,4.0,4.0,3.0,0.0,1,0,0.0,0,5.0,D,62,1,1.0,2021,7,156.0,110.45696475210868,45.543035247891325,1.0,False
44.0,60.0,240.0,108.0,135.0,0.0,0.0,1.0,1.0,1,0,0.0,0,3.0,D,30,1,1.0,2025,7,108.0,97.11503620444942,10.884963795550576,1.0,False
71.0,0.0,120.0,97.0,120.0,0.0,0.0,1.0,0.0,1,0,0.0,0,6.0,D,22,1,1.0,2020,7,70.0,47.125192486193285,22.874807513806715,1.0,False
47.0,180.0,480.0,188.0,235.0,4.0,4.0,3.0,0.0,1,0,0.0,0,6.0,D,63,1,1.0,2021,7,176.0,193.9787617661669,-17.97876176616691,1.0,False
76.0,0.0,240.0,97.0,121.0,0.0,0.0,1.0,0.0,1,0,0.0,0,6.0,D,85,1,1.0,2021,7,78.0,57.6109700279388,20.389029972061202,1.0,False
24.0,0.0,240.0,235.0,240.0,0.0,0.0,1.0,0.0,1,0,0.0,0,1.0,D,26,1,1.0,2024,7,235.0,151.99529975962727,83.00470024037273,2.0,True
24.0,60.0,240.0,168.0,210.0,0.0,0.0,1.0,0.0,1,0,0.0,0,5.0,D,37,1,1.0,2025,7,94.0,111.8755861183993,-17.875586118399298,2.0,True
35.0,60.0,240.0,168.0,210.0,2.0,2.0,2.0,0.0,2,0,0.0,0,3.0,D,12,1,1.0,2025,7,86.0,140.0938142576072,-54.09381425760719,1.0,False
58.0,0.0,60.0,12.0,18.0,0.0,0.0,1.0,1.0,1,0,0.0,0,5.0,C,73,1,1.0,2023,8,3.0,4.322093431928506,-1.322093431928506,3.0,True
30.0,0.0,60.0,10.0,16.0,3.0,5.0,3.0,,1,0,0.0,0,3.0,C,74,1,1.0,2022,8,9.33,11.748249851440567,-2.4182498514405673,3.0,True
56.0,60.0,240.0,151.0,188.0,0.0,0.0,1.0,0.0,2,0,0.0,0,6.0,D,19,1,1.0,2021,7,120.0,114.46799911588299,5.532000884117011,1.0,False
62.0,0.0,240.0,135.0,168.0,0.0,0.0,1.0,0.0,1,0,0.0,0,6.0,D,8,1,1.0,2021,7,3.0,63.12499702047621,-60.12499702047621,1.0,False
36.0,60.0,240.0,151.0,188.0,0.0,0.0,1.0,0.0,1,0,0.0,0,3.0,D,15,1,1.0,2022,7,60.0,102.13687192192286,-42.13687192192286,1.0,False
23.0,0.0,120.0,41.0,51.0,0.0,0.0,1.0,0.0,2,0,0.0,0,3.0,D,95,1,1.0,2022,7,24.0,36.46968838573525,-12.469688385735253,6.0,False
75.0,0.0,240.0,97.0,121.0,0.0,0.0,1.0,0.0,1,0,0.0,0,6.0,D,31,1,1.0,2020,7,97.0,64.7449998478577,32.2550001521423,1.0,False
35.0,60.0,240.0,121.0,151.0,1.0,1.0,1.0,0.0,1,0,0.0,0,6.0,D,62,1,1.0,2025,7,108.0,98.42608854829352,9.57391145170648,1.0,False
25.0,60.0,240.0,168.0,210.0,2.0,2.0,2.0,0.0,1,0,0.0,0,3.0,D,68,1,1.0,2022,7,90.0,121.75861356366562,-31.75861356366562,1.0,False
22.0,0.0,360.0,121.0,151.0,1.0,1.0,1.0,0.0,2,0,0.0,0,5.0,D,47,1,1.0,2020,7,132.0,94.20903339470233,37.79096660529767,1.0,False
56.0,120.0,240.0,120.0,120.0,3.0,3.0,2.0,0.0,1,0,0.0,0,5.0,D,48,1,1.0,2025,7,120.0,121.88707243880128,-1.8870724388012832,1.0,False
32.0,0.0,240.0,87.0,108.0,6.0,6.0,3.0,1.0,1,0,0.0,0,3.0,D,25,1,1.0,2020,7,60.0,70.10580756202972,-10.105807562029725,1.0,False
42.0,60.0,240.0,70.0,87.0,0.0,0.0,1.0,3.0,2,0,0.0,0,5.0,D,50,1,1.0,2022,7,120.0,68.23363491793988,51.76636508206012,1.0,False
33.0,60.0,240.0,151.0,188.0,0.0,0.0,1.0,3.0,3,0,0.0,0,5.0,D,27,1,1.0,2020,7,84.0,128.65281620417684,-44.652816204176844,1.0,False
38.0,60.0,240.0,210.0,240.0,0.0,0.0,1.0,0.0,1,0,0.0,0,6.0,D,30,1,1.0,2020,7,110.0,140.30863485386223,-30.30863485386223,1.0,False
57.0,0.0,120.0,78.0,97.0,0.0,0.0,1.0,0.0,1,0,0.0,0,6.0,D,79,1,1.0,2020,7,36.0,45.10744507578279,-9.107445075782792,1.0,False
30.0,60.0,240.0,188.0,235.0,0.0,0.0,1.0,0.0,1,0,1.0,0,6.0,D,30,1,1.0,2025,7,60.0,143.13141324433008,-83.13141324433008,3.0,True
57.0,0.0,120.0,78.0,97.0,0.0,0.0,1.0,0.0,1,0,0.0,0,3.0,D,83,1,1.0,2022,7,46.0,41.64774405787005,4.3522559421299505,1.0,False
58.0,0.0,60.0,18.0,24.0,0.0,0.0,1.0,0.0,1,0,0.0,0,3.0,D,75,1,1.0,2024,8,22.0,34.4866047411752,-12.4866047411752,2.0,True
42.0,120.0,240.0,120.0,137.0,5.0,7.0,4.0,0.0,1,0,0.0,0,3.0,D,14,1,1.0,2021,7,120.0,122.80538083856601,-2.805380838566009,1.0,False
55.0,60.0,240.0,210.0,240.0,0.0,0.0,1.0,5.0,1,0,0.0,0,6.0,D,47,1,1.0,2024,7,84.0,151.63503545224566,-67.63503545224566,1.0,False
39.0,60.0,240.0,151.0,188.0,0.0,0.0,1.0,1.0,1,0,0.0,0,3.0,D,9,1,1.0,2025,7,100.0,104.85710121832497,-4.857101218324971,1.0,False
36.0,0.0,240.0,97.0,121.0,0.0,0.0,1.0,0.0,1,0,0.0,0,6.0,D,20,1,1.0,2021,7,12.03,60.75166820181178,-48.72166820181178,1.0,False
32.0,60.0,240.0,235.0,293.0,0.0,0.0,1.0,0.0,2,0,0.0,0,5.0,D,63,1,1.0,2020,7,144.0,239.19904263709728,-95.19904263709728,1.0,False
74.0,180.0,360.0,292.0,365.0,0.0,0.0,1.0,0.0,2,0,0.0,0,6.0,D,31,1,1.0,2023,7,310.0,252.2132365120141,57.786763487985894,1.0,False
44.0,180.0,480.0,360.0,720.0,3.0,3.0,2.0,0.0,2,0,0.0,0,5.0,D,30,3,1.0,2024,7,480.0,337.5769680651683,142.42303193483173,1.0,False
33.0,0.0,240.0,57.0,71.0,0.0,0.0,1.0,1.0,1,0,0.0,0,6.0,D,67,1,1.0,2021,7,42.0,38.73919160115227,3.260808398847729,1.0,False
32.0,60.0,240.0,97.0,121.0,0.0,0.0,1.0,2.0,1,0,0.0,0,1.0,D,66,1,1.0,2020,7,72.0,76.64347071708536,-4.643470717085364,1.0,False
35.0,120.0,240.0,151.0,188.0,9.0,11.0,5.0,1.0,1,0,0.0,0,3.0,D,69,1,1.0,2022,7,240.0,149.2061340659154,90.79386593408461,1.0,False
49.0,180.0,480.0,360.0,480.0,0.0,0.0,1.0,0.0,1,0,0.0,0,3.0,D,40,1,1.0,2025,7,195.0,311.46200617047333,-116.46200617047333,1.0,False
61.0,60.0,240.0,210.0,262.0,0.0,0.0,1.0,0.0,2,0,0.0,0,5.0,D,79,1,1.0,2024,7,100.0,137.242790546652,-37.242790546652,1.0,False
41.0,60.0,240.0,210.0,262.0,0.0,0.0,1.0,2.0,2,0,0.0,0,3.0,D,87,3,1.0,2025,7,210.0,156.03307835645245,53.96692164354755,1.0,False
25.0,0.0,240.0,97.0,121.0,0.0,0.0,1.0,0.0,1,0,0.0,0,5.0,D,41,1,1.0,2021,7,84.0,64.74939244954196,19.250607550458042,3.0,True
39.0,60.0,240.0,60.0,60.0,0.0,0.0,1.0,1.0,1,0,0.0,0,5.0,D,4,1,1.0,2022,7,70.0,66.52944640172934,3.470553598270655,3.0,True
42.0,0.0,240.0,108.0,135.0,0.0,0.0,1.0,0.0,1,0,0.0,0,5.0,D,88,3,1.0,2025,7,96.0,76.89298984498716,19.107010155012844,1.0,False
58.0,0.0,240.0,78.0,97.0,0.0,0.0,1.0,0.0,1,0,0.0,0,5.0,D,87,1,1.0,2024,7,28.0,53.208475880889594,-25.208475880889594,1.0,False
25.0,0.0,240.0,51.0,63.0,0.0,0.0,1.0,0.0,1,0,0.0,0,3.0,D,41,1,1.0,2025,7,24.0,43.11425009457876,-19.114250094578757,3.0,True
41.0,180.0,480.0,180.0,188.0,3.0,3.0,2.0,2.0,1,0,0.0,0,1.0,D,46,1,1.0,2023,7,188.0,208.06220018932876,-20.062200189328763,1.0,False
34.0,60.0,240.0,70.0,87.0,0.0,0.0,1.0,0.0,1,0,0.0,0,5.0,D,78,1,1.0,2024,7,97.0,49.982165577759204,47.017834422240796,1.0,False
41.0,120.0,240.0,120.0,121.0,3.0,5.0,3.0,0.0,2,0,0.0,0,5.0,D,65,1,1.0,2022,7,120.0,120.34193163888509,-0.34193163888508593,1.0,False
38.0,60.0,240.0,151.0,188.0,0.0,0.0,1.0,3.0,3,0,0.0,0,3.0,D,83,1,1.0,2024,7,151.0,142.26958523212056,8.730414767879438,1.0,False
54.0,0.0,240.0,78.0,97.0,1.0,1.0,1.0,0.0,1,0,0.0,0,3.0,D,25,1,1.0,2024,7,78.0,55.83628982432294,22.16371017567706,1.0,False
53.0,60.0,240.0,97.0,121.0,0.0,0.0,1.0,0.0,1,0,0.0,0,3.0,D,61,1,1.0,2024,7,74.0,79.38548146793062,-5.385481467930617,1.0,False
37.0,60.0,240.0,151.0,188.0,0.0,0.0,1.0,0.0,1,0,0.0,0,5.0,D,66,1,1.0,2025,7,78.0,99.53958369292738,-21.53958369292738,1.0,False
23.0,0.0,120.0,97.0,120.0,1.0,1.0,1.0,0.0,1,0,0.0,0,3.0,D,11,1,1.0,2025,7,78.0,58.60599740113648,19.394002598863523,1.0,False
38.0,0.0,120.0,120.0,120.0,0.0,0.0,1.0,0.0,1,0,0.0,0,3.0,D,41,1,1.0,2023,7,120.0,90.60216193216165,29.39783806783835,1.0,False
45.0,0.0,240.0,78.0,97.0,0.0,0.0,1.0,0.0,1,0,0.0,0,5.0,D,66,1,1.0,2024,7,78.0,52.63293940137835,25.36706059862165,1.0,False
41.0,60.0,240.0,188.0,235.0,3.0,5.0,3.0,0.0,1,0,0.0,0,6.0,D,22,1,1.0,2020,7,84.0,110.32340834910508,-26.32340834910508,1.0,False
47.0,180.0,360.0,292.0,360.0,0.0,0.0,1.0,1.0,1,0,0.0,0,3.0,D,41,1,1.0,2023,7,324.0,279.54523704023484,44.45476295976516,1.0,False
23.0,0.0,240.0,70.0,87.0,0.0,0.0,1.0,0.0,1,0,0.0,0,5.0,D,7,1,1.0,2022,7,30.0,28.167125410721283,1.8328745892787168,3.0,True
23.0,60.0,240.0,151.0,188.0,0.0,0.0,1.0,0.0,1,0,0.0,0,3.0,D,88,1,3.0,2022,7,60.0,83.52199123924598,-23.521991239245978,3.0,True
53.0,0.0,240.0,135.0,168.0,0.0,0.0,1.0,0.0,1,0,0.0,0,3.0,D,63,1,1.0,2023,7,120.0,99.82727837688309,20.172721623116914,1.0,False
20.0,60.0,240.0,210.0,262.0,0.0,0.0,1.0,0.0,2,0,0.0,0,1.0,D,76,1,1.0,2021,7,144.0,137.49714841160156,6.502851588398443,1.0,False
19.0,0.0,240.0,168.0,210.0,4.0,6.0,3.0,0.0,1,0,0.0,0,3.0,D,76,1,1.0,2023,7,87.0,120.99600828800865,-33.99600828800865,1.0,False
29.0,0.0,240.0,97.0,121.0,0.0,0.0,1.0,0.0,1,0,0.0,0,5.0,D,15,1,1.0,2023,7,48.0,59.57194011715341,-11.57194011715341,3.0,True
32.0,60.0,240.0,240.0,240.0,4.0,4.0,3.0,0.0,1,0,0.0,0,1.0,D,31,1,1.0,2025,7,180.0,172.95597384609616,7.044026153903843,1.0,False
44.0,0.0,120.0,63.0,78.0,0.0,0.0,1.0,0.0,1,0,0.0,0,6.0,D,31,1,3.0,2025,7,78.0,50.84350658390662,27.156493416093383,6.0,False
28.0,120.0,240.0,140.0,175.0,11.0,13.0,6.0,0.0,2,0,0.0,0,5.0,D,64,1,1.0,2023,7,120.0,151.96090775872352,-31.960907758723522,1.0,False
27.0,60.0,240.0,130.0,162.0,14.0,16.0,6.0,0.0,2,0,0.0,0,1.0,D,41,1,1.0,2022,7,144.0,123.76717869211234,20.23282130788766,1.0,False
38.0,60.0,240.0,240.0,240.0,0.0,0.0,1.0,0.0,1,0,0.0,0,6.0,D,7,1,1.0,2022,7,240.0,101.38692220997473,138.61307779002527,3.0,True
67.0,0.0,240.0,57.0,71.0,0.0,0.0,1.0,0.0,1,0,0.0,0,3.0,D,30,1,1.0,2024,7,12.03,44.75741907322295,-32.72741907322295,1.0,False
46.0,60.0,240.0,60.0,63.0,1.0,1.0,1.0,4.0,1,0,0.0,0,3.0,D,69,1,1.0,2025,7,60.0,74.28819426909244,-14.288194269092443,1.0,False
54.0,60.0,240.0,97.0,121.0,0.0,0.0,1.0,0.0,3,0,0.0,0,5.0,D,41,1,1.0,2020,7,60.0,89.51648667424809,-29.516486674248085,1.0,False
53.0,60.0,240.0,97.0,121.0,0.0,0.0,1.0,0.0,1,0,0.0,0,5.0,D,66,1,1.0,2021,7,72.0,76.10572072384117,-4.1057207238411735,1.0,False
45.0,120.0,9996.0,324.0,405.0,0.0,0.0,1.0,1.0,2,0,0.0,0,6.0,D,85,1,1.0,2025,7,210.0,247.73295990003697,-37.732959900036974,6.0,False
47.0,0.0,240.0,97.0,121.0,0.0,0.0,1.0,0.0,2,0,0.0,0,5.0,D,30,1,1.0,2023,7,97.0,79.80956669439735,17.190433305602653,1.0,False
24.0,180.0,480.0,188.0,235.0,6.0,6.0,3.0,0.0,1,0,0.0,0,3.0,D,19,1,1.0,2025,7,188.0,191.77080080273709,-3.770800802737085,1.0,False
29.0,0.0,240.0,78.0,97.0,0.0,0.0,1.0,2.0,1,0,0.0,0,1.0,D,39,1,1.0,2020,7,75.0,84.11455092129991,-9.114550921299909,3.0,True
26.0,0.0,240.0,78.0,97.0,0.0,0.0,1.0,0.0,1,0,0.0,0,1.0,D,9,1,2.0,2021,7,0.03,42.855797932132795,-42.825797932132794,6.0,False
61.0,180.0,360.0,1080.0,1080.0,0.0,0.0,1.0,0.0,3,0,0.0,0,3.0,D,64,1,1.0,2021,7,240.0,451.946217713299,-211.946217713299,1.0,False
69.0,0.0,240.0,46.0,57.0,6.0,6.0,3.0,5.0,1,0,0.0,0,6.0,D,81,1,1.0,2022,7,36.0,34.33800149687041,1.6619985031295883,1.0,False
33.0,0.0,240.0,108.0,135.0,3.0,3.0,2.0,0.0,1,0,0.0,0,3.0,D,86,1,1.0,2024,7,120.0,102.32776959234315,17.672230407656855,1.0,False
78.0,0.0,240.0,78.0,97.0,0.0,0.0,1.0,0.0,1,0,0.0,0,6.0,D,30,1,1.0,2025,7,12.03,46.27228670809811,-34.242286708098106,1.0,False
42.0,60.0,240.0,151.0,188.0,10.0,12.0,5.0,0.0,3,0,0.0,0,3.0,D,54,1,1.0,2021,7,120.0,123.17625465815247,-3.176254658152473,1.0,False
78.0,60.0,240.0,151.0,188.0,0.0,0.0,1.0,0.0,2,0,0.0,0,6.0,D,73,1,1.0,2023,7,78.0,103.24220255722713,-25.24220255722713,1.0,False
35.0,0.0,240.0,57.0,71.0,1.0,1.0,1.0,1.0,1,0,0.0,0,3.0,D,61,1,1.0,2020,7,57.0,41.23106305867879,15.768936941321208,6.0,False
30.0,0.0,240.0,97.0,121.0,0.0,0.0,1.0,0.0,1,0,0.0,0,6.0,D,19,1,1.0,2024,7,24.0,67.0125494754511,-43.012549475451095,2.0,True
51.0,60.0,240.0,97.0,121.0,0.0,0.0,1.0,0.0,1,0,0.0,0,6.0,D,22,1,1.0,2020,7,61.0,68.16444590414007,-7.1644459041400665,1.0,False
40.0,60.0,240.0,121.0,151.0,0.0,0.0,1.0,0.0,1,0,0.0,0,5.0,D,79,1,1.0,2020,7,70.0,75.74753419878103,-5.747534198781025,1.0,False
34.0,0.0,240.0,78.0,97.0,0.0,0.0,1.0,0.0,1,0,0.0,0,5.0,D,81,1,1.0,2025,7,36.0,32.17825786838681,3.821742131613192,1.0,False
39.0,60.0,240.0,60.0,63.0,0.0,0.0,1.0,0.0,1,0,0.0,0,5.0,D,31,1,,2022,7,60.0,67.31805856943151,-7.318058569431514,3.0,True
57.0,0.0,240.0,135.0,168.0,1.0,1.0,1.0,1.0,1,0,0.0,0,5.0,D,79,1,1.0,2025,7,87.0,96.34555423093721,-9.34555423093721,6.0,False
30.0,60.0,240.0,121.0,151.0,0.0,0.0,1.0,0.0,1,0,0.0,0,5.0,D,39,1,1.0,2025,7,121.0,141.0093933295967,-20.00939332959669,2.0,True
25.0,60.0,240.0,151.0,188.0,0.0,0.0,1.0,0.0,2,0,0.0,0,5.0,D,65,1,1.0,2024,7,97.0,100.92500583899273,-3.925005838992732,1.0,False
38.0,180.0,360.0,600.0,600.0,11.0,11.0,5.0,3.0,2,0,0.0,0,3.0,D,8,3,1.0,2025,7,360.0,551.7007037339885,-191.70070373398846,3.0,True
33.0,60.0,240.0,151.0,188.0,0.0,0.0,1.0,1.0,1,0,0.0,0,5.0,D,15,1,1.0,2022,7,72.0,100.16602496914282,-28.166024969142825,1.0,False
45.0,60.0,240.0,78.0,97.0,1.0,1.0,1.0,3.0,1,0,0.0,0,3.0,D,32,1,1.0,2021,7,60.0,65.36732564087461,-5.367325640874611,1.0,False
33.0,120.0,240.0,120.0,135.0,3.0,3.0,2.0,0.0,1,0,0.0,0,5.0,D,73,1,1.0,2025,7,128.0,111.37189023151906,16.62810976848094,3.0,True
42.0,60.0,240.0,151.0,188.0,0.0,0.0,1.0,,3,0,0.0,0,5.0,D,19,1,1.0,2022,7,151.0,134.00214806667327,16.99785193332673,1.0,False
20.0,0.0,240.0,78.0,97.0,0.0,0.0,1.0,0.0,1,0,0.0,0,3.0,D,31,1,1.0,2021,7,36.0,40.593624150832504,-4.593624150832504,3.0,True
64.0,0.0,240.0,97.0,121.0,0.0,0.0,1.0,0.0,1,0,0.0,0,3.0,D,48,1,1.0,2025,7,0.03,63.45615672448206,-63.426156724482055,1.0,False
58.0,0.0,240.0,70.0,87.0,0.0,0.0,1.0,0.0,1,0,0.0,0,3.0,D,32,1,3.0,2022,7,50.0,38.99067579246854,11.009324207531463,3.0,True
58.0,60.0,240.0,135.0,168.0,1.0,3.0,2.0,0.0,3,0,0.0,0,5.0,D,41,1,1.0,2021,7,108.0,130.74804001358058,-22.748040013580578,2.0,True
40.0,60.0,240.0,121.0,151.0,0.0,0.0,1.0,0.0,1,0,0.0,0,3.0,D,34,1,1.0,2022,7,121.0,103.62324093511552,17.37675906488448,3.0,True
40.0,120.0,240.0,120.0,120.0,10.0,9.0,4.0,0.0,1,0,0.0,0,3.0,D,53,1,1.0,2024,7,120.0,125.57142743697227,-5.571427436972272,1.0,False
38.0,60.0,240.0,97.0,121.0,0.0,0.0,1.0,2.0,1,0,0.0,0,6.0,D,67,1,1.0,2024,7,60.0,80.06193196384706,-20.06193196384706,1.0,False
58.0,60.0,240.0,97.0,121.0,1.0,1.0,1.0,1.0,1,0,0.0,0,6.0,D,45,1,1.0,2021,7,120.0,77.82619624276823,42.17380375723177,1.0,False
27.0,60.0,240.0,151.0,188.0,0.0,0.0,1.0,0.0,1,0,0.0,0,5.0,D,41,1,1.0,2024,7,120.0,101.51892191531014,18.481078084689855,3.0,True
36.0,36.0,120.0,60.0,60.0,1.0,1.0,1.0,5.0,5,0,0.0,0,1.0,D,6,1,2.0,2024,7,41.0,80.76711334559226,-39.767113345592264,3.0,True
38.0,60.0,240.0,121.0,151.0,0.0,0.0,1.0,1.0,1,0,0.0,0,1.0,D,18,1,1.0,2022,7,63.0,93.33117362853612,-30.33117362853612,1.0,False
49.0,0.0,60.0,27.0,33.0,3.0,3.0,2.0,1.0,2,0,0.0,0,3.0,D,22,1,1.0,2023,8,63.0,43.796709773965354,19.203290226034646,2.0,True
42.0,180.0,360.0,960.0,960.0,0.0,0.0,1.0,0.0,3,0,0.0,0,5.0,D,30,1,1.0,2025,7,960.0,485.4508102551586,474.5491897448414,1.0,False
60.0,0.0,240.0,151.0,188.0,0.0,0.0,1.0,2.0,2,0,0.0,0,5.0,D,42,1,1.0,2025,7,180.0,159.4212328648438,20.5787671351562,3.0,True
45.0,0.0,120.0,70.0,87.0,3.0,3.0,2.0,1.0,1,0,0.0,0,1.0,D,60,1,1.0,2025,7,75.0,72.98658325486525,2.013416745134748,1.0,False
53.0,120.0,240.0,120.0,120.0,3.0,3.0,2.0,0.0,1,0,0.0,0,5.0,D,81,1,1.0,2025,7,120.0,118.7427664374187,1.2572335625813054,1.0,False
28.0,0.0,240.0,78.0,97.0,0.0,0.0,1.0,0.0,1,0,0.0,0,6.0,D,77,1,4.0,2023,7,78.0,46.48793497446873,31.51206502553127,6.0,False
22.0,0.0,240.0,78.0,97.0,1.0,1.0,1.0,0.0,1,0,0.0,0,5.0,D,23,1,1.0,2021,7,60.0,43.98752486967659,16.01247513032341,1.0,False
31.0,60.0,240.0,60.0,60.0,0.0,0.0,1.0,2.0,1,0,0.0,0,6.0,D,85,1,1.0,2020,7,70.0,64.66992656197134,5.330073438028663,1.0,False
51.0,60.0,240.0,324.0,405.0,0.0,0.0,1.0,0.0,2,0,0.0,0,6.0,D,41,1,1.0,2023,7,216.0,235.25616415737397,-19.256164157373973,1.0,False
51.0,60.0,240.0,151.0,188.0,0.0,0.0,1.0,0.0,2,0,0.0,0,5.0,D,1,1,1.0,2023,7,96.0,95.95292042960494,0.047079570395055725,1.0,False
42.0,120.0,240.0,120.0,121.0,3.0,5.0,3.0,0.0,1,0,0.0,0,3.0,D,20,1,1.0,2022,7,120.0,104.58099553786582,15.419004462134183,1.0,False
30.0,180.0,360.0,600.0,600.0,1.0,3.0,2.0,0.0,2,0,0.0,0,3.0,D,39,1,1.0,2023,7,600.0,514.4816968180836,85.5183031819164,3.0,True
37.0,60.0,480.0,210.0,262.0,0.0,0.0,1.0,0.0,1,0,0.0,0,3.0,D,62,1,1.0,2024,7,210.0,154.46507243446706,55.53492756553294,1.0,False
44.0,0.0,240.0,87.0,108.0,0.0,0.0,1.0,0.0,1,0,0.0,0,1.0,D,80,1,1.0,2025,7,24.0,53.149092562463,-29.149092562462997,1.0,False
41.0,0.0,240.0,97.0,121.0,0.0,0.0,1.0,0.0,1,0,0.0,0,3.0,D,62,2,1.0,2021,7,108.0,68.79734269282118,39.202657307178825,1.0,False
58.0,60.0,240.0,151.0,188.0,0.0,0.0,1.0,2.0,2,0,0.0,0,5.0,D,6,1,1.0,2022,7,87.0,113.81302811495735,-26.813028114957348,1.0,False
36.0,0.0,240.0,87.0,108.0,3.0,3.0,2.0,0.0,1,0,0.0,0,3.0,D,17,1,1.0,2023,7,87.0,78.28325683107639,8.716743168923614,1.0,False
30.0,60.0,240.0,235.0,240.0,10.0,12.0,5.0,0.0,1,0,0.0,0,3.0,D,69,1,1.0,2023,7,188.0,166.24530068191802,21.754699318081975,1.0,False
29.0,60.0,240.0,135.0,168.0,6.0,8.0,4.0,1.0,5,0,0.0,0,3.0,D,53,1,1.0,2020,7,120.0,121.37140279998235,-1.3714027999823486,1.0,False
43.0,0.0,60.0,12.0,18.0,0.0,0.0,1.0,0.0,1,0,0.0,0,5.0,C,52,1,1.0,2021,8,15.0,9.634213451333697,5.3657865486663034,1.0,False
58.0,60.0,240.0,168.0,210.0,0.0,0.0,1.0,0.0,3,0,0.0,0,6.0,D,51,1,1.0,2023,7,144.0,138.69918222148036,5.300817778519644,1.0,False
44.0,60.0,240.0,210.0,240.0,0.0,0.0,1.0,2.0,1,0,0.0,0,5.0,D,66,1,1.0,2020,7,180.0,131.94453941930288,48.055460580697115,1.0,False
62.0,60.0,240.0,97.0,121.0,0.0,0.0,1.0,0.0,1,0,0.0,0,3.0,D,12,1,1.0,2020,7,78.0,75.26217724741888,2.737822752581124,1.0,False
38.0,0.0,240.0,135.0,168.0,1.0,1.0,1.0,0.0,1,0,0.0,0,5.0,D,30,3,1.0,2020,7,108.0,123.89419028714097,-15.894190287140972,1.0,False
38.0,60.0,240.0,168.0,210.0,0.0,0.0,1.0,1.0,1,0,0.0,0,3.0,D,78,1,1.0,2022,7,144.0,120.95298749104315,23.047012508956854,1.0,False
23.0,60.0,240.0,151.0,188.0,0.0,0.0,1.0,0.0,1,0,0.0,0,3.0,D,67,1,1.0,2022,7,72.0,92.24292695494371,-20.242926954943712,6.0,False
57.0,60.0,240.0,210.0,262.0,0.0,0.0,1.0,1.0,2,0,0.0,0,5.0,D,41,3,1.0,2020,7,144.0,173.18721091272218,-29.18721091272218,1.0,False
38.0,0.0,120.0,51.0,63.0,0.0,0.0,1.0,2.0,1,0,0.0,0,3.0,D,10,1,1.0,2022,7,0.03,27.02773954307684,-26.99773954307684,1.0,False
48.0,0.0,240.0,97.0,121.0,0.0,0.0,1.0,0.0,1,0,0.0,0,5.0,D,80,1,1.0,2020,7,48.0,47.74725314422304,0.2527468557769623,1.0,False
45.0,0.0,120.0,210.0,262.0,4.0,6.0,3.0,0.0,2,0,0.0,0,3.0,D,43,1,1.0,2022,7,240.0,162.49971110683427,77.50028889316573,1.0,False
45.0,60.0,240.0,188.0,235.0,1.0,3.0,2.0,0.0,1,0,0.0,0,5.0,D,32,1,1.0,2021,7,60.0,133.5606268149899,-73.56062681498989,3.0,True
54.0,0.0,120.0,78.0,97.0,0.0,0.0,1.0,0.0,1,0,0.0,0,6.0,D,88,1,1.0,2024,7,24.0,52.813868818465295,-28.813868818465295,1.0,False
55.0,0.0,240.0,57.0,71.0,0.0,0.0,1.0,0.0,1,0,0.0,0,5.0,D,15,1,1.0,2022,7,27.0,40.63692767176229,-13.636927671762287,1.0,False
50.0,60.0,240.0,188.0,235.0,5.0,5.0,3.0,2.0,1,0,0.0,0,3.0,D,32,1,1.0,2025,7,100.0,141.5298482999259,-41.5298482999259,1.0,False
23.0,0.0,120.0,78.0,97.0,0.0,0.0,1.0,0.0,1,0,0.0,0,3.0,D,41,1,2.0,2020,7,63.0,48.55355790203528,14.44644209796472,3.0,True
47.0,60.0,240.0,135.0,168.0,0.0,0.0,1.0,0.0,1,0,1.0,0,6.0,D,90,1,1.0,2025,7,135.0,89.60491492462953,45.395085075370474,1.0,False
50.0,0.0,240.0,63.0,78.0,0.0,0.0,1.0,2.0,1,0,0.0,0,3.0,D,15,1,1.0,2021,7,24.0,51.987882267675744,-27.987882267675744,1.0,False
36.0,0.0,240.0,78.0,97.0,0.0,0.0,1.0,2.0,1,0,0.0,0,6.0,D,31,1,2.0,2023,7,60.0,54.10429998577782,5.895700014222179,1.0,False
32.0,120.0,240.0,120.0,121.0,1.0,1.0,1.0,0.0,1,0,0.0,0,1.0,D,32,1,1.0,2024,7,120.0,112.78710565013301,7.2128943498669855,1.0,False
39.0,0.0,240.0,97.0,121.0,0.0,0.0,1.0,0.0,1,0,0.0,0,5.0,D,8,1,1.0,2021,7,0.03,32.08268967603645,-32.05268967603645,3.0,True
64.0,60.0,240.0,97.0,121.0,0.0,0.0,1.0,0.0,1,0,0.0,0,6.0,D,52,1,1.0,2020,7,64.0,74.11523153396767,-10.115231533967673,1.0,False
25.0,0.0,240.0,97.0,121.0,0.0,0.0,1.0,0.0,1,0,0.0,0,3.0,D,30,1,1.0,2022,7,60.0,63.61768061856431,-3.6176806185643073,1.0,False
40.0,180.0,480.0,235.0,293.0,1.0,3.0,2.0,0.0,2,0,0.0,0,6.0,D,30,1,1.0,2022,7,210.0,253.5599187902618,-43.559918790261804,1.0,False
57.0,60.0,240.0,70.0,87.0,0.0,0.0,1.0,0.0,1,0,0.0,0,5.0,D,73,1,1.0,2022,7,70.0,60.532581835465656,9.467418164534344,1.0,False
39.0,60.0,240.0,121.0,151.0,0.0,0.0,1.0,0.0,1,0,0.0,0,5.0,D,26,1,1.0,2021,7,100.0,115.64523613588423,-15.645236135884232,1.0,False
42.0,60.0,240.0,210.0,240.0,0.0,0.0,1.0,2.0,1,0,0.0,0,3.0,D,41,1,1.0,2022,7,210.0,158.24798695618907,51.75201304381093,3.0,True
39.0,0.0,120.0,63.0,78.0,0.0,0.0,1.0,2.0,1,0,0.0,0,5.0,D,82,1,1.0,2020,7,48.0,49.7089651835527,-1.7089651835526993,1.0,False
48.0,60.0,240.0,210.0,240.0,0.0,0.0,1.0,1.0,1,0,0.0,0,5.0,D,14,1,1.0,2021,7,135.0,150.94002081012454,-15.940020810124537,1.0,False
38.0,60.0,240.0,240.0,240.0,6.0,6.0,3.0,0.0,1,0,0.0,0,3.0,D,63,1,1.0,2021,7,144.0,190.74987524899151,-46.749875248991515,1.0,False
38.0,0.0,60.0,15.0,21.0,7.0,7.0,4.0,0.0,1,0,0.0,0,3.0,D,74,1,1.0,2023,8,12.03,18.017105395293544,-5.987105395293545,6.0,False
23.0,60.0,240.0,121.0,151.0,0.0,0.0,1.0,0.0,1,0,0.0,0,3.0,D,41,1,1.0,2024,7,97.0,97.81377500377509,-0.8137750037750919,3.0,True
33.0,0.0,240.0,121.0,151.0,7.0,9.0,4.0,0.0,1,0,0.0,0,3.0,D,33,1,1.0,2020,7,136.0,103.41164911241383,32.588350887586174,1.0,False
52.0,60.0,240.0,121.0,151.0,0.0,0.0,1.0,3.0,2,0,0.0,0,6.0,D,41,1,1.0,2020,7,60.0,104.77737793078089,-44.77737793078089,1.0,False
36.0,0.0,120.0,57.0,71.0,1.0,1.0,1.0,0.0,1,0,0.0,0,3.0,D,60,1,1.0,2023,7,36.0,71.61762859281319,-35.61762859281319,1.0,False
30.0,0.0,240.0,97.0,121.0,0.0,0.0,1.0,0.0,1,0,0.0,0,5.0,D,31,1,1.0,2022,7,97.0,61.0832238182511,35.9167761817489,3.0,True
50.0,0.0,60.0,12.0,18.0,0.0,0.0,1.0,1.0,1,0,0.0,0,3.0,C,22,2,1.0,2023,8,24.0,8.375582746312114,15.624417253687886,2.0,True
25.0,60.0,240.0,210.0,240.0,0.0,0.0,1.0,0.0,1,0,0.0,0,6.0,D,32,1,1.0,2021,7,60.0,81.17076125757426,-21.170761257574256,1.0,False
31.0,0.0,240.0,63.0,78.0,0.0,0.0,1.0,0.0,1,0,0.0,0,6.0,D,12,1,1.0,2022,7,8.0,46.48147795961466,-38.48147795961466,3.0,True
37.0,60.0,240.0,240.0,240.0,0.0,0.0,1.0,2.0,1,0,0.0,0,3.0,D,66,1,1.0,2024,7,198.0,168.52807541477964,29.471924585220364,1.0,False
52.0,0.0,60.0,0.0,6.0,0.0,0.0,1.0,1.0,1,0,0.0,0,3.0,A,9,1,1.0,2025,8,0.03,9.005091530384279,-8.97509153038428,1.0,False
46.0,60.0,240.0,151.0,188.0,0.0,0.0,1.0,2.0,2,0,0.0,0,5.0,D,41,1,1.0,2022,7,151.0,121.56845019332123,29.431549806678774,1.0,False
43.0,60.0,240.0,121.0,151.0,0.0,0.0,1.0,0.0,1,0,0.0,0,6.0,D,66,1,1.0,2023,7,90.0,86.28804024115833,3.7119597588416724,1.0,False
48.0,60.0,240.0,151.0,188.0,0.0,0.0,1.0,0.0,2,0,0.0,0,3.0,D,85,1,1.0,2025,7,121.0,117.51694165104847,3.4830583489515305,1.0,False
38.0,60.0,240.0,97.0,121.0,0.0,0.0,1.0,1.0,1,0,0.0,0,5.0,D,41,1,3.0,2023,7,97.0,82.21212417592965,14.787875824070355,3.0,True
44.0,120.0,240.0,188.0,235.0,6.0,8.0,4.0,1.0,1,0,0.0,0,3.0,D,38,1,1.0,2023,7,211.0,196.0240508524832,14.975949147516786,1.0,False
51.0,60.0,240.0,97.0,121.0,0.0,0.0,1.0,0.0,1,0,0.0,0,3.0,D,57,1,1.0,2021,7,60.0,77.17371216577308,-17.173712165773082,1.0,False
30.0,60.0,240.0,121.0,151.0,1.0,1.0,1.0,0.0,1,0,0.0,0,3.0,D,2,1,1.0,2021,7,84.0,101.48494561782134,-17.48494561782134,1.0,False
19.0,0.0,240.0,57.0,71.0,0.0,0.0,1.0,0.0,1,0,1.0,0,1.0,D,41,1,3.0,2025,7,24.0,41.956416611519714,-17.956416611519714,6.0,False
44.0,120.0,240.0,120.0,120.0,3.0,3.0,2.0,0.0,1,0,0.0,0,3.0,D,80,1,1.0,2025,7,120.0,148.12242653881034,-28.122426538810345,1.0,False
27.0,60.0,240.0,168.0,210.0,2.0,2.0,2.0,0.0,1,0,0.0,0,1.0,D,83,1,1.0,2025,7,151.0,139.64065847507783,11.359341524922172,1.0,False
27.0,0.0,240.0,78.0,97.0,1.0,1.0,1.0,0.0,1,0,0.0,0,3.0,D,65,1,1.0,2023,7,51.0,49.1892218653218,1.810778134678202,1.0,False
36.0,0.0,240.0,121.0,151.0,0.0,0.0,1.0,1.0,1,0,0.0,0,5.0,D,67,1,1.0,2020,7,97.0,84.69988375636754,12.30011624363246,1.0,False
39.0,60.0,240.0,240.0,240.0,0.0,0.0,1.0,2.0,1,0,0.0,0,3.0,D,39,1,1.0,2022,7,240.0,230.09658799440035,9.903412005599648,3.0,True
28.0,0.0,240.0,37.0,46.0,0.0,0.0,1.0,1.0,1,0,0.0,0,5.0,D,0,1,1.0,2023,7,12.03,23.05987347449977,-11.029873474499771,1.0,False
39.0,60.0,240.0,151.0,188.0,1.0,1.0,1.0,0.0,2,0,0.0,0,3.0,D,65,1,1.0,2022,7,97.0,113.40233618798092,-16.40233618798092,1.0,False
38.0,0.0,120.0,97.0,120.0,0.0,0.0,1.0,0.0,1,0,0.0,0,3.0,D,79,1,1.0,2021,7,12.03,48.94618957285828,-36.91618957285828,1.0,False
42.0,60.0,240.0,97.0,121.0,0.0,0.0,1.0,0.0,1,0,0.0,0,6.0,D,22,1,1.0,2025,7,72.0,73.26654216306324,-1.2665421630632352,1.0,False
23.0,60.0,240.0,235.0,240.0,0.0,0.0,1.0,0.0,1,0,0.0,0,3.0,D,68,1,1.0,2020,7,84.0,142.02736560510058,-58.027365605100584,2.0,True
27.0,60.0,240.0,151.0,188.0,0.0,0.0,1.0,0.0,1,0,0.0,0,5.0,D,42,1,1.0,2024,7,151.0,133.19534380783807,17.80465619216193,3.0,True
48.0,120.0,240.0,120.0,120.0,4.0,6.0,3.0,2.0,1,0,0.0,0,5.0,D,15,1,1.0,2021,7,120.0,123.83979820366415,-3.839798203664145,1.0,False
53.0,60.0,240.0,135.0,168.0,1.0,1.0,1.0,0.0,1,0,0.0,0,1.0,D,66,1,1.0,2023,7,121.0,98.42620335783552,22.57379664216448,1.0,False
66.0,60.0,240.0,240.0,240.0,0.0,0.0,1.0,0.0,1,0,0.0,0,5.0,D,43,1,1.0,2024,7,216.0,174.90478697999185,41.095213020008146,1.0,False
22.0,0.0,120.0,97.0,120.0,0.0,0.0,1.0,0.0,1,0,0.0,0,3.0,D,39,1,1.0,2024,7,108.0,105.26515778341458,2.7348422165854203,3.0,True
46.0,0.0,240.0,70.0,87.0,3.0,3.0,2.0,1.0,2,0,0.0,0,5.0,D,65,1,1.0,2025,7,40.0,65.75394930818874,-25.753949308188737,1.0,False
57.0,0.0,240.0,97.0,121.0,0.0,0.0,1.0,0.0,1,0,0.0,0,3.0,D,73,1,1.0,2024,7,40.0,55.401663158633475,-15.401663158633475,2.0,True
44.0,180.0,480.0,180.0,180.0,3.0,5.0,3.0,0.0,2,0,0.0,0,3.0,D,29,1,1.0,2020,7,180.0,180.521451649593,-0.52145164959299,1.0,False
31.0,60.0,240.0,151.0,188.0,1.0,1.0,1.0,1.0,4,0,0.0,0,5.0,D,13,1,1.0,2023,7,170.0,129.76733004934252,40.23266995065748,1.0,False
55.0,120.0,240.0,120.0,120.0,3.0,3.0,2.0,1.0,1,0,0.0,0,5.0,D,71,1,1.0,2021,7,120.0,112.56972344098367,7.430276559016335,1.0,False
44.0,60.0,240.0,121.0,151.0,0.0,0.0,1.0,2.0,1,0,0.0,0,6.0,D,22,1,1.0,2022,7,60.0,81.18004343546386,-21.18004343546386,3.0,True
49.0,0.0,60.0,15.0,21.0,3.0,3.0,2.0,0.0,1,0,0.0,0,5.0,D,56,1,1.0,2025,8,21.0,17.630195433409792,3.369804566590208,2.0,True
25.0,0.0,240.0,135.0,168.0,0.0,0.0,1.0,0.0,1,0,0.0,0,5.0,D,48,1,1.0,2025,7,18.0,84.3784228285739,-66.3784228285739,1.0,False
28.0,60.0,240.0,151.0,188.0,0.0,0.0,1.0,0.0,2,0,0.0,0,5.0,D,83,1,1.0,2023,7,108.0,120.19627124649361,-12.196271246493609,1.0,False
64.0,60.0,240.0,60.0,63.0,0.0,0.0,1.0,0.0,1,0,0.0,0,3.0,D,47,1,1.0,2020,7,63.0,69.92688396802438,-6.926883968024384,1.0,False
